frame,run,train,frame_idx,reviewed,bubble_id,shape_type,x,y,area_px2,r_eq,major_axis,minor_axis,orientation_deg,eccentricity,solidity,area_visible_px2,edge_truncated,fit_kind,arc_deg,outline_visible_frac,fit_reliable,in_analysis,r_eq_um,area_um2,area_visible_um2,major_axis_um,minor_axis_um
r557_svd_normalised_tr050_tid0_010,r557,0,10,False,0,circle,217.30020592160687,234.42327900279895,535.7751570721191,13.059193285487769,26.118386570975538,26.118386570975535,,1.4901161193847656e-08,1.0,535.6666666666666,False,circle,360.0,1.0,True,True,41.78941851356086,5486.337608418501,5485.226666666667,83.57883702712172,83.57883702712172
r557_svd_normalised_tr050_tid0_010,r557,0,10,False,1,circle,283.56888069093253,213.05687341569126,282.63512225709826,9.485017321924019,18.97003464384806,18.97003464384802,,6.495265578539184e-08,1.0,282.6666666666667,False,circle,360.0,1.0,True,True,30.352055430156863,2894.183651912687,2894.5066666666676,60.70411086031379,60.70411086031367
r557_svd_normalised_tr050_tid0_010,r557,0,10,False,2,ellipse,226.07301077427556,183.69550960315865,553.4444444444448,13.27278562021411,28.2596981823831,24.93541678799438,-54.762767822206854,0.4705624259877925,1.0,553.5555555555555,False,ellipse,360.0,1.0,True,True,42.47291398468516,5667.271111111116,5668.40888888889,90.43103418362593,79.79333372158203
r557_svd_normalised_tr050_tid0_010,r557,0,10,False,3,circle,189.81719006179844,188.5889771724051,587.3333333333328,13.673112538309612,27.346225076619227,27.346225076619223,,1.4901161193847656e-08,1.0,587.4444444444445,False,circle,360.0,1.0,True,True,43.75396012259076,6014.293333333329,6015.431111111113,87.50792024518154,87.50792024518152
r557_svd_normalised_tr050_tid0_010,r557,0,10,False,4,circle,312.69349297672426,189.55437423913546,113.78703540018225,6.018267050191689,12.03653410038341,12.036534100383346,,1.0323827311807139e-07,1.0,113.33333333333333,False,circle,360.0,1.0,True,True,19.258454560613405,1165.1792424978664,1160.5333333333335,38.51690912122692,38.51690912122671
r557_svd_normalised_tr050_tid0_010,r557,0,10,False,5,circle,292.7415324819545,217.6305756061447,400.22222222222285,11.286925622319814,22.573851244639666,22.57385124463959,,8.161702118890973e-08,1.0,400.0,False,circle,360.0,1.0,True,True,36.118161991423406,4098.275555555563,4096.000000000001,72.23632398284694,72.2363239828467
r557_svd_normalised_tr050_tid0_010,r557,0,10,False,6,circle,244.71371203619753,228.871305473836,162.80873471058985,7.19886309186769,14.39772618373538,14.397726183735378,,1.4901161193847656e-08,1.0,162.66666666666666,False,circle,360.0,1.0,True,True,23.036361893976608,1667.1614434364403,1665.706666666667,46.072723787953215,46.07272378795321
r557_svd_normalised_tr050_tid0_010,r557,0,10,False,7,circle,259.63938830990037,229.94747203941353,100.03183492810128,5.64279381075719,11.285587621514395,11.285587621514367,,7.146345858741878e-08,1.0,99.55555555555556,False,circle,360.0,1.0,True,True,18.05694019442301,1024.3259896637574,1019.4488888888891,36.11388038884606,36.11388038884598
r557_svd_normalised_tr050_tid0_010,r557,0,10,False,8,circle,199.54954954954954,212.90147372806334,711.2222222222221,15.046230910328944,30.092461820657892,30.092461820657885,,2.1073424255447017e-08,1.0,710.7777777777778,False,circle,360.0,1.0,True,True,48.14793891305263,7282.915555555555,7278.364444444446,96.29587782610525,96.29587782610524
r557_svd_normalised_tr050_tid0_010,r557,0,10,False,9,circle,190.44600218700987,179.39826164335474,82.30478286562031,5.118439807825936,10.236879615651873,10.236879615651873,,0.0,1.0,82.22222222222223,False,circle,360.0,1.0,True,True,16.379007385042996,842.8009765439522,841.9555555555557,32.75801477008599,32.75801477008599
r557_svd_normalised_tr050_tid0_010,r557,0,10,False,10,circle,176.06503067484664,209.1415132924335,90.55555555555549,5.3688666012668635,10.737733202533727,10.737733202533727,,0.0,1.0,90.44444444444444,False,circle,360.0,1.0,True,True,17.180373124053965,927.2888888888883,926.1511111111113,34.36074624810793,34.36074624810793
r557_svd_normalised_tr050_tid0_010,r557,0,10,False,11,ellipse,184.82048620122845,220.9151310667013,428.11111111111074,11.673559827738659,24.570733831871003,22.184441048322903,-54.797090754130124,0.42989122414098907,1.0,428.3333333333333,False,ellipse,360.0,1.0,True,True,37.35539144876371,4383.857777777775,4386.133333333334,78.62634826198722,70.99021135463329
r557_svd_normalised_tr050_tid0_010,r557,0,10,False,12,ellipse,250.64621386770705,199.4329963941597,626.5555555555557,14.12228124548972,30.094906346105844,26.507984478578347,4.238063259807149,0.4734643329063142,1.0,626.4444444444445,False,ellipse,360.0,1.0,True,True,45.191299985567106,6415.928888888891,6414.7911111111125,96.3037003075387,84.82555033145071
r557_svd_normalised_tr050_tid0_010,r557,0,10,False,13,circle,298.52625,227.5975,88.88888888888849,5.319230405352424,10.638460810704848,10.638460810704848,,0.0,1.0,89.0,False,circle,360.0,1.0,True,True,17.021537297127757,910.2222222222183,911.3600000000001,34.043074594255515,34.043074594255515
r557_svd_normalised_tr050_tid0_010,r557,0,10,False,14,circle,189.56453575617203,242.57378274953305,79.49157954874507,5.0302043336956785,10.060408667391357,10.060408667391357,,0.0,1.0,79.55555555555556,False,circle,360.0,1.0,True,True,16.096653867826173,813.9937745791497,814.648888888889,32.19330773565235,32.19330773565235
r557_svd_normalised_tr050_tid0_010,r557,0,10,False,15,circle,310.9550743850346,204.06952423037268,251.44444444444423,8.946354145273789,17.892708290547606,17.892708290547553,,7.742870483855355e-08,1.0,250.88888888888889,False,circle,360.0,1.0,True,True,28.628333264876126,2574.7911111111093,2569.1022222222227,57.256666529752344,57.256666529752174
r557_svd_normalised_tr050_tid0_010,r557,0,10,False,16,circle,319.0026816472117,232.62320711373098,521.4822039016341,12.88382478035158,25.767649560703163,25.76764956070316,,1.4901161193847656e-08,1.0,521.3333333333334,False,circle,360.0,1.0,True,True,41.22823929712506,5339.977767952734,5338.453333333335,82.45647859425013,82.45647859425011
r557_svd_normalised_tr050_tid0_010,r557,0,10,False,17,circle,211.95238095238096,177.41011904761902,62.222222222222456,4.450387452083039,8.900774904166077,8.900774904166077,,0.0,1.0,62.55555555555556,False,circle,360.0,1.0,True,True,14.241239846665724,637.1555555555581,640.568888888889,28.48247969333145,28.48247969333145
r557_svd_normalised_tr050_tid0_010,r557,0,10,False,18,ellipse,179.53152556515755,241.06058537524564,59.10394516823047,4.337438190857876,8.998853972629835,8.362562662638432,28.647573256784284,0.36934597552780407,1.0,59.333333333333336,False,ellipse,360.0,1.0,True,True,13.879802210745204,605.2243985226801,607.5733333333335,28.796332712415474,26.760200520442982
r557_svd_normalised_tr050_tid0_010,r557,0,10,False,19,circle,159.2109086946859,104.87921769191217,22.283904495340586,2.663303794846229,5.326607589692458,5.326607589692458,,0.0,1.0,22.444444444444443,False,circle,360.0,1.0,True,True,8.522572143507933,228.18718203228764,229.83111111111114,17.045144287015866,17.045144287015866
r557_svd_normalised_tr050_tid0_010,r557,0,10,False,20,circle,253.93393393393393,225.50150150150142,12.33333333333351,1.9813687010751284,3.9627374021502573,3.9627374021502564,,2.1073424255447017e-08,1.0,12.555555555555555,False,circle,360.0,1.0,True,True,6.340379843440411,126.29333333333517,128.56888888888892,12.680759686880824,12.68075968688082
r557_svd_normalised_tr050_tid0_010,r557,0,10,False,21,circle,223.86962174940896,219.21205673758865,313.3333333333341,9.98684623246605,19.9736924649321,19.9736924649321,,0.0,1.0,314.3333333333333,False,circle,360.0,1.0,True,True,31.95790794389136,3208.533333333342,3218.7733333333335,63.91581588778272,63.91581588778272
r557_svd_normalised_tr050_tid0_010,r557,0,10,False,22,circle,233.41017023754202,143.54152807603154,91.86879026798923,5.407656070243945,10.81531214048789,10.81531214048789,,0.0,1.0,91.77777777777777,False,circle,360.0,1.0,True,True,17.304499424780627,940.7364123442098,939.8044444444446,34.60899884956125,34.60899884956125
r557_svd_normalised_tr050_tid0_010,r557,0,10,False,23,circle,273.8036812755491,225.12074220742807,170.940325838827,7.37644871614906,14.752897432298136,14.752897432298102,,6.828569911354542e-08,1.0,171.33333333333334,False,circle,360.0,1.0,True,True,23.604635891676992,1750.4289365895888,1754.4533333333338,47.20927178335404,47.20927178335393
r557_svd_normalised_tr050_tid0_010,r557,0,10,False,24,circle,315.6721917308358,173.11672023688817,147.07786130738975,6.842246509218342,13.68449301843669,13.684493018436678,,4.2146848510894035e-08,1.0,147.22222222222223,False,circle,360.0,1.0,True,True,21.895188829498696,1506.0772997876713,1507.5555555555559,43.790377658997414,43.79037765899737
r557_svd_normalised_tr050_tid0_010,r557,0,10,False,25,circle,219.61639440341858,231.56450175555418,59.794643371122326,4.362708576774559,8.72541715354912,8.725417153549117,,2.9802322387695312e-08,1.0,59.77777777777778,False,circle,360.0,1.0,True,True,13.96066744567859,612.2971481202927,612.1244444444445,27.921334891357187,27.921334891357176
r557_svd_normalised_tr050_tid0_010,r557,0,10,False,26,circle,221.2435087719298,170.25578947368422,105.55555555555539,5.796496948585036,11.592993897170071,11.592993897170071,,0.0,1.0,105.88888888888889,False,circle,360.0,1.0,True,True,18.548790235472115,1080.8888888888873,1084.3022222222223,37.09758047094423,37.09758047094423
r557_svd_normalised_tr050_tid0_010,r557,0,10,False,27,circle,279.62579677540305,234.49006374203225,98.7777777777784,5.60731158416691,11.21462316833384,11.214623168333796,,8.940696716308594e-08,1.0,99.0,False,circle,360.0,1.0,True,True,17.94339706933411,1011.484444444451,1013.7600000000002,35.88679413866829,35.88679413866815
r557_svd_normalised_tr050_tid0_010,r557,0,10,False,28,circle,299.8315075880421,242.52162214007973,371.2595985554754,10.870860157357981,21.741720314715963,21.741720314715963,,0.0,1.0,326.1111111111111,True,circle,259.0,0.7194444444444444,True,True,34.78675250354554,3801.698289208069,3339.377777777778,69.57350500709109,69.57350500709109
r557_svd_normalised_tr050_tid0_010,r557,0,10,False,29,circle,333.5515403345426,143.68520183165288,17.809636817269556,2.380962718792489,4.761925437584978,4.761925437584978,,0.0,1.0,18.0,False,circle,360.0,1.0,True,True,7.619080700135965,182.37068100884028,184.32000000000005,15.23816140027193,15.23816140027193
r557_svd_normalised_tr050_tid0_010,r557,0,10,False,30,circle,247.27191775331696,214.45091526187068,120.13572772339481,6.183881452473088,12.367762904946176,12.367762904946176,,0.0,1.0,120.22222222222223,False,circle,360.0,1.0,True,True,19.78842064791388,1230.189851887563,1231.0755555555559,39.57684129582776,39.57684129582776
r557_svd_normalised_tr050_tid0_010,r557,0,10,False,31,circle,260.95547163871385,209.38480355208122,314.8530205166651,10.011035367297549,20.0220707345951,20.022070734595097,,2.1073424255447017e-08,1.0,315.0,False,circle,360.0,1.0,True,True,32.03531317535216,3224.094930090651,3225.600000000001,64.07062635070433,64.07062635070432
r557_svd_normalised_tr050_tid0_010,r557,0,10,False,32,circle,172.75250933639245,230.9589810339074,208.87861835456033,8.154025339344216,16.30805067868843,16.30805067868843,,0.0,1.0,209.22222222222223,False,circle,360.0,1.0,True,True,26.092881085901492,2138.9170519506984,2142.435555555556,52.185762171802985,52.185762171802985
r557_svd_normalised_tr050_tid0_010,r557,0,10,False,33,circle,234.15438247011951,178.10126162018594,111.55555555555534,5.9589626775184925,11.917925355036985,11.917925355036985,,0.0,1.0,112.11111111111111,False,circle,360.0,1.0,True,True,19.068680568059175,1142.328888888887,1148.017777777778,38.13736113611835,38.13736113611835
r557_svd_normalised_tr050_tid0_010,r557,0,10,False,34,circle,229.80127304674508,202.19580721696948,163.25634920537118,7.208752314675744,14.417504629351487,14.417504629351487,,0.0,1.0,163.11111111111111,False,circle,360.0,1.0,True,True,23.06800740696238,1671.7450158630013,1670.257777777778,46.13601481392476,46.13601481392476
r557_svd_normalised_tr050_tid0_010,r557,0,10,False,35,circle,200.19354293253113,245.01426445566955,120.7117819656419,6.198689666254154,12.397379332508308,12.397379332508308,,0.0,1.0,110.44444444444444,True,circle,273.0,0.7583333333333333,True,True,19.835806932013295,1236.0886473281732,1130.9511111111112,39.67161386402659,39.67161386402659
r557_svd_normalised_tr050_tid0_010,r557,0,10,False,36,ellipse,57.52652329749104,140.3136200716846,103.33333333333323,5.735156630147515,11.895610078985488,11.060221831053893,24.025548733856965,0.36813234605000966,1.0,103.44444444444444,False,ellipse,360.0,1.0,True,True,18.35250121647205,1058.1333333333325,1059.2711111111114,38.06595225275356,35.39270985937246
r557_svd_normalised_tr050_tid0_010,r557,0,10,False,37,circle,221.85266229029907,186.92983223924142,253.88888888888908,8.989735442467223,17.979470884934447,17.979470884934447,,0.0,1.0,254.11111111111111,False,circle,360.0,1.0,True,True,28.767153415895116,2599.822222222225,2602.0977777777784,57.53430683179023,57.53430683179023
r557_svd_normalised_tr050_tid0_010,r557,0,10,False,38,ellipse,184.60599078341014,204.96812596006143,96.44444444444451,5.5406876950582635,11.673399468188158,10.519376199822592,-8.713088480811052,0.43352659710639174,1.0,96.11111111111111,False,ellipse,360.0,1.0,True,True,17.730200624186445,987.591111111112,984.177777777778,37.35487829820211,33.662003839432295
r557_svd_normalised_tr050_tid0_010,r557,0,10,False,39,ellipse,306.6494631162025,128.3548380400496,38.1767728905243,3.485978231952577,7.267161044234659,6.688743601347839,78.28126817674138,0.3909623196771034,1.0,37.888888888888886,False,ellipse,360.0,1.0,True,True,11.155130342248247,390.9301543989689,387.9822222222223,23.254915341550912,21.403979524313087
r557_svd_normalised_tr050_tid0_010,r557,0,10,False,40,ellipse,278.0992695114006,221.04640982575484,113.67213034855764,6.015227582853238,12.977353847115761,11.152647388607695,-78.07322270786625,0.511315584870181,1.0,113.66666666666667,False,ellipse,360.0,1.0,True,True,19.248728265130364,1164.0026147692306,1163.946666666667,41.52753231077044,35.688471643544624
r557_svd_normalised_tr050_tid0_010,r557,0,10,False,41,circle,260.4688473719493,147.98888580874797,51.201604347998135,4.037075284465075,8.074150568930179,8.074150568930122,,1.1827430029502171e-07,1.0,51.333333333333336,False,circle,360.0,1.0,True,True,12.918640910288241,524.304428523501,525.6533333333334,25.837281820576575,25.837281820576393
r557_svd_normalised_tr050_tid0_010,r557,0,10,False,42,circle,206.12530089953128,195.67287469910048,584.6666666666664,13.642037242366804,27.28407448473361,27.28407448473361,,0.0,1.0,584.6666666666666,False,circle,360.0,1.0,True,True,43.654519175573775,5986.986666666665,5986.986666666668,87.30903835114755,87.30903835114755
r557_svd_normalised_tr050_tid0_010,r557,0,10,False,43,circle,176.03493684077176,181.2172980939566,103.68671533965727,5.744954878720756,11.489909757441511,11.489909757441511,,0.0,1.0,103.66666666666667,False,circle,360.0,1.0,True,True,18.38385561190642,1061.7519650780907,1061.5466666666669,36.76771122381284,36.76771122381284
r557_svd_normalised_tr050_tid0_010,r557,0,10,False,44,circle,267.57651991614256,211.0712788259958,35.33333333333311,3.3536471656730975,6.7072943313462225,6.707294331346167,,1.2904784139758926e-07,1.0,35.44444444444444,False,circle,360.0,1.0,True,True,10.731670930153912,361.8133333333311,362.9511111111112,21.463341860307914,21.463341860307736
r557_svd_normalised_tr050_tid0_010,r557,0,10,False,45,circle,284.40826576624045,239.84431447792494,56.150553784473594,4.227679787341114,8.45535957468227,8.455359574682188,,1.3898877878619456e-07,1.0,56.44444444444444,False,circle,360.0,1.0,True,True,13.528575319491566,574.9816707530097,577.9911111111112,27.057150638983263,27.057150638983003
r557_svd_normalised_tr050_tid0_010,r557,0,10,False,46,circle,290.71993985171787,197.96977253423816,236.6714927621566,8.679566574666612,17.359133149333225,17.359133149333225,,0.0,1.0,236.11111111111111,False,circle,360.0,1.0,True,True,27.77461303893316,2423.516085884484,2417.7777777777783,55.54922607786632,55.54922607786632
r557_svd_normalised_tr050_tid0_010,r557,0,10,False,47,circle,343.7682926829268,113.72195121951219,45.555555555555344,3.807989456908747,7.615978913817514,7.615978913817474,,1.021572142899192e-07,1.0,45.666666666666664,False,circle,360.0,1.0,True,True,12.18556626210799,466.48888888888683,467.6266666666667,24.371132524216048,24.37113252421592
r557_svd_normalised_tr050_tid0_010,r557,0,10,False,48,ellipse,294.0313992467617,200.3304284850422,414.5487516030037,11.487165270003938,23.899284822061286,22.08517399961321,49.093421171167535,0.38216643576924936,1.0,414.55555555555554,False,ellipse,360.0,1.0,True,True,36.7589288640126,4244.979216414759,4245.048888888889,76.47771143059612,70.67255679876227
r557_svd_normalised_tr050_tid0_010,r557,0,10,False,49,circle,159.6019777435171,128.6965861814574,136.69355493527644,6.596280005693026,13.192560011386051,13.19256001138605,,1.4901161193847656e-08,1.0,136.11111111111111,False,circle,360.0,1.0,True,True,21.108096018217683,1399.742002537231,1393.777777777778,42.216192036435366,42.21619203643536
r557_svd_normalised_tr050_tid0_010,r557,0,10,False,50,circle,303.83385105070494,99.27572886333702,26.135688775933634,2.8843106836127084,5.768621367225437,5.768621367225397,,1.1733186057227569e-07,1.0,26.22222222222222,False,circle,360.0,1.0,True,True,9.229794187560667,267.6294530655605,268.5155555555556,18.4595883751214,18.45958837512127
r557_svd_normalised_tr050_tid0_010,r557,0,10,False,51,circle,350.3171224986238,145.37955719383052,35.27882876262471,3.3510595291830483,6.702119058366123,6.70211905836607,,1.2644054553268208e-07,1.0,35.333333333333336,False,circle,360.0,1.0,True,True,10.723390493385756,361.25520652927713,361.81333333333345,21.446780986771596,21.446780986771426
r557_svd_normalised_tr050_tid0_010,r557,0,10,False,52,circle,161.91531942557137,99.26762414635951,26.791874746797973,2.9202942662176423,5.840588532435286,5.840588532435283,,3.332000937312528e-08,1.0,26.555555555555557,False,circle,360.0,1.0,True,True,9.344941651896455,274.3487974072113,271.92888888888893,18.689883303792918,18.689883303792907
r557_svd_normalised_tr050_tid0_010,r557,0,10,False,53,ellipse,226.82877498189208,244.66339603600386,387.34636553040644,11.103881191983668,24.684699337287707,19.97936873218341,-0.46200643521888196,0.5872815646358108,1.0,288.22222222222223,True,ellipse,226.0,0.6277777777777778,True,True,35.53241981434774,3966.426783031363,2951.3955555555563,78.99103787932067,63.933979942986916
r557_svd_normalised_tr050_tid0_010,r557,0,10,False,54,circle,186.4206349206349,138.78968253968256,18.66666666666668,2.437577597143818,4.875155194287636,4.875155194287636,,0.0,1.0,18.555555555555557,False,circle,360.0,1.0,True,True,7.800248310860218,191.14666666666682,190.00888888888895,15.600496621720437,15.600496621720437
r557_svd_normalised_tr050_tid0_010,r557,0,10,False,55,circle,271.6270396270396,235.55011655011657,15.88888888888894,2.2489087162019574,4.4978174324039415,4.497817432403887,,1.548574096771071e-07,1.0,16.0,False,circle,360.0,1.0,True,True,7.196507891846264,162.7022222222228,163.84000000000003,14.393015783692613,14.39301578369244
r557_svd_normalised_tr050_tid0_010,r557,0,10,False,56,circle,220.58991228070175,202.60526315789474,16.888888888888978,2.3185987794340224,4.637197558868045,4.637197558868044,,2.1073424255447017e-08,1.0,16.88888888888889,False,circle,360.0,1.0,True,True,7.419516094188872,172.94222222222317,172.94222222222226,14.839032188377743,14.839032188377741
r557_svd_normalised_tr050_tid0_010,r557,0,10,False,57,circle,310.0603858059708,117.71304746212135,18.64363107446052,2.436073087032512,4.872146174065027,4.872146174065019,,5.7711949142924205e-08,1.0,19.0,False,circle,360.0,1.0,True,True,7.7954338785040385,190.91078220247576,194.56000000000003,15.590867757008088,15.590867757008063
r557_svd_normalised_tr050_tid0_010,r557,0,10,False,58,circle,240.85759027343425,242.5783706091052,50.17275021336267,3.9963085979367547,7.99261719587351,7.9926171958735095,,1.4901161193847656e-08,1.0,50.22222222222222,False,circle,360.0,1.0,True,True,12.788187513397617,513.7689621848339,514.2755555555557,25.576375026795233,25.576375026795233
r557_svd_normalised_tr050_tid0_010,r557,0,10,False,59,circle,202.42327180971293,131.3230787923382,19.312847075616105,2.4794092349840753,4.958818469968151,4.958818469968151,,0.0,1.0,19.555555555555557,False,circle,360.0,1.0,True,True,7.934109551949041,197.76355405430894,200.24888888888896,15.868219103898083,15.868219103898083
r557_svd_normalised_tr050_tid0_010,r557,0,10,False,60,circle,259.86607142857144,100.86607142857143,12.444444444444587,1.9902737738139602,3.9805475476279346,3.980547547627906,,1.1920928955078125e-07,1.0,12.666666666666666,False,circle,360.0,1.0,True,True,6.368876076204673,127.4311111111126,129.70666666666668,12.737752152409392,12.7377521524093
r557_svd_normalised_tr050_tid0_010,r557,0,10,False,61,circle,351.0645874983138,108.30421475608942,22.954928908826016,2.703105770835728,5.406211541671457,5.406211541671455,,2.5809568279517847e-08,1.0,23.0,False,circle,360.0,1.0,True,True,8.64993846667433,235.05847202637844,235.52000000000004,17.299876933348663,17.299876933348656
r557_svd_normalised_tr050_tid0_010,r557,0,10,False,62,circle,290.613460181547,102.30703465945165,41.89609784950159,3.651840924522837,7.303681849045688,7.30368184904566,,8.815645848363066e-08,1.0,41.77777777777778,False,circle,360.0,1.0,True,True,11.68589095847308,429.01604197889634,427.8044444444445,23.371781916946205,23.371781916946112
r557_svd_normalised_tr050_tid0_010,r557,0,10,False,63,ellipse,242.21700502263602,230.86173922442882,44.542590317926546,3.76541456607774,8.243449014560166,6.879812966338537,6.905675812172547,0.5508876271507147,1.0,44.111111111111114,False,ellipse,360.0,1.0,True,True,12.04932661144877,456.11612485556793,451.6977777777779,26.379036846592534,22.015401492283317
r557_svd_normalised_tr050_tid0_010,r557,0,10,False,64,circle,331.16997436389465,101.64911253379063,12.033212232809833,1.9571127755576825,3.914225551115379,3.9142255511153508,,1.2013700229374393e-07,1.0,11.88888888888889,False,circle,360.0,1.0,True,True,6.262760881784584,123.22009326397271,121.74222222222225,12.525521763569214,12.525521763569124
r557_svd_normalised_tr050_tid0_010,r557,0,10,False,65,circle,183.40778979872923,218.3381972497998,51.76658333262431,4.059287529694264,8.118575059388528,8.118575059388528,,0.0,1.0,51.666666666666664,False,circle,360.0,1.0,True,True,12.989720095021646,530.089813326073,529.0666666666667,25.97944019004329,25.97944019004329
r557_svd_normalised_tr050_tid0_010,r557,0,10,False,66,circle,300.3461950696678,218.95927116827437,34.55555555555525,3.3165305600742547,6.6330611201485095,6.633061120148509,,1.4901161193847656e-08,1.0,34.22222222222222,False,circle,360.0,1.0,True,True,10.612897792237616,353.8488888888858,350.4355555555556,21.225795584475232,21.22579558447523
r557_svd_normalised_tr050_tid0_010,r557,0,10,False,67,circle,387.4869281045752,109.85620915032679,11.33333333333328,1.8993451617376653,3.79869032347535,3.798690323475311,,1.4370159448672764e-07,1.0,11.555555555555555,False,circle,360.0,1.0,True,True,6.07790451756053,116.05333333333282,118.32888888888891,12.155809035121122,12.155809035120996
r557_svd_normalised_tr050_tid0_010,r557,0,10,False,68,ellipse,214.45950783799287,238.28795040334523,52.260498521649126,4.078606788639265,8.599262717643805,7.737888180670581,-76.30214284819033,0.436237461597661,1.0,52.44444444444444,False,ellipse,360.0,1.0,True,True,13.051541723645649,535.1475048616871,537.0311111111112,27.517640696460177,24.76124217814586
r557_svd_normalised_tr050_tid0_010,r557,0,10,False,69,circle,233.58375634517768,203.9272419627749,21.888888888889017,2.6395927206506506,5.279185441301301,5.279185441301301,,0.0,1.0,22.0,False,circle,360.0,1.0,True,True,8.446696706082083,224.14222222222358,225.28000000000003,16.893393412164166,16.893393412164166
r557_svd_normalised_tr050_tid0_010,r557,0,10,False,70,circle,271.0194814746832,104.14382724593035,18.883349583291146,2.451684493695332,4.903368987390678,4.90336898739065,,1.0745380149674383e-07,1.0,18.555555555555557,False,circle,360.0,1.0,True,True,7.845390379825062,193.36549973290138,190.00888888888895,15.69078075965017,15.69078075965008
r557_svd_normalised_tr050_tid0_010,r557,0,10,False,71,circle,174.05882634308634,220.067914897329,70.17104787611994,4.726112383645258,9.452224767290517,9.452224767290517,,0.0,1.0,70.22222222222223,False,circle,360.0,1.0,True,True,15.123559627664827,718.5515302514683,719.0755555555558,30.247119255329654,30.247119255329654
r557_svd_normalised_tr050_tid0_010,r557,0,10,False,72,ellipse,189.72380952380956,163.80761904761906,19.444444444444308,2.4878422172674273,5.16205055529085,4.796046711843469,-24.59063181445447,0.36983563223797844,1.0,19.555555555555557,False,ellipse,360.0,1.0,True,True,7.961095095255768,199.11111111110975,200.24888888888896,16.51856177693072,15.347349477899101
r557_svd_normalised_tr050_tid0_010,r557,0,10,False,73,circle,392.83333333333337,113.70289855072465,10.222222222222113,1.8038387932686604,3.607677586537335,3.6076775865373065,,1.255594160136038e-07,1.0,10.222222222222221,False,circle,360.0,1.0,True,True,5.772284138459714,104.67555555555445,104.67555555555556,11.544568276919472,11.544568276919382
r557_svd_normalised_tr050_tid0_010,r557,0,10,False,74,ellipse,248.4611285031916,222.84708740911515,34.25045655425493,3.301856890830939,6.991045943273345,6.237841385103588,-87.2101303630393,0.45151893983647173,1.0,33.666666666666664,False,ellipse,360.0,1.0,True,True,10.565942050659006,350.72467511557056,344.7466666666667,22.371347018474708,19.961092432331483
r557_svd_normalised_tr050_tid0_010,r557,0,10,False,75,ellipse,315.0010964912281,205.50932017543857,67.55555555555516,4.637197558868019,9.64776007041975,8.915479258611349,5.103993868787228,0.38215470829437687,1.0,67.22222222222223,False,ellipse,360.0,1.0,True,True,14.839032188377661,691.7688888888849,688.3555555555557,30.872832225343203,28.52953362755632
r557_svd_normalised_tr050_tid0_010,r557,0,10,False,76,ellipse,311.7468296081859,207.50470072750886,46.635608505837645,3.852865847081235,8.500125719741206,6.985579143202112,29.79876161876581,0.5697462254312967,1.0,46.666666666666664,False,ellipse,360.0,1.0,True,True,12.329170710659952,477.5486310997776,477.86666666666673,27.20040230317186,22.353853258246758
r557_svd_normalised_tr050_tid0_010,r557,0,10,False,77,circle,311.5849219115425,249.8194870655446,160.6482486074454,7.1509388005954335,14.301877601190881,14.301877601190853,,6.322027276634104e-08,1.0,75.44444444444444,True,circle,175.0,0.4861111111111111,True,True,22.88300416190539,1645.038065740241,772.5511111111113,45.76600832381082,45.76600832381073
r557_svd_normalised_tr050_tid0_010,r557,0,10,False,78,ellipse,249.26735395189004,99.60618556701031,53.88888888888891,4.141662237410623,8.683772072199654,7.901343308495252,83.03335825390741,0.41483294211908506,1.0,54.0,False,ellipse,360.0,1.0,True,True,13.253319159713994,551.8222222222225,552.9600000000002,27.78807063103889,25.284298587184807
r557_svd_normalised_tr050_tid0_010,r557,0,10,False,79,circle,42.38455717015693,72.82030334137472,148.1639141152222,6.86746231431679,13.734924628633586,13.734924628633573,,4.2146848510894035e-08,1.0,148.0,False,circle,360.0,1.0,True,True,21.97587940581373,1517.1984805398758,1515.5200000000002,43.95175881162748,43.951758811627435
r557_svd_normalised_tr050_tid0_010,r557,0,10,False,80,ellipse,22.49638564458118,76.04111870319346,127.99790534899535,6.383024258406224,13.970330004248405,11.665579459042785,-79.9360942600693,0.5502114991809655,1.0,128.33333333333334,False,ellipse,360.0,1.0,True,True,20.42567762689992,1310.6985507737127,1314.1333333333337,44.7050560135949,37.32985426893691
r557_svd_normalised_tr050_tid0_010,r557,0,10,False,81,ellipse,145.6128205128205,89.6897435897436,14.444444444444477,2.144250327526898,4.527416180867112,4.0621929006920805,-82.43772391281584,0.44153689626876697,1.0,14.222222222222221,False,ellipse,360.0,1.0,True,True,6.861601048086074,147.91111111111147,145.63555555555558,14.487731778774759,12.999017282214659
r557_svd_normalised_tr050_tid0_010,r557,0,10,False,82,circle,304.8976764103289,223.24335283483325,87.92286914331645,5.290247486645722,10.580494973291485,10.580494973291405,,1.228781230931777e-07,1.0,88.22222222222223,False,circle,360.0,1.0,True,True,16.92879195726631,900.3301800275606,903.3955555555558,33.85758391453275,33.8575839145325
r557_svd_normalised_tr050_tid0_010,r557,0,10,False,83,circle,189.0349794238683,100.66872427983539,17.999999999999897,2.3936536824085892,4.7873073648171784,4.7873073648171784,,0.0,1.0,18.444444444444443,False,circle,360.0,1.0,True,True,7.659691783707486,184.31999999999897,188.87111111111113,15.319383567414972,15.319383567414972
r557_svd_normalised_tr050_tid0_010,r557,0,10,False,84,circle,229.0078349827884,158.94065036947694,72.42324340587244,4.801357554440642,9.602715108881284,9.602715108881284,,0.0,1.0,73.11111111111111,False,circle,360.0,1.0,True,True,15.364344174210055,741.6140124761339,748.6577777777779,30.72868834842011,30.72868834842011
r557_svd_normalised_tr050_tid0_010,r557,0,10,False,85,circle,146.8323353293413,114.36726546906185,18.555555555555472,2.430312073986768,4.860624147973537,4.860624147973536,,2.1073424255447017e-08,1.0,18.444444444444443,False,circle,360.0,1.0,True,True,7.776998636757658,190.00888888888807,188.87111111111113,15.55399727351532,15.553997273515316
r557_svd_normalised_tr050_tid0_010,r557,0,10,False,86,ellipse,215.95568400770713,167.5722543352601,19.22222222222218,2.4735851244206404,5.284786159443093,4.6311227611902845,5.915996191899268,0.48174357287078734,1.0,19.11111111111111,False,ellipse,360.0,1.0,True,True,7.91547239814605,196.83555555555515,195.69777777777782,16.9113157102179,14.819592835808912
r557_svd_normalised_tr050_tid0_010,r557,0,10,False,87,circle,209.704736460514,249.8622728984002,107.85298819676608,5.859238209656127,11.718476419312253,11.718476419312253,,0.0,1.0,49.55555555555556,True,circle,173.0,0.48055555555555557,True,True,18.749562270899606,1104.4145991348848,507.44888888888903,37.49912454179921,37.49912454179921
r557_svd_normalised_tr050_tid0_010,r557,0,10,False,88,ellipse,2.438414602378108,72.5058740893842,64.2956062612041,4.52392828315411,12.782563144374476,6.40432654389151,-1.508128095689699,0.8654353990260304,1.0,63.0,True,ellipse,313.0,0.8694444444444445,True,True,14.476570506093152,658.3870081147301,645.1200000000001,40.904202061998326,20.49384494045283
r557_svd_normalised_tr050_tid0_010,r557,0,10,False,89,circle,14.600619195046438,75.20743034055728,71.7777777777777,4.779913835517314,9.559827671034629,9.559827671034627,,2.1073424255447017e-08,1.0,71.66666666666667,False,circle,360.0,1.0,True,True,15.295724273655404,735.0044444444438,733.8666666666669,30.591448547310815,30.591448547310808
r557_svd_normalised_tr050_tid0_010,r557,0,10,False,90,circle,354.53091938414525,115.88634361354829,12.794521027867663,2.018073965977628,4.03614793195527,4.036147931955242,,1.1827430029502171e-07,1.0,12.88888888888889,False,circle,360.0,1.0,True,True,6.45783669112841,131.0158953253649,131.98222222222225,12.915673382256864,12.915673382256774
r557_svd_normalised_tr050_tid0_010,r557,0,10,False,91,ellipse,264.5320512820513,105.8205128205128,11.555555555555408,1.9178757972505185,4.004732853929492,3.6739005649979086,-19.594805916457375,0.39799018468253,1.0,11.555555555555555,False,ellipse,360.0,1.0,True,True,6.13720255120166,118.3288888888874,118.32888888888891,12.815145132574376,11.756481807993309
r557_svd_normalised_tr050_tid0_010,r557,0,10,False,92,circle,157.2766961793905,89.37269754714394,18.307229680192183,2.4139950695563748,4.827990139112755,4.827990139112745,,6.322027276634104e-08,1.0,18.666666666666668,False,circle,360.0,1.0,True,True,7.7247842225804,187.46603192516798,191.1466666666667,15.449568445160816,15.449568445160786
r557_svd_normalised_tr050_tid0_010,r557,0,10,False,93,ellipse,212.66067146282975,214.33333333333331,30.88888888888905,3.135640079244751,6.616646989696027,5.943940320151629,88.27229634057818,0.43931888759405857,1.0,30.555555555555557,False,ellipse,360.0,1.0,True,True,10.034048253583205,316.3022222222239,312.88888888888897,21.173270367027285,19.020609024485214
r557_svd_normalised_tr050_tid0_010,r557,0,10,False,94,circle,67.01234567901236,9.059259259259258,29.99999999999994,3.0901936161855135,6.18038723237103,6.180387232371025,,3.650024149988857e-08,1.0,30.11111111111111,False,circle,360.0,1.0,True,True,9.888619571793644,307.1999999999994,308.33777777777783,19.777239143587295,19.77723914358728
r557_svd_normalised_tr050_tid0_010,r557,0,10,False,95,circle,245.26353563329738,240.75650849191226,11.217143521080017,1.8895839958843388,3.7791679917686776,3.7791679917686776,,0.0,1.0,11.0,False,circle,360.0,1.0,True,True,6.046668786829884,114.86354965585939,112.64000000000001,12.093337573659769,12.093337573659769
r557_svd_normalised_tr050_tid0_010,r557,0,10,False,96,circle,203.12502127243079,243.89310808837493,44.89873598125926,3.7804380090130696,7.560876018026139,7.560876018026139,,0.0,1.0,44.77777777777778,False,circle,360.0,1.0,True,True,12.097401628841823,459.76305644809486,458.52444444444455,24.194803257683645,24.194803257683645
r557_svd_normalised_tr050_tid0_010,r557,0,10,False,97,ellipse,190.2468193384224,94.35368956743001,14.555555555555493,2.1524816450392117,4.485511916747457,4.131682018216845,-80.54893047863692,0.3892854597971586,1.0,14.666666666666666,False,ellipse,360.0,1.0,True,True,6.887941264125478,149.04888888888829,150.1866666666667,14.353638133591865,13.221382458293906
r557_svd_normalised_tr050_tid0_010,r557,0,10,False,98,circle,263.568115942029,98.11594202898551,12.777777777777745,2.0167530810999654,4.033506162199931,4.033506162199931,,0.0,1.0,12.88888888888889,False,circle,360.0,1.0,True,True,6.45360985951989,130.84444444444412,131.98222222222225,12.90721971903978,12.90721971903978
r557_svd_normalised_tr050_tid0_010,r557,0,10,False,99,circle,195.8477366255144,94.2181069958848,9.000000000000055,1.692568750643274,3.3851375012865623,3.385137501286534,,1.2990531157078367e-07,1.0,9.11111111111111,False,circle,360.0,1.0,True,True,5.416220002058477,92.16000000000058,93.2977777777778,10.832440004117,10.83244000411691
r557_svd_normalised_tr050_tid0_010,r557,0,10,False,100,circle,229.69462365591397,95.40645161290323,17.22222222222217,2.3413678898002104,4.682735779600431,4.68273577960041,,9.541398640621973e-08,1.0,17.22222222222222,False,circle,360.0,1.0,True,True,7.492377247360674,176.35555555555507,176.35555555555558,14.98475449472138,14.984754494721313
r557_svd_normalised_tr050_tid0_010,r557,0,10,False,101,circle,195.54756626103585,247.25757902239366,63.16024315389158,4.48380751255624,8.96761502511248,8.96761502511248,,0.0,1.0,50.55555555555556,True,circle,240.99999999999997,0.6694444444444444,True,True,14.348184040179968,646.7608898958499,517.688888888889,28.696368080359935,28.696368080359935
r557_svd_normalised_tr050_tid0_010,r557,0,10,False,102,circle,289.6612021857924,95.74043715846993,13.55555555555574,2.0772258774738486,4.154451754947737,4.154451754947656,,1.9712383382503618e-07,1.0,13.555555555555555,False,circle,360.0,1.0,True,True,6.647122807916316,138.8088888888908,138.8088888888889,13.294245615832759,13.294245615832502
r557_svd_normalised_tr050_tid0_010,r557,0,10,False,103,ellipse,274.94940476190476,99.16964285714286,12.444444444444501,1.9902737738139533,4.567508761942162,3.4690155191271383,-79.43401401171442,0.6505091899344794,1.0,12.222222222222221,False,ellipse,360.0,1.0,True,True,6.368876076204651,127.43111111111172,125.15555555555557,14.61602803821492,11.100849661206844
r557_svd_normalised_tr050_tid0_010,r557,0,10,False,104,ellipse,177.3360433604336,92.63414634146343,13.666666666666668,2.0857217242907726,4.458016701261153,3.9032918920629536,-84.33011284179582,0.4830968767389501,1.0,13.333333333333334,False,ellipse,360.0,1.0,True,True,6.674309517730473,139.94666666666672,136.53333333333336,14.26565344403569,12.490534054601452
r557_svd_normalised_tr050_tid0_010,r557,0,10,False,105,circle,217.23456790123458,99.23456790123457,11.999999999999998,1.9544100476116795,3.908820095223374,3.9088200952233443,,1.2377834115800373e-07,1.0,12.222222222222221,False,circle,360.0,1.0,True,True,6.254112152357375,122.88000000000001,125.15555555555557,12.508224304714798,12.508224304714702
r557_svd_normalised_tr050_tid0_010,r557,0,10,False,106,ellipse,187.23474178403754,90.11971830985915,15.777777777777771,2.24103160367666,4.6706735120788405,4.3010693303135845,77.0284529072128,0.3898767490943335,1.0,15.555555555555555,False,ellipse,360.0,1.0,True,True,7.171301131765313,161.5644444444444,159.28888888888892,14.94615523865229,13.763421857003472
r557_svd_normalised_tr050_tid0_010,r557,0,10,False,107,ellipse,280.5026455026455,232.7028218694885,42.000000000000405,3.6563663957157435,8.01906669728249,6.668614054176576,56.60835946704253,0.5553828516173386,1.0,41.44444444444444,False,ellipse,360.0,1.0,True,True,11.70037246629038,430.08000000000425,424.3911111111112,25.66101343130397,21.339564973365043
r557_svd_normalised_tr050_tid0_010,r557,0,10,False,108,ellipse,207.18339156099634,191.0816489782568,17.841772976762453,2.3831098853284733,5.352820067616624,4.243903328571247,-85.64042512579243,0.6094362924573693,1.0,18.0,False,ellipse,360.0,1.0,True,True,7.625951633051115,182.69975528204756,184.32000000000005,17.129024216373196,13.580490651427992
r557_svd_normalised_tr050_tid0_010,r557,0,10,False,109,ellipse,266.88235294117646,221.66176470588238,30.222222222222207,3.1016176611208515,6.617402601363042,5.814989774867414,-62.58122853176906,0.4772970250530973,1.0,29.88888888888889,False,ellipse,360.0,1.0,True,True,9.925176515586726,309.47555555555545,306.06222222222226,21.175688324361737,18.60796727957573
r557_svd_normalised_tr050_tid0_010,r557,0,10,False,110,circle,225.44548577492614,96.88107606735662,17.787502209699614,2.3794826756804532,4.758965351360921,4.758965351360892,,1.0950072449966572e-07,1.0,17.666666666666668,False,circle,360.0,1.0,True,True,7.61434456217745,182.1440226273241,180.90666666666672,15.228689124354947,15.228689124354856
r557_svd_normalised_tr050_tid0_010,r557,0,10,False,111,ellipse,357.0285714285714,108.76666666666665,7.777777777777745,1.5734495731377127,3.3018092919154594,2.9992568804856825,-13.953950367095217,0.41817237967309184,1.0,7.888888888888889,False,ellipse,360.0,1.0,True,True,5.035038634040681,79.64444444444412,80.78222222222225,10.56578973412947,9.597622017554185
r557_svd_normalised_tr050_tid0_010,r557,0,10,False,112,ellipse,309.7793427230047,100.61971830985917,7.8888888888889275,1.5846486438131342,3.290395302090301,3.0526561021328504,83.01070551567469,0.3732084235451779,1.0,7.888888888888889,False,ellipse,360.0,1.0,True,True,5.07087566020203,80.78222222222263,80.78222222222225,10.529264966688963,9.768499526825122
r557_svd_normalised_tr050_tid0_010,r557,0,10,False,113,circle,151.92695528163011,94.40269604909695,7.484829857730579,1.5435333945591392,3.08706678911829,3.087066789118267,,1.219712610821791e-07,1.0,7.444444444444445,False,circle,360.0,1.0,True,True,4.939306862589246,76.64465774316115,76.23111111111113,9.878613725178528,9.878613725178454
r557_svd_normalised_tr050_tid0_010,r557,0,10,False,114,ellipse,1.7552238805970146,74.75522388059703,37.22222222222226,3.4421216304865423,10.27318373668082,4.613253932861668,-2.0953750345593107,0.8935026781520213,1.0,37.333333333333336,True,ellipse,334.0,0.9277777777777778,True,True,11.014789217556936,381.15555555555596,382.2933333333334,32.87418795737863,14.762412585157339
r557_svd_normalised_tr050_tid1_010,r557,1,10,False,0,circle,283.5566316490102,212.30558994661612,285.15207997291765,9.527157294872936,19.05431458974587,19.05431458974587,,0.0,1.0,285.22222222222223,False,circle,360.0,1.0,True,True,30.486903343593397,2919.957298922677,2920.675555555556,60.973806687186794,60.973806687186794
r557_svd_normalised_tr050_tid1_010,r557,1,10,False,1,circle,217.65766654890965,233.52137263846345,529.8333085660611,12.98657692180831,25.97315384361662,25.973153843616615,,1.4901161193847656e-08,1.0,529.4444444444445,False,circle,360.0,1.0,True,True,41.55704614978659,5425.493079716466,5421.511111111112,83.11409229957319,83.11409229957317
r557_svd_normalised_tr050_tid1_010,r557,1,10,False,2,circle,189.31865512482747,188.70587128340233,590.4444444444453,13.709278022892484,27.41855604578497,27.418556045784968,,1.4901161193847656e-08,1.0,590.4444444444445,False,circle,360.0,1.0,True,True,43.86968967325595,6046.15111111112,6046.151111111112,87.73937934651191,87.7393793465119
r557_svd_normalised_tr050_tid1_010,r557,1,10,False,3,ellipse,226.16730886229973,182.77435273440136,547.8888888888903,13.20600052489724,28.04112383707714,24.877526432516134,-52.31829555607493,0.46142335141346086,1.0,547.3333333333334,False,ellipse,360.0,1.0,True,True,42.25920167967117,5610.382222222238,5604.6933333333345,89.73159627864686,79.60808458405164
r557_svd_normalised_tr050_tid1_010,r557,1,10,False,4,circle,233.72549104893199,178.22208550990092,101.6152990657553,5.6872800423535,11.374560084707,11.374560084706998,,1.4901161193847656e-08,1.0,101.66666666666667,False,circle,360.0,1.0,True,True,18.1992961355312,1040.5406624333343,1041.0666666666668,36.3985922710624,36.39859227106239
r557_svd_normalised_tr050_tid1_010,r557,1,10,False,5,circle,244.74624523649402,227.80632145258912,165.22222222222265,7.252025010339434,14.504050020678868,14.504050020678868,,0.0,1.0,165.33333333333334,False,circle,360.0,1.0,True,True,23.20648003308619,1691.8755555555604,1693.0133333333338,46.41296006617238,46.41296006617238
r557_svd_normalised_tr050_tid1_010,r557,1,10,False,6,circle,292.76350145580915,216.74095989480608,394.3333333333339,11.20357971595723,22.40715943191446,22.40715943191446,,0.0,1.0,394.22222222222223,False,circle,360.0,1.0,True,True,35.85145509106314,4037.9733333333397,4036.8355555555563,71.70291018212627,71.70291018212627
r557_svd_normalised_tr050_tid1_010,r557,1,10,False,7,circle,312.8835051546392,189.07663230240547,107.77777777777727,5.857194906914587,11.714389813829177,11.714389813829168,,3.942476676500724e-08,1.0,107.66666666666667,False,circle,360.0,1.0,True,True,18.743023702126678,1103.6444444444396,1102.506666666667,37.48604740425337,37.48604740425334
r557_svd_normalised_tr050_tid1_010,r557,1,10,False,8,circle,311.0294812665923,204.17146417743578,255.76571549182373,9.022901738793246,18.045803477586496,18.045803477586492,,2.1073424255447017e-08,1.0,255.44444444444446,False,circle,360.0,1.0,True,True,28.87328556413839,2619.0409266362753,2615.7511111111116,57.74657112827679,57.74657112827678
r557_svd_normalised_tr050_tid1_010,r557,1,10,False,9,ellipse,175.58087578194815,209.0951742627346,82.88888888888884,5.136570138538272,10.658683401425018,9.901542918366676,61.5898941199533,0.37016778221052843,1.0,82.66666666666667,False,ellipse,360.0,1.0,True,True,16.43702444332247,848.7822222222219,846.5066666666669,34.107786884560056,31.684937338773366
r557_svd_normalised_tr050_tid1_010,r557,1,10,False,10,circle,190.82300884955754,178.73549655850542,75.33333333333351,4.8968709151027205,9.793741830205441,9.793741830205441,,0.0,1.0,75.22222222222223,False,circle,360.0,1.0,True,True,15.669986928328706,771.4133333333353,770.2755555555558,31.339973856657412,31.339973856657412
r557_svd_normalised_tr050_tid1_010,r557,1,10,False,11,circle,247.3100160627585,213.5995744280118,119.71056443590165,6.17292929982105,12.3458585996421,12.3458585996421,,0.0,1.0,119.88888888888889,False,circle,360.0,1.0,True,True,19.75337375942736,1225.836179823633,1227.6622222222225,39.50674751885472,39.50674751885472
r557_svd_normalised_tr050_tid1_010,r557,1,10,False,12,circle,189.91043567602213,241.88172948834392,73.5199423716472,4.83757423597384,9.67514847194768,9.675148471947677,,2.1073424255447017e-08,1.0,73.55555555555556,False,circle,360.0,1.0,True,True,15.480237555116288,752.8442098856675,753.2088888888891,30.960475110232576,30.96047511023257
r557_svd_normalised_tr050_tid1_010,r557,1,10,False,13,circle,211.5175043720429,177.52960226603722,51.86259166346101,4.063050042713317,8.126100085426634,8.126100085426634,,0.0,1.0,51.77777777777778,False,circle,360.0,1.0,True,True,13.001760136682615,531.0729386338409,530.2044444444446,26.00352027336523,26.00352027336523
r557_svd_normalised_tr050_tid1_010,r557,1,10,False,14,circle,259.5168269230769,229.2872596153846,92.44444444444443,5.424571926837625,10.84914385367529,10.84914385367521,,1.210576058124894e-07,1.0,92.77777777777777,False,circle,360.0,1.0,True,True,17.3586301658804,946.6311111111112,950.0444444444446,34.71726033176093,34.71726033176068
r557_svd_normalised_tr050_tid1_010,r557,1,10,False,15,circle,223.77674306805798,218.37560053464907,320.6391572551609,10.102604300474054,20.205208600948108,20.205208600948104,,2.1073424255447017e-08,1.0,320.55555555555554,False,circle,360.0,1.0,True,True,32.32833376151697,3283.3449702928483,3282.4888888888895,64.65666752303395,64.65666752303393
r557_svd_normalised_tr050_tid1_010,r557,1,10,False,16,circle,199.35817708333337,212.35979166666664,711.1111111111114,15.045055561273506,30.09011112254701,30.090111122547007,,1.4901161193847656e-08,1.0,710.7777777777778,False,circle,360.0,1.0,True,True,48.14417779607522,7281.777777777783,7278.364444444446,96.28835559215044,96.28835559215042
r557_svd_normalised_tr050_tid1_010,r557,1,10,False,17,circle,318.96963185789997,232.80890989829538,517.1111111111112,12.829714685921559,25.65942937184314,25.6594293718431,,5.5755039852469285e-08,1.0,516.6666666666666,False,circle,360.0,1.0,True,True,41.055086994948994,5295.21777777778,5290.666666666667,82.11017398989804,82.11017398989793
r557_svd_normalised_tr050_tid1_010,r557,1,10,False,18,ellipse,221.8735617361204,186.59743678079488,248.05330825317785,8.885821307992964,18.678488174575584,16.90882464996413,-64.39356067649231,0.42486526431099564,1.0,247.77777777777777,False,ellipse,360.0,1.0,True,True,28.434628185577488,2540.0658765125418,2537.244444444445,59.77116215864187,54.10823887988522
r557_svd_normalised_tr050_tid1_010,r557,1,10,False,19,circle,183.81238875409866,205.01616685927343,81.4319054896603,5.091225841400376,10.182451682800755,10.18245168280075,,3.332000937312528e-08,1.0,81.44444444444444,False,circle,360.0,1.0,True,True,16.291922692481204,833.8627122141215,833.9911111111113,32.583845384962416,32.5838453849624
r557_svd_normalised_tr050_tid1_010,r557,1,10,False,20,circle,279.65377322715204,233.8418657565415,97.6666666666672,5.575685209067766,11.151370418135553,11.151370418135512,,8.560065398421926e-08,1.0,98.0,False,circle,360.0,1.0,True,True,17.84219266901685,1000.1066666666723,1003.5200000000002,35.68438533803377,35.68438533803364
r557_svd_normalised_tr050_tid1_010,r557,1,10,False,21,circle,299.82589850987415,241.87610230425224,357.73012592422265,10.670943522831166,21.34188704566236,21.341887045662304,,7.300048299977713e-08,1.0,326.8888888888889,True,circle,271.0,0.7527777777777778,True,True,34.14701927305973,3663.1564894640405,3347.342222222223,68.29403854611955,68.29403854611938
r557_svd_normalised_tr050_tid1_010,r557,1,10,False,22,ellipse,184.29736301937078,221.0582643074784,430.80731688670284,11.710261654008873,24.496630422471945,22.3916882673879,-58.59098059196987,0.40555154743384,1.0,430.55555555555554,False,ellipse,360.0,1.0,True,True,37.472837292828395,4411.466924919838,4408.88888888889,78.38921735191023,71.65340245564128
r557_svd_normalised_tr050_tid1_010,r557,1,10,False,23,circle,260.82350822958807,208.56285347385978,312.05896545984695,9.966516632111508,19.933033264223035,19.933033264223003,,5.5755039852469285e-08,1.0,312.55555555555554,False,circle,360.0,1.0,True,True,31.892853222756827,3195.483806308833,3200.5688888888894,63.78570644551371,63.78570644551361
r557_svd_normalised_tr050_tid1_010,r557,1,10,False,24,circle,221.24991701065008,169.06463143795992,110.23647050138399,5.9236271302807655,11.847254260561531,11.847254260561531,,0.0,1.0,110.22222222222223,False,circle,360.0,1.0,True,True,18.95560681689845,1128.8214579341723,1128.6755555555558,37.9112136337969,37.9112136337969
r557_svd_normalised_tr050_tid1_010,r557,1,10,False,25,ellipse,250.89895742364567,198.51026657715028,619.3807793069188,14.04119031156593,29.98292729813349,26.30230509585851,6.50383365008318,0.4800470673200469,1.0,619.3333333333334,False,ellipse,360.0,1.0,True,True,44.93180899701098,6342.45918010285,6341.973333333335,95.94536735402717,84.16737630674724
r557_svd_normalised_tr050_tid1_010,r557,1,10,False,26,circle,315.93924599945757,172.9191754814212,136.5555555555556,6.5929495179815545,13.185899035963109,13.185899035963109,,0.0,1.0,136.33333333333334,False,circle,360.0,1.0,True,True,21.097438457540974,1398.3288888888897,1396.0533333333337,42.19487691508195,42.19487691508195
r557_svd_normalised_tr050_tid1_010,r557,1,10,False,27,circle,230.08137317228227,201.1483365119729,174.777777777777,7.458786399401719,14.917572798803437,14.917572798803437,,0.0,1.0,174.11111111111111,False,circle,360.0,1.0,True,True,23.8681164780855,1789.7244444444368,1782.8977777777782,47.736232956171,47.736232956171
r557_svd_normalised_tr050_tid1_010,r557,1,10,False,28,circle,233.4568360181743,143.48574969021064,89.666666666667,5.342451353184853,10.684902706369707,10.684902706369707,,0.0,1.0,90.0,False,circle,360.0,1.0,True,True,17.095844330191532,918.1866666666702,921.6000000000001,34.191688660383065,34.191688660383065
r557_svd_normalised_tr050_tid1_010,r557,1,10,False,29,circle,172.37824795842616,231.13975501113586,199.55555555555554,7.969975293326323,15.939950586652646,15.939950586652644,,1.4901161193847656e-08,1.0,200.0,False,circle,360.0,1.0,True,True,25.503920938644235,2043.448888888889,2048.0000000000005,51.00784187728847,51.00784187728846
r557_svd_normalised_tr050_tid1_010,r557,1,10,False,30,ellipse,260.28270042194094,147.52742616033754,52.6666666666666,4.094425560728427,8.512825812384325,7.87720601446247,66.71349882299637,0.37915331666924484,1.0,53.22222222222222,False,ellipse,360.0,1.0,True,True,13.102161794330966,539.306666666666,544.9955555555556,27.24104259962984,25.207059246279904
r557_svd_normalised_tr050_tid1_010,r557,1,10,False,31,ellipse,219.30244530244528,231.8127413127413,57.55555555555549,4.280245593203001,8.938206171719937,8.198737861339076,-62.934637039793415,0.3982686342450125,1.0,57.666666666666664,False,ellipse,360.0,1.0,True,True,13.696785898249605,589.3688888888884,590.5066666666668,28.6022597495038,26.235961156285043
r557_svd_normalised_tr050_tid1_010,r557,1,10,False,32,circle,240.79621212121214,242.12651515151515,48.88888888888915,3.944846848468809,7.889693696937618,7.889693696937617,,1.4901161193847656e-08,1.0,48.888888888888886,False,circle,360.0,1.0,True,True,12.62350991510019,500.622222222225,500.62222222222226,25.24701983020038,25.247019830200376
r557_svd_normalised_tr050_tid1_010,r557,1,10,False,33,circle,290.6830429249103,197.6233801516203,242.17543542482125,8.779910892861317,17.559821785722658,17.559821785722608,,7.598131170262075e-08,1.0,243.0,False,circle,360.0,1.0,True,True,28.095714857156214,2479.87645875017,2488.3200000000006,56.191429714312505,56.19142971431235
r557_svd_normalised_tr050_tid1_010,r557,1,10,False,34,ellipse,159.12643678160916,105.11954022988505,16.111111111111143,2.2645807435532506,4.815948055631972,4.259452871859707,6.567134459426796,0.4666398470517439,1.0,15.88888888888889,False,ellipse,360.0,1.0,True,True,7.246658379370402,164.97777777777813,162.70222222222225,15.41103377802231,13.630249189951062
r557_svd_normalised_tr050_tid1_010,r557,1,10,False,35,circle,284.4181221798396,238.9900934291992,46.73819123266351,3.857101026899006,7.714202053798025,7.714202053797999,,8.161702118890973e-08,1.0,46.888888888888886,False,circle,360.0,1.0,True,True,12.342723286076819,478.5990782224744,480.1422222222223,24.68544657215368,24.685446572153598
r557_svd_normalised_tr050_tid1_010,r557,1,10,False,36,circle,298.43419396309116,226.54576241922683,90.47168930202415,5.366379890073249,10.732759780146528,10.73275978014647,,1.043081283569336e-07,1.0,90.66666666666667,False,circle,360.0,1.0,True,True,17.1724156482344,926.4300984527274,928.4266666666668,34.34483129646889,34.344831296468705
r557_svd_normalised_tr050_tid1_010,r557,1,10,False,37,circle,179.45317460317463,240.84761904761905,46.66666666666665,3.8541485901874046,7.70829718037481,7.708297180374809,,1.4901161193847656e-08,1.0,46.77777777777778,False,circle,360.0,1.0,True,True,12.333275488599696,477.8666666666666,479.0044444444446,24.666550977199392,24.666550977199392
r557_svd_normalised_tr050_tid1_010,r557,1,10,False,38,ellipse,293.9751763304937,199.67472748923697,404.3333333333336,11.344747565003203,23.564024637204703,21.847421957018227,57.16312433415976,0.37468654110920563,1.0,404.55555555555554,False,ellipse,360.0,1.0,True,True,36.30319220801025,4140.373333333337,4142.64888888889,75.40487883905506,69.91175026245833
r557_svd_normalised_tr050_tid1_010,r557,1,10,False,39,circle,278.2592597214444,220.36833446277416,112.84673802411861,5.993349008415015,11.986698016830063,11.986698016829996,,1.0641557616804317e-07,1.0,112.66666666666667,False,circle,360.0,1.0,True,True,19.17871682692805,1155.5505973669747,1153.706666666667,38.357433653856205,38.357433653855985
r557_svd_normalised_tr050_tid1_010,r557,1,10,False,40,circle,350.4549356223175,145.27896995708156,25.888888888888964,2.8706600766456223,5.741320153291245,5.741320153291245,,0.0,1.0,25.77777777777778,False,circle,360.0,1.0,True,True,9.186112245265992,265.102222222223,263.9644444444445,18.372224490531984,18.372224490531984
r557_svd_normalised_tr050_tid1_010,r557,1,10,False,41,circle,159.51435439156947,128.33042466356332,128.2003787135923,6.38807075391643,12.776141507832865,12.776141507832854,,4.2146848510894035e-08,1.0,128.55555555555554,False,circle,360.0,1.0,True,True,20.441826412532578,1312.7718780271855,1316.4088888888891,40.88365282506517,40.883652825065134
r557_svd_normalised_tr050_tid1_010,r557,1,10,False,42,circle,206.61786646773592,194.62706701479547,595.7777777777791,13.771055029854342,27.542110059708687,27.542110059708683,,1.4901161193847656e-08,1.0,596.5555555555555,False,circle,360.0,1.0,True,True,44.067376095533895,6100.764444444459,6108.72888888889,88.1347521910678,88.13475219106779
r557_svd_normalised_tr050_tid1_010,r557,1,10,False,43,circle,226.3693785329439,244.44683398149942,383.6902866823496,11.051353377920947,22.102706755841893,22.102706755841893,,0.0,1.0,299.55555555555554,True,circle,235.0,0.6527777777777778,True,True,35.36433080934703,3928.9885356272607,3067.4488888888895,70.72866161869406,70.72866161869406
r557_svd_normalised_tr050_tid1_010,r557,1,10,False,44,ellipse,311.2384105960265,207.95143487858718,33.555555555555806,3.2681898766324506,6.790435671624204,6.291829029089694,47.72802948780256,0.3761169076256525,1.0,33.333333333333336,False,ellipse,360.0,1.0,True,True,10.458207605223842,343.6088888888915,341.3333333333334,21.729394149197454,20.133852893087024
r557_svd_normalised_tr050_tid1_010,r557,1,10,False,45,ellipse,175.93453355708513,181.41226912142443,92.50057908130846,5.426218646470674,11.283349465120324,10.437981696950674,-6.448337836122391,0.3797764423629636,1.0,92.66666666666667,False,ellipse,360.0,1.0,True,True,17.363899668706157,947.2059297925988,948.9066666666669,36.10671828838504,33.401541430242155
r557_svd_normalised_tr050_tid1_010,r557,1,10,False,46,circle,214.0703635447242,239.3888734282628,68.95033581838274,4.684823747664746,9.369647495329493,9.369647495329492,,2.1073424255447017e-08,1.0,68.55555555555556,False,circle,360.0,1.0,True,True,14.991435992527187,706.0514387802394,702.008888888889,29.98287198505438,29.982871985054373
r557_svd_normalised_tr050_tid1_010,r557,1,10,False,47,circle,273.8306178459687,224.7895910467857,162.13501833259943,7.18395289738571,14.36790579477142,14.36790579477142,,0.0,1.0,161.77777777777777,False,circle,360.0,1.0,True,True,22.988649271634273,1660.2625877258185,1656.6044444444447,45.977298543268546,45.977298543268546
r557_svd_normalised_tr050_tid1_010,r557,1,10,False,48,circle,182.74408014571952,218.299635701275,40.66666666666681,3.5978607585815303,7.1957215171630615,7.195721517163061,,1.4901161193847656e-08,1.0,40.55555555555556,False,circle,360.0,1.0,True,True,11.513154427460897,416.42666666666827,415.288888888889,23.026308854921798,23.026308854921794
r557_svd_normalised_tr050_tid1_010,r557,1,10,False,49,ellipse,303.7609756097561,99.59837398373982,22.777777777777814,2.692655167667062,5.635492134728863,5.146235096156667,74.05107540638045,0.40754996792684783,1.0,22.555555555555557,False,ellipse,360.0,1.0,True,True,8.616496536534598,233.24444444444487,230.96888888888896,18.033574831132363,16.467952307701335
r557_svd_normalised_tr050_tid1_010,r557,1,10,False,50,circle,343.78682170542635,113.75387596899226,38.22222222222247,3.488052637969672,6.9761052759393705,6.976105275939318,,1.228781230931777e-07,1.0,38.333333333333336,False,circle,360.0,1.0,True,True,11.16176844150295,391.3955555555582,392.5333333333334,22.323536883005985,22.32353688300582
r557_svd_normalised_tr050_tid1_010,r557,1,10,False,51,circle,290.76748971193416,102.53909465020575,35.99999999999975,3.3851375012865264,6.770275002573076,6.770275002573029,,1.1827430029502171e-07,1.0,36.111111111111114,False,circle,360.0,1.0,True,True,10.832440004116885,368.63999999999754,369.7777777777779,21.664880008233844,21.664880008233695
r557_svd_normalised_tr050_tid1_010,r557,1,10,False,52,circle,220.48412698412702,202.0714285714286,13.9999999999998,2.111004122822361,4.222008245644722,4.222008245644722,,0.0,1.0,14.11111111111111,False,circle,360.0,1.0,True,True,6.7552131930315555,143.35999999999797,144.4977777777778,13.510426386063111,13.510426386063111
r557_svd_normalised_tr050_tid1_010,r557,1,10,False,53,circle,306.57246749304835,128.1685737845976,32.22781361600738,3.2028786558444153,6.405757311688831,6.405757311688831,,0.0,1.0,32.22222222222222,False,circle,360.0,1.0,True,True,10.24921169870213,330.01281142791566,329.95555555555563,20.49842339740426,20.49842339740426
r557_svd_normalised_tr050_tid1_010,r557,1,10,False,54,ellipse,300.5242931878946,218.5729595915854,28.844843833365672,3.0301153373407828,6.573594334537033,5.586958056933089,-88.29743228075534,0.5269292316080909,1.0,29.22222222222222,False,ellipse,360.0,1.0,True,True,9.696369079490506,295.37120085366456,299.2355555555556,21.035501870518505,17.878265782185885
r557_svd_normalised_tr050_tid1_010,r557,1,10,False,55,ellipse,161.62988505747128,99.78390804597701,16.11111111111104,2.2645807435532435,4.6991823018344245,4.365292184617065,-6.352387757008728,0.37021226631866344,1.0,16.22222222222222,False,ellipse,360.0,1.0,True,True,7.24665837937038,164.97777777777708,166.11555555555557,15.03738336587016,13.968934990774608
r557_svd_normalised_tr050_tid1_010,r557,1,10,False,56,circle,200.36666519552205,245.28468494084706,129.10425104977378,6.410550636060606,12.821101272121211,12.821101272121211,,0.0,1.0,114.88888888888889,True,circle,263.0,0.7305555555555555,True,True,20.51376203539394,1322.0275307496838,1176.4622222222224,41.02752407078788,41.02752407078788
r557_svd_normalised_tr050_tid1_010,r557,1,10,False,57,circle,271.343685300207,103.95859213250517,17.88888888888909,2.3862544261198897,4.772508852239793,4.772508852239766,,1.0536712127723508e-07,1.0,18.0,False,circle,360.0,1.0,True,True,7.636014163583647,183.1822222222243,184.32000000000005,15.272028327167337,15.272028327167252
r557_svd_normalised_tr050_tid1_010,r557,1,10,False,58,ellipse,266.40789445293746,221.07436830626054,25.733176894527965,2.8620140825028355,6.13534744574625,5.340284103469059,-9.477843385100698,0.49232285907564916,1.0,26.0,False,ellipse,360.0,1.0,True,True,9.158445064009074,263.5077313999664,266.24000000000007,19.633111826388003,17.088909131100987
r557_svd_normalised_tr050_tid1_010,r557,1,10,False,59,ellipse,202.24313725490197,131.13333333333335,18.888888888888886,2.4520440600365423,5.174825862212402,4.647514898049108,86.26909504482421,0.4397898066828449,1.0,18.88888888888889,False,ellipse,360.0,1.0,True,True,7.846540992116935,193.42222222222222,193.42222222222227,16.559442759079687,14.872047673757146
r557_svd_normalised_tr050_tid1_010,r557,1,10,False,60,circle,305.3015112847022,222.59557856680004,77.49566484369983,4.966652419501014,9.933304839002057,9.933304839002002,,1.0536712127723508e-07,1.0,77.0,False,circle,360.0,1.0,True,True,15.893287742403245,793.5556079994864,788.4800000000001,31.786575484806583,31.786575484806406
r557_svd_normalised_tr050_tid1_010,r557,1,10,False,61,ellipse,267.2987082827118,210.17032569979128,24.214293809669297,2.7762653163155537,5.890115483306231,5.234294049698499,-8.484302921052176,0.4585719409192253,1.0,24.22222222222222,False,ellipse,360.0,1.0,True,True,8.884049012209772,247.95436861101365,248.0355555555556,18.848369546579942,16.749740959035197
r557_svd_normalised_tr050_tid1_010,r557,1,10,False,62,circle,147.40530303030303,114.1590909090909,19.555555555555436,2.4949402123396958,4.989880424679405,4.989880424679378,,1.0323827311807139e-07,1.0,19.22222222222222,False,circle,360.0,1.0,True,True,7.983808679487026,200.2488888888877,196.83555555555557,15.967617358974096,15.96761735897401
r557_svd_normalised_tr050_tid1_010,r557,1,10,False,63,ellipse,233.62054271287235,203.13971687136274,23.472633919362362,2.733417536950039,5.698493210024177,5.244594425882851,-15.385564769802386,0.3911014383661812,1.0,23.444444444444443,False,ellipse,360.0,1.0,True,True,8.746936118240125,240.35977133427065,240.07111111111115,18.235178272077366,16.782702162825125
r557_svd_normalised_tr050_tid1_010,r557,1,10,False,64,circle,312.4087149845636,249.92758610125568,142.33961343114328,6.7311296340742075,13.462259268148443,13.462259268148387,,9.18569267238524e-08,1.0,65.33333333333333,True,circle,173.0,0.48055555555555557,True,True,21.539614829037465,1457.5576415349074,669.0133333333334,43.07922965807502,43.07922965807484
r557_svd_normalised_tr050_tid1_010,r557,1,10,False,65,ellipse,260.17283950617286,100.87962962962959,11.999999999999973,1.9544100476116775,4.080180117247976,3.7446568773359212,-79.17557634952882,0.3971180413377339,1.0,12.0,False,ellipse,360.0,1.0,True,True,6.254112152357369,122.87999999999975,122.88000000000002,13.056576375193524,11.982902007474948
r557_svd_normalised_tr050_tid1_010,r557,1,10,False,66,ellipse,312.3484132751476,157.44057569922197,16.022886933318315,2.258371828570375,4.739696861286735,4.3042780712314865,-47.8461532161578,0.41868045944228516,1.0,16.11111111111111,False,ellipse,360.0,1.0,True,True,7.2267898514252,164.07436219717957,164.97777777777782,15.167029956117553,13.773689827940757
r557_svd_normalised_tr050_tid1_010,r557,1,10,False,67,circle,41.78862444698098,73.10927726412291,156.7238525844484,7.063055406723138,14.126110813446278,14.126110813446276,,1.4901161193847656e-08,1.0,156.55555555555554,False,circle,360.0,1.0,True,True,22.601777301514044,1604.852250464752,1603.1288888888892,45.203554603028095,45.20355460302809
r557_svd_normalised_tr050_tid1_010,r557,1,10,False,68,ellipse,331.2190476190476,101.70793650793651,11.666666666666607,1.9270742950936979,4.02195458455082,3.693343881182205,84.48247003519526,0.3958950356226811,1.0,11.666666666666666,False,ellipse,360.0,1.0,True,True,6.166637744299834,119.46666666666609,119.46666666666668,12.870254670562625,11.818700419783056
r557_svd_normalised_tr050_tid1_010,r557,1,10,False,69,ellipse,174.45776772247365,220.447209653092,49.111111111111256,3.9538022444398155,8.344556096351877,7.493533272535207,-77.96111707007134,0.43996563918133946,1.0,48.888888888888886,False,ellipse,360.0,1.0,True,True,12.65216718220741,502.89777777777937,500.62222222222226,26.702579508326007,23.979306472112665
r557_svd_normalised_tr050_tid1_010,r557,1,10,False,70,ellipse,249.651825726138,99.80661278386503,39.347901962825425,3.5390431186067675,7.391734222983657,6.777747044212473,-83.11827436373599,0.3990343511580261,1.0,39.55555555555556,False,ellipse,360.0,1.0,True,True,11.324937979541657,402.9225160993324,405.048888888889,23.653549513547702,21.688790541479918
r557_svd_normalised_tr050_tid1_010,r557,1,10,False,71,ellipse,2.1025641025641018,71.28021978021978,40.44444444444441,3.588017071848703,9.523656602607465,5.407110753805647,2.434409118900845,0.8231970684536052,1.0,40.55555555555556,True,ellipse,328.0,0.9111111111111111,True,True,11.481654629915852,414.1511111111108,415.288888888889,30.47570112834389,17.30275441217807
r557_svd_normalised_tr050_tid1_010,r557,1,10,False,72,circle,264.4895833333333,106.20833333333333,10.666666666666748,1.8426354638471294,3.6852709276942637,3.6852709276942544,,7.146345858741878e-08,1.0,10.222222222222221,False,circle,360.0,1.0,True,True,5.896433484310815,109.22666666666751,104.67555555555556,11.792866968621645,11.792866968621615
r557_svd_normalised_tr050_tid1_010,r557,1,10,False,73,circle,309.7111111111111,117.5138888888889,13.333333333333334,2.060129077457011,4.120258154914054,4.120258154913991,,1.7504900879369274e-07,1.0,13.444444444444445,False,circle,360.0,1.0,True,True,6.592413047862435,136.53333333333336,137.67111111111114,13.184826095724972,13.184826095724771
r557_svd_normalised_tr050_tid1_010,r557,1,10,False,74,ellipse,315.10591293047435,205.06172839506172,56.99999999999961,4.2595379458899,9.339158225863034,7.771005940227245,46.349926605786465,0.5546429186662811,1.0,57.111111111111114,False,ellipse,360.0,1.0,True,True,13.630521426847679,583.6799999999961,584.8177777777779,29.88530632276171,24.867219008727186
r557_svd_normalised_tr050_tid1_010,r557,1,10,False,75,circle,210.00682040588308,248.55747695631013,88.6965696591314,5.313472969075008,10.626945938150016,10.626945938150016,,0.0,1.0,53.666666666666664,True,circle,201.0,0.5583333333333333,True,True,17.003113501040026,908.2528733095057,549.5466666666667,34.00622700208005,34.00622700208005
r557_svd_normalised_tr050_tid1_010,r557,1,10,False,76,ellipse,275.01801801801804,99.34234234234233,12.333333333333263,1.9813687010751084,4.2333039772735255,3.709463767001681,-75.65108030161787,0.48184337613923434,1.0,12.666666666666666,False,ellipse,360.0,1.0,True,True,6.340379843440347,126.29333333333264,129.70666666666668,13.546572727275283,11.87028405440538
r557_svd_normalised_tr050_tid1_010,r557,1,10,False,77,ellipse,228.5484443402421,159.02977370838204,64.22998115008338,4.52161895668687,9.431973151055702,8.670524252788692,-26.059655471136352,0.3936289868732844,1.0,64.11111111111111,False,ellipse,360.0,1.0,True,True,14.469180661397985,657.7150069768539,656.497777777778,30.182314083378248,27.745677608923813
r557_svd_normalised_tr050_tid1_010,r557,1,10,False,78,circle,230.041466576455,95.78015568058828,13.540640023044656,2.076082749938216,4.152165499876446,4.152165499876418,,1.1733186057227569e-07,1.0,13.666666666666666,False,circle,360.0,1.0,True,True,6.643464799802292,138.6561538359773,139.9466666666667,13.286929599604628,13.286929599604537
r557_svd_normalised_tr050_tid1_010,r557,1,10,False,79,ellipse,350.7942386831276,108.31275720164612,18.000000000000124,2.3936536824086043,5.0487909986452815,4.539366317873458,-83.68493302928442,0.43774397133648074,1.0,17.77777777777778,False,ellipse,360.0,1.0,True,True,7.659691783707534,184.3200000000013,182.04444444444448,16.1561311956649,14.525972217195065
r557_svd_normalised_tr050_tid1_010,r557,1,10,False,80,ellipse,181.63268608414236,103.45145631067962,22.888888888888864,2.6992146296831687,5.643971666736257,5.163569236206876,34.647151263250464,0.40372088540624806,1.0,22.666666666666668,False,ellipse,360.0,1.0,True,True,8.63748681498614,234.38222222222203,232.1066666666667,18.060709333556023,16.523421555862004
r557_svd_normalised_tr050_tid1_010,r557,1,10,False,81,circle,226.59009319843744,102.45960553316687,14.211125821349581,2.126861970776974,4.2537239415539485,4.253723941553948,,2.1073424255447017e-08,1.0,14.11111111111111,False,circle,360.0,1.0,True,True,6.805958306486317,145.52192841061975,144.4977777777778,13.611916612972635,13.611916612972633
r557_svd_normalised_tr050_tid1_010,r557,1,10,False,82,ellipse,248.65994623655914,221.54032258064512,27.555555555555515,2.9616221488603163,6.899682481144731,5.0849909552155275,74.73308355022911,0.6759046008801728,1.0,27.88888888888889,False,ellipse,360.0,1.0,True,True,9.477190876353012,282.16888888888855,285.5822222222223,22.07898393966314,16.27197105668969
r557_svd_normalised_tr050_tid1_010,r557,1,10,False,83,circle,4.452841241944933,114.59109548916229,63.2222222222223,4.486006950489701,8.972013900979405,8.972013900979396,,4.470348358154297e-08,1.0,63.111111111111114,False,circle,360.0,1.0,True,True,14.355222241567043,647.3955555555565,646.257777777778,28.710444483134097,28.71044448313407
r557_svd_normalised_tr050_tid1_010,r557,1,10,False,84,ellipse,245.4485294117647,240.921568627451,15.111111111111116,2.193174880826514,4.631473130274173,4.15419968773836,26.6622155759828,0.4421320508119847,1.0,14.88888888888889,False,ellipse,360.0,1.0,True,True,7.0181596186448445,154.73777777777786,152.46222222222227,14.820714016877355,13.293439000762753
r557_svd_normalised_tr050_tid1_010,r557,1,10,False,85,ellipse,22.846321521642484,76.12860293885385,123.10539949965356,6.259845501555515,13.482521714404912,11.625619163358232,-80.4787884047899,0.5064431558488135,1.0,123.0,False,ellipse,360.0,1.0,True,True,20.03150560497765,1260.5992908764526,1259.5200000000002,43.144069486095724,37.20198132274634
r557_svd_normalised_tr050_tid1_010,r557,1,10,False,86,ellipse,57.04502649555924,139.54962273545783,74.38712534827651,4.866020694895293,10.097568089387803,9.379746566119895,-77.76482527568874,0.3703019404802029,1.0,74.66666666666667,False,ellipse,360.0,1.0,True,True,15.571266223664939,761.7241635663516,764.5866666666668,32.31221788604097,30.015189011583665
r557_svd_normalised_tr050_tid1_010,r557,1,10,False,87,circle,245.2537541422531,236.0009749976599,16.75298875089748,2.309251381408378,4.618502762816756,4.618502762816756,,0.0,1.0,16.666666666666668,False,circle,360.0,1.0,True,True,7.38960442050681,171.55060480919022,170.6666666666667,14.77920884101362,14.77920884101362
r557_svd_normalised_tr050_tid1_010,r557,1,10,False,88,circle,14.534621578099838,74.83091787439614,68.99999999999993,4.6865106579076015,9.373021315815208,9.373021315815196,,5.1619136559035694e-08,1.0,68.88888888888889,False,circle,360.0,1.0,True,True,14.996834105304325,706.5599999999994,705.4222222222223,29.993668210608668,29.99366821060863
r557_svd_normalised_tr050_tid1_010,r557,1,10,False,89,ellipse,203.17171128066246,243.8501445826534,39.38058042184327,3.540512402453711,7.596902140417647,6.600178778261535,-74.82333574598948,0.4951654287270446,1.0,39.333333333333336,False,ellipse,360.0,1.0,True,True,11.329639687851875,403.25714351967514,402.7733333333334,24.31008684933647,21.120572090436912
r557_svd_normalised_tr050_tid1_010,r557,1,10,False,90,circle,207.34603174603177,189.79999999999995,23.333333333333155,2.725294603822076,5.450589207644152,5.450589207644152,,0.0,1.0,23.333333333333332,False,circle,360.0,1.0,True,True,8.720942732230643,238.93333333333155,238.93333333333337,17.441885464461286,17.441885464461286
r557_svd_normalised_tr050_tid1_010,r557,1,10,False,91,circle,281.24888888888887,98.11111111111113,8.333333333333199,1.6286750396763865,3.257350079352805,3.2573500793527415,,1.97686242482388e-07,1.0,8.444444444444445,False,circle,360.0,1.0,True,True,5.211760126964437,85.33333333333198,86.47111111111113,10.423520253928977,10.423520253928773
r557_svd_normalised_tr050_tid1_010,r557,1,10,False,92,ellipse,190.7547169811321,94.33962264150941,17.666666666666693,2.3713866525545013,4.949096009764531,4.545051981063668,86.64927582936406,0.39574593804774416,1.0,17.444444444444443,False,ellipse,360.0,1.0,True,True,7.588437288174404,180.90666666666698,178.63111111111112,15.8371072312465,14.544166339403738
r557_svd_normalised_tr050_tid1_010,r557,1,10,False,93,ellipse,263.51370227649903,98.15576919176593,11.053221559139072,1.8757264449950528,4.046491418538766,3.477926265044986,-12.103007167842406,0.5111495036966469,1.0,11.11111111111111,False,ellipse,360.0,1.0,True,True,6.002324623984169,113.18498876558412,113.7777777777778,12.948772539324052,11.129364048143955
r557_svd_normalised_tr050_tid1_010,r557,1,10,False,94,circle,145.79674796747966,89.79674796747966,13.666666666666712,2.0857217242907757,4.1714434485815515,4.1714434485815515,,0.0,1.0,13.444444444444445,False,circle,360.0,1.0,True,True,6.6743095177304825,139.94666666666717,137.67111111111114,13.348619035460965,13.348619035460965
r557_svd_normalised_tr050_tid1_010,r557,1,10,False,95,ellipse,242.1017699115044,229.64454277286137,50.222222222222264,3.9982783594257936,9.180547375091983,6.965262172852713,3.9079654590753705,0.651442607091995,1.0,49.888888888888886,False,ellipse,360.0,1.0,True,True,12.79449075016254,514.2755555555561,510.8622222222223,29.377751600294346,22.288838953128682
r557_svd_normalised_tr050_tid1_010,r557,1,10,False,96,ellipse,215.40960451977404,167.75423728813564,13.11111111111122,2.0428892005003223,4.312334831078616,3.871124529054236,7.33764653716247,0.44063481980648006,1.0,13.333333333333334,False,ellipse,360.0,1.0,True,True,6.537245441601032,134.25777777777893,136.53333333333336,13.79947145945157,12.387598492973556
r557_svd_normalised_tr050_tid1_010,r557,1,10,False,97,circle,200.11978967698522,249.4825887239843,43.403750977062664,3.716966913150884,7.433933826301768,7.433933826301767,,1.4901161193847656e-08,1.0,21.666666666666668,True,circle,181.0,0.5027777777777778,True,True,11.89429412208283,444.45441000512176,221.86666666666673,23.78858824416566,23.788588244165656
r557_svd_normalised_tr050_tid1_010,r557,1,10,False,98,ellipse,212.8830963665087,213.93048973143758,23.44444444444447,2.731775694077631,5.711111390028026,5.226722389469418,79.44025655024524,0.40303444576785646,1.0,23.444444444444443,False,ellipse,360.0,1.0,True,True,8.74168222104842,240.07111111111143,240.07111111111115,18.275556448089684,16.725511646302138
r557_svd_normalised_tr050_tid1_010,r557,1,10,False,99,ellipse,195.484375,246.5112847222222,42.66666666666671,3.6852709276942472,8.775457297316107,6.1905477289084905,-83.12709637098578,0.7087708752010055,1.0,42.55555555555556,True,ellipse,327.0,0.9083333333333333,True,True,11.792866968621592,436.90666666666715,435.76888888888897,28.081463351411543,19.80975273250717
r557_svd_normalised_tr050_tid1_010,r557,1,10,False,100,ellipse,177.47347307259383,92.63874783026428,13.04592315150879,2.037804287344406,4.259132075951971,3.8999929933763067,-68.9996049321606,0.4019129704348874,1.0,12.88888888888889,False,ellipse,360.0,1.0,True,True,6.520973719502099,133.59025307145004,131.98222222222225,13.629222643046308,12.479977578804181
r557_svd_normalised_tr050_tid1_010,r557,1,10,False,101,ellipse,274.0689655172414,107.65900383141764,9.666666666666817,1.7541367011847617,3.670268073296899,3.3534286923945356,-54.03675677864567,0.40644769861692687,1.0,9.666666666666666,False,ellipse,360.0,1.0,True,True,5.613237443791238,98.98666666666823,98.98666666666668,11.744857834550077,10.730971815662514
r557_svd_normalised_tr050_tid1_010,r557,1,10,False,102,ellipse,202.3784860557769,243.523240371846,55.77777777777766,4.213622918110871,9.038469345166328,7.857356115512697,81.90657032175022,0.49424306575431515,1.0,55.888888888888886,False,ellipse,360.0,1.0,True,True,13.483593337954787,571.1644444444433,572.3022222222223,28.923101904532253,25.143539569640634
r557_svd_normalised_tr050_tid1_010,r557,1,10,False,103,ellipse,157.15,89.005,22.22222222222222,2.659615202676218,5.7328195919160185,4.935479243952515,-10.914830503566122,0.5087462041244228,1.0,22.0,False,ellipse,360.0,1.0,True,True,8.510768648563898,227.5555555555556,225.28000000000003,18.34502269413126,15.793533580648049
r557_svd_normalised_tr050_tid1_010,r557,1,10,False,104,circle,198.72705484411506,246.6870783316763,100.15862629772057,5.646368827587537,11.292737655175074,11.292737655175074,,0.0,1.0,80.33333333333333,True,circle,239.0,0.6638888888888889,True,True,18.068380248280118,1025.6243332886588,822.6133333333335,36.136760496560235,36.136760496560235
r557_svd_normalised_tr050_tid1_010,r557,1,10,False,105,ellipse,162.492039233658,92.23930742519687,12.666880952829343,2.007982428807268,4.201848588003356,3.8383043557642007,-86.49258556975829,0.40688378775452927,1.0,12.777777777777779,False,ellipse,360.0,1.0,True,True,6.425543772183258,129.7088609569725,130.8444444444445,13.44591548161074,12.282573938445443
r557_svd_normalised_tr050_tid1_010,r557,1,10,False,106,ellipse,1.8163934426229509,74.71803278688525,33.88888888888887,3.2843824937295816,9.398748135435786,4.590895812793129,-9.265174322195662,0.8725872818061214,1.0,34.111111111111114,True,ellipse,332.0,0.9222222222222223,True,True,10.510023979934662,347.0222222222221,349.29777777777787,30.07599403339452,14.690866600938016
r557_svd_normalised_tr050_tid1_010,r557,1,10,False,107,circle,186.13891483400587,137.0034159750814,14.290609808669005,2.1328015335924704,4.265603067184941,4.265603067184941,,0.0,1.0,14.222222222222221,False,circle,360.0,1.0,True,True,6.824964907495906,146.33584444077064,145.63555555555558,13.649929814991811,13.649929814991811
r557_svd_normalised_tr050_tid1_010,r557,1,10,False,108,circle,237.9535539958716,98.81253808707226,17.15238415260728,2.336615810824937,4.673231621649884,4.673231621649864,,9.18569267238524e-08,1.0,17.11111111111111,False,circle,360.0,1.0,True,True,7.477170594639799,175.64041372269858,175.2177777777778,14.95434118927963,14.954341189279567
r557_svd_normalised_tr050_tid1_010,r557,1,10,False,109,ellipse,190.14930555555557,110.23958333333333,10.666666666666647,1.8426354638471207,3.8379935639398903,3.538625478195586,-41.27513918415693,0.3871927223353271,1.0,10.444444444444445,False,ellipse,360.0,1.0,True,True,5.896433484310787,109.22666666666647,106.95111111111113,12.28157940460765,11.323601530225876
r557_svd_normalised_tr050_tid2_010,r557,2,10,False,0,circle,226.55011805108393,181.50912212921224,517.6666666666665,12.83660460354719,25.67320920709438,25.67320920709438,,0.0,1.0,517.3333333333334,False,circle,360.0,1.0,True,True,41.07713473135101,5300.906666666666,5297.493333333335,82.15426946270202,82.15426946270202
r557_svd_normalised_tr050_tid2_010,r557,2,10,False,1,circle,283.3869024230517,211.78074656188605,282.7777777777788,9.487410724731486,18.974821449462997,18.974821449462947,,7.300048299977713e-08,1.0,282.6666666666667,False,circle,360.0,1.0,True,True,30.359714319140757,2895.6444444444555,2894.5066666666676,60.71942863828159,60.719428638281435
r557_svd_normalised_tr050_tid2_010,r557,2,10,False,2,circle,217.8168717108714,233.21427844444028,524.2720233296442,12.918241678936212,25.836483357872424,25.836483357872424,,0.0,1.0,524.3333333333334,False,circle,360.0,1.0,True,True,41.33837337259588,5368.5455188955575,5369.173333333335,82.67674674519176,82.67674674519176
r557_svd_normalised_tr050_tid2_010,r557,2,10,False,3,circle,247.49835109069906,212.70579446981154,111.69677564929393,5.962733261183427,11.925466522366856,11.925466522366854,,1.4901161193847656e-08,1.0,111.33333333333333,False,circle,360.0,1.0,True,True,19.080746435786967,1143.77498264877,1140.0533333333335,38.16149287157394,38.161492871573934
r557_svd_normalised_tr050_tid2_010,r557,2,10,False,4,circle,244.55219298245618,227.29429824561407,168.88888888888886,7.33205312309786,14.66410624619572,14.66410624619572,,0.0,1.0,168.77777777777777,False,circle,360.0,1.0,True,True,23.462569993913153,1729.4222222222222,1728.2844444444447,46.925139987826306,46.925139987826306
r557_svd_normalised_tr050_tid2_010,r557,2,10,False,5,circle,189.0342938180881,189.00367433765228,574.5555555555542,13.523561420541302,27.047122841082604,27.047122841082604,,0.0,1.0,575.2222222222222,False,circle,360.0,1.0,True,True,43.27539654573217,5883.448888888876,5890.275555555556,86.55079309146434,86.55079309146434
r557_svd_normalised_tr050_tid2_010,r557,2,10,False,6,circle,175.35290918977708,209.33605220228384,68.11111111111123,4.656225942287309,9.312451884574617,9.312451884574617,,0.0,1.0,67.55555555555556,False,circle,360.0,1.0,True,True,14.899923015319388,697.4577777777791,691.768888888889,29.799846030638776,29.799846030638776
r557_svd_normalised_tr050_tid2_010,r557,2,10,False,7,ellipse,250.79534571344925,198.2418811597678,621.3122868110054,14.06306663922922,30.343649172598795,26.070673592943304,4.332169616726588,0.511672511873256,1.0,620.7777777777778,False,ellipse,360.0,1.0,True,True,45.001813245533505,6362.2378169446965,6356.764444444446,97.09967735231615,83.42615549741858
r557_svd_normalised_tr050_tid2_010,r557,2,10,False,8,circle,223.7684294871795,217.50343406593407,323.5555555555563,10.14844481006929,20.29688962013858,20.29688962013858,,0.0,1.0,322.77777777777777,False,circle,360.0,1.0,True,True,32.47502339222173,3313.208888888897,3305.244444444445,64.95004678444346,64.95004678444346
r557_svd_normalised_tr050_tid2_010,r557,2,10,False,9,circle,292.54103064764206,216.53229854069903,399.3094241652973,11.274047070957739,22.54809414191549,22.548094141915463,,4.9421560620597e-08,1.0,399.6666666666667,False,circle,360.0,1.0,True,True,36.07695062706477,4088.928503452645,4092.5866666666675,72.15390125412958,72.15390125412948
r557_svd_normalised_tr050_tid2_010,r557,2,10,False,10,circle,259.27284263959393,228.50761421319794,87.5555555555554,5.279185441301281,10.55837088260258,10.558370882602544,,8.161702118890973e-08,1.0,88.0,False,circle,360.0,1.0,True,True,16.893393412164098,896.5688888888875,901.1200000000001,33.78678682432825,33.78678682432814
r557_svd_normalised_tr050_tid2_010,r557,2,10,False,11,circle,199.20973258706468,212.0038868159204,714.6666666666663,15.08262130155152,30.16524260310304,30.16524260310304,,0.0,1.0,714.6666666666666,False,circle,360.0,1.0,True,True,48.26438816496486,7318.186666666664,7318.186666666667,96.52877632992973,96.52877632992973
r557_svd_normalised_tr050_tid2_010,r557,2,10,False,12,circle,189.81881480605247,242.0261555133925,75.85588941656768,4.913825345548809,9.827650691097618,9.827650691097617,,2.1073424255447017e-08,1.0,75.88888888888889,False,circle,360.0,1.0,True,True,15.72424110575619,776.7643076256531,777.1022222222224,31.44848221151238,31.448482211512374
r557_svd_normalised_tr050_tid2_010,r557,2,10,False,13,circle,316.2810485971077,172.80700538603352,120.79525557925791,6.200832529183117,12.401665058366234,12.401665058366234,,0.0,1.0,120.66666666666667,False,circle,360.0,1.0,True,True,19.842664093385977,1236.9434171316013,1235.626666666667,39.685328186771955,39.685328186771955
r557_svd_normalised_tr050_tid2_010,r557,2,10,False,14,circle,233.24759707804694,178.31641676278355,96.33333333333375,5.537495134899771,11.074990269799542,11.074990269799542,,0.0,1.0,96.44444444444444,False,circle,360.0,1.0,True,True,17.71998443167927,986.4533333333378,987.5911111111113,35.43996886335854,35.43996886335854
r557_svd_normalised_tr050_tid2_010,r557,2,10,False,15,circle,299.2097345970602,241.18910857739615,345.32774504107414,10.484332845733647,20.968665691467322,20.968665691467265,,7.300048299977713e-08,1.0,326.22222222222223,True,circle,285.0,0.7916666666666666,True,True,33.549865106347674,3536.1561092206,3340.515555555556,67.09973021269543,67.09973021269525
r557_svd_normalised_tr050_tid2_010,r557,2,10,False,16,circle,260.81439779299717,208.1911858143342,307.7478095578707,9.897432507154404,19.794865014308822,19.794865014308794,,5.3726900748371916e-08,1.0,307.6666666666667,False,circle,360.0,1.0,True,True,31.671784022894094,3151.3375698725968,3150.5066666666676,63.34356804578823,63.343568045788146
r557_svd_normalised_tr050_tid2_010,r557,2,10,False,17,circle,319.1217548353649,233.30498909008446,503.25509791955915,12.656661208240795,25.313322416481608,25.31332241648157,,5.5755039852469285e-08,1.0,503.22222222222223,False,circle,360.0,1.0,True,True,40.50131586637055,5153.332202696287,5152.995555555557,81.00263173274115,81.00263173274102
r557_svd_normalised_tr050_tid2_010,r557,2,10,False,18,circle,233.12186379928318,143.8978494623656,82.66666666666615,5.129680034647372,10.259360069294745,10.259360069294743,,2.1073424255447017e-08,1.0,82.66666666666667,False,circle,360.0,1.0,True,True,16.41497611087159,846.5066666666615,846.5066666666669,32.829952221743184,32.82995222174318
r557_svd_normalised_tr050_tid2_010,r557,2,10,False,19,circle,191.08126721763085,177.82047750229566,80.66666666666708,5.0672475255796,10.1344950511592,10.1344950511592,,0.0,1.0,80.44444444444444,False,circle,360.0,1.0,True,True,16.21519208185472,826.0266666666711,823.7511111111113,32.43038416370944,32.43038416370944
r557_svd_normalised_tr050_tid2_010,r557,2,10,False,20,circle,273.2222984414685,224.73343713592595,144.64929408776635,6.7855213755202755,13.57104275104058,13.571042751040522,,9.18569267238524e-08,1.0,144.77777777777777,False,circle,360.0,1.0,True,True,21.713668401664883,1481.2087714587278,1482.5244444444447,43.42733680332986,43.42733680332967
r557_svd_normalised_tr050_tid2_010,r557,2,10,False,21,circle,310.89105849405416,204.3401579180017,242.9407240591617,8.793772468325495,17.587544936651028,17.58754493665095,,9.424321830774485e-08,1.0,243.22222222222223,False,circle,360.0,1.0,True,True,28.140071898641583,2487.7130143658164,2490.595555555556,56.280143797283294,56.280143797283046
r557_svd_normalised_tr050_tid2_010,r557,2,10,False,22,circle,183.39972899728997,205.55013550135502,81.99999999999987,5.108953969950287,10.217907939900574,10.217907939900574,,0.0,1.0,82.11111111111111,False,circle,360.0,1.0,True,True,16.34865270384092,839.6799999999988,840.817777777778,32.69730540768184,32.69730540768184
r557_svd_normalised_tr050_tid2_010,r557,2,10,False,23,ellipse,279.33772753588954,233.41289767053934,89.6424626227164,5.341730251020877,11.147804627400738,10.238457894942377,-25.233939244411687,0.39558776709704896,1.0,89.66666666666667,False,ellipse,360.0,1.0,True,True,17.093536803266808,917.9388172566161,918.1866666666668,35.672974807682365,32.763065263815605
r557_svd_normalised_tr050_tid2_010,r557,2,10,False,24,circle,312.4804364183597,188.67644845748686,98.44444444444396,5.597842433164537,11.195684866329099,11.19568486632905,,9.424321830774485e-08,1.0,98.77777777777777,False,circle,360.0,1.0,True,True,17.91309578612652,1008.0711111111063,1011.4844444444445,35.826191572253116,35.82619157225296
r557_svd_normalised_tr050_tid2_010,r557,2,10,False,25,circle,171.80880248674657,231.28160468269243,176.82981303337885,7.50244477890746,15.00488955781492,15.00488955781492,,0.0,1.0,177.0,False,circle,360.0,1.0,True,True,24.007823292503872,1810.7372854617997,1812.4800000000002,48.015646585007744,48.015646585007744
r557_svd_normalised_tr050_tid2_010,r557,2,10,False,26,circle,298.21627800640147,226.23502514860542,81.0,5.077706251929807,10.15541250385964,10.155412503859585,,1.043081283569336e-07,1.0,80.88888888888889,False,circle,360.0,1.0,True,True,16.24866000617538,829.4400000000002,828.3022222222223,32.49732001235085,32.49732001235068
r557_svd_normalised_tr050_tid2_010,r557,2,10,False,27,circle,57.29928650793569,139.86277291473075,91.27694464434163,5.390209073954789,10.78041814790959,10.780418147909568,,6.322027276634104e-08,1.0,91.55555555555556,False,circle,360.0,1.0,True,True,17.248669036655325,934.6759131580584,937.5288888888891,34.49733807331069,34.49733807331062
r557_svd_normalised_tr050_tid2_010,r557,2,10,False,28,circle,221.55507403394722,167.82990249187432,102.55555555555571,5.713531938862718,11.427063877725436,11.427063877725434,,1.4901161193847656e-08,1.0,102.66666666666667,False,circle,360.0,1.0,True,True,18.283302204360698,1050.1688888888907,1051.3066666666668,36.566604408721396,36.56660440872139
r557_svd_normalised_tr050_tid2_010,r557,2,10,False,29,ellipse,183.80712242514159,221.0398173634627,415.8574074865226,11.50528244093648,23.956877438972715,22.101632298770475,-51.18474025869861,0.3858561095830756,1.0,416.77777777777777,False,ellipse,360.0,1.0,True,True,36.816903810996735,4258.379852661992,4267.804444444445,76.66200780471269,70.72522335606553
r557_svd_normalised_tr050_tid2_010,r557,2,10,False,30,circle,211.05843008180065,178.1730003241962,44.06306777815146,3.745091466088919,7.490182932177838,7.490182932177837,,1.4901161193847656e-08,1.0,44.111111111111114,False,circle,360.0,1.0,True,True,11.98429269148454,451.20581404827107,451.6977777777779,23.96858538296908,23.96858538296908
r557_svd_normalised_tr050_tid2_010,r557,2,10,False,31,circle,230.1287106276909,200.46000453206437,163.4444444444448,7.212903888759652,14.425807777519305,14.425807777519305,,0.0,1.0,163.22222222222223,False,circle,360.0,1.0,True,True,23.08129244403089,1673.6711111111151,1671.395555555556,46.16258488806178,46.16258488806178
r557_svd_normalised_tr050_tid2_010,r557,2,10,False,32,circle,283.9340659340659,238.01373626373623,40.44444444444438,3.5880170718487023,7.176034143697405,7.176034143697405,,0.0,1.0,40.333333333333336,False,circle,360.0,1.0,True,True,11.481654629915848,414.15111111111054,413.01333333333343,22.963309259831696,22.963309259831696
r557_svd_normalised_tr050_tid2_010,r557,2,10,False,33,ellipse,292.5580029368576,199.3238934340256,353.1111111111117,10.601828030486528,22.64812533364698,19.851313242429942,46.65260152270716,0.481383257026484,1.0,353.0,False,ellipse,360.0,1.0,True,True,33.92584969755689,3615.8577777777846,3614.7200000000007,72.47400106767034,63.524202375775815
r557_svd_normalised_tr050_tid2_010,r557,2,10,False,34,circle,182.1117068811439,218.68990169794458,41.44444444444449,3.632103577000739,7.264207154001478,7.264207154001478,,0.0,1.0,41.111111111111114,False,circle,360.0,1.0,True,True,11.622731446402366,424.3911111111117,420.9777777777779,23.24546289280473,23.24546289280473
r557_svd_normalised_tr050_tid2_010,r557,2,10,False,35,circle,278.2646110114814,220.21331019985152,112.91323990410811,5.995114723049069,11.990229446098137,11.990229446098136,,1.4901161193847656e-08,1.0,113.0,False,circle,360.0,1.0,True,True,19.18436711375702,1156.2315766180673,1157.1200000000001,38.36873422751404,38.36873422751403
r557_svd_normalised_tr050_tid2_010,r557,2,10,False,36,ellipse,266.263823064771,220.5781990521327,23.444444444444485,2.731775694077632,5.818809128844033,5.129983319618426,8.348119808844615,0.47195838418481356,1.0,23.666666666666668,False,ellipse,360.0,1.0,True,True,8.741682221048423,240.07111111111158,242.34666666666672,18.620189212300907,16.415946622778964
r557_svd_normalised_tr050_tid2_010,r557,2,10,False,37,circle,175.26317974263182,181.45703611457037,89.22222222222189,5.329194629643426,10.658389259286851,10.658389259286851,,0.0,1.0,89.33333333333333,False,circle,360.0,1.0,True,True,17.053422814858962,913.6355555555523,914.7733333333334,34.106845629717924,34.106845629717924
r557_svd_normalised_tr050_tid2_010,r557,2,10,False,38,circle,206.3853581295112,193.932322480548,595.913698961951,13.772625809624698,27.545251619249395,27.545251619249395,,0.0,1.0,596.2222222222222,False,circle,360.0,1.0,True,True,44.07240259079904,6102.15627737038,6105.315555555556,88.14480518159807,88.14480518159807
r557_svd_normalised_tr050_tid2_010,r557,2,10,False,39,ellipse,221.7928244816669,186.44003849275654,257.2314802431121,9.04871942316,18.87442032136841,17.352442470802558,-48.180270407529804,0.3934104637596223,1.0,256.77777777777777,False,ellipse,360.0,1.0,True,True,28.955902154112,2634.0503576894685,2629.404444444445,60.39814502837892,55.527815906568186
r557_svd_normalised_tr050_tid2_010,r557,2,10,False,40,circle,159.4238943339674,105.56694088152487,12.690372308729062,2.009843517595705,4.019687035191424,4.019687035191396,,1.1920928955078125e-07,1.0,12.88888888888889,False,circle,360.0,1.0,True,True,6.431499256306257,129.94941244138562,131.98222222222225,12.862998512612558,12.862998512612467
r557_svd_normalised_tr050_tid2_010,r557,2,10,False,41,circle,219.101246105919,232.50077881619933,47.55555555555521,3.8906816210396493,7.781363242079299,7.781363242079299,,0.0,1.0,47.55555555555556,False,circle,360.0,1.0,True,True,12.450181187326878,486.96888888888543,486.968888888889,24.900362374653756,24.900362374653756
r557_svd_normalised_tr050_tid2_010,r557,2,10,False,42,circle,159.0542772861357,128.2784660766962,125.55555555555581,6.321833167573436,12.643666335146879,12.643666335146865,,4.712160915387242e-08,1.0,125.44444444444444,False,circle,360.0,1.0,True,True,20.229866136234996,1285.6888888888918,1284.5511111111114,40.45973227247001,40.45973227246997
r557_svd_normalised_tr050_tid2_010,r557,2,10,False,43,circle,260.0670057642684,146.87427427751928,41.099299407819124,3.6169480666352456,7.233896133270491,7.233896133270491,,0.0,1.0,41.333333333333336,False,circle,360.0,1.0,True,True,11.574233813232787,420.85682593606793,423.25333333333344,23.148467626465575,23.148467626465575
r557_svd_normalised_tr050_tid2_010,r557,2,10,False,44,circle,350.464434096711,145.10190798496805,24.522040422756433,2.7938518027916075,5.587703605583215,5.587703605583215,,0.0,1.0,24.11111111111111,False,circle,360.0,1.0,True,True,8.940325768933144,251.10569392902593,246.89777777777783,17.88065153786629,17.88065153786629
r557_svd_normalised_tr050_tid2_010,r557,2,10,False,45,circle,259.68402777777777,100.93055555555554,10.666666666666595,1.8426354638471163,3.685270927694264,3.685270927694201,,1.8491854736195292e-07,1.0,10.666666666666666,False,circle,360.0,1.0,True,True,5.896433484310773,109.22666666666595,109.22666666666669,11.792866968621645,11.792866968621444
r557_svd_normalised_tr050_tid2_010,r557,2,10,False,46,circle,161.53652968036528,100.31278538812786,16.22222222222222,2.272376225276905,4.544752450553828,4.544752450553792,,1.2467205919833117e-07,1.0,16.11111111111111,False,circle,360.0,1.0,True,True,7.271603920886097,166.11555555555557,164.97777777777782,14.54320784177225,14.543207841772137
r557_svd_normalised_tr050_tid2_010,r557,2,10,False,47,ellipse,240.1983218916857,241.8161708619374,48.55555555555573,3.9313755051482513,8.219960895571392,7.521064179663741,-56.60600941448888,0.40350902595123334,1.0,48.666666666666664,False,ellipse,360.0,1.0,True,True,12.580401616474404,497.2088888888907,498.34666666666675,26.303874865828455,24.067405374923972
r557_svd_normalised_tr050_tid2_010,r557,2,10,False,48,ellipse,303.8848484848485,100.23434343434344,18.33333333333325,2.4157154730437114,5.1683114550388485,4.516508958463254,-87.09806107368524,0.48613301704060197,1.0,18.444444444444443,False,ellipse,360.0,1.0,True,True,7.730289513739876,187.73333333333252,188.87111111111113,16.538596656124316,14.452828667082413
r557_svd_normalised_tr050_tid2_010,r557,2,10,False,49,circle,311.07522166428043,208.14860283687995,24.738285094905788,2.8061433878085467,5.612286775617122,5.612286775617065,,1.4214801809444213e-07,1.0,24.555555555555557,False,circle,360.0,1.0,True,True,8.97965884098735,253.32003937183532,251.44888888888894,17.95931768197479,17.959317681974607
r557_svd_normalised_tr050_tid2_010,r557,2,10,False,50,ellipse,306.5690747782002,128.62737642585552,29.222222222222115,3.0498724939893735,6.358856267394489,5.851191999597939,85.44287124515483,0.3915326466310163,1.0,28.88888888888889,False,ellipse,360.0,1.0,True,True,9.759591980765997,299.2355555555545,295.8222222222223,20.348340055662366,18.723814398713404
r557_svd_normalised_tr050_tid2_010,r557,2,10,False,51,ellipse,304.68558225928086,222.4362939307561,80.19438686811702,5.052392122209954,10.537207379376227,9.690106775930348,23.835171968054482,0.3928358170941579,1.0,80.11111111111111,False,ellipse,360.0,1.0,True,True,16.167654791071854,821.1905215295185,820.337777777778,33.71906361400393,31.008341682977115
r557_svd_normalised_tr050_tid2_010,r557,2,10,False,52,circle,290.531660692951,103.46117084826761,30.99999999999993,3.1412746571571053,6.282549314314242,6.282549314314179,,1.4136482746161726e-07,1.0,30.77777777777778,False,circle,360.0,1.0,True,True,10.052078902902737,317.4399999999993,315.16444444444454,20.104157805805574,20.10415780580537
r557_svd_normalised_tr050_tid2_010,r557,2,10,False,53,circle,178.63863947752338,241.0603499280695,40.84399405419604,3.605696479001326,7.211392958002653,7.211392958002652,,1.4901161193847656e-08,1.0,40.55555555555556,False,circle,360.0,1.0,True,True,11.538228732804244,418.24249911496753,415.288888888889,23.07645746560849,23.076457465608488
r557_svd_normalised_tr050_tid2_010,r557,2,10,False,54,circle,343.65800865800867,113.86147186147187,34.222222222222044,3.3004956689127605,6.600991337825538,6.600991337825505,,9.996002811937585e-08,1.0,34.22222222222222,False,circle,360.0,1.0,True,True,10.561586140520834,350.4355555555538,350.4355555555556,21.12317228104172,21.12317228104162
r557_svd_normalised_tr050_tid2_010,r557,2,10,False,55,ellipse,314.81662781662783,205.09090909090912,47.66666666666637,3.8952241580462683,8.350928983073702,7.267584850586366,47.73714679877173,0.49257036636930107,1.0,47.77777777777778,False,ellipse,360.0,1.0,True,True,12.46471730574806,488.1066666666637,489.2444444444445,26.722972745835847,23.25627152187637
r557_svd_normalised_tr050_tid2_010,r557,2,10,False,56,circle,264.4485294117647,106.171568627451,15.111111111111047,2.193174880826509,4.386349761653022,4.3863497616530145,,5.7711949142924205e-08,1.0,15.11111111111111,False,circle,360.0,1.0,True,True,7.018159618644829,154.73777777777715,154.7377777777778,14.03631923728967,14.036319237289646
r557_svd_normalised_tr050_tid2_010,r557,2,10,False,57,circle,147.1169590643275,114.38011695906431,19.000000000000018,2.4592453796829683,4.918490759365957,4.918490759365917,,1.2731557704981462e-07,1.0,19.0,False,circle,360.0,1.0,True,True,7.869585214985499,194.56000000000023,194.56000000000003,15.739170429971063,15.739170429970935
r557_svd_normalised_tr050_tid2_010,r557,2,10,False,58,circle,226.04894175457028,244.9534978581018,414.05789608924437,11.480362441041102,22.960724882082218,22.96072488208219,,4.9421560620597e-08,1.0,308.77777777777777,True,circle,227.0,0.6305555555555555,True,True,36.73715981133153,4239.952855953863,3161.884444444445,73.4743196226631,73.474319622663
r557_svd_normalised_tr050_tid2_010,r557,2,10,False,59,ellipse,249.53270511356763,99.96422207622882,45.7956265043581,3.8180100393159804,8.118747159401606,7.1819951399457205,-82.51203559901734,0.46631517953465407,1.0,45.666666666666664,False,ellipse,360.0,1.0,True,True,12.217632125811138,468.947215404627,467.6266666666667,25.97999091008514,22.982384447826306
r557_svd_normalised_tr050_tid2_010,r557,2,10,False,60,circle,271.1564245810056,104.13780260707634,19.888888888888705,2.516114059128525,5.032228118257082,5.032228118257017,,1.6049041769309353e-07,1.0,19.666666666666668,False,circle,360.0,1.0,True,True,8.05156498921128,203.66222222222038,201.3866666666667,16.103129978422665,16.103129978422455
r557_svd_normalised_tr050_tid2_010,r557,2,10,False,61,ellipse,310.129667562062,117.89944538672773,15.158277563217878,2.196595002700814,4.583408341839882,4.210866015881375,-2.3496398475006686,0.3949110311815342,1.0,15.0,False,ellipse,360.0,1.0,True,True,7.029104008642605,155.2207622473511,153.60000000000002,14.666906693887624,13.4747712508204
r557_svd_normalised_tr050_tid2_010,r557,2,10,False,62,circle,330.73484848484844,101.88636363636363,9.77777777777792,1.764189142800422,3.5283782856008576,3.52837828560083,,1.2467205919833117e-07,1.0,9.666666666666666,False,circle,360.0,1.0,True,True,5.64540525696135,100.12444444444593,98.98666666666668,11.290810513922745,11.290810513922658
r557_svd_normalised_tr050_tid2_010,r557,2,10,False,63,circle,312.17212829714276,249.88877200417056,124.5088920606604,6.295427806011176,12.59085561202238,12.590855612022324,,9.541398640621973e-08,1.0,58.0,True,circle,173.0,0.48055555555555557,True,True,20.145368979235766,1274.9710547011628,593.9200000000001,40.290737958471624,40.29073795847144
r557_svd_normalised_tr050_tid2_010,r557,2,10,False,64,ellipse,212.9672284644195,239.41385767790266,39.555555555555515,3.5483692573949353,7.371770002121242,6.831968107090927,-70.06662559469669,0.37561830937720375,1.0,39.44444444444444,False,ellipse,360.0,1.0,True,True,11.354781623663794,405.04888888888854,403.91111111111115,23.589664006787974,21.86229794269097
r557_svd_normalised_tr050_tid2_010,r557,2,10,False,65,ellipse,220.7827380952381,201.25892857142858,12.444444444444509,1.990273773813954,4.194228989885943,3.777752434865849,78.9721697889932,0.4344364743642828,1.0,12.222222222222221,False,ellipse,360.0,1.0,True,True,6.3688760762046535,127.43111111111179,125.15555555555557,13.421532767635018,12.088807791570717
r557_svd_normalised_tr050_tid2_010,r557,2,10,False,66,ellipse,41.605333943788864,72.5973319264714,118.36283033641641,6.138082685397456,13.387101933696686,11.257420534893097,-71.51607092882881,0.5411665595107122,1.0,118.44444444444444,False,ellipse,360.0,1.0,True,True,19.641864593271862,1212.0353826449043,1212.8711111111113,42.838726187829394,36.02374571165791
r557_svd_normalised_tr050_tid2_010,r557,2,10,False,67,circle,209.85768163655587,248.76371688370088,101.37787999442389,5.6806321340656325,11.361264268131265,11.361264268131265,,0.0,1.0,59.111111111111114,True,circle,195.0,0.5416666666666666,True,True,18.178022829010025,1038.1094911429009,605.2977777777779,36.35604565802005,36.35604565802005
r557_svd_normalised_tr050_tid2_010,r557,2,10,False,68,ellipse,350.83072916666674,108.6875,14.222222222222268,2.1276921621409777,4.46072732892972,4.059493982047405,-89.0996611384744,0.41449402178110584,1.0,14.555555555555555,False,ellipse,360.0,1.0,True,True,6.808614918851129,145.63555555555604,149.0488888888889,14.274327452575106,12.990380742551697
r557_svd_normalised_tr050_tid2_010,r557,2,10,False,69,circle,174.25843881856542,221.29641350210971,35.11111111111101,3.343084471197845,6.68616894239569,6.68616894239569,,0.0,1.0,34.888888888888886,False,circle,360.0,1.0,True,True,10.697870307833105,359.5377777777768,357.26222222222225,21.39574061566621,21.39574061566621
r557_svd_normalised_tr050_tid2_010,r557,2,10,False,70,ellipse,275.215873015873,99.65396825396826,11.66666666666653,1.9270742950936914,4.026938691773593,3.688772661373945,-73.45021448575937,0.4011233633631407,1.0,11.777777777777779,False,ellipse,360.0,1.0,True,True,6.166637744299813,119.46666666666529,120.60444444444448,12.8862038136755,11.804072516396625
r557_svd_normalised_tr050_tid2_010,r557,2,10,False,71,ellipse,202.9150547946315,243.84211581392123,41.09726876752879,3.6168587121778404,7.561776040545317,6.919891239155695,-60.68472186452436,0.40319396065891333,1.0,41.44444444444444,False,ellipse,360.0,1.0,True,True,11.57394787896909,420.83603217949485,424.3911111111112,24.19768332974502,22.143651965298226
r557_svd_normalised_tr050_tid2_010,r557,2,10,False,72,ellipse,229.8585774558792,95.77196903779213,14.829316347070122,2.1726292823717803,4.509160619987461,4.187314133540395,-73.85464578273093,0.3710225457029286,1.0,14.777777777777779,False,ellipse,360.0,1.0,True,True,6.952413703589698,151.8521993939981,151.32444444444448,14.429313983959876,13.399405227329266
r557_svd_normalised_tr050_tid2_010,r557,2,10,False,73,ellipse,200.27949688524188,245.795366338148,132.68041699376334,6.498729755275464,13.547207382282277,12.4700204965749,-27.56146213156927,0.3907745395696869,1.0,110.44444444444444,True,ellipse,248.0,0.6888888888888889,True,True,20.79593521688149,1358.6474700161368,1130.9511111111112,43.35106362330329,39.90406558903968
r557_svd_normalised_tr050_tid2_010,r557,2,10,False,74,ellipse,225.54198473282443,97.2239185750636,14.555555555555635,2.1524816450392223,4.518496005446357,4.101521591827164,-4.74511879263946,0.41958009488244585,1.0,14.555555555555555,False,ellipse,360.0,1.0,True,True,6.887941264125512,149.04888888888973,149.0488888888889,14.459187217428344,13.124869093846925
r557_svd_normalised_tr050_tid2_010,r557,2,10,False,75,ellipse,281.4519230769231,98.53205128205128,11.555555555555529,1.9178757972505285,3.9806827610029583,3.696097171785267,-76.18033000756344,0.3713115253825059,1.0,11.555555555555555,False,ellipse,360.0,1.0,True,True,6.137202551201692,118.32888888888864,118.32888888888891,12.738184835209466,11.827510949712854
r557_svd_normalised_tr050_tid2_010,r557,2,10,False,76,ellipse,233.28960521102346,202.46319597375052,17.71035665621438,2.3743170831870666,4.94603630804195,4.559110576966776,10.230315324355075,0.38773581819803943,1.0,17.444444444444443,False,ellipse,360.0,1.0,True,True,7.597814666198613,181.35405215963527,178.63111111111112,15.82731618573424,14.589153846293684
r557_svd_normalised_tr050_tid2_010,r557,2,10,False,77,circle,67.85280151946819,8.552706552706553,39.00000000000001,3.5233628199729643,7.046725639945929,7.046725639945929,,0.0,1.0,38.77777777777778,False,circle,360.0,1.0,True,True,11.274761023913486,399.3600000000001,397.08444444444456,22.549522047826972,22.549522047826972
r557_svd_normalised_tr050_tid2_010,r557,2,10,False,78,circle,190.76626016260164,95.0,18.22222222222215,2.408383997947851,4.816767995895702,4.8167679958957015,,2.1073424255447017e-08,1.0,18.22222222222222,False,circle,360.0,1.0,True,True,7.706828793433124,186.59555555555485,186.5955555555556,15.413657586866249,15.413657586866245
r557_svd_normalised_tr050_tid2_010,r557,2,10,False,79,ellipse,248.47724477244776,220.87822878228783,30.111111111111338,3.0959109080600697,7.128276554378355,5.37839085087584,75.73535903541494,0.6562829192238923,1.0,30.11111111111111,False,ellipse,360.0,1.0,True,True,9.906914905792224,308.33777777778016,308.33777777777783,22.810484974010738,17.210850722802686
r557_svd_normalised_tr050_tid2_010,r557,2,10,False,80,circle,228.0307443365696,160.30582524271844,45.777777777778006,3.8172659370538202,7.634531874107641,7.63453187410764,,2.1073424255447017e-08,1.0,46.111111111111114,False,circle,360.0,1.0,True,True,12.215250998572225,468.7644444444469,472.1777777777779,24.430501997144454,24.430501997144447
r557_svd_normalised_tr050_tid2_010,r557,2,10,False,81,circle,182.11172370736406,104.60882041197905,11.57663854922515,1.9196245724085585,3.8392491448171313,3.839249144817103,,1.219712610821791e-07,1.0,11.444444444444445,False,circle,360.0,1.0,True,True,6.142798631707388,118.54477874406555,117.19111111111114,12.285597263414822,12.28559726341473
r557_svd_normalised_tr050_tid2_010,r557,2,10,False,82,ellipse,312.1733676039615,157.40420326661277,19.390630318399086,2.4843971763149257,5.171702743038863,4.7738469408277,-6.400868170243598,0.38463047297056907,1.0,19.22222222222222,False,ellipse,360.0,1.0,True,True,7.950070964207763,198.5600544604067,196.83555555555557,16.54944877772436,15.27631021064864
r557_svd_normalised_tr050_tid2_010,r557,2,10,False,83,ellipse,274.09696969696967,107.59696969696972,12.222222222222355,1.9724234242344099,4.250873120476669,3.6608518336885494,-72.36995019993412,0.5082662683800784,1.0,12.11111111111111,False,ellipse,360.0,1.0,True,True,6.311754957550112,125.15555555555693,124.0177777777778,13.602793985525341,11.71472586780336
r557_svd_normalised_tr050_tid2_010,r557,2,10,False,84,circle,300.13608562691127,218.07186544342505,24.22222222222213,2.776719791169792,5.553439582339623,5.553439582339545,,1.6792755826688772e-07,1.0,24.11111111111111,False,circle,360.0,1.0,True,True,8.885503331743335,248.03555555555465,246.89777777777783,17.771006663486794,17.771006663486542
r557_svd_normalised_tr050_tid2_010,r557,2,10,False,85,ellipse,346.29040404040404,107.0909090909091,14.666666666666556,2.1606816048095165,4.565351629295292,4.090414387715292,80.394279541054,0.4441162189431068,1.0,14.666666666666666,False,ellipse,360.0,1.0,True,True,6.914181135390454,150.18666666666556,150.1866666666667,14.609125213744935,13.089326040688935
r557_svd_normalised_tr050_tid2_010,r557,2,10,False,86,ellipse,354.3149308538957,116.32293527582884,9.170961165255816,1.7085688761968432,3.6567969188042904,3.193185369083142,-4.492829193174487,0.48732759639360923,1.0,9.333333333333334,False,ellipse,360.0,1.0,True,True,5.467420403829898,93.91064233221958,95.57333333333335,11.70175014017373,10.218193181066056
r557_svd_normalised_tr050_tid2_010,r557,2,10,False,87,circle,199.9473360547706,250.74877341808693,65.76041937329812,4.575171210579214,9.150342421158427,9.150342421158427,,0.0,1.0,21.666666666666668,True,circle,149.0,0.41388888888888886,True,True,14.640547873853485,673.3866943825728,221.86666666666673,29.28109574770697,29.28109574770697
r557_svd_normalised_tr050_tid2_010,r557,2,10,False,88,circle,263.502688172043,98.34677419354841,13.777777777777713,2.094183104771401,4.188366209542816,4.188366209542787,,1.1827430029502171e-07,1.0,14.11111111111111,False,circle,360.0,1.0,True,True,6.701385935268483,141.08444444444382,144.4977777777778,13.402771870537013,13.402771870536919
r557_svd_normalised_tr050_tid2_010,r557,2,10,False,89,ellipse,201.34193222053614,243.95953464845726,73.22222222222236,4.827769383647051,10.431815370744639,8.93702827105005,-81.79252710803252,0.5158003413113642,1.0,73.77777777777777,False,ellipse,360.0,1.0,True,True,15.448862027670565,749.795555555557,755.4844444444445,33.381809186382846,28.59849046736016
r557_svd_normalised_tr050_tid2_010,r557,2,10,False,90,ellipse,1.7894144144144142,71.43243243243244,32.88888888888889,3.235561539970081,8.825837480765244,4.744641401679587,1.102190859396785,0.843209306248393,1.0,32.55555555555556,True,ellipse,329.0,0.9138888888888889,True,True,10.35379692790426,336.78222222222234,333.368888888889,28.242679938448784,15.18285248537468
r557_svd_normalised_tr050_tid2_010,r557,2,10,False,91,circle,237.90089067115284,98.94088142814485,19.77900637227514,2.509153894679912,5.018307789359824,5.018307789359824,,0.0,1.0,19.88888888888889,False,circle,360.0,1.0,True,True,8.029292462975718,202.5370252520975,203.66222222222225,16.058584925951436,16.058584925951436
r557_svd_normalised_tr050_tid2_010,r557,2,10,False,92,ellipse,242.21614583333331,229.0078125,56.88888888888877,4.255384324281945,9.845184661075367,7.357219339496502,20.86026870638557,0.6644967579741506,1.0,56.888888888888886,False,ellipse,360.0,1.0,True,True,13.617229837702224,582.5422222222211,582.5422222222223,31.504590915441174,23.543101886388808
r557_svd_normalised_tr050_tid2_010,r557,2,10,False,93,ellipse,226.34102564102565,102.46410256410256,14.44444444444457,2.144250327526905,4.505173728766174,4.082248316189516,65.25066818923756,0.4230110884205343,1.0,14.333333333333334,False,ellipse,360.0,1.0,True,True,6.861601048086097,147.91111111111243,146.77333333333337,14.416555932051757,13.063194611806452
r557_svd_normalised_tr050_tid2_010,r557,2,10,False,94,ellipse,145.95034654332056,89.76391863846072,14.545450133344339,2.151734318273713,4.790389481767366,3.8660410340819826,7.888265441594342,0.5904953155912824,1.0,14.444444444444445,False,ellipse,360.0,1.0,True,True,6.885549818475882,148.94540936544607,147.91111111111115,15.32924634165557,12.371331309062345
r557_svd_normalised_tr050_tid2_010,r557,2,10,False,95,ellipse,22.326363636363638,76.2309090909091,122.22222222222206,6.2373505308492545,13.76170192978271,11.308061123018309,-78.93186677808154,0.5699128647314498,1.0,122.22222222222223,False,ellipse,360.0,1.0,True,True,19.959521698717616,1251.555555555554,1251.5555555555559,44.03744617530467,36.18579559365859
r557_svd_normalised_tr050_tid2_010,r557,2,10,False,96,ellipse,244.07228915662648,93.65060240963854,9.222222222222175,1.713337242318968,3.6026106534339437,3.25933028940452,20.687267658381273,0.4260206396151936,1.0,9.444444444444445,False,ellipse,360.0,1.0,True,True,5.482679175420698,94.4355555555551,96.71111111111114,11.528354090988621,10.429856926094466
r557_svd_normalised_tr050_tid3_010,r557,3,10,False,0,circle,283.0731122652817,211.6268477826608,278.11111111111137,9.40879993007745,18.8175998601549,18.8175998601549,,0.0,1.0,278.22222222222223,False,circle,360.0,1.0,True,True,30.10815977624784,2847.857777777781,2848.995555555556,60.21631955249568,60.21631955249568
r557_svd_normalised_tr050_tid3_010,r557,3,10,False,1,circle,217.71653093299042,232.56915273610514,518.4444444444442,12.846244280089401,25.692488560178802,25.6924885601788,,1.4901161193847656e-08,1.0,518.1111111111111,False,circle,360.0,1.0,True,True,41.10798169628609,5308.87111111111,5305.457777777779,82.21596339257218,82.21596339257216
r557_svd_normalised_tr050_tid3_010,r557,3,10,False,2,circle,247.20565202587676,211.83827034388833,108.77777777777781,5.884304722205516,11.768609444411041,11.768609444411023,,5.5755039852469285e-08,1.0,108.77777777777777,False,circle,360.0,1.0,True,True,18.829775111057653,1113.884444444445,1113.8844444444446,37.659550222115335,37.65955022211528
r557_svd_normalised_tr050_tid3_010,r557,3,10,False,3,circle,226.23214680521778,180.7431645662908,502.55555555555577,12.64786154612394,25.29572309224788,25.29572309224788,,0.0,1.0,503.1111111111111,False,circle,360.0,1.0,True,True,40.47315694759661,5146.168888888892,5151.857777777778,80.94631389519321,80.94631389519321
r557_svd_normalised_tr050_tid3_010,r557,3,10,False,4,circle,233.17015803013598,178.21830209481809,100.77777777777766,5.663794044127996,11.327588088255993,11.32758808825599,,2.5809568279517847e-08,1.0,101.11111111111111,False,circle,360.0,1.0,True,True,18.124140941209586,1031.9644444444434,1035.377777777778,36.24828188241918,36.24828188241917
r557_svd_normalised_tr050_tid3_010,r557,3,10,False,5,circle,244.48912326961107,226.7031421665568,168.55555555555503,7.324813970643509,14.649627941287019,14.649627941287019,,0.0,1.0,168.55555555555554,False,circle,360.0,1.0,True,True,23.439404706059232,1726.0088888888838,1726.008888888889,46.878809412118464,46.878809412118464
r557_svd_normalised_tr050_tid3_010,r557,3,10,False,6,ellipse,273.2307592200146,224.48963146474682,150.3317534131311,6.9175200266239525,14.409723704308544,13.283275738156052,13.387869255175588,0.38760102107395183,1.0,150.11111111111111,False,ellipse,360.0,1.0,True,True,22.13606408519665,1539.397154950463,1537.1377777777782,46.11111585378734,42.50648236209937
r557_svd_normalised_tr050_tid3_010,r557,3,10,False,7,ellipse,250.6562910150702,197.82266647950942,624.527980707735,14.099412415333902,30.2842877081446,26.256972906014045,5.163752374252908,0.4982796712682468,1.0,624.3333333333334,False,ellipse,360.0,1.0,True,True,45.11811972906849,6395.166522447207,6393.173333333335,96.90972066606273,84.02231329924496
r557_svd_normalised_tr050_tid3_010,r557,3,10,False,8,circle,198.97904285267438,211.7008653946408,710.4444444444443,15.038001537804732,30.076003075609464,30.076003075609464,,0.0,1.0,710.0,False,circle,360.0,1.0,True,True,48.121604920975145,7274.9511111111115,7270.4000000000015,96.24320984195029,96.24320984195029
r557_svd_normalised_tr050_tid3_010,r557,3,10,False,9,circle,312.37331795463285,188.70742022299112,96.33333333333374,5.537495134899771,11.07499026979956,11.074990269799525,,8.024520884654677e-08,1.0,96.55555555555556,False,circle,360.0,1.0,True,True,17.71998443167927,986.4533333333377,988.7288888888891,35.439968863358594,35.43996886335848
r557_svd_normalised_tr050_tid3_010,r557,3,10,False,10,circle,298.9484969969295,240.89812724538396,347.5212224512097,10.517577704248083,21.035155408496166,21.035155408496166,,0.0,1.0,331.22222222222223,True,circle,289.0,0.8027777777777778,True,True,33.65624865359387,3558.617317900388,3391.7155555555564,67.31249730718774,67.31249730718774
r557_svd_normalised_tr050_tid3_010,r557,3,10,False,11,ellipse,221.4136180318046,186.55843215288448,242.82109062026962,8.791607004317354,18.59529752045473,16.626215016638646,-48.09169009138773,0.4478502555617309,1.0,242.22222222222223,False,ellipse,360.0,1.0,True,True,28.133142413815534,2486.487967951561,2480.3555555555563,59.504952065455136,53.20388805324367
r557_svd_normalised_tr050_tid3_010,r557,3,10,False,12,circle,259.09377462568955,228.22340425531914,94.0000000000004,5.470020959857142,10.940041919714284,10.940041919714284,,0.0,1.0,94.11111111111111,False,circle,360.0,1.0,True,True,17.504067071542856,962.5600000000043,963.697777777778,35.00813414308571,35.00813414308571
r557_svd_normalised_tr050_tid3_010,r557,3,10,False,13,circle,223.53809249130296,216.8438993606122,317.0868580390186,10.046486037056729,20.092972074113458,20.092972074113455,,2.1073424255447017e-08,1.0,317.1111111111111,False,circle,360.0,1.0,True,True,32.148755318581536,3246.969426319551,3247.2177777777783,64.29751063716307,64.29751063716306
r557_svd_normalised_tr050_tid3_010,r557,3,10,False,14,circle,188.44119984108062,189.03780956164746,559.3333333333333,13.34321286917561,26.68642573835122,26.686425738351215,,1.4901161193847656e-08,1.0,559.3333333333334,False,circle,360.0,1.0,True,True,42.69828118136195,5727.573333333334,5727.573333333335,85.3965623627239,85.3965623627239
r557_svd_normalised_tr050_tid3_010,r557,3,10,False,15,circle,190.9238783527265,177.2796710453297,74.48842712424809,4.869332886538873,9.738665773077747,9.738665773077747,,0.0,1.0,74.66666666666667,False,circle,360.0,1.0,True,True,15.581865236924395,762.7614937523006,764.5866666666668,31.16373047384879,31.16373047384879
r557_svd_normalised_tr050_tid3_010,r557,3,10,False,16,circle,232.72311827956992,143.98028673835125,82.66666666666674,5.12968003464739,10.25936006929478,10.25936006929478,,0.0,1.0,82.77777777777777,False,circle,360.0,1.0,True,True,16.41497611087165,846.5066666666676,847.6444444444445,32.8299522217433,32.8299522217433
r557_svd_normalised_tr050_tid3_010,r557,3,10,False,17,circle,183.17551410808227,205.66666666666666,77.44444444444449,4.965010805293179,9.930021610586358,9.930021610586358,,0.0,1.0,77.55555555555556,False,circle,360.0,1.0,True,True,15.888034576938175,793.0311111111117,794.1688888888891,31.77606915387635,31.77606915387635
r557_svd_normalised_tr050_tid3_010,r557,3,10,False,18,circle,318.9196131959076,233.52496908819867,502.83285382611814,12.65135046036044,25.30270092072088,25.30270092072088,,0.0,1.0,502.55555555555554,False,circle,360.0,1.0,True,True,40.484321473153415,5149.008423179451,5146.168888888889,80.96864294630683,80.96864294630683
r557_svd_normalised_tr050_tid3_010,r557,3,10,False,19,circle,316.3587710604559,173.3118599273208,112.11111111111059,5.973782304178478,11.947564608356984,11.947564608356927,,9.771344846937061e-08,1.0,111.33333333333333,False,circle,360.0,1.0,True,True,19.11610337337113,1148.0177777777726,1140.0533333333335,38.23220674674235,38.23220674674217
r557_svd_normalised_tr050_tid3_010,r557,3,10,False,20,ellipse,278.9923469387755,232.625425170068,87.11111111111121,5.265769446445728,10.938263301283046,10.139937977126168,-25.800494456911338,0.37502338833391957,1.0,87.33333333333333,False,ellipse,360.0,1.0,True,True,16.85046222862633,892.017777777779,894.2933333333334,35.00244256410575,32.44780152680374
r557_svd_normalised_tr050_tid3_010,r557,3,10,False,21,circle,230.10133843212236,200.11897174421074,174.33333333333394,7.4492968454327535,14.898593690865507,14.898593690865505,,1.4901161193847656e-08,1.0,173.77777777777777,False,circle,360.0,1.0,True,True,23.83774990538481,1785.17333333334,1779.4844444444448,47.67549981076962,47.67549981076962
r557_svd_normalised_tr050_tid3_010,r557,3,10,False,22,circle,178.73333333333335,240.91142857142856,38.88888888888863,3.5183402047039483,7.036680409407897,7.0366804094078965,,1.4901161193847656e-08,1.0,38.77777777777778,False,circle,360.0,1.0,True,True,11.258688655052635,398.22222222221967,397.08444444444456,22.517377310105275,22.51737731010527
r557_svd_normalised_tr050_tid3_010,r557,3,10,False,23,circle,310.7194688899182,204.80361278369617,239.88888888888843,8.738363972676927,17.47672794535387,17.47672794535384,,5.7711949142924205e-08,1.0,239.66666666666666,False,circle,360.0,1.0,True,True,27.96276471256617,2456.462222222218,2454.186666666667,55.92552942513238,55.92552942513229
r557_svd_normalised_tr050_tid3_010,r557,3,10,False,24,ellipse,266.4225352112676,220.2097026604069,23.66666666666694,2.7446919632294744,5.756194246699062,5.234940761310494,-32.30787849000191,0.41582473185132957,1.0,23.77777777777778,False,ellipse,360.0,1.0,True,True,8.78301428233432,242.34666666666953,243.4844444444445,18.419821589437,16.75181043619358
r557_svd_normalised_tr050_tid3_010,r557,3,10,False,25,circle,292.1839458767599,216.10458950447978,405.111111111111,11.355653731492815,22.71130746298567,22.711307462985594,,8.161702118890973e-08,1.0,405.22222222222223,False,circle,360.0,1.0,True,True,36.33809194077701,4148.337777777777,4149.475555555557,72.67618388155414,72.67618388155391
r557_svd_normalised_tr050_tid3_010,r557,3,10,False,26,ellipse,297.8381742738589,225.86491470723837,80.33333333333364,5.05676716787494,10.537817777144083,9.70633378973766,15.170397490629568,0.389337334049109,1.0,80.55555555555556,False,ellipse,360.0,1.0,True,True,16.18165493719981,822.6133333333366,824.888888888889,33.721016886861065,31.060268127160512
r557_svd_normalised_tr050_tid3_010,r557,3,10,False,27,ellipse,183.77953850430916,221.26716708368085,399.666666666667,11.279089111188092,23.593818657975817,21.56799677446299,-53.697954456186835,0.40540405445106864,1.0,399.22222222222223,False,ellipse,360.0,1.0,True,True,36.093085155801894,4092.586666666671,4088.0355555555566,75.50021970552261,69.01758967828157
r557_svd_normalised_tr050_tid3_010,r557,3,10,False,28,circle,350.0955284552846,145.05284552845532,18.22222222222237,2.4083839979478654,4.816767995895759,4.816767995895703,,1.5269146510898468e-07,1.0,18.22222222222222,False,circle,360.0,1.0,True,True,7.70682879343317,186.5955555555571,186.5955555555556,15.41365758686643,15.41365758686625
r557_svd_normalised_tr050_tid3_010,r557,3,10,False,29,circle,206.61098798749998,193.3324385231726,591.7708549619297,13.72466806483189,27.44933612966378,27.449336129663777,,1.4901161193847656e-08,1.0,592.1111111111111,False,circle,360.0,1.0,True,True,43.91893780746205,6059.733554810161,6063.217777777779,87.8378756149241,87.83787561492409
r557_svd_normalised_tr050_tid3_010,r557,3,10,False,30,circle,260.6766366164223,207.50052854293475,303.03031827569754,9.8212802689148,19.6425605378296,19.6425605378296,,0.0,1.0,302.6666666666667,False,circle,360.0,1.0,True,True,31.42809686052736,3103.0304591431436,3099.3066666666673,62.85619372105472,62.85619372105472
r557_svd_normalised_tr050_tid3_010,r557,3,10,False,31,circle,283.6940707619233,237.41708650393656,52.96104263063517,4.105852341710838,8.211704683421676,8.211704683421674,,2.1073424255447017e-08,1.0,53.22222222222222,False,circle,360.0,1.0,True,True,13.138727493474683,542.3210765377042,544.9955555555556,26.277454986949365,26.27745498694936
r557_svd_normalised_tr050_tid3_010,r557,3,10,False,32,ellipse,189.9816795016281,241.6468155681042,68.11400995545003,4.656325026932816,9.791265509094417,8.857430221375406,65.92103632405826,0.42620696696229204,1.0,68.22222222222223,False,ellipse,360.0,1.0,True,True,14.900240086185011,697.4874619438084,698.5955555555557,31.332049629102137,28.3437767084013
r557_svd_normalised_tr050_tid3_010,r557,3,10,False,33,circle,171.8110583153093,231.0379107116851,166.93646201829088,7.289549109853562,14.579098219707125,14.579098219707124,,1.4901161193847656e-08,1.0,167.22222222222223,False,circle,360.0,1.0,True,True,23.3265571515314,1709.429371067299,1712.355555555556,46.65311430306281,46.6531143030628
r557_svd_normalised_tr050_tid3_010,r557,3,10,False,34,circle,240.0801801801802,240.97837837837838,41.11111111111118,3.617467774378505,7.23493554875701,7.234935548757009,,1.4901161193847656e-08,1.0,40.888888888888886,False,circle,360.0,1.0,True,True,11.575896878011216,420.97777777777856,418.70222222222225,23.151793756022432,23.15179375602243
r557_svd_normalised_tr050_tid3_010,r557,3,10,False,35,circle,175.28119180633146,209.35630043451275,59.66666666666672,4.35803738804899,8.71607477609798,8.71607477609798,,0.0,1.0,59.666666666666664,False,circle,360.0,1.0,True,True,13.945719641756767,610.9866666666674,610.9866666666668,27.891439283513535,27.891439283513535
r557_svd_normalised_tr050_tid3_010,r557,3,10,False,36,circle,221.51862805287016,167.0173654306781,92.34161295149204,5.421554049220305,10.84310809844061,10.84310809844061,,0.0,1.0,92.55555555555556,False,circle,360.0,1.0,True,True,17.348972957504976,945.5781166232787,947.7688888888891,34.69794591500995,34.69794591500995
r557_svd_normalised_tr050_tid3_010,r557,3,10,False,37,circle,278.05718129835185,220.16616212579885,110.1111111111109,5.920258038746996,11.840516077494,11.840516077493987,,4.470348358154297e-08,1.0,110.22222222222223,False,circle,360.0,1.0,True,True,18.944825723990387,1127.5377777777758,1128.6755555555558,37.8896514479808,37.88965144798076
r557_svd_normalised_tr050_tid3_010,r557,3,10,False,38,ellipse,291.3547984525147,198.50567827280668,296.7777777777764,9.719429029851616,20.79826724883618,18.168302106341766,25.08791480870653,0.48673651440753,1.0,296.0,False,ellipse,360.0,1.0,True,True,31.10217289552517,3039.004444444431,3031.0400000000004,66.55445519627578,58.138566740293655
r557_svd_normalised_tr050_tid3_010,r557,3,10,False,39,circle,181.619138843861,218.78978776058335,41.883919580098585,3.6513101312367624,7.302620262473525,7.302620262473524,,1.4901161193847656e-08,1.0,41.888888888888886,False,circle,360.0,1.0,True,True,11.68419241995764,428.8913365002096,428.94222222222226,23.36838483991528,23.36838483991528
r557_svd_normalised_tr050_tid3_010,r557,3,10,False,40,circle,174.68622120379712,181.2179725371008,90.20457070368461,5.3584518878074805,10.716903775614961,10.71690377561496,,1.4901161193847656e-08,1.0,90.33333333333333,False,circle,360.0,1.0,True,True,17.147046040983938,923.6948040057306,925.0133333333334,34.294092081967875,34.29409208196787
r557_svd_normalised_tr050_tid3_010,r557,3,10,False,41,circle,271.2865941796352,104.27971239840313,18.124803432961677,2.4019375757603716,4.803875151520772,4.803875151520714,,1.548574096771071e-07,1.0,18.333333333333332,False,circle,360.0,1.0,True,True,7.6862002424331894,185.5979871535276,187.73333333333335,15.37240048486647,15.372400484866285
r557_svd_normalised_tr050_tid3_010,r557,3,10,False,42,circle,212.46036362947694,239.71890669964023,32.259826171184756,3.2044690038848387,6.408938007769677,6.408938007769677,,0.0,1.0,32.333333333333336,False,circle,360.0,1.0,True,True,10.254300812431485,330.340619992932,331.0933333333334,20.50860162486297,20.50860162486297
r557_svd_normalised_tr050_tid3_010,r557,3,10,False,43,circle,306.457825870453,128.43518575975727,24.386882322957348,2.786141729452766,5.57228345890556,5.572283458905504,,1.4136482746161726e-07,1.0,24.11111111111111,False,circle,360.0,1.0,True,True,8.915653534248852,249.7216749870833,246.89777777777783,17.831307068497793,17.831307068497615
r557_svd_normalised_tr050_tid3_010,r557,3,10,False,44,circle,267.4418604651163,207.4360465116279,19.111111111111075,2.4664256734439705,4.932851346887969,4.9328513468879125,,1.519626234052415e-07,1.0,19.11111111111111,False,circle,360.0,1.0,True,True,7.8925621550207055,195.69777777777745,195.69777777777782,15.785124310041503,15.78512431004132
r557_svd_normalised_tr050_tid3_010,r557,3,10,False,45,circle,218.54545454545453,233.0098039215686,41.555555555555415,3.6369690896669766,7.273938179333953,7.273938179333952,,1.4901161193847656e-08,1.0,41.333333333333336,False,circle,360.0,1.0,True,True,11.638301086934327,425.52888888888754,423.25333333333344,23.276602173868653,23.27660217386865
r557_svd_normalised_tr050_tid3_010,r557,3,10,False,46,circle,57.39278131634819,139.74564755838642,87.2222222222221,5.269126647581439,10.538253295162892,10.538253295162864,,7.300048299977713e-08,1.0,86.88888888888889,False,circle,360.0,1.0,True,True,16.861205272260605,893.1555555555544,889.7422222222224,33.72241054452126,33.72241054452117
r557_svd_normalised_tr050_tid3_010,r557,3,10,False,47,ellipse,350.3304694152929,109.04366228065462,13.280625947283863,2.056053144675357,4.269323279071863,3.9606787843420808,-76.5955370523694,0.3733104937153737,1.0,13.333333333333334,False,ellipse,360.0,1.0,True,True,6.579370062961143,135.99360970018677,136.53333333333336,13.661834493029964,12.67417210989466
r557_svd_normalised_tr050_tid3_010,r557,3,10,False,48,circle,210.7168458781362,178.06212664277177,30.999999999999897,3.1412746571571035,6.282549314314207,6.282549314314207,,0.0,1.0,31.333333333333332,False,circle,360.0,1.0,True,True,10.052078902902732,317.43999999999903,320.8533333333334,20.104157805805464,20.104157805805464
r557_svd_normalised_tr050_tid3_010,r557,3,10,False,49,circle,158.94903829998222,128.18747449041695,115.70767606512415,6.0688464471331445,12.137692894266289,12.137692894266289,,0.0,1.0,115.66666666666667,False,circle,360.0,1.0,True,True,19.420308630826064,1184.8466029068716,1184.426666666667,38.84061726165213,38.84061726165213
r557_svd_normalised_tr050_tid3_010,r557,3,10,False,50,circle,343.62012987012986,113.86363636363636,34.22222222222236,3.300495668912776,6.6009913378255645,6.600991337825539,,8.815645848363066e-08,1.0,34.55555555555556,False,circle,360.0,1.0,True,True,10.561586140520884,350.4355555555571,353.84888888888895,21.123172281041807,21.123172281041725
r557_svd_normalised_tr050_tid3_010,r557,3,10,False,51,ellipse,304.8576016002063,222.60885215896602,77.66266421189417,4.972000986123995,10.447837202534489,9.464463630815798,3.8956290123753377,0.42353918036084715,1.0,77.44444444444444,False,ellipse,360.0,1.0,True,True,15.910403155596786,795.2656815297964,793.0311111111113,33.433079048110365,30.286283618610554
r557_svd_normalised_tr050_tid3_010,r557,3,10,False,52,circle,225.96463099069857,244.13799126373868,379.336951892237,10.988480421883821,21.976960843767642,21.976960843767642,,0.0,1.0,302.44444444444446,True,circle,239.0,0.6638888888888889,True,True,35.16313735002823,3884.4103873765075,3097.031111111112,70.32627470005646,70.32627470005646
r557_svd_normalised_tr050_tid3_010,r557,3,10,False,53,circle,303.6082474226804,100.58419243986256,10.777777777777644,1.8522076605387934,3.7044153210776067,3.704415321077567,,1.4600096599955427e-07,1.0,10.88888888888889,False,circle,360.0,1.0,True,True,5.927064513724139,110.3644444444431,111.50222222222224,11.854129027448343,11.854129027448217
r557_svd_normalised_tr050_tid3_010,r557,3,10,False,54,circle,259.9697855750487,146.56140350877192,37.99999999999998,3.477898169151023,6.955796338302075,6.955796338302019,,1.2644054553268208e-07,1.0,37.888888888888886,False,circle,360.0,1.0,True,True,11.129274141283275,389.11999999999983,387.9822222222223,22.25854828256664,22.258548282566462
r557_svd_normalised_tr050_tid3_010,r557,3,10,False,55,circle,259.75,101.16666666666666,8.888888888888955,1.6820883480134463,3.3641766960268926,3.3641766960268926,,0.0,1.0,9.11111111111111,False,circle,360.0,1.0,True,True,5.382682713643028,91.02222222222292,93.2977777777778,10.765365427286056,10.765365427286056
r557_svd_normalised_tr050_tid3_010,r557,3,10,False,56,ellipse,275.18412698412703,99.70476190476191,11.666666666666634,1.9270742950936999,4.029057998031013,3.686832347040635,-85.74234765686526,0.4033163085734718,1.0,11.666666666666666,False,ellipse,360.0,1.0,True,True,6.16663774429984,119.46666666666636,119.46666666666668,12.892985593699244,11.797863510530032
r557_svd_normalised_tr050_tid3_010,r557,3,10,False,57,ellipse,310.6872427983539,207.87860082304525,17.99999999999998,2.3936536824085946,4.967426050779501,4.613719775785389,9.674391025286496,0.3705942672018677,1.0,17.77777777777778,False,ellipse,360.0,1.0,True,True,7.659691783707503,184.31999999999982,182.04444444444448,15.895763362494405,14.763903282513247
r557_svd_normalised_tr050_tid3_010,r557,3,10,False,58,ellipse,290.0421052631579,104.36140350877191,21.11111111111107,2.5922722416812483,5.55497222119051,4.838818346818633,-81.25701866326398,0.49114334330073967,1.0,21.444444444444443,False,ellipse,360.0,1.0,True,True,8.295271173379994,216.1777777777774,219.59111111111113,17.77591110780963,15.484218709819627
r557_svd_normalised_tr050_tid3_010,r557,3,10,False,59,circle,281.26,99.14333333333332,11.111111111110992,1.8806319451591775,3.7612638903183866,3.7612638903183235,,1.831085343278126e-07,1.0,11.222222222222221,False,circle,360.0,1.0,True,True,6.018022224509369,113.77777777777658,114.91555555555557,12.036044449018839,12.036044449018636
r557_svd_normalised_tr050_tid3_010,r557,3,10,False,60,ellipse,249.569063222907,100.31305402932581,45.99729279731277,3.826407327386242,8.044930630062376,7.279810707310772,-85.25089515517686,0.42563666150826773,1.0,45.77777777777778,False,ellipse,360.0,1.0,True,True,12.244503447635974,471.01227824448284,468.76444444444456,25.743778016199606,23.29539426339447
r557_svd_normalised_tr050_tid3_010,r557,3,10,False,61,circle,300.0757162671439,217.5866738363713,32.70159517953648,3.226335543558149,6.452671087116298,6.452671087116297,,1.4901161193847656e-08,1.0,32.666666666666664,False,circle,360.0,1.0,True,True,10.324273739386078,334.86433463845367,334.5066666666667,20.648547478772155,20.64854747877215
r557_svd_normalised_tr050_tid3_010,r557,3,10,False,62,ellipse,199.9993406485171,245.7028353470718,123.12712078544345,6.260397735236345,13.018059377179567,12.042526053324435,-47.96623487156586,0.3798135135717147,1.0,106.0,True,ellipse,255.0,0.7083333333333334,True,True,20.033272752756304,1260.8217168429412,1085.4400000000003,41.657790006974615,38.536083370638195
r557_svd_normalised_tr050_tid3_010,r557,3,10,False,63,ellipse,190.81172839506175,95.08024691358023,12.000000000000052,1.954410047611684,4.121331626686045,3.7072664664715984,-68.73864113347548,0.43685647999877797,1.0,12.11111111111111,False,ellipse,360.0,1.0,True,True,6.254112152357389,122.88000000000055,124.0177777777778,13.188261205395344,11.863252692709116
r557_svd_normalised_tr050_tid3_010,r557,3,10,False,64,ellipse,314.60526315789474,205.18908382066277,37.999999999999915,3.4778981691510205,7.652634343774503,6.322411411084371,28.56417810125808,0.5634143084203822,1.0,38.111111111111114,False,ellipse,360.0,1.0,True,True,11.129274141283267,389.1199999999992,390.2577777777779,24.488429900078412,20.231716515469987
r557_svd_normalised_tr050_tid3_010,r557,3,10,False,65,circle,311.83523810091447,249.9557797432513,114.20593354699746,6.029334765034889,12.058669530069778,12.058669530069778,,0.0,1.0,52.0,True,circle,171.0,0.475,True,True,19.293871248111646,1169.4687595212542,532.4800000000001,38.58774249622329,38.58774249622329
r557_svd_normalised_tr050_tid3_010,r557,3,10,False,66,circle,202.95013123359578,243.61154855643042,28.222222222222296,2.9972341155487383,5.994468231097477,5.994468231097477,,0.0,1.0,27.88888888888889,False,circle,360.0,1.0,True,True,9.591149169755964,288.9955555555564,285.5822222222223,19.182298339511927,19.182298339511927
r557_svd_normalised_tr050_tid3_010,r557,3,10,False,67,circle,330.6126984126984,102.06984126984125,11.666666666666673,1.9270742950937032,3.854148590187438,3.854148590187375,,1.8066697795662494e-07,1.0,11.444444444444445,False,circle,360.0,1.0,True,True,6.166637744299851,119.46666666666675,117.19111111111114,12.333275488599803,12.3332754885996
r557_svd_normalised_tr050_tid3_010,r557,3,10,False,68,circle,209.71753276312637,249.26261939739643,110.01222204902646,5.917598996151355,11.83519799230271,11.83519799230271,,0.0,1.0,57.333333333333336,True,circle,184.99999999999997,0.5138888888888888,True,True,18.936316787684337,1126.525153782031,587.0933333333335,37.872633575368674,37.872633575368674
r557_svd_normalised_tr050_tid3_010,r557,3,10,False,69,ellipse,225.48661800486616,97.60340632603408,15.222222222222248,2.201223256060124,4.58459569318851,4.227534244922739,4.932098008904461,0.38691082908943286,1.0,15.11111111111111,False,ellipse,360.0,1.0,True,True,7.043914419392397,155.87555555555585,154.7377777777778,14.670706218203234,13.528109583752766
r557_svd_normalised_tr050_tid3_010,r557,3,10,False,70,circle,230.04413536681037,96.151104448629,15.040020755460874,2.1880098936870924,4.376019787374196,4.376019787374172,,1.043081283569336e-07,1.0,14.88888888888889,False,circle,360.0,1.0,True,True,7.001631659798696,154.0098125359194,152.46222222222227,14.00326331959743,14.003263319597352
r557_svd_normalised_tr050_tid3_010,r557,3,10,False,71,circle,274.11988304093563,107.81871345029239,12.666666666666863,2.007965444173466,4.015930888346963,4.015930888346901,,1.756820994995772e-07,1.0,12.777777777777779,False,circle,360.0,1.0,True,True,6.425489421355092,129.7066666666687,130.8444444444445,12.850978842710283,12.850978842710084
r557_svd_normalised_tr050_tid3_010,r557,3,10,False,72,ellipse,42.0179539295393,72.69715447154472,109.33333333333337,5.899311899656416,13.107223427603664,10.62067220617768,-75.49090695610278,0.5860269843605646,1.0,109.88888888888889,False,ellipse,360.0,1.0,True,True,18.877798078900533,1119.573333333334,1125.2622222222224,41.94311496833173,33.98615105976858
r557_svd_normalised_tr050_tid3_010,r557,3,10,False,73,circle,263.6260162601626,98.43089430894308,9.111111111111272,1.702984656650112,3.4059693133002558,3.4059693133001923,,1.9314112360500873e-07,1.0,9.0,False,circle,360.0,1.0,True,True,5.449550901280358,93.29777777777944,92.16000000000003,10.89910180256082,10.899101802560615
r557_svd_normalised_tr050_tid3_010,r557,3,10,False,74,circle,237.87777777777777,99.25555555555553,16.66666666666658,2.3032943298088973,4.6065886596177945,4.6065886596177945,,0.0,1.0,16.88888888888889,False,circle,360.0,1.0,True,True,7.370541855388471,170.6666666666658,172.94222222222226,14.741083710776943,14.741083710776943
r557_svd_normalised_tr050_tid3_010,r557,3,10,False,75,ellipse,228.31044497517794,160.39962282105571,43.398624676254514,3.7167474061646457,7.752531857857906,7.127586979074273,-64.40488877391584,0.39335121591734135,1.0,43.888888888888886,False,ellipse,360.0,1.0,True,True,11.893591699726867,444.4019166848463,449.4222222222223,24.8081019451453,22.808278333037677
r557_svd_normalised_tr050_tid3_010,r557,3,10,False,76,ellipse,264.24198387794377,106.363343474282,10.878290263556488,1.8608243699142872,3.8762972035796026,3.5731701196381658,86.93393935837088,0.38766617809172205,1.0,11.222222222222221,False,ellipse,360.0,1.0,True,True,5.9546379837257195,111.39369229881846,114.91555555555557,12.404151051454729,11.434144382842131
r557_svd_normalised_tr050_tid3_010,r557,3,10,False,77,circle,161.31172839506175,100.44444444444446,11.999999999999927,1.9544100476116737,3.9088200952233607,3.9088200952233345,,1.1542389828584841e-07,1.0,11.88888888888889,False,circle,360.0,1.0,True,True,6.254112152357356,122.87999999999928,121.74222222222225,12.508224304714755,12.508224304714672
r557_svd_normalised_tr050_tid3_010,r557,3,10,False,78,ellipse,1.6764184397163118,73.4618794326241,41.77777777777774,3.646680639904752,11.910108917821356,4.46621597878341,-0.06540986661320858,0.9270273536218836,1.0,41.888888888888886,True,ellipse,334.0,0.9277777777777778,True,True,11.669378047695208,427.8044444444442,428.94222222222226,38.11234853702834,14.291891132106912
r557_svd_normalised_tr050_tid3_010,r557,3,10,False,79,ellipse,159.07421564879573,105.68126915872664,10.045430400599054,1.7881721973797366,3.74672614211131,3.4137107289939532,-8.408848949303433,0.4121449443597457,1.0,10.0,False,ellipse,360.0,1.0,True,True,5.722151031615158,102.86520730213434,102.40000000000002,11.989523654756193,10.92387433278065
r557_svd_normalised_tr050_tid3_010,r557,3,10,False,80,ellipse,346.30313168993905,107.44323433892734,15.286325930058927,2.2058532741244115,4.743100517383681,4.103466624105517,69.77390998716783,0.5015229306939029,1.0,15.222222222222221,False,ellipse,360.0,1.0,True,True,7.058730477198117,156.53197752380345,155.87555555555556,15.17792165562778,13.131093197137654
r557_svd_normalised_tr050_tid3_010,r557,3,10,False,81,ellipse,248.16402328746872,219.90749322709587,26.306729556806676,2.893733244633115,6.011272370881417,5.571993131874731,56.39350079025513,0.37524890911174646,1.0,26.444444444444443,False,ellipse,360.0,1.0,True,True,9.25994638282597,269.3809106617004,270.79111111111115,19.236071586820536,17.830378021999138
r557_svd_normalised_tr050_tid3_010,r557,3,10,False,82,circle,182.60658223173212,244.51909552847755,13.036867111263254,2.037096877023626,4.074193754047252,4.074193754047252,,0.0,1.0,13.0,False,circle,360.0,1.0,True,True,6.5187100064756045,133.49751921933574,133.12000000000003,13.037420012951209,13.037420012951209
r557_svd_normalised_tr050_tid3_010,r557,3,10,False,83,ellipse,206.05727923627688,94.31901352426414,46.555555555555664,3.849557583685698,8.001044176274448,7.408579812147634,3.8547272689799,0.37764215664573175,1.0,46.111111111111114,False,ellipse,360.0,1.0,True,True,12.318584267794234,476.7288888888901,472.1777777777779,25.603341364078233,23.70745539887243
r557_svd_normalised_tr050_tid3_010,r557,3,10,False,84,ellipse,226.3206106870229,102.38422391857506,14.555555555555502,2.152481645039212,4.517189665510093,4.102707723438062,67.07006476171046,0.418442250532824,1.0,14.666666666666666,False,ellipse,360.0,1.0,True,True,6.887941264125479,149.04888888888837,150.1866666666667,14.4550069296323,13.128664715001799
r557_svd_normalised_tr050_tid3_010,r557,3,10,False,85,circle,147.2483660130719,114.70588235294117,17.000000000000057,2.326213245840643,4.652426491681286,4.652426491681286,,0.0,1.0,16.88888888888889,False,circle,360.0,1.0,True,True,7.443882386690058,174.0800000000006,172.94222222222226,14.887764773380116,14.887764773380116
r557_svd_normalised_tr050_tid3_010,r557,3,10,False,86,circle,145.86219891066648,90.12619164439326,14.819778696976416,2.171930493893285,4.343860987786582,4.343860987786558,,1.0536712127723508e-07,1.0,14.666666666666666,False,circle,360.0,1.0,True,True,6.950177580458512,151.75453385703852,150.1866666666667,13.900355160917062,13.900355160916986
r557_svd_normalised_tr050_tid3_010,r557,3,10,False,87,circle,199.21808176652553,249.6698633970139,20.506254717331778,2.55486665114438,5.10973330228876,5.10973330228876,,0.0,1.0,9.444444444444445,True,circle,173.0,0.48055555555555557,True,True,8.175573283662017,209.98404830547744,96.71111111111114,16.351146567324033,16.351146567324033
r557_svd_normalised_tr050_tid3_010,r557,3,10,False,88,circle,116.14901960784313,95.54509803921569,9.444444444444471,1.7338569826200354,3.4677139652400712,3.467713965240071,,1.4901161193847656e-08,1.0,9.444444444444445,False,circle,360.0,1.0,True,True,5.548342344384114,96.7111111111114,96.71111111111114,11.096684688768228,11.096684688768228
r557_svd_normalised_tr050_tid3_010,r557,3,10,False,89,circle,220.45925925925926,94.5,10.00000000000004,1.7841241161527748,3.5682482323055638,3.568248232305535,,1.2731557704981462e-07,1.0,9.777777777777779,False,circle,360.0,1.0,True,True,5.70919717168888,102.40000000000043,100.12444444444448,11.418394343377805,11.418394343377713
r557_svd_normalised_tr050_tid3_010,r557,3,10,False,90,ellipse,244.27916666666664,93.84166666666667,8.888888888888888,1.68208834801344,3.6919131833035514,3.065533852007643,72.04446746140388,0.5572608778196333,1.0,9.222222222222221,False,ellipse,360.0,1.0,True,True,5.382682713643009,91.02222222222223,94.43555555555557,11.814122186571366,9.809708326424458
r557_svd_normalised_tr050_tid3_010,r557,3,10,False,91,circle,176.08776270061892,90.50300315789795,65.33028185697806,4.56018361277807,9.120367225556146,9.120367225556135,,4.9421560620597e-08,1.0,65.44444444444444,False,circle,360.0,1.0,True,True,14.592587560889825,668.9820862154555,670.1511111111113,29.185175121779668,29.185175121779636
r557_svd_normalised_tr050_tid3_010,r557,3,10,False,92,circle,267.46746219570565,248.50108508807045,13.314594344660286,2.0586808908697236,4.117361781739476,4.117361781739419,,1.6593230851978128e-07,1.0,10.666666666666666,True,circle,239.0,0.6638888888888889,True,True,6.587778850783116,136.34144608932135,109.22666666666669,13.175557701566323,13.175557701566142
r557_svd_normalised_tr050_tid3_010,r557,3,10,False,93,circle,174.05649858477477,221.51564032746506,29.138525996294856,3.045501747404529,6.091003494809058,6.091003494809058,,0.0,1.0,29.22222222222222,False,circle,360.0,1.0,True,True,9.745605591694494,298.3785062020594,299.2355555555556,19.491211183388987,19.491211183388987
r557_svd_normalised_tr050_tid3_010,r557,3,10,False,94,circle,233.39369859346664,202.3011865724305,19.35386470759797,2.482040787797814,4.964081575595628,4.964081575595628,,0.0,1.0,19.666666666666668,False,circle,360.0,1.0,True,True,7.942530520953006,198.18357460580327,201.3866666666667,15.885061041906011,15.885061041906011
r557_svd_normalised_tr050_tid3_010,r557,3,10,False,95,circle,198.5691056910569,90.71951219512195,9.111111111111116,1.7029846566500975,3.405969313300203,3.405969313300187,,9.657056180250437e-08,1.0,9.0,False,circle,360.0,1.0,True,True,5.449550901280312,93.29777777777785,92.16000000000003,10.89910180256065,10.8991018025606
r557_svd_normalised_tr050_tid3_010,r557,3,10,False,96,circle,-1.0695822396500292,72.10750409940694,64.31663263956439,4.5246679452999,9.049335890599806,9.049335890599792,,5.5755039852469285e-08,1.0,27.11111111111111,True,circle,165.0,0.4583333333333333,True,True,14.47893742495968,658.6023182291394,277.6177777777778,28.95787484991938,28.957874849919335
r557_svd_normalised_tr050_tid3_010,r557,3,10,False,97,ellipse,317.10087719298247,101.28070175438597,8.444444444444327,1.6394969197886335,3.4645623828114043,3.1033647000637514,-79.52313234421035,0.44456805570201524,1.0,8.333333333333334,False,ellipse,360.0,1.0,True,True,5.2463901433236275,86.47111111110993,85.33333333333336,11.086599624996495,9.930767040204005
r557_svd_normalised_tr050_tid4_010,r557,4,10,False,0,circle,155.9050209183204,221.97846039106,194.74159874931172,7.87325702191557,15.746514043831143,15.74651404383114,,1.4901161193847656e-08,1.0,194.88888888888889,False,circle,360.0,1.0,True,True,25.194422470129826,1994.1539711929524,1995.6622222222227,50.38884494025966,50.38884494025965
r557_svd_normalised_tr050_tid4_010,r557,4,10,False,1,circle,281.0565591397849,225.27397849462366,172.22222222222203,7.404055372150792,14.808110744301583,14.808110744301583,,0.0,1.0,172.33333333333334,False,circle,360.0,1.0,True,True,23.692977190882534,1763.5555555555538,1764.6933333333338,47.38595438176507,47.38595438176507
r557_svd_normalised_tr050_tid4_010,r557,4,10,False,2,circle,234.86951942841998,223.05852553474912,403.6914676288136,11.335739283976809,22.67147856795362,22.671478567953617,,1.4901161193847656e-08,1.0,403.77777777777777,False,circle,360.0,1.0,True,True,36.27436570872579,4133.800628519052,4134.684444444445,72.54873141745159,72.54873141745158
r557_svd_normalised_tr050_tid4_010,r557,4,10,False,3,circle,330.88461538461536,130.8006993006993,31.777777777777537,3.180437206991856,6.3608744139837325,6.360874413983693,,1.1250129990683123e-07,1.0,31.77777777777778,False,circle,360.0,1.0,True,True,10.17739906237394,325.40444444444205,325.4044444444445,20.354798124747944,20.354798124747816
r557_svd_normalised_tr050_tid4_010,r557,4,10,False,4,circle,250.82155477031802,220.13133097762073,62.88888888888884,4.474165292481634,8.948330584963276,8.94833058496326,,5.960464477539063e-08,1.0,62.44444444444444,False,circle,360.0,1.0,True,True,14.317328935941228,643.9822222222219,639.4311111111112,28.634657871882485,28.634657871882435
r557_svd_normalised_tr050_tid4_010,r557,4,10,False,5,ellipse,243.77391164340668,241.1178656945244,50.510082256312,4.009720505738596,8.389458990166878,7.665742714987998,67.59856084139633,0.4063105482750211,1.0,50.55555555555556,False,ellipse,360.0,1.0,True,True,12.831105618363507,517.223242304635,517.688888888889,26.84626876853401,24.530376687961596
r557_svd_normalised_tr050_tid4_010,r557,4,10,False,6,circle,182.63259311479263,189.0247914463635,315.22222222222234,10.016903198002723,20.033806396005446,20.033806396005446,,0.0,1.0,315.1111111111111,False,circle,360.0,1.0,True,True,32.05409023360871,3227.875555555557,3226.7377777777783,64.10818046721742,64.10818046721742
r557_svd_normalised_tr050_tid4_010,r557,4,10,False,7,circle,352.5398230088496,184.52802359882003,12.555555555555522,1.9991391797128932,3.9982783594258144,3.998278359425758,,1.6792755826688772e-07,1.0,12.777777777777779,False,circle,360.0,1.0,True,True,6.397245375081258,128.56888888888858,130.8444444444445,12.794490750162607,12.794490750162426
r557_svd_normalised_tr050_tid4_010,r557,4,10,False,8,circle,317.07423580786025,223.8981077147016,25.444444444444645,2.845912545234122,5.691825090468273,5.691825090468217,,1.4057727354849284e-07,1.0,25.333333333333332,False,circle,360.0,1.0,True,True,9.106920144749191,260.55111111111324,259.41333333333336,18.213840289498474,18.213840289498293
r557_svd_normalised_tr050_tid4_010,r557,4,10,False,9,circle,233.83347315436242,202.49314876957496,264.88888888888926,9.182415372524439,18.364830745048877,18.364830745048877,,0.0,1.0,263.8888888888889,False,circle,360.0,1.0,True,True,29.383729192078206,2712.4622222222265,2702.222222222223,58.76745838415641,58.76745838415641
r557_svd_normalised_tr050_tid4_010,r557,4,10,False,10,circle,290.95145056246304,126.21373593842512,125.11111111111074,6.310634162911462,12.621268325822951,12.621268325822898,,9.18569267238524e-08,1.0,125.11111111111111,False,circle,360.0,1.0,True,True,20.19402932131668,1281.1377777777743,1281.137777777778,40.388058642633446,40.388058642633275
r557_svd_normalised_tr050_tid4_010,r557,4,10,False,11,circle,200.8689407540395,142.09994015559545,61.8888888888888,4.4384507633028285,8.876901526605657,8.876901526605657,,0.0,1.0,61.55555555555556,False,circle,360.0,1.0,True,True,14.203042442569052,633.7422222222215,630.3288888888891,28.406084885138103,28.406084885138103
r557_svd_normalised_tr050_tid4_010,r557,4,10,False,12,ellipse,199.38592957497843,231.02841145375686,97.46705914306098,5.56998460522976,11.70045259325916,10.606334500383493,-71.19833778184824,0.4222288940177463,1.0,97.66666666666667,False,ellipse,360.0,1.0,True,True,17.823950736735235,998.0626856249446,1000.1066666666669,37.441448298429314,33.94027040122718
r557_svd_normalised_tr050_tid4_010,r557,4,10,False,13,circle,309.06545820745214,243.07653575025174,36.77777777777773,3.4215099383952072,6.8430198767904145,6.8430198767904145,,0.0,1.0,36.77777777777778,False,circle,360.0,1.0,True,True,10.948831802864664,376.604444444444,376.60444444444454,21.897663605729328,21.897663605729328
r557_svd_normalised_tr050_tid4_010,r557,4,10,False,14,circle,218.26896449025082,215.55238915291056,176.6554331592989,7.498744616446454,14.997489232892908,14.997489232892907,,1.4901161193847656e-08,1.0,176.77777777777777,False,circle,360.0,1.0,True,True,23.995982772628654,1808.951635551221,1810.2044444444448,47.99196554525731,47.9919655452573
r557_svd_normalised_tr050_tid4_010,r557,4,10,False,15,ellipse,211.66689220741975,129.88814931779726,13.991293065943106,2.110347578808858,4.416632369882564,4.03345040330158,5.306498836438124,0.4074194530874249,1.0,14.0,False,ellipse,360.0,1.0,True,True,6.753112252188346,143.27084099525743,143.36,14.133223583624204,12.907041290565056
r557_svd_normalised_tr050_tid4_010,r557,4,10,False,16,circle,223.18838158871569,229.536562731997,399.11111111111126,11.271247151600575,22.54249430320115,22.54249430320115,,0.0,1.0,399.3333333333333,False,circle,360.0,1.0,True,True,36.06799088512184,4086.89777777778,4089.173333333334,72.13598177024367,72.13598177024367
r557_svd_normalised_tr050_tid4_010,r557,4,10,False,17,circle,362.64583333333337,136.3639705882353,60.444444444444294,4.386349761653022,8.772699523306057,8.77269952330603,,7.742870483855355e-08,1.0,61.0,False,circle,360.0,1.0,True,True,14.03631923728967,618.9511111111096,624.6400000000001,28.072638474579385,28.0726384745793
r557_svd_normalised_tr050_tid4_010,r557,4,10,False,18,ellipse,234.93446889245564,215.11556292073251,58.33818424442475,4.309248285607579,9.059203143222064,8.199229222894871,-79.3842719342843,0.4252588051205211,1.0,58.22222222222222,False,ellipse,360.0,1.0,True,True,13.789594513944252,597.3830066629096,596.1955555555556,28.989450058310606,26.23753351326359
r557_svd_normalised_tr050_tid4_010,r557,4,10,False,19,circle,190.21132516053706,237.40163455925273,63.44444444444424,4.493884053923162,8.987768107846325,8.987768107846325,,0.0,1.0,63.55555555555556,False,circle,360.0,1.0,True,True,14.380428972554121,649.6711111111091,650.808888888889,28.760857945108242,28.760857945108242
r557_svd_normalised_tr050_tid4_010,r557,4,10,False,20,circle,358.2734270414993,166.80053547523426,110.66666666666666,5.935174308392818,11.870348616785638,11.870348616785634,,2.5809568279517847e-08,1.0,110.55555555555556,False,circle,360.0,1.0,True,True,18.992557786857017,1133.2266666666667,1132.0888888888892,37.98511557371404,37.98511557371403
r557_svd_normalised_tr050_tid4_010,r557,4,10,False,21,circle,321.5998446477897,138.67111538341157,33.34818279493923,3.258075546989872,6.516151093979744,6.516151093979744,,0.0,1.0,33.111111111111114,False,circle,360.0,1.0,True,True,10.42584175036759,341.48539182017777,339.05777777777786,20.85168350073518,20.85168350073518
r557_svd_normalised_tr050_tid4_010,r557,4,10,False,22,circle,232.96794751557684,188.75906041376263,40.567247281145185,3.5934601521167613,7.186920304233523,7.186920304233523,,0.0,1.0,40.666666666666664,False,circle,360.0,1.0,True,True,11.499072486773636,415.40861215892676,416.42666666666673,22.998144973547273,22.998144973547273
r557_svd_normalised_tr050_tid4_010,r557,4,10,False,23,ellipse,159.28352490421457,109.47765006385696,28.99999999999988,3.0382538898732427,6.327734312080266,5.8352555553459515,54.827982041290056,0.38678149487390606,1.0,29.11111111111111,False,ellipse,360.0,1.0,True,True,9.722412447594378,296.95999999999884,298.0977777777778,20.248749798656853,18.672817777107046
r557_svd_normalised_tr050_tid4_010,r557,4,10,False,24,circle,245.99324128664512,198.32967025011004,169.48910230630233,7.345070242313,14.690140484626,14.690140484626,,0.0,1.0,169.77777777777777,False,circle,360.0,1.0,True,True,23.5042247754016,1735.5684076165362,1738.5244444444447,47.0084495508032,47.0084495508032
r557_svd_normalised_tr050_tid4_010,r557,4,10,False,25,circle,185.34265010351965,220.1237060041408,143.1111111111112,6.7493467453831135,13.498693490766229,13.498693490766225,,2.1073424255447017e-08,1.0,142.66666666666666,False,circle,360.0,1.0,True,True,21.597909585225963,1465.457777777779,1460.9066666666668,43.195819170451934,43.19581917045193
r557_svd_normalised_tr050_tid4_010,r557,4,10,False,26,circle,186.5619657443678,160.29409968003608,42.93103426417575,3.6966704790097538,7.3933409580195075,7.393340958019507,,1.4901161193847656e-08,1.0,42.77777777777778,False,circle,360.0,1.0,True,True,11.829345532831212,439.6137908651598,438.04444444444454,23.658691065662424,23.658691065662424
r557_svd_normalised_tr050_tid4_010,r557,4,10,False,27,circle,199.38634209061354,135.67563607400913,49.75267211160646,3.979543616695878,7.959087233391758,7.959087233391754,,2.9802322387695312e-08,1.0,49.22222222222222,False,circle,360.0,1.0,True,True,12.73453957342681,509.4673624228502,504.0355555555556,25.469079146853627,25.469079146853616
r557_svd_normalised_tr050_tid4_010,r557,4,10,False,28,circle,207.95805739514347,119.65342163355407,16.777777777777676,2.3109592239720165,4.621918447944033,4.621918447944033,,0.0,1.0,16.22222222222222,False,circle,360.0,1.0,True,True,7.395069516710453,171.80444444444342,166.11555555555557,14.790139033420907,14.790139033420907
r557_svd_normalised_tr050_tid4_010,r557,4,10,False,29,ellipse,315.744030010676,154.89201520715758,18.869541099816157,2.4507879304058195,5.098126160080781,4.712603251644654,-2.9144074649916547,0.38147419497102325,1.0,18.77777777777778,False,ellipse,360.0,1.0,True,True,7.842521377298623,193.2241008621175,192.2844444444445,16.3140037122585,15.080330405262893
r557_svd_normalised_tr050_tid4_010,r557,4,10,False,30,circle,349.5566097406704,123.81119544592029,117.11111111111109,6.105540471459921,12.211080942919855,12.21108094291983,,6.322027276634104e-08,1.0,116.33333333333333,False,circle,360.0,1.0,True,True,19.53772950867175,1199.2177777777777,1191.2533333333336,39.07545901734354,39.07545901734346
r557_svd_normalised_tr050_tid4_010,r557,4,10,False,31,circle,359.10506424792135,157.29780801209372,49.0000000000001,3.949327084834298,7.898654169668623,7.8986541696685695,,1.1638178938488147e-07,1.0,48.77777777777778,False,circle,360.0,1.0,True,True,12.637846671469754,501.7600000000011,499.48444444444453,25.275693342939594,25.275693342939423
r557_svd_normalised_tr050_tid4_010,r557,4,10,False,32,circle,375.49768919699596,127.05517042172154,128.2222222222227,6.3886149486245,12.777229897249022,12.77722989724898,,8.161702118890973e-08,1.0,128.0,False,circle,360.0,1.0,True,True,20.4435678355984,1312.9955555555607,1310.7200000000003,40.88713567119687,40.88713567119674
r557_svd_normalised_tr050_tid4_010,r557,4,10,False,33,circle,333.5776911327493,170.64710221403746,47.70216512621593,3.896674319473746,7.793348638947521,7.793348638947464,,1.210576058124894e-07,1.0,47.666666666666664,False,circle,360.0,1.0,True,True,12.469357822315988,488.4701708924512,488.10666666666674,24.93871564463207,24.938715644631884
r557_svd_normalised_tr050_tid4_010,r557,4,10,False,34,circle,311.12132352941177,118.85784313725492,60.444444444444805,4.386349761653041,8.77269952330611,8.772699523306052,,1.1542389828584841e-07,1.0,60.44444444444444,False,circle,360.0,1.0,True,True,14.036319237289732,618.9511111111149,618.9511111111112,28.072638474579556,28.072638474579367
r557_svd_normalised_tr050_tid4_010,r557,4,10,False,35,ellipse,326.2739399736822,232.093490628196,14.776971349238817,2.1687913842316284,4.5345908205935,4.149133850803954,77.92474430846104,0.4034622159607549,1.0,14.777777777777779,False,ellipse,360.0,1.0,True,True,6.940132429541212,151.31618661620553,151.32444444444448,14.510690625899201,13.277228322572654
r557_svd_normalised_tr050_tid4_010,r557,4,10,False,36,circle,305.3435834358343,164.6531365313653,90.33333333333368,5.36227498846673,10.724549976933488,10.724549976933432,,1.0323827311807139e-07,1.0,89.77777777777777,False,circle,360.0,1.0,True,True,17.159279963093535,925.0133333333371,919.3244444444446,34.31855992618716,34.318559926186985
r557_svd_normalised_tr050_tid4_010,r557,4,10,False,37,circle,217.98686373677998,140.70914811273397,174.31450434584644,7.448894551442534,14.897789102885069,14.897789102885067,,1.4901161193847656e-08,1.0,175.0,False,circle,360.0,1.0,True,True,23.836462564616113,1784.980524501468,1792.0000000000005,47.672925129232226,47.67292512923222
r557_svd_normalised_tr050_tid4_010,r557,4,10,False,38,circle,387.6864686468647,115.53135313531354,22.444444444444535,2.6728801986938273,5.345760397387668,5.34576039738764,,1.0106459234841567e-07,1.0,22.22222222222222,False,circle,360.0,1.0,True,True,8.553216635820247,229.83111111111208,227.5555555555556,17.106433271640537,17.10643327164045
r557_svd_normalised_tr050_tid4_010,r557,4,10,False,39,circle,162.28213224236222,142.7742448602684,49.522786294519406,3.9703390873970275,7.940678174794055,7.940678174794055,,0.0,1.0,49.666666666666664,False,circle,360.0,1.0,True,True,12.70508507967049,507.1133316558788,508.58666666666676,25.41017015934098,25.41017015934098
r557_svd_normalised_tr050_tid4_010,r557,4,10,False,40,circle,310.20413204774684,139.9449656311751,48.14712698616623,3.9148060630180765,7.8296121260361815,7.829612126036124,,1.210576058124894e-07,1.0,48.22222222222222,False,circle,360.0,1.0,True,True,12.527379401657846,493.0265803383423,493.79555555555567,25.05475880331578,25.054758803315597
r557_svd_normalised_tr050_tid4_010,r557,4,10,False,41,ellipse,355.9239482200647,180.0906148867314,22.888888888888925,2.6992146296831723,5.645464889659052,5.162203474467574,21.33928476316538,0.40481570685924,1.0,22.77777777777778,False,ellipse,360.0,1.0,True,True,8.637486814986152,234.38222222222262,233.2444444444445,18.065487646908966,16.51905111829624
r557_svd_normalised_tr050_tid4_010,r557,4,10,False,42,circle,329.3795761078998,159.58574181117532,19.22222222222196,2.473585124420626,4.947170248841279,4.947170248841225,,1.48264681861791e-07,1.0,19.333333333333332,False,circle,360.0,1.0,True,True,7.9154723981460045,196.8355555555529,197.97333333333336,15.830944796292094,15.83094479629192
r557_svd_normalised_tr050_tid4_010,r557,4,10,False,43,circle,182.0403587443946,166.0597907324365,24.77777777777797,2.8083823857038706,5.616764771407741,5.616764771407741,,0.0,1.0,25.11111111111111,False,circle,360.0,1.0,True,True,8.986823634252387,253.72444444444648,257.13777777777784,17.973647268504774,17.973647268504774
r557_svd_normalised_tr050_tid4_010,r557,4,10,False,44,ellipse,217.56666666666666,194.1015873015873,23.333333333333396,2.72529460382209,5.667715895758523,5.241780508567852,7.333974751808086,0.3803348670574337,1.0,23.444444444444443,False,ellipse,360.0,1.0,True,True,8.720942732230688,238.93333333333402,240.07111111111115,18.136690866427273,16.77369762741713
r557_svd_normalised_tr050_tid4_010,r557,4,10,False,45,circle,228.3885949441505,144.01175778953555,125.99999999999947,6.333012368467115,12.666024736934231,12.66602473693423,,1.4901161193847656e-08,1.0,125.55555555555556,False,circle,360.0,1.0,True,True,20.265639579094767,1290.2399999999948,1285.688888888889,40.53127915818954,40.531279158189534
r557_svd_normalised_tr050_tid4_010,r557,4,10,False,46,circle,281.94847020933975,115.0354267310789,23.00000000000012,2.7057581899030123,5.411516379806034,5.411516379806014,,8.688795409866125e-08,1.0,23.0,False,circle,360.0,1.0,True,True,8.65842620768964,235.5200000000013,235.52000000000004,17.316852415379312,17.316852415379245
r557_svd_normalised_tr050_tid4_010,r557,4,10,False,47,circle,243.65620096128444,244.1092249105035,422.8193381520397,11.601188534089145,23.202377068178293,23.20237706817829,,1.4901161193847656e-08,1.0,331.3333333333333,True,circle,235.0,0.6527777777777778,True,True,37.12380330908527,4329.670022676887,3392.853333333334,74.24760661817054,74.24760661817054
r557_svd_normalised_tr050_tid4_010,r557,4,10,False,48,circle,277.52711569680537,129.83355609417677,21.27746626441757,2.6024657279023296,5.204931455804695,5.204931455804624,,1.6526187220825877e-07,1.0,21.11111111111111,False,circle,360.0,1.0,True,True,8.327890329287454,217.88125454763596,216.1777777777778,16.655780658575022,16.655780658574795
r557_svd_normalised_tr050_tid4_010,r557,4,10,False,49,circle,245.7959473139191,143.53181356084755,56.8560648060502,4.254156498916332,8.508312997832665,8.508312997832665,,0.0,1.0,57.22222222222222,False,circle,360.0,1.0,True,True,13.613300796532265,582.2061036139542,585.9555555555556,27.22660159306453,27.22660159306453
r557_svd_normalised_tr050_tid4_010,r557,4,10,False,50,circle,305.17806267806264,131.11396011396016,52.0000000000001,4.068428945128223,8.136857890256454,8.136857890256438,,6.322027276634104e-08,1.0,51.888888888888886,False,circle,360.0,1.0,True,True,13.018972624410313,532.4800000000012,531.3422222222223,26.037945248820655,26.037945248820606
r557_svd_normalised_tr050_tid4_010,r557,4,10,False,51,circle,207.91890945308097,155.3159251762179,16.49331861484799,2.2912848734029687,4.582569746805938,4.582569746805937,,2.1073424255447017e-08,1.0,16.333333333333332,False,circle,360.0,1.0,True,True,7.332111594889501,168.89158261604345,167.25333333333336,14.664223189779003,14.664223189779001
r557_svd_normalised_tr050_tid4_010,r557,4,10,False,52,circle,372.5093341389186,110.98590352928608,11.219278036572122,1.8897637722439211,3.779527544487844,3.7795275444878405,,4.2146848510894035e-08,1.0,11.555555555555555,False,circle,360.0,1.0,True,True,6.047244071180548,114.88540709449856,118.32888888888891,12.0944881423611,12.09448814236109
r557_svd_normalised_tr050_tid4_010,r557,4,10,False,53,circle,225.85784413164203,130.85670143684786,19.889876487604923,2.516176528183024,5.032353056366048,5.032353056366048,,0.0,1.0,19.555555555555557,False,circle,360.0,1.0,True,True,8.051764890185678,203.67233523307445,200.24888888888896,16.103529780371357,16.103529780371357
r557_svd_normalised_tr050_tid4_010,r557,4,10,False,54,circle,334.9338760611866,156.88524857254419,28.942355190057064,3.035232740077424,6.070465480154877,6.0704654801548195,,1.3818768405162847e-07,1.0,29.0,False,circle,360.0,1.0,True,True,9.712744768247758,296.36971714618437,296.96000000000004,19.425489536495608,19.425489536495423
r557_svd_normalised_tr050_tid4_010,r557,4,10,False,55,circle,351.4546351084813,207.1341222879684,37.555555555555785,3.4574997634790936,6.914999526958212,6.914999526958162,,1.2013700229374393e-07,1.0,37.22222222222222,False,circle,360.0,1.0,True,True,11.0639992431331,384.5688888888913,381.1555555555556,22.12799848626628,22.127998486266122
r557_svd_normalised_tr050_tid4_010,r557,4,10,False,56,circle,215.35530780686366,202.51010859035438,156.87120234424074,7.066374923800016,14.132749847600032,14.13274984760003,,1.4901161193847656e-08,1.0,157.22222222222223,False,circle,360.0,1.0,True,True,22.612399756160052,1606.3611120050255,1609.955555555556,45.224799512320104,45.2247995123201
r557_svd_normalised_tr050_tid4_010,r557,4,10,False,57,circle,321.6037168815762,245.40322731784192,54.95081590976497,4.182270670095818,8.364541340191636,8.364541340191636,,0.0,1.0,55.333333333333336,True,circle,337.0,0.9361111111111111,True,True,13.383266144306617,562.6963549159934,566.6133333333335,26.766532288613234,26.766532288613234
r557_svd_normalised_tr050_tid4_010,r557,4,10,False,58,ellipse,324.5382882882883,159.72972972972974,16.444444444444553,2.2878875058592403,4.745244385923005,4.4123579851819645,-13.74232869215814,0.3679428210726806,1.0,16.77777777777778,False,ellipse,360.0,1.0,True,True,7.321240018749569,168.39111111111225,171.8044444444445,15.184782034953617,14.119545552582288
r557_svd_normalised_tr050_tid4_010,r557,4,10,False,59,circle,363.75133536579835,217.79951426867223,62.313410065025295,4.453647321636737,8.907294643273513,8.907294643273433,,1.341104507446289e-07,1.0,62.0,False,circle,360.0,1.0,True,True,14.25167142923756,638.0893190658592,634.8800000000001,28.503342858475243,28.503342858474987
r557_svd_normalised_tr050_tid4_010,r557,4,10,False,60,circle,230.4273144544,161.30054093255163,36.82959424235247,3.4239193844888356,6.847838768977671,6.847838768977671,,0.0,1.0,37.0,False,circle,360.0,1.0,True,True,10.956542030364275,377.13504504168935,378.88000000000005,21.91308406072855,21.91308406072855
r557_svd_normalised_tr050_tid4_010,r557,4,10,False,61,ellipse,292.1676261012326,105.41369246323733,25.07731446294272,2.8253065519505003,5.89340159287385,5.417826690885268,-77.76912612201522,0.39354854501282427,1.0,25.11111111111111,False,ellipse,360.0,1.0,True,True,9.040980966241602,256.7917001005335,257.13777777777784,18.85888509719632,17.337045410832857
r557_svd_normalised_tr050_tid4_010,r557,4,10,False,62,circle,313.51483420593365,159.565445026178,21.22222222222202,2.599085058270045,5.198170116540114,5.198170116540067,,1.3493575361575808e-07,1.0,21.444444444444443,False,circle,360.0,1.0,True,True,8.317072186464143,217.31555555555352,219.59111111111113,16.634144372928365,16.634144372928215
r557_svd_normalised_tr050_tid4_010,r557,4,10,False,63,circle,331.62047960280313,234.82926502831356,47.953992084884746,3.906946347545364,7.813892695090756,7.813892695090701,,1.1827430029502171e-07,1.0,48.111111111111114,False,circle,360.0,1.0,True,True,12.502228312145165,491.0488789492199,492.6577777777779,25.00445662429042,25.004456624290242
r557_svd_normalised_tr050_tid4_010,r557,4,10,False,64,ellipse,276.72,109.52166666666666,22.22222222222226,2.6596152026762203,5.547141642678731,5.1006831856492,-82.48134429456275,0.3930535475753991,1.0,22.22222222222222,False,ellipse,360.0,1.0,True,True,8.510768648563905,227.555555555556,227.5555555555556,17.75085325657194,16.322186194077442
r557_svd_normalised_tr050_tid4_010,r557,4,10,False,65,ellipse,310.355000985927,127.49041425438696,16.347633839372687,2.2811430176087173,4.779255944857235,4.355166182204076,89.86755324768552,0.411821621503418,1.0,16.444444444444443,False,ellipse,360.0,1.0,True,True,7.299657656347896,167.39977051517636,168.39111111111112,15.293619023543153,13.936531783053045
r557_svd_normalised_tr050_tid4_010,r557,4,10,False,66,ellipse,337.6367742050479,179.1719597631314,13.318961858114507,2.0590185120932443,4.349670628176125,3.8987386361439333,1.0375554877622903,0.44338832436586334,1.0,13.333333333333334,False,ellipse,360.0,1.0,True,True,6.588859238698382,136.38616942709257,136.53333333333336,13.918946010163602,12.475963635660587
r557_svd_normalised_tr050_tid4_010,r557,4,10,False,67,ellipse,270.87213240808006,245.2005032189606,46.85790586429738,3.8620376334877005,8.298732667920012,7.189210824989086,-62.750447106723755,0.4995201725120326,1.0,47.0,False,ellipse,360.0,1.0,True,True,12.358520427160641,479.82495605040526,481.2800000000001,26.55594453734404,23.005474639965076
r557_svd_normalised_tr050_tid4_010,r557,4,10,False,68,ellipse,180.37342286608077,146.59973800015678,25.88904370864227,2.87066866013915,5.958464794854852,5.532122007951443,-7.105718483486669,0.37146353395213916,1.0,25.88888888888889,False,ellipse,360.0,1.0,True,True,9.18613971244528,265.1038075764969,265.1022222222223,19.06708734353553,17.70279042544462
r557_svd_normalised_tr050_tid4_010,r557,4,10,False,69,ellipse,2.239977768752945,74.79390586225423,51.06609337914687,4.031729451658069,10.816063163989764,6.011371096827464,-4.083537748872345,0.8313282061902684,1.0,50.0,True,ellipse,310.0,0.8611111111111112,True,True,12.90153424530582,522.9167962024641,512.0000000000001,34.611402124767245,19.236387509847887
r557_svd_normalised_tr050_tid4_010,r557,4,10,False,70,circle,326.4685714285714,143.2647619047619,19.444444444444347,2.4878422172674295,4.975684434534887,4.9756844345348314,,1.4975481660844222e-07,1.0,19.444444444444443,False,circle,360.0,1.0,True,True,7.961095095255775,199.11111111111015,199.11111111111114,15.92219019051164,15.922190190511461
r557_svd_normalised_tr050_tid4_010,r557,4,10,False,71,circle,206.9583612933281,144.00303007355873,17.485671546022935,2.3592079432855657,4.718415886571131,4.7184158865711305,,2.1073424255447017e-08,1.0,17.11111111111111,False,circle,360.0,1.0,True,True,7.549465418513811,179.05327663127488,175.2177777777778,15.098930837027622,15.098930837027618
r557_svd_normalised_tr050_tid4_010,r557,4,10,False,72,circle,258.20952075498263,119.8953689642113,88.69897910390986,5.313545138905284,10.627090277810574,10.627090277810563,,4.470348358154297e-08,1.0,89.0,False,circle,360.0,1.0,True,True,17.00334444449691,908.2775460240372,911.3600000000001,34.006688888993835,34.0066888889938
r557_svd_normalised_tr050_tid4_010,r557,4,10,False,73,circle,152.93993320419008,215.9303181147695,74.95969734010875,4.88471214389358,9.76942428778716,9.76942428778716,,0.0,1.0,74.77777777777777,False,circle,360.0,1.0,True,True,15.631078860459457,767.5873007627138,765.7244444444445,31.262157720918914,31.262157720918914
r557_svd_normalised_tr050_tid4_010,r557,4,10,False,74,circle,333.85438067015355,199.5102146816435,72.81086839959057,4.814189364079547,9.628378728159117,9.628378728159072,,9.657056180250437e-08,1.0,72.0,False,circle,360.0,1.0,True,True,15.40540596505455,745.5832924118076,737.2800000000002,30.810811930109175,30.810811930109033
r557_svd_normalised_tr050_tid4_010,r557,4,10,False,75,ellipse,324.05833333333334,166.09722222222223,13.333333333333387,2.0601290774570153,4.30993759819679,3.938926463863023,54.29780147411731,0.40590047800468465,1.0,13.444444444444445,False,ellipse,360.0,1.0,True,True,6.59241304786245,136.5333333333339,137.67111111111114,13.791800314229727,12.604564684361675
r557_svd_normalised_tr050_tid4_010,r557,4,10,False,76,circle,251.58721934369606,127.96833621185955,64.33333333333364,4.525255353143875,9.050510706287762,9.050510706287739,,7.146345858741878e-08,1.0,64.22222222222223,False,circle,360.0,1.0,True,True,14.4808171300604,658.7733333333366,657.6355555555557,28.96163426012084,28.961634260120764
r557_svd_normalised_tr050_tid4_010,r557,4,10,False,77,circle,237.8866813833701,173.35688005886678,50.33333333333325,4.002698790139486,8.005397580278972,8.005397580278972,,0.0,1.0,50.44444444444444,False,circle,360.0,1.0,True,True,12.808636128446356,515.4133333333326,516.5511111111111,25.61727225689271,25.61727225689271
r557_svd_normalised_tr050_tid4_010,r557,4,10,False,78,ellipse,293.21705426356584,118.09883720930236,19.111111111110976,2.4664256734439642,5.131499418202394,4.741893241608922,82.14596152192294,0.3822098165799506,1.0,19.11111111111111,False,ellipse,360.0,1.0,True,True,7.892562155020686,195.69777777777642,195.69777777777782,16.42079813824766,15.174058373148553
r557_svd_normalised_tr050_tid4_010,r557,4,10,False,79,circle,322.7882882882883,123.91891891891892,16.444444444444315,2.287887505859224,4.575775011718475,4.575775011718419,,1.562846970811712e-07,1.0,16.666666666666668,False,circle,360.0,1.0,True,True,7.321240018749517,168.3911111111098,170.6666666666667,14.642480037499121,14.642480037498942
r557_svd_normalised_tr050_tid4_010,r557,4,10,False,80,circle,57.62727339297295,139.34720950527998,77.92738460367998,4.980467540683089,9.960935081366186,9.96093508136617,,5.5755039852469285e-08,1.0,77.55555555555556,False,circle,360.0,1.0,True,True,15.937496130185886,797.9764183416831,794.1688888888891,31.874992260371798,31.874992260371744
r557_svd_normalised_tr050_tid4_010,r557,4,10,False,81,ellipse,355.2168284789644,140.13592233009706,11.444444444444262,1.9086329685268901,4.010218012974151,3.6335977712553857,8.499525433287886,0.4230960311840045,1.0,11.444444444444445,False,ellipse,360.0,1.0,True,True,6.107625499286049,117.19111111110927,117.19111111111114,12.832697641517283,11.627512868017234
r557_svd_normalised_tr050_tid4_010,r557,4,10,False,82,ellipse,327.90570136389135,150.10615282458411,29.12016779147471,3.044542214415363,6.318557254151516,5.867945432807139,-4.128246013328408,0.3708710292844221,1.0,29.0,False,ellipse,360.0,1.0,True,True,9.742535086129163,298.1905181847011,296.96000000000004,20.219383213284853,18.777425384982845
r557_svd_normalised_tr050_tid4_010,r557,4,10,False,83,circle,312.5118755118755,198.75593775593774,45.22222222222196,3.7940322097385466,7.588064419477106,7.588064419477082,,7.884953353001448e-08,1.0,45.22222222222222,False,circle,360.0,1.0,True,True,12.14090307116335,463.07555555555297,463.07555555555564,24.28180614232674,24.281806142326662
r557_svd_normalised_tr050_tid4_010,r557,4,10,False,84,ellipse,347.43545280757763,217.49832356512766,20.393585916545064,2.5478383017716832,5.359844671922129,4.844528458804657,29.39135123815248,0.42783653131722643,1.0,20.77777777777778,False,ellipse,360.0,1.0,True,True,8.153082565669386,208.8303197854215,212.7644444444445,17.151502950150814,15.502491068174903
r557_svd_normalised_tr050_tid4_010,r557,4,10,False,85,circle,204.30639730639734,122.99999999999999,10.999999999999922,1.871205159254771,3.742410318509542,3.742410318509542,,0.0,1.0,11.0,False,circle,360.0,1.0,True,True,5.987856509615267,112.63999999999922,112.64000000000001,11.975713019230534,11.975713019230534
r557_svd_normalised_tr050_tid4_010,r557,4,10,False,86,ellipse,176.19444444444443,159.60735735735742,49.333333333333556,3.9627374021502373,8.395648235753654,7.48163204433768,10.58842213861331,0.45374386518377224,1.0,49.111111111111114,False,ellipse,360.0,1.0,True,True,12.68075968688076,505.17333333333573,502.8977777777779,26.866074354411694,23.941222541880578
r557_svd_normalised_tr050_tid4_010,r557,4,10,False,87,circle,328.163768115942,183.7115942028985,25.55555555555555,2.8521195592493007,5.704239118498642,5.7042391184985615,,1.6858739404357614e-07,1.0,25.555555555555557,False,circle,360.0,1.0,True,True,9.126782589597763,261.68888888888887,261.688888888889,18.253565179195657,18.253565179195398
r557_svd_normalised_tr050_tid4_010,r557,4,10,False,88,circle,328.27218982172195,193.04216696435046,43.48255518144632,3.7203396606743553,7.440679321348739,7.440679321348682,,1.2377834115800373e-07,1.0,43.333333333333336,False,circle,360.0,1.0,True,True,11.905086914157938,445.2613650580104,443.73333333333346,23.810173828315968,23.810173828315783
r557_svd_normalised_tr050_tid4_010,r557,4,10,False,89,circle,255.27594964977624,175.0669263503604,29.878954891358564,3.0839531012580204,6.167906202516041,6.167906202516041,,0.0,1.0,30.22222222222222,False,circle,360.0,1.0,True,True,9.868649924025666,305.9604980875118,309.4755555555556,19.737299848051332,19.737299848051332
r557_svd_normalised_tr050_tid4_010,r557,4,10,False,90,ellipse,179.01494591267038,209.1361376600089,79.80120559009634,5.039991336174383,10.488525625263811,9.687353047039512,2.567014211440238,0.3833229513899327,1.0,79.55555555555556,False,ellipse,360.0,1.0,True,True,16.127972275758026,817.1643452425867,814.648888888889,33.5632820008442,30.999529750526438
r557_svd_normalised_tr050_tid4_010,r557,4,10,False,91,circle,267.400234741784,143.11502347417843,31.555555555555774,3.1692972876262715,6.338594575252543,6.338594575252543,,0.0,1.0,31.444444444444443,False,circle,360.0,1.0,True,True,10.141751320404069,323.1288888888912,321.99111111111114,20.283502640808138,20.283502640808138
r557_svd_normalised_tr050_tid4_010,r557,4,10,False,92,ellipse,320.3263909574576,155.0350495721849,20.28425770392305,2.540999756209832,5.525665160851734,4.673956581229532,8.181894335959583,0.5333999610826297,1.0,20.444444444444443,False,ellipse,360.0,1.0,True,True,8.131199219871462,207.71079888817206,209.35111111111112,17.682128514725548,14.956661059934502
r557_svd_normalised_tr050_tid4_010,r557,4,10,False,93,ellipse,161.18033473332304,176.78497925512315,55.74483661535665,4.212378496570338,9.06009792671595,7.83396945238095,3.7623910773128273,0.5023451437829445,1.0,55.77777777777778,False,ellipse,360.0,1.0,True,True,13.479611189025082,570.8271269412521,571.1644444444446,28.99231336549104,25.068702247619044
r557_svd_normalised_tr050_tid4_010,r557,4,10,False,94,ellipse,251.4037356321839,164.9094827586207,25.77777777777765,2.864493237994367,5.941868573223842,5.523731404960069,16.131217117085896,0.3684976632269365,1.0,26.333333333333332,False,ellipse,360.0,1.0,True,True,9.166378361581975,263.9644444444432,269.65333333333336,19.013979434316294,17.675940495872222
r557_svd_normalised_tr050_tid4_010,r557,4,10,False,95,circle,233.41452203108759,180.48644091713322,19.039473401885964,2.4617986537395034,4.923597307479007,4.923597307479007,,0.0,1.0,18.88888888888889,False,circle,360.0,1.0,True,True,7.877755691966411,194.9642076353123,193.42222222222227,15.755511383932822,15.755511383932822
r557_svd_normalised_tr050_tid4_010,r557,4,10,False,96,circle,256.755041003499,162.60829357359745,40.253448490322256,3.5795349708390276,7.159069941678069,7.159069941678041,,8.940696716308594e-08,1.0,40.22222222222222,False,circle,360.0,1.0,True,True,11.454511906684889,412.1953125409,411.87555555555565,22.909023813369824,22.909023813369732
r557_svd_normalised_tr050_tid4_010,r557,4,10,False,97,circle,154.59610321221697,182.461822011585,70.33333333333317,4.731574297024183,9.463148594048366,9.463148594048366,,0.0,1.0,69.88888888888889,False,circle,360.0,1.0,True,True,15.141037750477388,720.2133333333318,715.6622222222223,30.282075500954775,30.282075500954775
r557_svd_normalised_tr050_tid4_010,r557,4,10,False,98,circle,167.45490718921198,153.3885658417689,48.39674074828749,3.9249408962752312,7.8498817925504625,7.8498817925504625,,0.0,1.0,48.333333333333336,False,circle,360.0,1.0,True,True,12.55981086808074,495.58262526246403,494.93333333333345,25.11962173616148,25.11962173616148
r557_svd_normalised_tr050_tid4_010,r557,4,10,False,99,circle,269.133027726518,123.67656156457721,30.66500042281786,3.1242555584351686,6.248511116870355,6.248511116870319,,1.0641557616804317e-07,1.0,30.555555555555557,False,circle,360.0,1.0,True,True,9.99761778699254,314.00960432965496,312.88888888888897,19.995235573985138,19.995235573985024
r557_svd_normalised_tr050_tid4_010,r557,4,10,False,100,circle,198.82251173099766,162.20245475290582,20.712361148070944,2.5676739122482104,5.135347824496421,5.135347824496421,,0.0,1.0,20.77777777777778,False,circle,360.0,1.0,True,True,8.216556519194274,212.0945781562465,212.7644444444445,16.433113038388548,16.433113038388548
r557_svd_normalised_tr050_tid4_010,r557,4,10,False,101,circle,332.3798076923077,144.3573717948718,23.111111111111118,2.7122859634188132,5.424571926837654,5.424571926837599,,1.4214801809444213e-07,1.0,23.11111111111111,False,circle,360.0,1.0,True,True,8.679315082940203,236.65777777777788,236.65777777777782,17.358630165880495,17.358630165880317
r557_svd_normalised_tr050_tid4_010,r557,4,10,False,102,ellipse,167.3409961685824,207.16666666666666,19.333333333333368,2.480723913071874,5.1709964716442025,4.760390896905694,-27.040858163715683,0.39051987363047175,1.0,19.555555555555557,False,ellipse,360.0,1.0,True,True,7.9383165218299965,197.97333333333373,200.24888888888896,16.547188709261448,15.233250870098221
r557_svd_normalised_tr050_tid4_010,r557,4,10,False,103,ellipse,261.8754476933348,248.2290164304826,181.5313144815645,7.601526955251866,17.77083022186964,13.006305576046728,81.92686782676782,0.6814220324705282,1.0,112.77777777777777,True,ellipse,203.0,0.5638888888888889,True,True,24.32488625680597,1858.8806602912207,1154.8444444444447,56.866656709982855,41.62017784334953
r557_svd_normalised_tr050_tid4_010,r557,4,10,False,104,circle,292.67003764890364,184.64024364553836,18.145084728807536,2.4032810603052583,4.806562120610517,4.806562120610516,,2.1073424255447017e-08,1.0,18.555555555555557,False,circle,360.0,1.0,True,True,7.690499392976827,185.8056676229892,190.00888888888895,15.380998785953654,15.38099878595365
r557_svd_normalised_tr050_tid4_010,r557,4,10,False,105,circle,288.49523809523805,155.00952380952378,11.666666666666712,1.9270742950937063,3.854148590187413,3.8541485901874126,,1.4901161193847656e-08,1.0,11.555555555555555,False,circle,360.0,1.0,True,True,6.166637744299861,119.46666666666715,118.32888888888891,12.333275488599723,12.333275488599721
r557_svd_normalised_tr050_tid4_010,r557,4,10,False,106,ellipse,219.8518409903662,244.71706062867483,76.18142800448527,4.924357996472875,10.316145238908959,9.40246617931136,80.2017806512826,0.41145046007169406,1.0,75.55555555555556,False,ellipse,360.0,1.0,True,True,15.757945588713202,780.0978227659293,773.6888888888891,33.01166476450867,30.087891773796358
r557_svd_normalised_tr050_tid4_010,r557,4,10,False,107,circle,240.12425568973444,114.07310610927206,14.290454767954673,2.1327899640382455,4.265579928076505,4.265579928076477,,1.1542389828584841e-07,1.0,14.333333333333334,False,circle,360.0,1.0,True,True,6.824927884922386,146.33425682385587,146.77333333333337,13.649855769844818,13.649855769844727
r557_svd_normalised_tr050_tid4_010,r557,4,10,False,108,circle,275.65727699530515,150.49577464788732,39.444444444444244,3.543382088019002,7.0867641760380335,7.086764176037975,,1.2904784139758926e-07,1.0,39.77777777777778,False,circle,360.0,1.0,True,True,11.338822681660808,403.91111111110916,407.3244444444445,22.67764536332171,22.67764536332152
r557_svd_normalised_tr050_tid4_010,r557,4,10,False,109,circle,258.10586724139546,104.06467861851537,43.68395631973567,3.728945583431427,7.4578911668628685,7.45789116686284,,8.688795409866125e-08,1.0,43.55555555555556,False,circle,360.0,1.0,True,True,11.932625866980567,447.32371271409335,446.008888888889,23.86525173396118,23.865251733961088
r557_svd_normalised_tr050_tid4_010,r557,4,10,False,110,ellipse,246.8186375526007,102.08623035235361,303.04737678952046,9.821556700145278,20.552800982790817,18.77368950245537,50.9403405233154,0.406980086651833,1.0,302.8888888888889,False,ellipse,360.0,1.0,True,True,31.42898144046489,3103.20513832469,3101.582222222223,65.76896314493062,60.075806407857186
r557_svd_normalised_tr050_tid4_010,r557,4,10,False,111,ellipse,264.95,106.47619047619045,15.555555555555634,2.2251937260415207,4.621358984933398,4.285741172289308,-78.63287338351472,0.3741286472030032,1.0,15.444444444444445,False,ellipse,360.0,1.0,True,True,7.120619923332867,159.28888888888972,158.15111111111113,14.788348751786874,13.714371751325785
r557_svd_normalised_tr050_tid4_010,r557,4,10,False,112,circle,336.73741510769474,110.80331430097976,24.777340188135707,2.8083575867796,5.616715173559213,5.616715173559188,,9.541398640621973e-08,1.0,24.666666666666668,False,circle,360.0,1.0,True,True,8.98674427769472,253.71996352650967,252.58666666666673,17.973488555389483,17.9734885553894
r557_svd_normalised_tr050_tid4_010,r557,4,10,False,113,circle,280.950495049505,104.88118811881188,11.222222222222037,1.8900117137956325,3.7800234275913045,3.780023427591225,,2.0485709734063626e-07,1.0,11.333333333333334,False,circle,360.0,1.0,True,True,6.0480374841460245,114.91555555555368,116.05333333333336,12.096074968292175,12.096074968291921
r557_svd_normalised_tr050_tid4_010,r557,4,10,False,114,ellipse,176.26099625717723,200.79146801187235,55.33122334299004,4.19672198325277,8.710416742629523,8.088005855572952,53.49609732074816,0.3712221721806327,1.0,55.44444444444444,False,ellipse,360.0,1.0,True,True,13.429510346408865,566.5917270322182,567.7511111111112,27.873333576414474,25.88161873783345
r557_svd_normalised_tr050_tid4_010,r557,4,10,False,115,circle,185.2826086956522,139.46014492753625,10.222222222222227,1.8038387932686704,3.6076775865373407,3.6076775865373407,,0.0,1.0,10.333333333333334,False,circle,360.0,1.0,True,True,5.772284138459746,104.67555555555562,105.81333333333336,11.544568276919492,11.544568276919492
r557_svd_normalised_tr050_tid4_010,r557,4,10,False,116,circle,236.90512502228884,150.32850404364004,23.0612291893776,2.7093573478832753,5.418714695766551,5.418714695766551,,0.0,1.0,23.11111111111111,False,circle,360.0,1.0,True,True,8.669943513226482,236.14698689922665,236.65777777777782,17.339887026452963,17.339887026452963
r557_svd_normalised_tr050_tid4_010,r557,4,10,False,117,ellipse,14.952142492518089,66.32121628992803,434.53430722631913,11.760806344641596,24.706650000953847,22.39341486940917,69.42483128244203,0.42248060788065916,1.0,434.22222222222223,False,ellipse,360.0,1.0,True,True,37.63458030285311,4449.631305997509,4446.435555555557,79.06128000305232,71.65892758210934
r557_svd_normalised_tr050_tid4_010,r557,4,10,False,118,circle,169.4828750359773,184.28791816469766,71.98969182123359,4.786964655188403,9.573929310376807,9.573929310376807,,0.0,1.0,71.66666666666667,False,circle,360.0,1.0,True,True,15.318286896602892,737.1744442494321,733.8666666666669,30.636573793205784,30.636573793205784
r557_svd_normalised_tr050_tid4_010,r557,4,10,False,119,circle,336.86434108527135,130.48837209302323,19.111111111110926,2.466425673443961,4.93285134688795,4.932851346887894,,1.5049435106459375e-07,1.0,18.77777777777778,False,circle,360.0,1.0,True,True,7.892562155020676,195.6977777777759,192.2844444444445,15.78512431004144,15.785124310041262
r557_svd_normalised_tr050_tid4_010,r557,4,10,False,120,circle,219.2134292565947,176.89208633093526,15.44444444444438,2.2172323633942765,4.434464726788553,4.434464726788553,,0.0,1.0,15.444444444444445,False,circle,360.0,1.0,True,True,7.0951435628616855,158.15111111111048,158.15111111111113,14.190287125723371,14.190287125723371
r557_svd_normalised_tr050_tid4_010,r557,4,10,False,121,circle,296.6477239952455,131.55419081793215,12.5571054931548,1.9992625691299173,3.998525138259862,3.9985251382598066,,1.666000468656264e-07,1.0,12.444444444444445,False,circle,360.0,1.0,True,True,6.3976402212157355,128.58476024990517,127.43111111111114,12.79528044243156,12.795280442431382
r557_svd_normalised_tr050_tid4_010,r557,4,10,False,122,ellipse,267.9304029304029,110.84249084249086,10.111111111111239,1.7940085359243638,3.721499745620878,3.4593221517821444,-82.87677477233677,0.3686946796392259,1.0,10.11111111111111,False,ellipse,360.0,1.0,True,True,5.740827314957965,103.5377777777791,103.53777777777779,11.90879918598681,11.069830885702864
r557_svd_normalised_tr050_tid4_010,r557,4,10,False,123,ellipse,267.81585081585087,200.78205128205127,31.777777777777697,3.1804372069918645,6.614626688028838,6.1168566600589465,-49.76455197616511,0.3805822557685412,1.0,31.77777777777778,False,ellipse,360.0,1.0,True,True,10.177399062373967,325.4044444444437,325.4044444444445,21.166805401692283,19.57394131218863
r557_svd_normalised_tr050_tid4_010,r557,4,10,False,124,circle,183.65724300382152,246.11944657878485,170.150429748425,7.359386110766593,14.718772221533186,14.718772221533186,,0.0,1.0,132.66666666666666,True,circle,235.0,0.6527777777777778,True,True,23.5500355544531,1742.3404006238725,1358.506666666667,47.1000711089062,47.1000711089062
r557_svd_normalised_tr050_tid4_010,r557,4,10,False,125,circle,310.65058949624864,112.56913183279742,34.55555555555564,3.3165305600742734,6.633061120148585,6.633061120148509,,1.519626234052415e-07,1.0,34.333333333333336,False,circle,360.0,1.0,True,True,10.612897792237675,353.84888888888986,351.57333333333344,21.225795584475474,21.22579558447523
r557_svd_normalised_tr050_tid4_010,r557,4,10,False,126,ellipse,202.72604917155016,111.61769788526479,41.794918436579195,3.647428646403976,7.794791383757844,6.826987446170573,71.99503608479628,0.48260220423554956,1.0,42.333333333333336,False,ellipse,360.0,1.0,True,True,11.671771668492724,427.97996479057105,433.49333333333345,24.9433324280251,21.846359827745836
r557_svd_normalised_tr050_tid4_010,r557,4,10,False,127,circle,150.61072261072263,95.4172494172494,15.888888888888863,2.2489087162019517,4.497817432403903,4.497817432403903,,0.0,1.0,15.666666666666666,False,circle,360.0,1.0,True,True,7.196507891846245,162.702222222222,160.4266666666667,14.39301578369249,14.39301578369249
r557_svd_normalised_tr050_tid4_010,r557,4,10,False,128,circle,271.60983697325037,180.29865335797203,47.77464370508244,3.89963349562955,7.799266991259137,7.799266991259063,,1.3818768405162847e-07,1.0,47.77777777777778,False,circle,360.0,1.0,True,True,12.478827186014561,489.21235154004427,489.2444444444445,24.95765437202924,24.957654372029
r557_svd_normalised_tr050_tid4_010,r557,4,10,False,129,circle,166.1099908714659,217.23258371442918,20.618610515218574,2.561856273557737,5.123712547115474,5.123712547115474,,0.0,1.0,20.666666666666668,False,circle,360.0,1.0,True,True,8.197940075384759,211.13457167583823,211.62666666666672,16.395880150769518,16.395880150769518
r557_svd_normalised_tr050_tid4_010,r557,4,10,False,130,ellipse,174.47367526810933,148.48366224216966,24.985723495424597,2.8201423371965233,5.856398291561622,5.432146111720504,-24.765569325685533,0.37368047708781904,1.0,25.11111111111111,False,ellipse,360.0,1.0,True,True,9.024455479028875,255.85380859314793,257.13777777777784,18.740474532997194,17.382867557505616
r557_svd_normalised_tr050_tid4_010,r557,4,10,False,131,ellipse,204.89592012535041,188.93787490158422,32.38222826781472,3.2105425389341335,6.774346590430189,6.086245075719442,-80.79005872032701,0.4391261692861494,1.0,32.0,False,ellipse,360.0,1.0,True,True,10.273736124589227,331.59401746242276,327.68000000000006,21.677909089376605,19.475984242302218
r557_svd_normalised_tr050_tid4_010,r557,4,10,False,132,circle,364.51001763557446,231.20003769019854,15.589351627919566,2.2276096476632006,4.455219295326401,4.455219295326401,,0.0,1.0,16.11111111111111,False,circle,360.0,1.0,True,True,7.128350872522242,159.63496066989637,164.97777777777782,14.256701745044484,14.256701745044484
r557_svd_normalised_tr050_tid4_010,r557,4,10,False,133,circle,396.08841598268305,111.92994935726088,30.39840104726594,3.1106448812946237,6.22128976258928,6.221289762589215,,1.444721179430583e-07,1.0,30.666666666666668,False,circle,360.0,1.0,True,True,9.954063620142797,311.27962672400326,314.02666666666676,19.908127240285697,19.90812724028549
r557_svd_normalised_tr050_tid4_010,r557,4,10,False,134,circle,287.0672926447574,178.37245696400623,23.666666666666824,2.7446919632294677,5.4893839264589355,5.4893839264589355,,0.0,1.0,23.666666666666668,False,circle,360.0,1.0,True,True,8.783014282334298,242.3466666666683,242.34666666666672,17.566028564668596,17.566028564668596
r557_svd_normalised_tr050_tid4_010,r557,4,10,False,135,ellipse,162.12353305577804,125.46973892737198,73.36393100934262,4.832438776599174,10.242321596265237,9.119988787735224,39.671149526411796,0.4551358132222554,1.0,73.44444444444444,False,ellipse,360.0,1.0,True,True,15.463804085117358,751.2466535356685,752.0711111111112,32.77542910804876,29.18396412075272
r557_svd_normalised_tr050_tid4_010,r557,4,10,False,136,ellipse,339.9170305676856,206.71834061135365,50.88888888888925,4.024728118797829,8.466351774682343,7.653089246152743,41.35272875595257,0.42765549889287274,1.0,50.77777777777778,False,ellipse,360.0,1.0,True,True,12.879129980153053,521.102222222226,519.9644444444446,27.0923256789835,24.48988558768878
r557_svd_normalised_tr050_tid4_010,r557,4,10,False,137,circle,188.81169652108275,208.83989951416748,66.30101812318892,4.593938346632626,9.187876693265252,9.187876693265252,,0.0,1.0,67.11111111111111,False,circle,360.0,1.0,True,True,14.700602709224405,678.9224255814547,687.217777777778,29.40120541844881,29.40120541844881
r557_svd_normalised_tr050_tid4_010,r557,4,10,False,138,circle,256.43283582089555,197.7985074626865,14.888888888888836,2.176988867133985,4.35397773426797,4.3539777342679695,,2.1073424255447017e-08,1.0,14.88888888888889,False,circle,360.0,1.0,True,True,6.966364374828753,152.4622222222217,152.46222222222227,13.932728749657507,13.932728749657503
r557_svd_normalised_tr050_tid4_010,r557,4,10,False,139,ellipse,330.8831908831908,188.87464387464394,13.000000000000156,2.034214472564122,4.231874772712152,3.911295813450851,56.746020018837754,0.3817960806798069,1.0,13.11111111111111,False,ellipse,360.0,1.0,True,True,6.5094863122051905,133.12000000000162,134.2577777777778,13.541999272678888,12.516146603042724
r557_svd_normalised_tr050_tid4_010,r557,4,10,False,140,circle,221.68686868686868,214.5050505050505,55.00000000000016,4.184141935942009,8.368283871884017,8.368283871884017,,0.0,1.0,55.22222222222222,False,circle,360.0,1.0,True,True,13.389254195014429,563.2000000000018,565.4755555555556,26.778508390028858,26.778508390028858
r557_svd_normalised_tr050_tid4_010,r557,4,10,False,141,ellipse,361.1134286623573,131.5431918033002,58.5775071143941,4.318078232560519,9.060110809102616,8.232040431019762,34.27223538432608,0.4176616770141749,1.0,58.666666666666664,False,ellipse,360.0,1.0,True,True,13.817850344193662,599.8336728513957,600.7466666666668,28.99235458912837,26.34252937926324
r557_svd_normalised_tr050_tid4_010,r557,4,10,False,142,circle,59.03083272638991,73.8174314153921,152.55555555555537,6.968496360449202,13.936992720898415,13.936992720898395,,5.3726900748371916e-08,1.0,152.11111111111111,False,circle,360.0,1.0,True,True,22.299188353437447,1562.1688888888873,1557.6177777777782,44.59837670687493,44.598376706874866
r557_svd_normalised_tr050_tid4_010,r557,4,10,False,143,circle,251.23401231422264,181.97882452787513,17.861492592910057,2.3844264875063397,4.768852975012679,4.768852975012679,,0.0,1.0,18.0,False,circle,360.0,1.0,True,True,7.630164760020287,182.90168415139902,184.32000000000005,15.260329520040575,15.260329520040575
r557_svd_normalised_tr050_tid4_010,r557,4,10,False,144,ellipse,190.4881437045327,185.09014747015186,48.36068125041822,3.923478424127142,8.299124354169182,7.419425128559723,-59.48219132437407,0.44806504654776974,1.0,48.22222222222222,False,ellipse,360.0,1.0,True,True,12.555130957206856,495.2133760042826,493.79555555555567,26.557197933341385,23.742160411391115
r557_svd_normalised_tr050_tid4_010,r557,4,10,False,145,ellipse,173.5357866174491,234.65927290455053,24.987432523967353,2.8202387847005435,5.8786798183467885,5.41192720032571,-73.66146225895028,0.3905010626711192,1.0,25.11111111111111,False,ellipse,360.0,1.0,True,True,9.024764111041739,255.87130904542573,257.13777777777784,18.811775418709725,17.318167041042273
r557_svd_normalised_tr050_tid4_010,r557,4,10,False,146,ellipse,320.69776119402985,219.03482587064676,29.777777777777853,3.0787271810361307,6.471964950271008,5.858227680824367,44.94008630790128,0.425050001960264,1.0,29.88888888888889,False,ellipse,360.0,1.0,True,True,9.85192697931562,304.92444444444527,306.06222222222226,20.710287840867228,18.746328578637975
r557_svd_normalised_tr050_tid4_010,r557,4,10,False,147,ellipse,275.6085626911315,217.10091743119267,12.11111111111112,1.9634373937910583,4.090051675755453,3.77020801198065,9.28699500802071,0.38766672729210416,1.0,12.222222222222221,False,ellipse,360.0,1.0,True,True,6.282999660131387,124.0177777777779,125.15555555555557,13.08816536241745,12.06466563833808
r557_svd_normalised_tr050_tid4_010,r557,4,10,False,148,ellipse,53.504033425136285,104.55519612578802,18.18622213016466,2.4060038022342876,5.128115697593007,4.515385094827695,-89.3913353926967,0.4740174516528804,1.0,18.444444444444443,False,ellipse,360.0,1.0,True,True,7.699212167149721,186.22691461288613,188.87111111111113,16.40997023229762,14.449232303448625
r557_svd_normalised_tr050_tid4_010,r557,4,10,False,149,ellipse,246.58823529411768,187.7516339869281,17.0000000000001,2.326213245840646,4.8475694036417005,4.465139218891264,-2.7532622306858343,0.3893050644015228,1.0,16.88888888888889,False,ellipse,360.0,1.0,True,True,7.443882386690068,174.08000000000106,172.94222222222226,15.512222091653442,14.288445500452045
r557_svd_normalised_tr050_tid4_010,r557,4,10,False,150,ellipse,177.89904024643215,216.63989788333924,14.813826511888672,2.1714942852666463,4.587543916758556,4.11147011691387,88.75258182014858,0.44360039231308573,1.0,14.88888888888889,False,ellipse,360.0,1.0,True,True,6.948781712853268,151.69358348174003,152.46222222222227,14.68014053362738,13.156704374124386
r557_svd_normalised_tr050_tid4_010,r557,4,10,False,151,circle,324.1847389558233,134.1767068273092,9.222222222222333,1.7133372423189825,3.426674484638006,3.4266744846379247,,2.1798519549262216e-07,1.0,9.222222222222221,False,circle,360.0,1.0,True,True,5.482679175420745,94.43555555555672,94.43555555555557,10.965358350841619,10.96535835084136
r557_svd_normalised_tr050_tid4_010,r557,4,10,False,152,circle,167.32657657657657,123.29279279279281,16.4444444444445,2.2878875058592367,4.5757750117184735,4.575775011718473,,2.1073424255447017e-08,1.0,16.11111111111111,False,circle,360.0,1.0,True,True,7.321240018749558,168.3911111111117,164.97777777777782,14.642480037499116,14.642480037499112
r557_svd_normalised_tr050_tid4_010,r557,4,10,False,153,ellipse,359.85769230769233,121.9724358974359,57.77777777777801,4.2885006550538,9.468676279831268,7.769296288044437,-16.621660145617426,0.5716090208980986,1.0,57.666666666666664,False,ellipse,360.0,1.0,True,True,13.723202096172159,591.644444444447,590.5066666666668,30.29976409546006,24.8617481217422
r557_svd_normalised_tr050_tid4_010,r557,4,10,False,154,ellipse,344.53594771241836,200.06535947712428,11.333333333333544,1.8993451617376873,4.003916368838146,3.6039834113350246,-89.29892328386384,0.43565328306784024,1.0,11.666666666666666,False,ellipse,360.0,1.0,True,True,6.0779045175606,116.0533333333355,119.46666666666668,12.812532380282068,11.53274691627208
r557_svd_normalised_tr050_tid4_010,r557,4,10,False,155,circle,169.63783588751082,159.41572126271288,13.499917280394374,2.072958545898331,4.145917091796662,4.145917091796662,,0.0,1.0,13.666666666666666,False,circle,360.0,1.0,True,True,6.633467346874659,138.23915295123842,139.9466666666667,13.266934693749318,13.266934693749318
r557_svd_normalised_tr050_tid4_010,r557,4,10,False,156,circle,67.27363184079601,9.034825870646767,22.333333333333297,2.666255950098936,5.332511900197876,5.3325119001978685,,5.1619136559035694e-08,1.0,22.22222222222222,False,circle,360.0,1.0,True,True,8.532019040316596,228.69333333333302,227.5555555555556,17.064038080633203,17.06403808063318
r557_svd_normalised_tr050_tid4_010,r557,4,10,False,157,circle,221.88135593220335,163.11864406779662,19.666666666666583,2.502018071134018,5.004036142268036,5.004036142268035,,2.1073424255447017e-08,1.0,19.555555555555557,False,circle,360.0,1.0,True,True,8.006457827628857,201.38666666666583,200.24888888888896,16.012915655257714,16.01291565525771
r557_svd_normalised_tr050_tid4_010,r557,4,10,False,158,circle,155.70464135021098,205.04430379746833,17.555555555555316,2.3639176996634266,4.727835399326853,4.727835399326853,,0.0,1.0,17.333333333333332,False,circle,360.0,1.0,True,True,7.564536638922966,179.76888888888647,177.49333333333337,15.129073277845931,15.129073277845931
r557_svd_normalised_tr050_tid4_010,r557,4,10,False,159,ellipse,154.2748538011696,113.93786549707603,50.66666666666653,4.015930888346896,8.581441032098251,7.517479099211521,47.07015104013257,0.48228215768262434,1.0,50.22222222222222,False,ellipse,360.0,1.0,True,True,12.850978842710067,518.8266666666653,514.2755555555557,27.460611302714405,24.05593311747687
r557_svd_normalised_tr050_tid4_010,r557,4,10,False,160,circle,209.06718346253234,193.54263565891472,14.333333333333403,2.135987289748628,4.271974579497256,4.271974579497256,,0.0,1.0,14.333333333333334,False,circle,360.0,1.0,True,True,6.835159327195609,146.77333333333408,146.77333333333337,13.670318654391219,13.670318654391219
r557_svd_normalised_tr050_tid4_010,r557,4,10,False,161,ellipse,352.52973720608577,223.44260027662517,26.777777777777892,2.919525885601859,6.317319972972213,5.396992036601918,37.437234717469494,0.5197527809070053,1.0,27.11111111111111,False,ellipse,360.0,1.0,True,True,9.34248283392595,274.20444444444564,277.6177777777778,20.215423913511085,17.27037451712614
r557_svd_normalised_tr050_tid4_010,r557,4,10,False,162,ellipse,342.84976865218664,162.1804255390413,16.501621990671403,2.291861561634679,4.972827802478373,4.225064390993575,82.35926278033477,0.5273790118460561,1.0,15.88888888888889,False,ellipse,360.0,1.0,True,True,7.333956997230974,168.9766091844752,162.70222222222225,15.913048967930795,13.520206051179441
r557_svd_normalised_tr050_tid4_010,r557,4,10,False,163,ellipse,326.57142857142856,115.42285714285713,19.444444444444517,2.487842217267441,5.225782576270978,4.737555615974202,64.32301616324222,0.4220481281583163,1.0,19.11111111111111,False,ellipse,360.0,1.0,True,True,7.9610950952558115,199.1111111111119,195.69777777777782,16.72250424406713,15.160177971117447
r557_svd_normalised_tr050_tid4_010,r557,4,10,False,164,ellipse,255.37083333333328,132.90833333333336,8.888888888888946,1.6820883480134454,3.5718230859206783,3.1686017391796844,88.85734680308894,0.46155711775585617,1.0,9.11111111111111,False,ellipse,360.0,1.0,True,True,5.3826827136430255,91.02222222222282,93.2977777777778,11.429833874946171,10.13952556537499
r557_svd_normalised_tr050_tid4_010,r557,4,10,False,165,circle,249.00841367268873,103.96802472526075,50.27499790902593,4.000378589872758,8.000757179745536,8.000757179745497,,9.8843121241194e-08,1.0,49.55555555555556,False,circle,360.0,1.0,True,True,12.801211487592827,514.8159785884257,507.44888888888903,25.602422975185718,25.60242297518559
r557_svd_normalised_tr050_tid4_010,r557,4,10,False,166,circle,307.6274585422291,99.63285769379098,288.11111111111177,9.57646150653066,19.152923013061336,19.1529230130613,,6.143906154658885e-08,1.0,287.77777777777777,False,circle,360.0,1.0,True,True,30.644676820898113,2950.257777777785,2946.844444444445,61.28935364179628,61.28935364179617
r557_svd_normalised_tr050_tid4_010,r557,4,10,False,167,ellipse,343.1037037037037,227.51111111111106,10.000000000000245,1.7841241161527932,3.7233231310721124,3.4196321401966823,17.570903924949846,0.395570768644883,1.0,10.0,False,ellipse,360.0,1.0,True,True,5.709197171688938,102.40000000000254,102.40000000000002,11.91463401943076,10.942822848629383
r557_svd_normalised_tr050_tid4_010,r557,4,10,False,168,circle,201.01912858660998,210.43606092809068,104.55555555555527,5.7689745179513325,11.537949035902665,11.537949035902663,,1.4901161193847656e-08,1.0,104.77777777777777,False,circle,360.0,1.0,True,True,18.460718457444266,1070.6488888888862,1072.9244444444446,36.92143691488853,36.921436914888524
r557_svd_normalised_tr050_tid4_010,r557,4,10,False,169,ellipse,35.50958441354388,67.77429491711838,942.888888888889,17.32428511962855,36.10389012802276,33.25191316968146,-56.177593289132915,0.38954749008598827,1.0,942.5555555555555,False,ellipse,360.0,1.0,True,True,55.437712382811355,9655.182222222225,9651.768888888892,115.53244840967284,106.40612214298068
r557_svd_normalised_tr050_tid4_010,r557,4,10,False,170,ellipse,266.8055808414692,116.33471798535133,9.476272613838482,1.736776110256443,3.8035483643522467,3.17218656707808,70.7686204366617,0.5517536207698517,1.0,9.444444444444445,False,ellipse,360.0,1.0,True,True,5.557683552820618,97.03703156570607,96.71111111111114,12.171354765927191,10.150997014649857
r557_svd_normalised_tr050_tid4_010,r557,4,10,False,171,ellipse,235.49174917491752,121.63696369636968,11.22222222222212,1.8900117137956391,3.939973202071252,3.626567080615519,15.54453696958106,0.3908491247261882,1.0,10.88888888888889,False,ellipse,360.0,1.0,True,True,6.048037484146046,114.91555555555453,111.50222222222224,12.607914246628006,11.605014657969662
r557_svd_normalised_tr050_tid4_010,r557,4,10,False,172,circle,193.87301587301587,162.15555555555554,11.666666666666575,1.9270742950936952,3.854148590187391,3.85414859018739,,2.1073424255447017e-08,1.0,12.0,False,circle,360.0,1.0,True,True,6.166637744299825,119.46666666666576,122.88000000000002,12.333275488599652,12.333275488599648
r557_svd_normalised_tr050_tid4_010,r557,4,10,False,173,circle,308.11076639001885,132.84336058431734,15.199514364329684,2.1995807980973723,4.399161596194745,4.399161596194745,,0.0,1.0,15.222222222222221,False,circle,360.0,1.0,True,True,7.038658553911592,155.64302709073598,155.87555555555556,14.077317107823184,14.077317107823184
r557_svd_normalised_tr050_tid4_010,r557,4,10,False,174,circle,191.71443173737777,235.17478836903393,346.07604857805296,10.49568614402203,20.99137228804406,20.99137228804406,,0.0,1.0,345.77777777777777,False,circle,360.0,1.0,True,True,33.5861956608705,3543.818737439263,3540.764444444445,67.172391321741,67.172391321741
r557_svd_normalised_tr050_tid4_010,r557,4,10,False,175,circle,170.53684210526316,209.51228070175443,21.111111111111153,2.592272241681253,5.184544483362507,5.184544483362506,,2.1073424255447017e-08,1.0,21.11111111111111,False,circle,360.0,1.0,True,True,8.29527117338001,216.17777777777826,216.1777777777778,16.590542346760024,16.59054234676002
r557_svd_normalised_tr050_tid4_010,r557,4,10,False,176,circle,242.35233406701985,176.32958850473327,9.97558530740244,1.7819448430902582,3.5638896861805165,3.5638896861805165,,0.0,1.0,10.11111111111111,False,circle,360.0,1.0,True,True,5.702223497888827,102.149993547801,103.53777777777779,11.404446995777654,11.404446995777654
r557_svd_normalised_tr050_tid4_010,r557,4,10,False,177,circle,280.3841801016355,160.41947903427118,19.56594524148371,2.495602893670177,4.991205787340355,4.991205787340354,,2.1073424255447017e-08,1.0,19.555555555555557,False,circle,360.0,1.0,True,True,7.985929259744566,200.35527927279324,200.24888888888896,15.971858519489135,15.971858519489132
r557_svd_normalised_tr050_tid4_010,r557,4,10,False,178,circle,242.02111613876318,103.34238310708898,24.55555555555553,2.7957603785139793,5.59152075702797,5.591520757027947,,9.06402249678704e-08,1.0,24.555555555555557,False,circle,360.0,1.0,True,True,8.946433211244734,251.44888888888866,251.44888888888894,17.892866422489504,17.89286642248943
r557_svd_normalised_tr050_tid4_010,r557,4,10,False,179,circle,308.04626201056413,248.9925897768849,29.74659405666262,3.07711471488011,6.154229429760221,6.15422942976022,,1.4901161193847656e-08,1.0,18.22222222222222,True,circle,199.0,0.5527777777777778,True,True,9.846767087616353,304.60512314022526,186.5955555555556,19.69353417523271,19.693534175232706
r557_svd_normalised_tr050_tid4_010,r557,4,10,False,180,circle,275.20011484395934,176.77603468937917,53.339782052410925,4.120507244766246,8.241014489532517,8.241014489532468,,1.0950072449966572e-07,1.0,53.22222222222222,False,circle,360.0,1.0,True,True,13.18562318325199,546.199368216688,544.9955555555556,26.371246366504057,26.371246366503897
r557_svd_normalised_tr050_tid4_010,r557,4,10,False,181,circle,318.95560233747756,164.36186403826105,17.99605030774458,2.3933910514614922,4.7867821029229844,4.7867821029229844,,0.0,1.0,18.22222222222222,False,circle,360.0,1.0,True,True,7.658851364676775,184.27955515130452,186.5955555555556,15.31770272935355,15.31770272935355
r557_svd_normalised_tr050_tid4_010,r557,4,10,False,182,ellipse,179.81337544514702,173.21377031248917,50.61144742871307,4.013741903838682,8.565339995968467,7.523402026405618,53.087112941863325,0.47801042639015606,1.0,50.77777777777778,False,ellipse,360.0,1.0,True,True,12.843974092283782,518.261221670022,519.9644444444446,27.409087987099095,24.07488648449798
r557_svd_normalised_tr050_tid4_010,r557,4,10,False,183,ellipse,44.50740623036333,69.75453250033617,1814.783533208421,24.03463209420502,55.96947411215367,41.28418564349894,76.86781528438098,0.6752164142838317,1.0,1814.5555555555557,False,ellipse,360.0,1.0,True,True,76.91082270145607,18583.383380054234,18581.048888888894,179.10231715889176,132.1093940591966
r557_svd_normalised_tr050_tid4_010,r557,4,10,False,184,ellipse,226.797985493277,235.32890411422537,75.68175068232793,4.908181888019414,10.197797995941034,9.449196563991684,-80.7014576766415,0.3760685228532818,1.0,75.77777777777777,False,ellipse,360.0,1.0,True,True,15.706182041662126,774.9811269870381,775.9644444444446,32.63295358701131,30.23742900477339
r557_svd_normalised_tr050_tid4_010,r557,4,10,False,185,circle,342.79761904761915,235.20238095238102,9.333333333333421,1.7236276486088116,3.447255297217652,3.4472552972175943,,1.831085343278126e-07,1.0,9.333333333333334,False,circle,360.0,1.0,True,True,5.5156084755481976,95.57333333333425,95.57333333333335,11.031216951096487,11.031216951096303
r557_svd_normalised_tr050_tid4_010,r557,4,10,False,186,ellipse,281.2624679302462,222.0416337009284,64.72826279624724,4.539123920267869,9.832636142666457,8.381738392268247,86.30449718109733,0.5228240615448022,1.0,64.66666666666667,False,ellipse,360.0,1.0,True,True,14.525196544857181,662.8174110335718,662.1866666666668,31.464435656532665,26.821562855258392
r557_svd_normalised_tr050_tid4_010,r557,4,10,False,187,circle,279.3943673091155,144.3753527070269,12.9573896760508,2.030877946362793,4.061755892725614,4.061755892725557,,1.6726511955740786e-07,1.0,12.777777777777779,False,circle,360.0,1.0,True,True,6.4988094283609374,132.68367028276023,130.8444444444445,12.997618856721965,12.997618856721784
r557_svd_normalised_tr050_tid4_010,r557,4,10,False,188,ellipse,182.9108447361017,224.8944277076713,55.07388041172936,4.186951230377215,9.24693854744862,7.583292790626034,-61.46818629351105,0.5722390613734263,1.0,55.0,False,ellipse,360.0,1.0,True,True,13.398243937207088,563.9565354161087,563.2000000000002,29.590203351835584,24.266536930003312
r557_svd_normalised_tr050_tid4_010,r557,4,10,False,189,ellipse,349.29102564102567,197.26153846153846,28.88888888888908,3.0324278943114966,6.3861443678192655,5.759731321162455,-9.991250262492088,0.4319227514231815,1.0,28.77777777777778,False,ellipse,360.0,1.0,True,True,9.70376926179679,295.82222222222424,294.6844444444445,20.435661977021653,18.431140227719858
r557_svd_normalised_tr050_tid4_010,r557,4,10,False,190,circle,163.8370146560529,239.83282089842564,78.09514246579865,4.985825499332612,9.971650998665224,9.971650998665222,,2.1073424255447017e-08,1.0,78.66666666666667,False,circle,360.0,1.0,True,True,15.95464159786436,799.6942588497783,805.5466666666669,31.90928319572872,31.90928319572871
r557_svd_normalised_tr050_tid4_010,r557,4,10,False,191,circle,317.08015267175574,108.36259541984732,29.11111111111121,3.044068735173615,6.088137470347239,6.088137470347221,,7.598131170262075e-08,1.0,29.11111111111111,False,circle,360.0,1.0,True,True,9.741019952555568,298.09777777777884,298.0977777777778,19.482039905111165,19.482039905111108
r557_svd_normalised_tr050_tid4_010,r557,4,10,False,192,circle,354.2675447471013,193.71567569386673,11.138496826215883,1.8829481291345473,3.7658962582690947,3.7658962582690947,,0.0,1.0,11.222222222222221,False,circle,360.0,1.0,True,True,6.0254340132305515,114.05820750045066,114.91555555555557,12.050868026461103,12.050868026461103
r557_svd_normalised_tr050_tid4_010,r557,4,10,False,193,ellipse,346.9324324324325,191.28603603603602,16.444444444444187,2.287887505859215,4.7969254830606864,4.364820139859135,59.99388935859804,0.4147830119761731,1.0,16.555555555555557,False,ellipse,360.0,1.0,True,True,7.321240018749489,168.3911111111085,169.52888888888893,15.350161545794197,13.967424447549233
r557_svd_normalised_tr050_tid4_010,r557,4,10,False,194,circle,298.99312380538333,177.68784077645157,9.97075237870141,1.7815131363061028,3.5630262726122055,3.563026272612205,,1.4901161193847656e-08,1.0,10.222222222222221,False,circle,360.0,1.0,True,True,5.700842036179529,102.10050435790247,104.67555555555556,11.401684072359059,11.401684072359057
r557_svd_normalised_tr050_tid4_010,r557,4,10,False,195,circle,200.40099748802183,251.90694652485638,131.7961182761985,6.477036931187143,12.954073862374287,12.954073862374287,,0.0,1.0,35.44444444444444,True,circle,137.0,0.38055555555555554,False,True,20.72651817979886,1349.5922511482731,362.9511111111112,41.45303635959772,41.45303635959772
r557_svd_normalised_tr050_tid4_010,r557,4,10,False,196,circle,164.45392084000866,184.39655857786295,30.701442268614024,3.1261114174323263,6.252222834864654,6.252222834864653,,1.4901161193847656e-08,1.0,30.555555555555557,False,circle,360.0,1.0,True,True,10.003556535783446,314.3827688306077,312.88888888888897,20.00711307156689,20.00711307156689
r557_svd_normalised_tr050_tid4_010,r557,4,10,False,197,circle,237.8005061626791,165.7995266883539,10.658043218441296,1.8418904755180128,3.6837809510360255,3.683780951036025,,1.4901161193847656e-08,1.0,10.222222222222221,False,circle,360.0,1.0,True,True,5.894049521657641,109.1383625568389,104.67555555555556,11.788099043315283,11.788099043315281
r557_svd_normalised_tr050_tid4_010,r557,4,10,False,198,ellipse,67.35460992907802,100.76028368794326,26.11111111111109,2.882954180334832,6.080727068980111,5.467388824806515,-74.53693050372397,0.4376733255788626,1.0,25.77777777777778,False,ellipse,360.0,1.0,True,True,9.225453377071464,267.3777777777776,263.9644444444445,19.458326620736358,17.495644239380848
r557_svd_normalised_tr050_tid4_010,r557,4,10,False,199,ellipse,291.2146118721461,151.64383561643837,8.111111111110938,1.6068126383003722,3.366366761906525,3.0678141001363577,65.37640698546244,0.41171403872440787,1.0,8.333333333333334,False,ellipse,360.0,1.0,True,True,5.141800442561191,83.05777777777602,85.33333333333336,10.77237363810088,9.817005120436345
r557_svd_normalised_tr050_tid4_010,r557,4,10,False,200,circle,170.44159544159544,115.0911680911681,12.999999999999945,2.0342144725641056,4.068428945128222,4.0684289451282,,1.043081283569336e-07,1.0,13.0,False,circle,360.0,1.0,True,True,6.509486312205138,133.11999999999946,133.12000000000003,13.01897262441031,13.018972624410239
r557_svd_normalised_tr050_tid4_010,r557,4,10,False,201,ellipse,299.6004836551039,108.32405611724187,11.272496759227774,1.8942405233858086,3.959833870889957,3.6245431272403557,-76.36505368108027,0.4027112593248546,1.0,11.444444444444445,False,ellipse,360.0,1.0,True,True,6.061569674834588,115.43036681449243,117.19111111111114,12.671468386847863,11.59853800716914
r557_svd_normalised_tr050_tid4_010,r557,4,10,False,202,circle,141.70022826682518,131.8372594815069,24.199883037660644,2.775439067134929,5.550878134269858,5.550878134269858,,0.0,1.0,24.444444444444443,False,circle,360.0,1.0,True,True,8.881405014831774,247.80680230564505,250.31111111111113,17.762810029663548,17.762810029663548
r557_svd_normalised_tr050_tid4_010,r557,4,10,False,203,circle,180.76026518895637,240.05737242251644,44.98882623519283,3.7842288723683937,7.568457744736788,7.568457744736787,,1.4901161193847656e-08,1.0,45.0,False,circle,360.0,1.0,True,True,12.10953239157886,460.6855806483747,460.80000000000007,24.219064783157723,24.21906478315772
r557_svd_normalised_tr050_tid4_010,r557,4,10,False,204,ellipse,323.531007751938,189.99224806201548,9.555555555555506,1.7440263189848257,3.67433347998476,3.3112158358847466,-10.80385254934987,0.43345636784397484,1.0,9.555555555555555,False,ellipse,360.0,1.0,True,True,5.580884220751443,97.8488888888884,97.84888888888891,11.757867135951232,10.595890674831189
r557_svd_normalised_tr050_tid4_010,r557,4,10,False,205,ellipse,361.36347249192005,100.82300965447213,481.5478001386734,12.380687600218168,27.149937194590525,22.582951018352468,-40.42255876811831,0.5550956959391132,1.0,481.3333333333333,False,ellipse,360.0,1.0,True,True,39.61820032069814,4931.0494734200165,4928.853333333334,86.87979902268968,72.2654432587279
r557_svd_normalised_tr050_tid4_010,r557,4,10,False,206,ellipse,220.0660895880986,202.6264397102826,28.858619360014906,3.030838802032811,6.400044892386386,5.741199631168526,-66.4384603221425,0.441916580021043,1.0,29.0,False,ellipse,360.0,1.0,True,True,9.698684166504997,295.51226224655267,296.96000000000004,20.48014365563644,18.371838819739285
r557_svd_normalised_tr050_tid4_010,r557,4,10,False,207,ellipse,375.6839826839827,107.51082251082252,8.555555555555424,1.650247834456372,3.491482151246385,3.119956278918142,-5.441453993325808,0.44888250984679046,1.0,8.555555555555555,False,ellipse,360.0,1.0,True,True,5.2807930702603905,87.60888888888756,87.6088888888889,11.172742883988434,9.983860092538055
r557_svd_normalised_tr050_tid4_010,r557,4,10,False,208,circle,339.2803794479559,188.05343585221868,17.31626369925657,2.347751674951775,4.695503349903591,4.695503349903509,,1.8671101460071903e-07,1.0,17.11111111111111,False,circle,360.0,1.0,True,True,7.5128053598456805,177.3185402803873,175.2177777777778,15.025610719691493,15.02561071969123
r557_svd_normalised_tr050_tid4_010,r557,4,10,False,209,ellipse,287.7815984686454,97.13622139915503,153.1519858776439,6.982105068926874,14.578482581136349,13.375820404412611,82.21476279712701,0.3977258678198347,1.0,153.66666666666666,False,ellipse,360.0,1.0,True,True,22.342736220565996,1568.276335387074,1573.5466666666669,46.65114425963632,42.80262529412036
r557_svd_normalised_tr050_tid4_010,r557,4,10,False,210,ellipse,275.1700680272109,167.0272108843537,10.888888888888802,1.861730641873345,3.9388876042938548,3.5198170966967846,-10.446034287834664,0.44885045239026233,1.0,10.666666666666666,False,ellipse,360.0,1.0,True,True,5.957538053994704,111.50222222222136,109.22666666666669,12.604440333740335,11.26341470942971
r557_svd_normalised_tr050_tid4_010,r557,4,10,False,211,circle,269.9432249620783,213.9265922063921,20.750658052680123,2.570046614944439,5.140093229888918,5.140093229888838,,1.7631291696726132e-07,1.0,20.444444444444443,False,circle,360.0,1.0,True,True,8.224149167822205,212.4867384594445,209.35111111111112,16.448298335644537,16.44829833564428
r557_svd_normalised_tr050_tid4_010,r557,4,10,False,212,ellipse,324.39477909913256,101.73351530264515,482.039247511363,12.387003592938127,29.034126718711484,21.138966499388694,-74.12541355003708,0.6854995028470935,1.0,480.6666666666667,False,ellipse,360.0,1.0,True,True,39.63841149740201,4936.081894516358,4922.026666666668,92.90920549987675,67.64469279804382
r557_svd_normalised_tr050_tid4_010,r557,4,10,False,213,circle,350.2714544146159,234.95496563415668,16.115280303911845,2.2648737358532953,4.529747471706619,4.529747471706562,,1.5840151626966372e-07,1.0,15.777777777777779,False,circle,360.0,1.0,True,True,7.247595954730546,165.02047031205734,161.5644444444445,14.495191909461182,14.495191909461
r557_svd_normalised_tr050_tid4_010,r557,4,10,False,214,ellipse,14.774662452057896,73.84404696980795,62.00251049023693,4.44252316338999,9.856784401182605,8.009107738985831,89.68287466867395,0.5828946688114504,1.0,62.22222222222222,False,ellipse,360.0,1.0,True,True,14.216074122847969,634.9057074200263,637.1555555555557,31.541710083784338,25.62914476475466
r557_svd_normalised_tr050_tid4_010,r557,4,10,False,215,circle,234.416135881104,111.64331210191081,17.444444444444372,2.3564250732095315,4.712850146419068,4.712850146419059,,6.495265578539184e-08,1.0,17.555555555555557,False,circle,360.0,1.0,True,True,7.540560234270501,178.6311111111104,179.76888888888894,15.08112046854102,15.081120468540988
r557_svd_normalised_tr050_tid4_010,r557,4,10,False,216,ellipse,31.542784163473826,75.41858237547893,116.0000000000002,6.076507779746503,13.087468608553472,11.285283014375352,51.79079633048991,0.5064031346060981,1.0,116.11111111111111,False,ellipse,360.0,1.0,True,True,19.444824895188813,1187.8400000000022,1188.977777777778,41.87989954737111,36.11290564600113
r557_svd_normalised_tr050_tid4_010,r557,4,10,False,217,circle,163.8948948948949,171.7957957957958,12.333333333333412,1.9813687010751204,3.962737402150241,3.962737402150241,,0.0,1.0,12.777777777777779,False,circle,360.0,1.0,True,True,6.3403798434403855,126.29333333333416,130.8444444444445,12.680759686880771,12.680759686880771
r557_svd_normalised_tr050_tid4_010,r557,4,10,False,218,circle,213.68436578171094,183.8377581120944,12.555555555555607,1.9991391797129,3.9982783594258002,3.9982783594257993,,2.1073424255447017e-08,1.0,12.444444444444445,False,circle,360.0,1.0,True,True,6.39724537508128,128.56888888888943,127.43111111111114,12.794490750162561,12.79449075016256
r557_svd_normalised_tr050_tid4_010,r557,4,10,False,219,circle,379.8107174271355,109.37372997092768,13.776777327211098,2.0941070705682634,4.188214141136541,4.188214141136512,,1.1827430029502171e-07,1.0,13.88888888888889,False,circle,360.0,1.0,True,True,6.701142625818443,141.07419983064167,142.22222222222226,13.402285251636933,13.402285251636838
r557_svd_normalised_tr050_tid4_010,r557,4,10,False,220,circle,233.5185185185185,103.51851851851852,15.0000000000001,2.1850968611841655,4.370193722368331,4.370193722368331,,0.0,1.0,14.88888888888889,False,circle,360.0,1.0,True,True,6.99230995578933,153.60000000000105,152.46222222222227,13.98461991157866,13.98461991157866
r557_svd_normalised_tr050_tid4_010,r557,4,10,False,221,ellipse,52.369372386155135,70.14129762676271,641.1720510043787,14.28605622904486,32.37981978763787,25.212172756730467,88.29854584949334,0.6274728368679872,1.0,641.8888888888889,False,ellipse,360.0,1.0,True,True,45.715379932943556,6565.601802284838,6572.942222222224,103.6154233204412,80.67895282153751
r557_svd_normalised_tr050_tid4_010,r557,4,10,False,222,circle,283.31182795698925,144.95340501792114,10.333333333333362,1.8136157689082086,3.627231537816446,3.627231537816389,,1.7756782901008404e-07,1.0,10.444444444444445,False,circle,360.0,1.0,True,True,5.803570460506268,105.81333333333365,106.95111111111113,11.607140921012629,11.607140921012444
r557_svd_normalised_tr050_tid4_010,r557,4,10,False,223,ellipse,329.8548596112311,100.69719222462203,257.22222222222206,9.048556585417213,19.036750886410097,17.2038551679419,-37.50186953929523,0.4281281433527348,1.0,257.55555555555554,False,ellipse,360.0,1.0,True,True,28.955381073335083,2633.9555555555544,2637.368888888889,60.917602836512316,55.05233653741408
r557_svd_normalised_tr050_tid4_010,r557,4,10,False,224,circle,298.2955974842767,203.20754716981133,11.777777777777743,1.9362290938683915,3.872458187736812,3.872458187736754,,1.7249341164216735e-07,1.0,11.777777777777779,False,circle,360.0,1.0,True,True,6.195933100378853,120.60444444444411,120.60444444444448,12.391866200757798,12.391866200757613
r557_svd_normalised_tr050_tid4_010,r557,4,10,False,225,ellipse,218.25577557755778,112.32508250825082,22.44444444444432,2.6728801986938144,5.59486468188115,5.107747166580175,21.516562790660743,0.40810524217294497,1.0,22.333333333333332,False,ellipse,360.0,1.0,True,True,8.553216635820206,229.83111111110986,228.69333333333336,17.90356698201968,16.34479093305656
r557_svd_normalised_tr050_tid4_010,r557,4,10,False,226,ellipse,46.08776407202609,66.40904579611514,261.2222222222224,9.118641117196821,20.720054300625122,16.052007319637937,-50.317610039526954,0.6323182396766495,1.0,261.22222222222223,False,ellipse,360.0,1.0,True,True,29.17965157502983,2674.915555555558,2674.9155555555562,66.30417376200039,51.3664234228414
r557_svd_normalised_tr050_tid4_010,r557,4,10,False,227,ellipse,180.81492267296824,155.9042574984148,17.01514048917795,2.3272488978429964,4.933575225544527,4.391206932018481,76.45806265227941,0.4558319258778563,1.0,16.77777777777778,False,ellipse,360.0,1.0,True,True,7.447196473097589,174.23503860918223,171.8044444444445,15.787440721742488,14.05186218245914
r557_svd_normalised_tr050_tid4_010,r557,4,10,False,228,circle,217.48661120123663,245.03947719503205,20.048809379681824,2.5262094592030637,5.052418918406128,5.0524189184061274,,2.1073424255447017e-08,1.0,20.22222222222222,False,circle,360.0,1.0,True,True,8.083870269449804,205.29980804794192,207.07555555555558,16.16774053889961,16.167740538899608
r557_svd_normalised_tr050_tid4_010,r557,4,10,False,229,ellipse,191.3882575757576,120.56818181818181,19.555555555555564,2.494940212339704,5.318354604260402,4.681693588587127,-32.72495475487375,0.47443627190099374,1.0,19.444444444444443,False,ellipse,360.0,1.0,True,True,7.983808679487054,200.248888888889,199.11111111111114,17.018734733633288,14.981419483478806
r557_svd_normalised_tr050_tid4_010,r557,4,10,False,230,circle,205.40585609804947,203.37875556946307,13.651303133442227,2.084549051153851,4.169098102307702,4.169098102307702,,0.0,1.0,13.666666666666666,False,circle,360.0,1.0,True,True,6.670556963692324,139.78934408644844,139.9466666666667,13.341113927384647,13.341113927384647
r557_svd_normalised_tr050_tid4_010,r557,4,10,False,231,circle,291.62666666666667,111.25999999999998,11.111111111111205,1.8806319451591955,3.76126389031842,3.761263890318362,,1.7504900879369274e-07,1.0,11.222222222222221,False,circle,360.0,1.0,True,True,6.018022224509426,113.77777777777877,114.91555555555557,12.036044449018945,12.03604444901876
r557_svd_normalised_tr050_tid4_010,r557,4,10,False,232,ellipse,175.33759042600695,90.00672799261704,1244.1111111111102,19.900072014386453,43.080769419751384,36.76934014982616,29.133755654094557,0.5210965127659553,1.0,1245.6666666666667,False,ellipse,360.0,1.0,True,True,63.68023044603665,12739.69777777777,12755.62666666667,137.85846214320443,117.6618884794437
r557_svd_normalised_tr050_tid4_010,r557,4,10,False,233,circle,148.18658280922432,117.6802935010482,35.33333333333339,3.3536471656731113,6.707294331346238,6.707294331346207,,9.657056180250437e-08,1.0,35.333333333333336,False,circle,360.0,1.0,True,True,10.731670930153957,361.813333333334,361.81333333333345,21.463341860307963,21.463341860307864
r557_svd_normalised_tr050_tid4_010,r557,4,10,False,234,circle,296.34272300469485,187.99530516431932,7.888888888888806,1.584648643813122,3.169297287626284,3.169297287626204,,2.2450863083182817e-07,1.0,7.666666666666667,False,circle,360.0,1.0,True,True,5.070875660201991,80.78222222222139,78.50666666666669,10.14175132040411,10.141751320403854
r557_svd_normalised_tr050_tid4_010,r557,4,10,False,235,ellipse,148.7933305548147,107.34035798263191,78.19448888593362,4.988995776454538,10.507234161489272,9.475406553213563,10.492686901814267,0.4321570487325595,1.0,78.22222222222223,False,ellipse,360.0,1.0,True,True,15.964786484654523,800.7115661919604,800.9955555555558,33.62314931676567,30.321300970283403
r557_svd_normalised_tr050_tid4_010,r557,4,10,False,236,circle,162.41827087332774,133.07377025288613,18.978620867382325,2.457861397276458,4.9157227945529165,4.915722794552916,,2.1073424255447017e-08,1.0,19.11111111111111,False,circle,360.0,1.0,True,True,7.865156471284665,194.34107768199505,195.69777777777782,15.730312942569334,15.73031294256933
r557_svd_normalised_tr050_tid4_010,r557,4,10,False,237,circle,202.53173279536674,249.728127948071,28.68829511477656,3.0218815252738693,6.043763050547739,6.043763050547738,,1.4901161193847656e-08,1.0,13.0,True,circle,171.0,0.475,True,True,9.670020880876383,293.76814197531206,133.12000000000003,19.340041761752765,19.34004176175276
r557_svd_normalised_tr050_tid4_010,r557,4,10,False,238,ellipse,173.46864686468646,174.8564356435643,22.444444444444557,2.6728801986938286,5.721475350198463,4.994717704287055,70.50783081806281,0.48776096135939073,1.0,22.11111111111111,False,ellipse,360.0,1.0,True,True,8.553216635820252,229.8311111111123,226.41777777777781,18.30872112063508,15.983096653718576
r557_svd_normalised_tr050_tid4_010,r557,4,10,False,239,circle,340.0883720928804,155.19516299518128,10.998569034079916,1.8710834448047855,3.7421668896095994,3.742166889609542,,1.7504900879369274e-07,1.0,11.0,False,circle,360.0,1.0,True,True,5.987467023375314,112.62534690897836,112.64000000000001,11.974934046750718,11.974934046750535
r557_svd_normalised_tr050_tid4_010,r557,4,10,False,240,circle,104.93181818181819,102.78030303030302,9.777777777777796,1.7641891428004108,3.5283782856008217,3.5283782856008217,,0.0,1.0,9.666666666666666,False,circle,360.0,1.0,True,True,5.645405256961315,100.12444444444465,98.98666666666668,11.29081051392263,11.29081051392263
r557_svd_normalised_tr050_tid4_010,r557,4,10,False,241,ellipse,166.46666666666667,202.0060606060606,18.333333333333307,2.4157154730437154,5.049646769886041,4.622645117677821,77.6904554372143,0.4024560636327797,1.0,17.88888888888889,False,ellipse,360.0,1.0,True,True,7.73028951373989,187.7333333333331,183.18222222222226,16.158869663635333,14.792464376569027
r557_svd_normalised_tr050_tid4_010,r557,4,10,False,242,ellipse,163.15120274914088,208.8969072164949,10.777777777777745,1.852207660538802,3.8793008877255946,3.537413897038547,6.829698397625464,0.4104815211783654,1.0,10.666666666666666,False,ellipse,360.0,1.0,True,True,5.927064513724167,110.36444444444413,109.22666666666669,12.413762840721903,11.31972447052335
r557_svd_normalised_tr050_tid4_010,r557,4,10,False,243,circle,358.84022038567497,215.01101928374655,13.444444444444365,2.0686951396751003,4.137390279350241,4.137390279350161,,1.9655981597711026e-07,1.0,13.555555555555555,False,circle,360.0,1.0,True,True,6.619824446960322,137.67111111111032,138.8088888888889,13.239648893920771,13.239648893920515
r557_svd_normalised_tr050_tid4_010,r557,4,10,False,244,ellipse,178.44930697225084,207.34976157352753,44.76664521659095,3.7748729440503297,7.874942518249222,7.237978289086598,-70.24083523956386,0.3939892141866415,1.0,44.55555555555556,False,ellipse,360.0,1.0,True,True,12.079593420961055,458.41044701789144,456.248888888889,25.199816058397513,23.161530525077115
r557_svd_normalised_tr050_tid4_010,r557,4,10,False,245,ellipse,63.08318614174877,67.73064594209156,2830.7777777777783,30.017737294074124,67.49900810418747,53.39720257016036,-79.86300780482458,0.6117110336878682,1.0,2831.5555555555557,False,ellipse,360.0,1.0,True,True,96.0567593410372,28987.164444444454,28995.128888888896,215.99682593339992,170.87104822451317
r557_svd_normalised_tr050_tid4_010,r557,4,10,False,246,circle,173.3898610101773,106.53377668303048,62.78476596328184,4.470459898919593,8.9409197978392,8.940919797839172,,8.024520884654677e-08,1.0,62.77777777777778,False,circle,360.0,1.0,True,True,14.305471676542698,642.9160034640062,642.8444444444445,28.610943353085442,28.61094335308535
r557_svd_normalised_tr050_tid4_010,r557,4,10,False,247,circle,144.6149807810635,119.86327027769235,15.561531548725545,2.225621112435874,4.451242224871759,4.451242224871736,,1.021572142899192e-07,1.0,15.555555555555555,False,circle,360.0,1.0,True,True,7.121987559794796,159.35008305894962,159.28888888888892,14.24397511958963,14.243975119589557
r557_svd_normalised_tr050_tid4_010,r557,4,10,False,248,ellipse,194.81045751633988,123.56209150326798,11.333333333333428,1.8993451617376775,4.069564164014075,3.5458460886956518,-59.931538219592255,0.4907355647429265,1.0,11.333333333333334,False,ellipse,360.0,1.0,True,True,6.077904517560569,116.05333333333432,116.05333333333336,13.02260532484504,11.346707483826087
r557_svd_normalised_tr050_tid4_010,r557,4,10,False,249,ellipse,187.0859530053115,123.28401943175628,17.490853587059654,2.3595575039727903,4.940482089627868,4.507666671835798,72.8393052848761,0.4093128635681577,1.0,17.444444444444443,False,ellipse,360.0,1.0,True,True,7.550584012712929,179.1063407314909,178.63111111111112,15.809542686809179,14.424533349874554
r557_svd_normalised_tr050_tid4_010,r557,4,10,False,250,circle,176.59613847953517,95.93073831275252,16.13328785797719,2.2661387913901154,4.532277582780241,4.53227758278022,,9.541398640621973e-08,1.0,16.0,False,circle,360.0,1.0,True,True,7.251644132448369,165.20486766568646,163.84000000000003,14.50328826489677,14.503288264896705
r557_svd_normalised_tr050_tid4_010,r557,4,10,False,251,circle,163.43214871838245,229.2591118488017,39.6224174949634,3.5513669485352306,7.102733897070461,7.102733897070461,,0.0,1.0,39.333333333333336,False,circle,360.0,1.0,True,True,11.364374235312738,405.7335551484253,402.7733333333334,22.728748470625476,22.728748470625476
r557_svd_normalised_tr050_tid4_010,r557,4,10,False,252,circle,312.0087316128344,186.05455292991942,11.943862685615482,1.9498332164708572,3.8996664329417428,3.899666432941686,,1.70551585290724e-07,1.0,11.777777777777779,False,circle,360.0,1.0,True,True,6.2394662927067435,122.30515390070256,120.60444444444448,12.478932585413578,12.478932585413396
r557_svd_normalised_tr050_tid4_010,r557,4,10,False,253,ellipse,163.446735395189,167.96907216494844,21.55555555555551,2.619417193865317,5.476606607355361,5.011385281025747,-83.76261658331981,0.40333362802599054,1.0,21.444444444444443,False,ellipse,360.0,1.0,True,True,8.382135020369015,220.72888888888846,219.59111111111113,17.525141143537155,16.036432899282392
r557_svd_normalised_tr050_tid4_010,r557,4,10,False,254,circle,305.8578456460038,137.61956582303563,10.318317161884604,1.8122975366665768,3.624595073333182,3.6245950733331256,,1.7631291696726132e-07,1.0,10.444444444444445,False,circle,360.0,1.0,True,True,5.799352117333046,105.65956773769837,106.95111111111113,11.598704234666183,11.598704234666002
r557_svd_normalised_tr050_tid4_010,r557,4,10,False,255,circle,169.055900621118,246.28571428571428,17.88888888888873,2.3862544261198657,4.772508852239731,4.772508852239731,,0.0,1.0,17.77777777777778,False,circle,360.0,1.0,True,True,7.636014163583571,183.18222222222062,182.04444444444448,15.272028327167142,15.272028327167142
r557_svd_normalised_tr050_tid4_010,r557,4,10,False,256,ellipse,224.48105381504794,102.02900068207673,18.981613386380516,2.4580551654923246,5.12691055447453,4.7139774586707315,-81.69330603236864,0.393188901207531,1.0,18.77777777777778,False,ellipse,360.0,1.0,True,True,7.865776529575439,194.37172107653652,192.2844444444445,16.406113774318495,15.084727867746341
r557_svd_normalised_tr050_tid4_010,r557,4,10,False,257,ellipse,199.7576996246079,99.1425016050969,58.2558852890667,4.3062076373415605,9.656598584913656,7.681141160768086,-13.73318084044979,0.6060464312313767,1.0,57.888888888888886,False,ellipse,360.0,1.0,True,True,13.779864439492995,596.5402653600431,592.7822222222223,30.9011154717237,24.579651714457878
r557_svd_normalised_tr050_tid4_010,r557,4,10,False,258,circle,361.4313725490196,134.36862745098037,18.888888888888673,2.4520440600365285,4.904088120073057,4.904088120073056,,2.1073424255447017e-08,1.0,19.0,False,circle,360.0,1.0,True,True,7.846540992116892,193.42222222222006,194.56000000000003,15.693081984233784,15.69308198423378
r557_svd_normalised_tr050_tid4_010,r557,4,10,False,259,ellipse,278.78841731297445,173.2606922647034,8.178671258139975,1.6134906003175773,3.516298762447002,2.9614683998028606,83.27118379280714,0.5391467712507637,1.0,8.333333333333334,False,ellipse,360.0,1.0,True,True,5.163169921016248,83.74959368335335,85.33333333333336,11.252156039830407,9.476698879369154
r557_svd_normalised_tr050_tid4_010,r557,4,10,False,260,circle,165.23711340206185,212.701030927835,10.77777777777774,1.8522076605388016,3.7044153210776036,3.7044153210776027,,2.1073424255447017e-08,1.0,10.777777777777779,False,circle,360.0,1.0,True,True,5.927064513724165,110.36444444444408,110.36444444444447,11.854129027448332,11.85412902744833
r557_svd_normalised_tr050_tid4_010,r557,4,10,False,261,ellipse,14.618932038834952,60.599919093851135,91.55555555555556,5.39842925936634,11.45369322572111,10.177691298012848,42.57781628073991,0.4586931738714003,1.0,92.0,False,ellipse,360.0,1.0,True,True,17.27497362997229,937.5288888888891,942.0800000000002,36.651818322307555,32.56861215364111
r557_svd_normalised_tr050_tid4_010,r557,4,10,False,262,ellipse,361.1133514474512,119.87693261946768,20.22856614436089,2.5375091304412676,5.342276988908906,4.821129717115528,30.638541342505135,0.4307978081517839,1.0,20.555555555555557,False,ellipse,360.0,1.0,True,True,8.120029217412057,207.14051731825555,210.48888888888894,17.0952863645085,15.42761509476969
r557_svd_normalised_tr050_tid4_010,r557,4,10,False,263,ellipse,336.79930875144095,145.81693975777733,11.371477356824256,1.9025387415746051,3.953583066426398,3.6621501077644476,-72.00635804010338,0.3768203291196828,1.0,11.333333333333334,False,ellipse,360.0,1.0,True,True,6.088123973038737,116.4439281338804,116.05333333333336,12.651465812564474,11.718880344846234
r557_svd_normalised_tr050_tid4_010,r557,4,10,False,264,circle,275.83969320025585,123.01240585886495,11.41519411210169,1.9061923141669013,3.8123846283338025,3.812384628333802,,1.4901161193847656e-08,1.0,11.555555555555555,False,circle,360.0,1.0,True,True,6.099815405334084,116.89158770792132,118.32888888888891,12.199630810668168,12.199630810668168
r557_svd_normalised_tr050_tid4_010,r557,4,10,False,265,ellipse,69.82762296330135,87.1641541038526,486.4444444444441,12.443475227839219,29.330304267640944,21.116736373809488,-61.819610621536356,0.6940123592554623,1.0,486.77777777777777,False,ellipse,360.0,1.0,True,True,39.819120729085505,4981.1911111111085,4984.604444444445,93.85697365645103,67.57355639619037
r557_svd_normalised_tr050_tid4_010,r557,4,10,False,266,ellipse,227.45523871863048,111.2284567073175,14.300377630787612,2.1335303082077908,4.446109808552678,4.095221910430509,2.28729478189274,0.3893738710834654,1.0,14.222222222222221,False,ellipse,360.0,1.0,True,True,6.827296986264931,146.43586693926517,145.63555555555558,14.227551387368571,13.10471011337763
r557_svd_normalised_tr050_tid4_010,r557,4,10,False,267,ellipse,232.064164099353,119.15513757757992,10.07557250081633,1.790852963247228,3.8301814141462134,3.3493497975069517,3.562788718593282,0.48509322335440497,1.0,10.333333333333334,False,ellipse,360.0,1.0,True,True,5.73072948239113,103.17386240835924,105.81333333333336,12.256580525267884,10.717919352022246
r557_svd_normalised_tr050_tid4_010,r557,4,10,False,268,ellipse,327.0444444444444,198.36444444444442,8.333333333333433,1.6286750396764094,3.3924157665647416,3.1276618992382947,65.36105985633108,0.38729194799370537,1.0,8.11111111111111,False,ellipse,360.0,1.0,True,True,5.21176012696451,85.33333333333438,83.05777777777779,10.855730453007174,10.008518077562544
r557_svd_normalised_tr050_tid4_010,r557,4,10,False,269,ellipse,258.61008433092195,97.2757070145075,44.480166317411566,3.762775129865105,8.531370023023765,6.638313255536503,69.91000175172377,0.6281325465008049,1.0,44.44444444444444,False,ellipse,360.0,1.0,True,True,12.040880415568337,455.4769030902945,455.1111111111112,27.30038407367605,21.24260241771681
r557_svd_normalised_tr050_tid4_010,r557,4,10,False,270,circle,213.7426160337553,171.85232067510552,8.77777777777791,1.6715422355989373,3.343084471197875,3.3430844711978747,,1.4901161193847656e-08,1.0,8.88888888888889,False,circle,360.0,1.0,True,True,5.3489351539165995,89.88444444444582,91.02222222222224,10.6978703078332,10.697870307833199
r557_svd_normalised_tr050_tid4_010,r557,4,10,False,271,ellipse,258.8333333333333,147.76470588235298,11.333333333333428,1.8993451617376775,4.134198069876334,3.490410456820939,-90.0,0.5359062271091211,1.0,11.333333333333334,False,ellipse,360.0,1.0,True,True,6.077904517560569,116.05333333333432,116.05333333333336,13.229433823604268,11.169313461827006
r557_svd_normalised_tr050_tid4_010,r557,4,10,False,272,ellipse,171.23383084577114,171.19651741293535,14.888888888888939,2.1769888671339928,4.6774350778323655,4.052888344799124,-66.07957876167075,0.49921757763898666,1.0,15.0,False,ellipse,360.0,1.0,True,True,6.966364374828777,152.46222222222278,153.60000000000002,14.96779224906357,12.969242703357196
r557_svd_normalised_tr050_tid4_010,r557,4,10,False,273,ellipse,97.27674524025386,64.67036869144758,490.22222222222194,12.491700435101716,28.205041069003887,22.12974331482955,81.38806945121354,0.6199992352096254,1.0,490.44444444444446,False,ellipse,360.0,1.0,True,True,39.9734413923255,5019.875555555554,5022.151111111112,90.25613142081244,70.81517860745457
r557_svd_normalised_tr050_tid4_010,r557,4,10,False,274,ellipse,229.509186351706,99.02624671916008,14.11111111111119,2.11936456790818,4.462354404245775,4.02631056594781,-79.93289853048373,0.4311423793873356,1.0,14.11111111111111,False,ellipse,360.0,1.0,True,True,6.781966617306177,144.49777777777862,144.4977777777778,14.27953409358648,12.884193811032993
r557_svd_normalised_tr050_tid4_010,r557,4,10,False,275,circle,181.24972696148177,160.96623770395993,12.945336651479568,2.02993316051128,4.059866321022561,4.05986632102256,,2.1073424255447017e-08,1.0,12.777777777777779,False,circle,360.0,1.0,True,True,6.495786113636097,132.56024731115082,130.8444444444445,12.991572227272195,12.991572227272194
r557_svd_normalised_tr050_tid4_010,r557,4,10,False,276,circle,192.28258314634087,142.82344300195587,11.412495354301068,1.9059669717234382,3.8119339434468764,3.811933943446876,,1.4901161193847656e-08,1.0,11.444444444444445,False,circle,360.0,1.0,True,True,6.099094309515003,116.86395242804296,117.19111111111114,12.198188619030006,12.198188619030004
r557_svd_normalised_tr050_tid4_010,r557,4,10,False,277,circle,168.7669122933957,197.4524736155666,14.284704212603275,2.1323607978207777,4.264721595641555,4.264721595641555,,0.0,1.0,14.222222222222221,False,circle,360.0,1.0,True,True,6.823554553026489,146.27537113705756,145.63555555555558,13.647109106052978,13.647109106052978
r557_svd_normalised_tr050_tid4_010,r557,4,10,False,278,ellipse,174.02812324027644,141.13796964300363,10.621086649028163,1.8386943417545867,4.138475101439968,3.267674009901856,-7.7746491294942075,0.6136424024120176,1.0,10.444444444444445,False,ellipse,360.0,1.0,True,True,5.883821893614678,108.75992728604841,106.95111111111113,13.243120324607899,10.45655683168594
r557_svd_normalised_tr050_tid4_010,r557,4,10,False,279,ellipse,59.944406640309694,72.23310987695716,219.20196762750334,8.353092443327414,17.835495941731065,15.648379746708958,-52.25963879366452,0.4798092305400583,1.0,218.88888888888889,False,ellipse,360.0,1.0,True,True,26.729895818647726,2244.6281485056347,2241.4222222222224,57.07358701353941,50.074815189468666
r557_svd_normalised_tr050_tid4_010,r557,4,10,False,280,circle,370.94612794612794,119.25252525252525,11.000000000000036,1.8712051592547805,3.742410318509581,3.7424103185095414,,1.4523855365528111e-07,1.0,11.0,False,circle,360.0,1.0,True,True,5.987856509615298,112.64000000000038,112.64000000000001,11.97571301923066,11.975713019230533
r557_svd_normalised_tr050_tid4_010,r557,4,10,False,281,ellipse,179.9053700783247,239.3755502335216,33.3628657764958,3.258792722478904,6.824450523645798,6.224518719147007,-45.28850891394384,0.4099881998875929,1.0,33.22222222222222,False,ellipse,360.0,1.0,True,True,10.428136711932494,341.6357455513171,340.1955555555556,21.838241675666556,19.918459901270424
r557_svd_normalised_tr050_tid4_010,r557,4,10,False,282,ellipse,156.51083944580276,72.48231458842706,227.22222222222211,8.504532890993104,18.7577294075158,15.423418927240455,56.41518817229269,0.5691360254346793,1.0,228.0,False,ellipse,360.0,1.0,True,True,27.214505251177936,2326.755555555555,2334.7200000000003,60.024734104050566,49.35494056716946
r557_svd_normalised_tr050_tid4_010,r557,4,10,False,283,ellipse,328.24119241192415,137.39837398373982,13.666666666666858,2.085721724290787,4.327212052120329,4.021282117706178,54.651151734481374,0.3693234491911945,1.0,13.555555555555555,False,ellipse,360.0,1.0,True,True,6.674309517730518,139.94666666666865,138.8088888888889,13.847078566785052,12.868102776659772
r557_svd_normalised_tr050_tid4_010,r557,4,10,False,284,ellipse,294.07000806600865,100.98691682673531,15.168054207424431,2.197303258176904,4.601377933634721,4.197126754664112,4.576651517808784,0.4098662676956485,1.0,15.222222222222221,False,ellipse,360.0,1.0,True,True,7.031370426166093,155.3208750840262,155.87555555555556,14.724409387631107,13.430805614925157
r557_svd_normalised_tr050_tid4_010,r557,4,10,False,285,ellipse,12.004576659038902,62.95938215102976,194.22222222222217,7.8627510102964875,16.918669757082103,14.61648092611763,-66.30936747640703,0.5036185441470058,1.0,194.33333333333334,False,ellipse,360.0,1.0,True,True,25.160803232948762,1988.8355555555554,1989.9733333333338,54.13974322266273,46.772738963576415
r557_svd_normalised_tr050_tid4_010,r557,4,10,False,286,ellipse,253.75537634408605,136.77688172043017,13.777777777777736,2.094183104771403,4.392516664406029,3.9937040301728963,41.684240714245334,0.41634579227363133,1.0,13.444444444444445,False,ellipse,360.0,1.0,True,True,6.7013859352684895,141.08444444444405,137.67111111111114,14.056053326099295,12.779852896553269
r557_svd_normalised_tr050_tid4_010,r557,4,10,False,287,circle,304.46551724137936,111.13218390804596,6.444444444444523,1.4322466189971959,2.86449323799442,2.864493237994363,,1.999200562387517e-07,1.0,6.222222222222222,False,circle,360.0,1.0,True,True,4.5831891807910266,65.99111111111192,63.71555555555557,9.166378361582145,9.16637836158196
r557_svd_normalised_tr050_tid4_010,r557,4,10,False,288,ellipse,54.76300098535453,110.32975787345725,9.093533459293738,1.701341118187732,3.8115303694051703,3.037689662578246,86.9447974063506,0.6040139379849098,1.0,9.11111111111111,False,ellipse,360.0,1.0,True,True,5.444291578200743,93.1177826231679,93.2977777777778,12.196897182096546,9.720606920250388
r557_svd_normalised_tr050_tid4_010,r557,4,10,False,289,ellipse,250.82154882154884,158.79461279461282,11.000000000000078,1.8712051592547843,4.0417340414804555,3.4652539846379242,86.37490520608719,0.5147036797787067,1.0,10.777777777777779,False,ellipse,360.0,1.0,True,True,5.98785650961531,112.64000000000082,110.36444444444447,12.933548932737459,11.088812750841358
r557_svd_normalised_tr050_tid4_010,r557,4,10,False,290,ellipse,359.06617647058823,65.10539215686275,15.111111111111263,2.193174880826525,4.711512065631476,4.083628347659777,-86.41784517570272,0.498770422614421,1.0,15.0,False,ellipse,360.0,1.0,True,True,7.01815961864488,154.73777777777937,153.60000000000002,15.076838610020724,13.067610712511286
r557_svd_normalised_tr050_tid4_010,r557,4,10,False,291,ellipse,332.05723905723903,134.65993265993268,11.000000000000046,1.8712051592547816,3.961065673683547,3.535824989001627,38.57023613035241,0.45076060164202003,1.0,11.11111111111111,False,ellipse,360.0,1.0,True,True,5.987856509615302,112.6400000000005,113.7777777777778,12.67541015578735,11.314639964805208
r557_svd_normalised_tr050_tid4_010,r557,4,10,False,292,ellipse,181.15965950529954,241.65035104455924,25.789848200021563,2.865163807750981,6.010321025586994,5.463377819785831,-68.02538130780175,0.41679756194278617,1.0,26.11111111111111,False,ellipse,360.0,1.0,True,True,9.16852418480314,264.0880455682209,267.37777777777785,19.233027281878382,17.48280902331466
r557_svd_normalised_tr050_tid4_010,r557,4,10,False,293,ellipse,153.76282051282053,118.0,17.333333333333268,2.348908546648638,4.877563259646666,4.52469486652538,69.57353965972504,0.3734388992056824,1.0,16.88888888888889,False,ellipse,360.0,1.0,True,True,7.516507349275642,177.4933333333327,172.94222222222226,15.608202430869333,14.479023572881216
r557_svd_normalised_tr050_tid5_010,r557,5,10,False,0,circle,362.2499305721437,137.4629227417381,57.01641338494925,4.260151177501939,8.520302355003878,8.520302355003878,,0.0,1.0,57.333333333333336,False,circle,360.0,1.0,True,True,13.632483768006205,583.8480730618804,587.0933333333335,27.26496753601241,27.26496753601241
r557_svd_normalised_tr050_tid5_010,r557,5,10,False,1,ellipse,200.7876631079478,142.38196915776984,62.44444444444474,4.458327489532509,9.310650779496346,8.539331771606394,-89.58277979609588,0.39852528161634226,1.0,62.333333333333336,False,ellipse,360.0,1.0,True,True,14.266647966504031,639.4311111111143,638.2933333333335,29.794082494388306,27.325861669140462
r557_svd_normalised_tr050_tid5_010,r557,5,10,False,2,circle,330.95564895551246,131.37572241757934,26.381471775428906,2.8978411409526337,5.795682281905273,5.795682281905262,,6.143906154658885e-08,1.0,26.333333333333332,False,circle,360.0,1.0,True,True,9.273091651048428,270.14627098039205,269.65333333333336,18.546183302096875,18.54618330209684
r557_svd_normalised_tr050_tid5_010,r557,5,10,False,3,ellipse,250.57759613460144,220.30310950227155,44.6386700049706,3.769473433873488,7.827929660578083,7.260632419953897,-0.9893906874526124,0.37375098684550884,1.0,44.77777777777778,False,ellipse,360.0,1.0,True,True,12.062314988395162,457.09998085089904,458.52444444444455,25.049374913849867,23.23402374385247
r557_svd_normalised_tr050_tid5_010,r557,5,10,False,4,circle,235.15510704464683,221.74186815563786,382.65755196375886,11.036470532418962,22.072941064837924,22.07294106483792,,1.4901161193847656e-08,1.0,383.0,False,circle,360.0,1.0,True,True,35.31670570374068,3918.4133321088916,3921.920000000001,70.63341140748136,70.63341140748135
r557_svd_normalised_tr050_tid5_010,r557,5,10,False,5,circle,282.4438812454743,224.92686459087616,153.44444444444474,6.988768392688815,13.97753678537763,13.977536785377628,,1.4901161193847656e-08,1.0,153.66666666666666,False,circle,360.0,1.0,True,True,22.36405885660421,1571.2711111111144,1573.5466666666669,44.72811771320842,44.72811771320841
r557_svd_normalised_tr050_tid5_010,r557,5,10,False,6,ellipse,190.751677852349,120.37136465324382,16.55555555555554,2.295603843131107,4.8885430534647885,4.311957118482001,-8.642999592321075,0.4711490248669157,1.0,16.77777777777778,False,ellipse,360.0,1.0,True,True,7.345932298019543,169.52888888888876,171.8044444444445,15.643337771087324,13.798262779142403
r557_svd_normalised_tr050_tid5_010,r557,5,10,False,7,circle,182.30165794519235,188.04869889603142,309.6910549322281,9.92863154959512,19.85726309919024,19.857263099190238,,2.1073424255447017e-08,1.0,309.3333333333333,False,circle,360.0,1.0,True,True,31.77162095870439,3171.2364025060165,3167.5733333333337,63.54324191740878,63.543241917408764
r557_svd_normalised_tr050_tid5_010,r557,5,10,False,8,circle,210.98631551312735,130.35241904092777,12.786152855532258,2.0174139040298655,4.034827808059731,4.034827808059731,,0.0,1.0,12.88888888888889,False,circle,360.0,1.0,True,True,6.45572449289557,130.93020524065034,131.98222222222225,12.91144898579114,12.91144898579114
r557_svd_normalised_tr050_tid5_010,r557,5,10,False,9,circle,327.76363636363635,184.33535353535356,18.333333333333496,2.4157154730437274,4.831430946087496,4.831430946087415,,1.831085343278126e-07,1.0,18.22222222222222,False,circle,360.0,1.0,True,True,7.730289513739928,187.73333333333503,186.5955555555556,15.460579027479987,15.460579027479728
r557_svd_normalised_tr050_tid5_010,r557,5,10,False,10,ellipse,355.05696202531647,181.07594936708858,17.55555555555571,2.363917699663453,4.952945160501729,4.512956804242979,47.352267344769416,0.41203876186124194,1.0,17.333333333333332,False,ellipse,360.0,1.0,True,True,7.564536638923051,179.7688888888905,177.49333333333337,15.849424513605534,14.441461773577533
r557_svd_normalised_tr050_tid5_010,r557,5,10,False,11,circle,223.45337132003797,228.26837606837606,389.9999999999989,11.141851534268351,22.283703068536703,22.283703068536703,,0.0,1.0,389.8888888888889,False,circle,360.0,1.0,True,True,35.65392490965873,3993.59999999999,3992.4622222222233,71.30784981931745,71.30784981931745
r557_svd_normalised_tr050_tid5_010,r557,5,10,False,12,circle,234.07332134835912,201.49290945609212,259.9478426174556,9.096371155426993,18.19274231085399,18.192742310853987,,2.1073424255447017e-08,1.0,259.44444444444446,False,circle,360.0,1.0,True,True,29.108387697366382,2661.865908402746,2656.7111111111117,58.21677539473277,58.216775394732764
r557_svd_normalised_tr050_tid5_010,r557,5,10,False,13,circle,246.12899291496728,197.52447472774503,164.72546258018144,7.2411147791945565,14.482229558389113,14.482229558389111,,1.4901161193847656e-08,1.0,165.0,False,circle,360.0,1.0,True,True,23.171567293422584,1686.7887368210584,1689.6000000000004,46.34313458684517,46.34313458684516
r557_svd_normalised_tr050_tid5_010,r557,5,10,False,14,circle,155.4181594783536,221.49876415676925,181.4629587904226,7.600095641447766,15.200191282895531,15.20019128289553,,1.4901161193847656e-08,1.0,181.33333333333334,False,circle,360.0,1.0,True,True,24.32030605263285,1858.1806980139277,1856.8533333333337,48.6406121052657,48.640612105265696
r557_svd_normalised_tr050_tid5_010,r557,5,10,False,15,circle,316.57176817711377,223.94686721384744,22.5059437669557,2.676539631486607,5.353079262973214,5.353079262973214,,0.0,1.0,22.555555555555557,False,circle,360.0,1.0,True,True,8.564926820757142,230.4608641736264,230.96888888888896,17.129853641514284,17.129853641514284
r557_svd_normalised_tr050_tid5_010,r557,5,10,False,16,circle,178.13601789709173,208.81297539149884,82.777777777778,5.133126242650928,10.266252485301857,10.266252485301855,,2.1073424255447017e-08,1.0,81.66666666666667,False,circle,360.0,1.0,True,True,16.42600397648297,847.6444444444469,836.2666666666669,32.85200795296594,32.85200795296594
r557_svd_normalised_tr050_tid5_010,r557,5,10,False,17,circle,207.1904761904762,119.7794486215539,14.77777777777786,2.1688505625085885,4.337701125017191,4.337701125017164,,1.1250129990683123e-07,1.0,14.666666666666666,False,circle,360.0,1.0,True,True,6.940321800027483,151.3244444444453,150.1866666666667,13.880643600055013,13.880643600054924
r557_svd_normalised_tr050_tid5_010,r557,5,10,False,18,circle,235.3400351078628,215.1890757824848,39.8130911946165,3.559901758024125,7.1198035160482505,7.11980351604825,,1.4901161193847656e-08,1.0,40.111111111111114,False,circle,360.0,1.0,True,True,11.3916856256772,407.68605383287303,410.73777777777786,22.783371251354403,22.7833712513544
r557_svd_normalised_tr050_tid5_010,r557,5,10,False,19,ellipse,186.09410430839006,160.34013605442178,32.66666666666674,3.224612061732468,6.706378484173255,6.201930280678081,-1.7318543036300866,0.3805002115722734,1.0,32.333333333333336,False,ellipse,360.0,1.0,True,True,10.318758597543898,334.5066666666675,331.0933333333334,21.460411149354417,19.84617689816986
r557_svd_normalised_tr050_tid5_010,r557,5,10,False,20,circle,190.6775732788003,235.50238582140423,54.33333333333373,4.158706186943172,8.317412373886345,8.317412373886343,,2.1073424255447017e-08,1.0,54.111111111111114,False,circle,360.0,1.0,True,True,13.30785979821815,556.3733333333374,554.0977777777779,26.615719596436307,26.6157195964363
r557_svd_normalised_tr050_tid5_010,r557,5,10,False,21,circle,327.68655274535143,151.00146961184916,24.54668205156309,2.7952551887122477,5.590510377424535,5.590510377424456,,1.6792755826688772e-07,1.0,24.555555555555557,False,circle,360.0,1.0,True,True,8.944816603879193,251.35802420800607,251.44888888888894,17.889633207758514,17.889633207758262
r557_svd_normalised_tr050_tid5_010,r557,5,10,False,22,circle,185.65567765567764,219.09692871231331,131.4444444444442,6.468389764895327,12.936779529790655,12.936779529790654,,1.4901161193847656e-08,1.0,131.66666666666666,False,circle,360.0,1.0,True,True,20.698847247665046,1345.991111111109,1348.2666666666669,41.3976944953301,41.39769449533009
r557_svd_normalised_tr050_tid5_010,r557,5,10,False,23,circle,181.8146167557932,165.57754010695186,20.777777777777676,2.571725506269382,5.143451012538764,5.143451012538764,,0.0,1.0,20.88888888888889,False,circle,360.0,1.0,True,True,8.229521620062021,212.76444444444343,213.90222222222226,16.459043240124043,16.459043240124043
r557_svd_normalised_tr050_tid5_010,r557,5,10,False,24,circle,310.3010416666667,140.36979166666669,35.55555555555579,3.3641766960268913,6.728353392053783,6.728353392053783,,0.0,1.0,35.44444444444444,False,circle,360.0,1.0,True,True,10.765365427286053,364.0888888888914,362.9511111111112,21.530730854572106,21.530730854572106
r557_svd_normalised_tr050_tid5_010,r557,5,10,False,25,circle,166.81647940074907,206.85580524344567,19.777777777777604,2.509075964057823,5.018151928115646,5.018151928115645,,2.1073424255447017e-08,1.0,19.555555555555557,False,circle,360.0,1.0,True,True,8.029043084985034,202.5244444444427,200.24888888888896,16.058086169970068,16.058086169970064
r557_svd_normalised_tr050_tid5_010,r557,5,10,False,26,circle,321.3401920438957,138.81207133058987,26.99999999999983,2.9316150714175104,5.863230142835049,5.863230142834992,,1.3898877878619456e-07,1.0,26.88888888888889,False,circle,360.0,1.0,True,True,9.381168228536033,276.4799999999983,275.3422222222223,18.76233645707216,18.762336457071978
r557_svd_normalised_tr050_tid5_010,r557,5,10,False,27,circle,375.1483496397443,128.0561169628357,125.01603383912679,6.308235847087629,12.61647169417527,12.616471694175244,,6.495265578539184e-08,1.0,125.22222222222223,False,circle,360.0,1.0,True,True,20.186354710680416,1280.1641865126585,1282.275555555556,40.37270942136087,40.37270942136078
r557_svd_normalised_tr050_tid5_010,r557,5,10,False,28,circle,218.66529705205195,215.0242009802243,176.78236777434117,7.501438219805023,15.002876439610048,15.002876439610047,,1.4901161193847656e-08,1.0,177.0,False,circle,360.0,1.0,True,True,24.004602303376075,1810.2514460092539,1812.4800000000002,48.00920460675216,48.00920460675215
r557_svd_normalised_tr050_tid5_010,r557,5,10,False,29,ellipse,201.38649425287355,112.38793103448276,25.777777777777885,2.86449323799438,6.1384649464331975,5.3468230784853095,-76.3855987867272,0.4912194366175639,1.0,25.666666666666668,False,ellipse,360.0,1.0,True,True,9.166378361582018,263.9644444444456,262.8266666666667,19.643087828586232,17.10983385115299
r557_svd_normalised_tr050_tid5_010,r557,5,10,False,30,circle,320.59890754583466,219.8293120535431,15.135511977731614,2.194944895655732,4.389889791311492,4.389889791311434,,1.6186804311275803e-07,1.0,15.0,False,circle,360.0,1.0,True,True,7.023823666098342,154.98764265197175,153.60000000000002,14.047647332196775,14.04764733219659
r557_svd_normalised_tr050_tid5_010,r557,5,10,False,31,circle,198.68177846117223,136.20947934841408,38.21977455671656,3.487940952642201,6.975881905284403,6.975881905284402,,1.4901161193847656e-08,1.0,38.44444444444444,False,circle,360.0,1.0,True,True,11.161411048455044,391.37049146077766,393.67111111111114,22.32282209691009,22.322822096910087
r557_svd_normalised_tr050_tid5_010,r557,5,10,False,32,circle,183.86359992300999,244.30314140474994,174.58910664329088,7.454759463896579,14.909518927793158,14.909518927793158,,0.0,1.0,157.66666666666666,True,circle,269.0,0.7472222222222222,True,True,23.855230284469055,1787.7924520272989,1614.506666666667,47.71046056893811,47.71046056893811
r557_svd_normalised_tr050_tid5_010,r557,5,10,False,33,ellipse,180.24129585049943,146.74651510343963,22.37364854374793,2.6686613725754973,5.547431607088678,5.135171752186105,0.9399323010904652,0.3782963213874312,1.0,22.333333333333332,False,ellipse,360.0,1.0,True,True,8.539716392241592,229.10616108797885,228.69333333333336,17.75178114268377,16.432549606995536
r557_svd_normalised_tr050_tid5_010,r557,5,10,False,34,circle,217.58381938304984,140.7168723731545,154.91625256095975,7.022205830129053,14.044411660258106,14.044411660258106,,0.0,1.0,154.55555555555554,False,circle,360.0,1.0,True,True,22.47105865641297,1586.3424262242281,1582.6488888888891,44.94211731282594,44.94211731282594
r557_svd_normalised_tr050_tid5_010,r557,5,10,False,35,circle,324.54676258992805,160.39088729016785,15.444444444444315,2.217232363394272,4.434464726788544,4.434464726788543,,2.1073424255447017e-08,1.0,15.333333333333334,False,circle,360.0,1.0,True,True,7.095143562861671,158.15111111110983,157.01333333333338,14.190287125723342,14.190287125723339
r557_svd_normalised_tr050_tid5_010,r557,5,10,False,36,circle,290.6762177722048,126.78404304728127,117.5020294258193,6.115722166097555,12.23144433219511,12.231444332195109,,1.4901161193847656e-08,1.0,117.77777777777777,False,circle,360.0,1.0,True,True,19.57031093151218,1203.22078132039,1206.0444444444447,39.14062186302436,39.14062186302435
r557_svd_normalised_tr050_tid5_010,r557,5,10,False,37,ellipse,310.6021213548354,119.2147484998391,54.36387409520763,4.159874826933554,8.729795354450117,7.92896413863093,-87.64087915423397,0.4183962301108835,1.0,54.22222222222222,False,ellipse,360.0,1.0,True,True,13.311599446187373,556.6860707349263,555.2355555555556,27.935345134240375,25.372685243618978
r557_svd_normalised_tr050_tid5_010,r557,5,10,False,38,circle,305.0761954677825,165.11862091261742,84.47758377033692,5.185561693299732,10.371123386599493,10.371123386599436,,1.043081283569336e-07,1.0,84.33333333333333,False,circle,360.0,1.0,True,True,16.593797418559145,865.0504578082503,863.5733333333335,33.187594837118375,33.1875948371182
r557_svd_normalised_tr050_tid5_010,r557,5,10,False,39,ellipse,14.278530377668307,66.8376436781609,360.88888888888897,10.717952283305657,22.278684232651937,20.625006386841342,79.28200663933802,0.3780795977100525,1.0,361.3333333333333,False,ellipse,360.0,1.0,True,True,34.2974473065781,3695.5022222222237,3700.0533333333337,71.2917895444862,66.0000204378923
r557_svd_normalised_tr050_tid5_010,r557,5,10,False,40,ellipse,199.8741480078772,228.76863855394106,80.24902051475684,5.054112838709968,10.69675642133668,9.552075631248567,15.701974646670948,0.450080378406056,1.0,80.44444444444444,False,ellipse,360.0,1.0,True,True,16.1731610838719,821.7499700711102,823.7511111111113,34.229620548277374,30.566642019995413
r557_svd_normalised_tr050_tid5_010,r557,5,10,False,41,circle,335.3701431492842,157.10633946830268,18.111111111111107,2.4010301365121935,4.8020602730244155,4.802060273024359,,1.5413880993110838e-07,1.0,18.0,False,circle,360.0,1.0,True,True,7.6832964368390195,185.45777777777778,184.32000000000005,15.36659287367813,15.366592873677948
r557_svd_normalised_tr050_tid5_010,r557,5,10,False,42,circle,255.06184012066367,175.36048265460033,24.55555555555567,2.7957603785139877,5.591520757028016,5.591520757027934,,1.718485742013275e-07,1.0,24.555555555555557,False,circle,360.0,1.0,True,True,8.946433211244761,251.4488888888901,251.44888888888894,17.892866422489654,17.892866422489387
r557_svd_normalised_tr050_tid5_010,r557,5,10,False,43,ellipse,158.46132208157525,109.69901547116737,26.333333333333265,2.8951960790546005,6.0717970206248015,5.522029348280546,54.40351216963822,0.4158012117455373,1.0,26.88888888888889,False,ellipse,360.0,1.0,True,True,9.264627452974722,269.6533333333327,275.3422222222223,19.429750465999366,17.670493914497747
r557_svd_normalised_tr050_tid5_010,r557,5,10,False,44,circle,357.3614583333333,167.9111111111111,106.66666666666652,5.826924963157751,11.65384992631551,11.653849926315493,,5.5755039852469285e-08,1.0,106.88888888888889,False,circle,360.0,1.0,True,True,18.646159882104804,1092.2666666666653,1094.5422222222223,37.29231976420964,37.29231976420958
r557_svd_normalised_tr050_tid5_010,r557,5,10,False,45,circle,387.3289665211063,115.85443959243085,25.44444444444419,2.8459125452340968,5.691825090468235,5.691825090468153,,1.70551585290724e-07,1.0,25.444444444444443,False,circle,360.0,1.0,True,True,9.10692014474911,260.5511111111086,260.55111111111114,18.213840289498354,18.21384028949809
r557_svd_normalised_tr050_tid5_010,r557,5,10,False,46,circle,198.23747276688454,162.39433551198258,17.000000000000032,2.3262132458406413,4.6524264916812825,4.6524264916812825,,0.0,1.0,17.0,False,circle,360.0,1.0,True,True,7.443882386690053,174.08000000000035,174.08000000000004,14.887764773380106,14.887764773380106
r557_svd_normalised_tr050_tid5_010,r557,5,10,False,47,circle,333.5152065151068,171.27769311642894,31.818224108157576,3.18246057233047,6.364921144660968,6.3649211446609115,,1.3328003749250113e-07,1.0,32.111111111111114,False,circle,360.0,1.0,True,True,10.183873831457504,325.81861486753365,328.81777777777785,20.3677476629151,20.36774766291492
r557_svd_normalised_tr050_tid5_010,r557,5,10,False,48,circle,192.002243581395,234.28291339554204,328.6324806138184,10.227754763411241,20.455509526822485,20.455509526822482,,2.1073424255447017e-08,1.0,328.6666666666667,False,circle,360.0,1.0,True,True,32.72881524291597,3365.196601485501,3365.5466666666675,65.45763048583196,65.45763048583194
r557_svd_normalised_tr050_tid5_010,r557,5,10,False,49,ellipse,146.80367947189364,116.53759938373872,42.05752713394643,3.658869589802044,7.868754910890005,6.8053087568660775,15.232805000433444,0.5020268364623691,1.0,41.888888888888886,False,ellipse,360.0,1.0,True,True,11.70838268736654,430.6690778516115,428.94222222222226,25.180015714848018,21.776988021971448
r557_svd_normalised_tr050_tid5_010,r557,5,10,False,50,circle,188.873440285205,207.3184789067142,62.333333333333165,4.454359239979367,8.908718479958734,8.908718479958734,,0.0,1.0,62.55555555555556,False,circle,360.0,1.0,True,True,14.253949567933976,638.2933333333317,640.568888888889,28.50789913586795,28.50789913586795
r557_svd_normalised_tr050_tid5_010,r557,5,10,False,51,circle,245.31298801240155,241.1191759799146,389.5236852325824,11.13504557297697,22.270091145953955,22.270091145953927,,4.9421560620597e-08,1.0,361.6666666666667,True,circle,277.0,0.7694444444444445,True,True,35.63214583352631,3988.7225367816445,3703.4666666666676,71.26429166705266,71.26429166705258
r557_svd_normalised_tr050_tid5_010,r557,5,10,False,52,circle,316.3207869511341,155.71273217497793,16.910565568221514,2.3200862486821734,4.640172497364347,4.640172497364347,,0.0,1.0,16.555555555555557,False,circle,360.0,1.0,True,True,7.424275995782955,173.16419141858833,169.52888888888893,14.84855199156591,14.84855199156591
r557_svd_normalised_tr050_tid5_010,r557,5,10,False,53,circle,350.2191142191142,223.19813519813516,15.888888888888863,2.2489087162019517,4.497817432403903,4.497817432403903,,0.0,1.0,16.11111111111111,False,circle,360.0,1.0,True,True,7.196507891846245,162.702222222222,164.97777777777782,14.39301578369249,14.39301578369249
r557_svd_normalised_tr050_tid5_010,r557,5,10,False,54,ellipse,160.9346888478127,176.4004929143561,60.11111111111118,4.374238326401408,9.121010018043748,8.391158829255534,10.971602104619052,0.39196220766606693,1.0,59.77777777777778,False,ellipse,360.0,1.0,True,True,13.997562644484507,615.5377777777786,612.1244444444445,29.187232057739994,26.851708253617712
r557_svd_normalised_tr050_tid5_010,r557,5,10,False,55,circle,333.77322404371586,199.98196721311479,67.77777777777754,4.644818266653135,9.28963653330627,9.289636533306268,,2.1073424255447017e-08,1.0,67.55555555555556,False,circle,360.0,1.0,True,True,14.863418453290032,694.0444444444422,691.768888888889,29.726836906580065,29.72683690658006
r557_svd_normalised_tr050_tid5_010,r557,5,10,False,56,circle,215.29149974744772,201.68260984211997,151.0419920514797,6.93384159747535,13.8676831949507,13.8676831949507,,0.0,1.0,151.11111111111111,False,circle,360.0,1.0,True,True,22.188293111921123,1546.6699986071524,1547.3777777777782,44.376586223842246,44.376586223842246
r557_svd_normalised_tr050_tid5_010,r557,5,10,False,57,circle,349.05848475840185,124.81345763690906,102.8691397525733,5.722260407082682,11.444520814165374,11.444520814165354,,5.7711949142924205e-08,1.0,102.77777777777777,False,circle,360.0,1.0,True,True,18.311233302664583,1053.3799910663508,1052.4444444444446,36.6224666053292,36.62246660532914
r557_svd_normalised_tr050_tid5_010,r557,5,10,False,58,circle,162.70691994572593,239.3962008141113,81.88888888888903,5.105491445682712,10.210982891365424,10.210982891365424,,0.0,1.0,82.11111111111111,False,circle,360.0,1.0,True,True,16.337572626184677,838.5422222222238,840.817777777778,32.675145252369354,32.675145252369354
r557_svd_normalised_tr050_tid5_010,r557,5,10,False,59,circle,227.26225217060093,144.51846784955967,120.28079070567553,6.18761382114462,12.375227642289268,12.375227642289213,,9.424321830774485e-08,1.0,120.22222222222223,False,circle,360.0,1.0,True,True,19.800364227662783,1231.6752968261176,1231.0755555555559,39.60072845532566,39.60072845532548
r557_svd_normalised_tr050_tid5_010,r557,5,10,False,60,ellipse,291.7445008460237,105.58375634517766,21.888888888888804,2.6395927206506378,5.500157957850452,5.067090643072967,-81.97391458087031,0.3889408005558395,1.0,21.77777777777778,False,ellipse,360.0,1.0,True,True,8.446696706082042,224.1422222222214,223.0044444444445,17.600505465121447,16.214690057833494
r557_svd_normalised_tr050_tid5_010,r557,5,10,False,61,circle,162.65299684542586,228.34069400630915,35.222222222222,3.3483699835435847,6.696739967087171,6.696739967087169,,2.9802322387695312e-08,1.0,35.55555555555556,False,circle,360.0,1.0,True,True,10.714783947339471,360.6755555555534,364.08888888888896,21.42956789467895,21.42956789467894
r557_svd_normalised_tr050_tid5_010,r557,5,10,False,62,ellipse,350.6217391304348,207.70289855072463,25.55555555555555,2.8521195592493007,6.033339744321872,5.393089946846166,72.66238199588048,0.44830359247906937,1.0,25.444444444444443,False,ellipse,360.0,1.0,True,True,9.126782589597763,261.68888888888887,260.55111111111114,19.306687181829993,17.25788782990773
r557_svd_normalised_tr050_tid5_010,r557,5,10,False,63,circle,274.86636573885346,177.11722362725783,55.365627179988365,4.198026498982145,8.396052997964318,8.396052997964262,,1.1638178938488147e-07,1.0,55.111111111111114,False,circle,360.0,1.0,True,True,13.433684796742865,566.944022323081,564.3377777777779,26.86736959348582,26.867369593485638
r557_svd_normalised_tr050_tid5_010,r557,5,10,False,64,circle,232.59139784946234,188.299880525687,31.00000000000016,3.141274657157117,6.282549314314234,6.282549314314234,,0.0,1.0,31.22222222222222,False,circle,360.0,1.0,True,True,10.052078902902775,317.4400000000017,319.7155555555556,20.10415780580555,20.10415780580555
r557_svd_normalised_tr050_tid5_010,r557,5,10,False,65,circle,257.7627110279223,120.34092192381479,81.69274898462048,5.099373454782021,10.198746909564061,10.198746909564022,,8.815645848363066e-08,1.0,81.66666666666667,False,circle,360.0,1.0,True,True,16.317995055302468,836.5337496025139,836.2666666666669,32.635990110605,32.63599011060487
r557_svd_normalised_tr050_tid5_010,r557,5,10,False,66,ellipse,167.10183230851442,153.43754770919716,58.63521947768346,4.320204860686934,8.971213384761505,8.321804080596701,-6.372103088519623,0.37354545497520575,1.0,58.888888888888886,False,ellipse,360.0,1.0,True,True,13.824655554198188,600.4246474514787,603.0222222222224,28.707882831236816,26.629773057909446
r557_svd_normalised_tr050_tid5_010,r557,5,10,False,67,ellipse,312.37669079412365,199.13854785395245,26.845027777892533,2.9231896511484967,6.075551351732846,5.625851707529054,-76.09243489352656,0.37756744889387306,1.0,26.444444444444443,False,ellipse,360.0,1.0,True,True,9.35420688367519,274.8930844456196,270.79111111111115,19.44176432554511,18.002725464092972
r557_svd_normalised_tr050_tid5_010,r557,5,10,False,68,circle,161.80433476676635,143.3346081859095,41.362596621551965,3.628515319365794,7.257030638731588,7.257030638731588,,0.0,1.0,40.888888888888886,False,circle,360.0,1.0,True,True,11.611249021970542,423.5529894046922,418.70222222222225,23.222498043941084,23.222498043941084
r557_svd_normalised_tr050_tid5_010,r557,5,10,False,69,ellipse,219.23846153846154,176.48205128205132,14.444444444444507,2.1442503275269003,4.525474210641711,4.063936067771559,73.57896548761545,0.4399682920599118,1.0,14.444444444444445,False,ellipse,360.0,1.0,True,True,6.861601048086081,147.91111111111178,147.91111111111115,14.481517474053476,13.00459541686899
r557_svd_normalised_tr050_tid5_010,r557,5,10,False,70,circle,328.0401234567901,193.51440329218107,36.000000000000306,3.385137501286552,6.770275002573127,6.770275002573081,,1.1638178938488147e-07,1.0,35.77777777777778,False,circle,360.0,1.0,True,True,10.832440004116968,368.6400000000032,366.36444444444453,21.664880008234007,21.66488000823386
r557_svd_normalised_tr050_tid5_010,r557,5,10,False,71,ellipse,165.65913370998118,216.94915254237287,19.66666666666684,2.502018071134034,5.210884084335346,4.8053991046164315,-1.4851227506185296,0.38674906341919835,1.0,19.555555555555557,False,ellipse,360.0,1.0,True,True,8.006457827628909,201.38666666666848,200.24888888888896,16.67482906987311,15.377277134772582
r557_svd_normalised_tr050_tid5_010,r557,5,10,False,72,circle,326.42750954150034,143.46130749532364,18.336686343958124,2.4159363698436223,4.8318727396872445,4.8318727396872445,,0.0,1.0,18.22222222222222,False,circle,360.0,1.0,True,True,7.730996383499591,187.76766816213123,186.5955555555556,15.461992766999183,15.461992766999183
r557_svd_normalised_tr050_tid5_010,r557,5,10,False,73,circle,256.30751964085295,162.9124579124579,33.00000000000008,3.241022407214291,6.482044814428614,6.4820448144285505,,1.3978528260658472e-07,1.0,32.888888888888886,False,circle,360.0,1.0,True,True,10.371271703085732,337.92000000000087,336.78222222222223,20.742543406171563,20.742543406171364
r557_svd_normalised_tr050_tid5_010,r557,5,10,False,74,circle,281.73801875106574,115.54274159125639,22.88124524549305,2.698763896645332,5.397527793290692,5.397527793290635,,1.4523855365528111e-07,1.0,22.88888888888889,False,circle,360.0,1.0,True,True,8.636044469265062,234.3039513138489,234.38222222222228,17.272088938530214,17.272088938530032
r557_svd_normalised_tr050_tid5_010,r557,5,10,False,75,ellipse,346.59967320261444,217.70424836601305,22.666666666666494,2.6860796873571218,5.597915806972078,5.155507396410917,21.74978123905899,0.38963565700839486,1.0,22.77777777777778,False,ellipse,360.0,1.0,True,True,8.59545499954279,232.10666666666495,233.2444444444445,17.91333058231065,16.497623668514933
r557_svd_normalised_tr050_tid5_010,r557,5,10,False,76,circle,276.38148016163154,109.95783618102205,17.564207691664244,2.36450014828549,4.729000296571002,4.72900029657096,,1.3328003749250113e-07,1.0,17.333333333333332,False,circle,360.0,1.0,True,True,7.566400474513569,179.85748676264188,177.49333333333337,15.132800949027207,15.132800949027072
r557_svd_normalised_tr050_tid5_010,r557,5,10,False,77,ellipse,161.15606089569883,125.19029288264719,79.86397150196453,5.041972994669431,10.680608295258935,9.520615671397778,37.74518605679722,0.4532318982912587,1.0,79.88888888888889,False,ellipse,360.0,1.0,True,True,16.13431358294218,817.807068180117,818.0622222222223,34.17794654482859,30.46597014847289
r557_svd_normalised_tr050_tid5_010,r557,5,10,False,78,circle,292.4843727347426,118.72977243955806,19.199105569974588,2.4720973097370567,4.944194619474142,4.944194619474085,,1.519626234052415e-07,1.0,19.11111111111111,False,circle,360.0,1.0,True,True,7.910711391158582,196.59884103653982,195.69777777777782,15.821422782317255,15.821422782317072
r557_svd_normalised_tr050_tid5_010,r557,5,10,False,79,circle,358.58134920634916,158.4573412698413,37.33333333333342,3.447255297217611,6.894510594435222,6.894510594435222,,0.0,1.0,37.0,False,circle,360.0,1.0,True,True,11.031216951096356,382.2933333333343,378.88000000000005,22.062433902192712,22.062433902192712
r557_svd_normalised_tr050_tid5_010,r557,5,10,False,80,circle,328.9613095238096,160.45238095238096,12.444444444444311,1.9902737738139382,3.9805475476279164,3.980547547627836,,2.010276550536162e-07,1.0,12.333333333333334,False,circle,360.0,1.0,True,True,6.368876076204603,127.43111111110977,126.29333333333336,12.737752152409334,12.737752152409076
r557_svd_normalised_tr050_tid5_010,r557,5,10,False,81,circle,245.10014947683106,239.79521674140506,24.777777777777626,2.808382385703851,5.616764771407702,5.616764771407702,,0.0,1.0,24.555555555555557,False,circle,360.0,1.0,True,True,8.986823634252323,253.72444444444292,251.44888888888894,17.973647268504646,17.973647268504646
r557_svd_normalised_tr050_tid5_010,r557,5,10,False,82,circle,141.05817987371182,132.14876767717135,13.433028282925914,2.0678166514083856,4.135633302816771,4.135633302816771,,0.0,1.0,13.444444444444445,False,circle,360.0,1.0,True,True,6.617013284506834,137.55420961716138,137.67111111111114,13.234026569013668,13.234026569013668
r557_svd_normalised_tr050_tid5_010,r557,5,10,False,83,circle,251.2567208105408,128.18882179386802,54.355290421370206,4.159546406462277,8.31909281292456,8.319092812924547,,5.3726900748371916e-08,1.0,54.0,False,circle,360.0,1.0,True,True,13.310548500679287,556.598173914831,552.9600000000002,26.621097001358592,26.62109700135855
r557_svd_normalised_tr050_tid5_010,r557,5,10,False,84,circle,268.96491228070175,124.39553429027114,23.222222222222005,2.718798063941157,5.437596127882322,5.437596127882305,,7.884953353001448e-08,1.0,23.22222222222222,False,circle,360.0,1.0,True,True,8.700153804611702,237.79555555555336,237.79555555555558,17.40030760922343,17.400307609223375
r557_svd_normalised_tr050_tid5_010,r557,5,10,False,85,circle,230.04395186681586,161.72816141137332,18.636079899018892,2.435579699284902,4.871159398569804,4.871159398569803,,2.1073424255447017e-08,1.0,19.0,False,circle,360.0,1.0,True,True,7.793855037711687,190.8334581659535,194.56000000000003,15.587710075423374,15.587710075423372
r557_svd_normalised_tr050_tid5_010,r557,5,10,False,86,circle,362.91921190854464,218.76309118759457,56.158627306246004,4.227983711663171,8.455967423326342,8.455967423326342,,0.0,1.0,56.111111111111114,False,circle,360.0,1.0,True,True,13.529547877322148,575.0643436159592,574.5777777777779,27.059095754644297,27.059095754644297
r557_svd_normalised_tr050_tid5_010,r557,5,10,False,87,circle,237.32817119449112,173.47739340548213,43.58165084773869,3.7245765290896373,7.449153058179275,7.449153058179274,,1.4901161193847656e-08,1.0,44.0,False,circle,360.0,1.0,True,True,11.91864489308684,446.2761046808443,450.56000000000006,23.83728978617368,23.837289786173677
r557_svd_normalised_tr050_tid5_010,r557,5,10,False,88,circle,269.80060422960725,179.82376636455186,36.77777777777768,3.421509938395205,6.843019876790429,6.843019876790391,,1.043081283569336e-07,1.0,36.888888888888886,False,circle,360.0,1.0,True,True,10.948831802864657,376.6044444444435,377.74222222222227,21.897663605729374,21.897663605729253
r557_svd_normalised_tr050_tid5_010,r557,5,10,False,89,circle,330.7953529937444,233.9660411081323,41.44444444444425,3.632103577000728,7.264207154001483,7.264207154001429,,1.219712610821791e-07,1.0,41.22222222222222,False,circle,360.0,1.0,True,True,11.62273144640233,424.39111111110924,422.1155555555556,23.24546289280475,23.245462892804575
r557_svd_normalised_tr050_tid5_010,r557,5,10,False,90,circle,275.4657534246575,150.68493150684932,24.333333333333112,2.7830811277800547,5.56616225556015,5.566162255560069,,1.70551585290724e-07,1.0,24.444444444444443,False,circle,360.0,1.0,True,True,8.905859608896176,249.1733333333311,250.31111111111113,17.811719217792483,17.811719217792223
r557_svd_normalised_tr050_tid5_010,r557,5,10,False,91,circle,266.1820987654321,116.83333333333331,11.999999999999913,1.9544100476116726,3.9088200952233856,3.9088200952233048,,2.03224743857769e-07,1.0,12.444444444444445,False,circle,360.0,1.0,True,True,6.254112152357353,122.87999999999913,127.43111111111114,12.508224304714835,12.508224304714576
r557_svd_normalised_tr050_tid5_010,r557,5,10,False,92,circle,57.516274709473,139.70285248853722,79.36801053639857,5.026293107298352,10.052586214596712,10.0525862145967,,4.9421560620597e-08,1.0,78.88888888888889,False,circle,360.0,1.0,True,True,16.08413794335473,812.7284278927216,807.8222222222223,32.16827588670948,32.16827588670944
r557_svd_normalised_tr050_tid5_010,r557,5,10,False,93,ellipse,305.4048207049758,131.94026984739534,65.34076527085905,4.560549479671164,9.729946522086932,8.550349792495233,53.2953340064787,0.4772522034469752,1.0,65.33333333333333,False,ellipse,360.0,1.0,True,True,14.593758334947726,669.0894363735969,669.0133333333334,31.135828870678182,27.361119335984746
r557_svd_normalised_tr050_tid5_010,r557,5,10,False,94,circle,310.2933789954338,112.71004566210044,32.44444444444464,3.2136252766007884,6.427250553201592,6.427250553201562,,9.657056180250437e-08,1.0,32.333333333333336,False,circle,360.0,1.0,True,True,10.283600885122524,332.2311111111132,331.0933333333334,20.567201770245095,20.567201770245
r557_svd_normalised_tr050_tid5_010,r557,5,10,False,95,ellipse,40.95339266915494,63.696047468657284,386.9999999999998,11.098915530497875,24.412744318778127,20.18387188995759,80.44122488994384,0.5625312365618954,1.0,387.1111111111111,False,ellipse,360.0,1.0,True,True,35.5165296975932,3962.8799999999983,3964.017777777778,78.12078182009002,64.5883900478643
r557_svd_normalised_tr050_tid5_010,r557,5,10,False,96,circle,261.76143127077023,250.35288279855382,315.1118546820406,10.015149454651365,20.03029890930273,20.03029890930273,,0.0,1.0,140.22222222222223,True,circle,171.0,0.475,True,True,32.048478254884365,3226.7453919440964,1435.8755555555558,64.09695650976873,64.09695650976873
r557_svd_normalised_tr050_tid5_010,r557,5,10,False,97,circle,396.11417322834643,112.15748031496064,28.222222222222168,2.9972341155487316,5.994468231097465,5.994468231097461,,3.942476676500724e-08,1.0,28.22222222222222,False,circle,360.0,1.0,True,True,9.591149169755942,288.9955555555551,288.9955555555556,19.18229833951189,19.182298339511874
r557_svd_normalised_tr050_tid5_010,r557,5,10,False,98,ellipse,270.7227011494253,244.43534482758622,25.77777777777807,2.8644932379943904,6.1547196982673515,5.332701999621858,-81.52393582178294,0.4992793306933418,1.0,26.22222222222222,False,ellipse,360.0,1.0,True,True,9.16637836158205,263.9644444444475,268.5155555555556,19.695103034455528,17.064646398789947
r557_svd_normalised_tr050_tid5_010,r557,5,10,False,99,circle,267.0230414746544,143.4147465437788,24.11111111111115,2.770343847529133,5.540687695058295,5.540687695058238,,1.4292691717483756e-07,1.0,24.333333333333332,False,circle,360.0,1.0,True,True,8.865100312093226,246.89777777777823,249.17333333333337,17.730200624186544,17.730200624186363
r557_svd_normalised_tr050_tid5_010,r557,5,10,False,100,circle,217.38063063063066,194.0,16.44444444444443,2.2878875058592314,4.575775011718463,4.575775011718463,,0.0,1.0,16.22222222222222,False,circle,360.0,1.0,True,True,7.321240018749541,168.39111111111097,166.11555555555557,14.642480037499082,14.642480037499082
r557_svd_normalised_tr050_tid5_010,r557,5,10,False,101,circle,233.18397763453945,180.55993104612176,15.56064922559018,2.2255580163059108,4.4511160326118215,4.4511160326118215,,0.0,1.0,15.666666666666666,False,circle,360.0,1.0,True,True,7.1217856521789145,159.34104807004346,160.4266666666667,14.243571304357829,14.243571304357829
r557_svd_normalised_tr050_tid5_010,r557,5,10,False,102,ellipse,320.74010040545176,245.07281308122472,45.45382019017424,3.803735050099159,7.986805417378419,7.246151408607595,-77.13356119327284,0.42055876690753863,1.0,45.77777777777778,False,ellipse,360.0,1.0,True,True,12.17195216031731,465.4471187473843,468.76444444444456,25.557777335610943,23.187684507544304
r557_svd_normalised_tr050_tid5_010,r557,5,10,False,103,ellipse,221.15962441314554,241.05164319248826,55.22222222222247,4.192586226945324,8.875254304278181,7.922152388083587,61.8878985769625,0.4508270686736852,1.0,55.55555555555556,False,ellipse,360.0,1.0,True,True,13.416275926225039,565.4755555555582,568.888888888889,28.40081377369018,25.35088764186748
r557_svd_normalised_tr050_tid5_010,r557,5,10,False,104,ellipse,169.7896012132535,184.20149612607176,72.69295825450857,4.81028972810949,10.125454674661711,9.140878315818933,-3.332966211539997,0.43013986938506843,1.0,73.22222222222223,False,ellipse,360.0,1.0,True,True,15.392927129950369,744.3758925261678,749.7955555555558,32.401454958917476,29.250810610620587
r557_svd_normalised_tr050_tid5_010,r557,5,10,False,105,ellipse,200.45774648439723,247.51231305061793,96.34807479623751,5.537918807857128,12.937405596355312,9.482131326564444,-88.0509771176034,0.6803108356881685,1.0,72.88888888888889,True,ellipse,229.99999999999997,0.6388888888888888,True,True,17.72134018514281,986.6042859134723,746.3822222222224,41.399697908337004,30.342820245006223
r557_svd_normalised_tr050_tid5_010,r557,5,10,False,106,circle,164.35170952226687,184.34564870702738,42.14142335306496,3.662517122299505,7.32503424459901,7.325034244599009,,1.4901161193847656e-08,1.0,41.77777777777778,False,circle,360.0,1.0,True,True,11.720054791358416,431.52817513538525,427.8044444444445,23.440109582716833,23.44010958271683
r557_svd_normalised_tr050_tid5_010,r557,5,10,False,107,ellipse,46.313707845909924,71.0634614560569,1728.666666666666,23.457444232404757,52.28398132020972,42.097152972831196,79.65937850366998,0.5930529076151665,1.0,1728.4444444444443,False,ellipse,360.0,1.0,True,True,75.06382154369523,17701.546666666665,17699.271111111113,167.3087402246711,134.71088951305984
r557_svd_normalised_tr050_tid5_010,r557,5,10,False,108,circle,245.30090112275212,144.26714410027225,46.65686488025215,3.8537438095604597,7.707487619120919,7.7074876191209185,,1.4901161193847656e-08,1.0,47.0,False,circle,360.0,1.0,True,True,12.331980190593471,477.7662963737821,481.2800000000001,24.663960381186943,24.66396038118694
r557_svd_normalised_tr050_tid5_010,r557,5,10,False,109,circle,336.5738276859749,110.95809340976025,21.642368213203735,2.624686602757093,5.249373205514186,5.2493732055141855,,2.1073424255447017e-08,1.0,21.444444444444443,False,circle,360.0,1.0,True,True,8.398997128822698,221.61785050320628,219.59111111111113,16.797994257645396,16.797994257645396
r557_svd_normalised_tr050_tid5_010,r557,5,10,False,110,circle,313.15096692235096,160.09199445366335,11.700248647253588,1.9298458008942945,3.8596916017886174,3.85969160178856,,1.7249341164216735e-07,1.0,11.666666666666666,False,circle,360.0,1.0,True,True,6.1755065628617425,119.81054614787676,119.46666666666668,12.351013125723576,12.351013125723393
r557_svd_normalised_tr050_tid5_010,r557,5,10,False,111,ellipse,152.0028121814802,215.33649330717358,43.1993588700368,3.708204822435533,7.727823597452743,7.117544975879985,-50.24413574689882,0.3894954338163942,1.0,43.55555555555556,False,ellipse,360.0,1.0,True,True,11.866255431793705,442.36143482917686,446.008888888889,24.729035511848778,22.776143922815955
r557_svd_normalised_tr050_tid5_010,r557,5,10,False,112,ellipse,190.1318407960199,185.198175787728,44.66666666666688,3.770655325387889,7.85741004349851,7.237927767122388,-64.68227154514287,0.38918531363386094,1.0,44.888888888888886,False,ellipse,360.0,1.0,True,True,12.066097041241246,457.38666666666893,459.6622222222223,25.143712139195234,23.161368854791643
r557_svd_normalised_tr050_tid5_010,r557,5,10,False,113,circle,251.41164883349137,165.17333593842153,22.876598501952447,2.6984898490505316,5.396979698101063,5.396979698101063,,0.0,1.0,22.88888888888889,False,circle,360.0,1.0,True,True,8.635167516961701,234.25636865999311,234.38222222222228,17.270335033923402,17.270335033923402
r557_svd_normalised_tr050_tid5_010,r557,5,10,False,114,circle,221.32631578947365,111.57719298245613,21.11111111111118,2.5922722416812554,5.184544483362528,5.184544483362493,,1.1542389828584841e-07,1.0,20.88888888888889,False,circle,360.0,1.0,True,True,8.295271173380018,216.17777777777854,213.90222222222226,16.59054234676009,16.590542346759978
r557_svd_normalised_tr050_tid5_010,r557,5,10,False,115,circle,176.3080065359477,200.4264705882353,45.33333333333311,3.7986903234753298,7.5973806469506595,7.5973806469506595,,0.0,1.0,45.22222222222222,False,circle,360.0,1.0,True,True,12.155809035121056,464.2133333333311,463.07555555555564,24.311618070242112,24.311618070242112
r557_svd_normalised_tr050_tid5_010,r557,5,10,False,116,circle,153.42954427144835,114.16573032159685,43.50186500915964,3.7211656372497353,7.442331274499471,7.4423312744994705,,1.4901161193847656e-08,1.0,43.333333333333336,False,circle,360.0,1.0,True,True,11.907730039199153,445.4590976937948,443.73333333333346,23.81546007839831,23.815460078398306
r557_svd_normalised_tr050_tid5_010,r557,5,10,False,117,circle,307.73297425895777,100.3410392036285,280.12860459444164,9.442865256122255,18.885730512244525,18.885730512244496,,5.5755039852469285e-08,1.0,280.3333333333333,False,circle,360.0,1.0,True,True,30.21716881959122,2868.516911047083,2870.6133333333337,60.43433763918248,60.43433763918239
r557_svd_normalised_tr050_tid5_010,r557,5,10,False,118,ellipse,183.20840431572972,224.14934696195346,65.22222222222209,4.556410663253414,9.883425589009201,8.4023005769564,-48.57885993026866,0.5265558802181359,1.0,65.33333333333333,False,ellipse,360.0,1.0,True,True,14.580514122410925,667.8755555555543,669.0133333333334,31.626961884829445,26.88736184626048
r557_svd_normalised_tr050_tid5_010,r557,5,10,False,119,circle,162.63739858732654,167.49553090235665,17.999105101975445,2.393594179559244,4.787188359118488,4.787188359118487,,2.1073424255447017e-08,1.0,18.0,False,circle,360.0,1.0,True,True,7.659501374589581,184.3108362442286,184.32000000000005,15.319002749179162,15.31900274917916
r557_svd_normalised_tr050_tid5_010,r557,5,10,False,120,circle,214.4844661596491,257.49208350437095,497.18700770351717,12.580124794061703,25.160249588123406,25.160249588123406,,0.0,1.0,62.22222222222222,True,circle,101.0,0.28055555555555556,False,True,40.256399340997454,5091.194958884017,637.1555555555557,80.51279868199491,80.51279868199491
r557_svd_normalised_tr050_tid5_010,r557,5,10,False,121,ellipse,336.69032922198176,131.55223169325782,16.819752670105636,2.3138482141361036,4.836896242546681,4.42754468120817,-88.40652041553372,0.40261603024501036,1.0,17.0,False,ellipse,360.0,1.0,True,True,7.404314285235532,172.23426734188175,174.08000000000004,15.47806797614938,14.168142979866145
r557_svd_normalised_tr050_tid5_010,r557,5,10,False,122,ellipse,36.058837890625,68.497314453125,910.2222222222223,17.021537297127793,35.69867496639521,32.464256136145245,-37.949078563641564,0.41592991799085094,1.0,910.6666666666666,False,ellipse,360.0,1.0,True,True,54.46891935080894,9320.675555555557,9325.226666666667,114.23575989246467,103.8856196356648
r557_svd_normalised_tr050_tid5_010,r557,5,10,False,123,ellipse,330.60740740740744,189.1407407407408,9.999999999999932,1.7841241161527652,3.733708334124859,3.4101205311035305,77.60489872476364,0.4072125963666608,1.0,10.0,False,ellipse,360.0,1.0,True,True,5.709197171688849,102.39999999999932,102.40000000000002,11.947866669199549,10.912385699531299
r557_svd_normalised_tr050_tid5_010,r557,5,10,False,124,circle,360.8736939019405,132.27126537802513,57.269497618242625,4.269595679764734,8.539191359529468,8.539191359529468,,0.0,1.0,57.22222222222222,False,circle,360.0,1.0,True,True,13.66270617524715,586.4396556108046,585.9555555555556,27.3254123504943,27.3254123504943
r557_svd_normalised_tr050_tid5_010,r557,5,10,False,125,ellipse,264.429718875502,106.96184738955822,18.444444444444574,2.423024765006417,5.093094874254434,4.610987351924287,-78.13691272160992,0.42468548861907685,1.0,18.22222222222222,False,ellipse,360.0,1.0,True,True,7.753679248020536,188.87111111111247,186.5955555555556,16.29790359761419,14.755159526157719
r557_svd_normalised_tr050_tid5_010,r557,5,10,False,126,ellipse,221.68847352024923,163.21495327102804,11.888888888888829,1.9453408105198269,4.056027488487663,3.732076155613014,77.55525611170026,0.3916109774048434,1.0,11.777777777777779,False,ellipse,360.0,1.0,True,True,6.225090593663446,121.74222222222163,120.60444444444448,12.979287963160523,11.942643697961646
r557_svd_normalised_tr050_tid5_010,r557,5,10,False,127,circle,172.78815644052113,174.83151354859035,19.57063505162484,2.495901964386263,4.991803928772526,4.991803928772526,,0.0,1.0,19.11111111111111,False,circle,360.0,1.0,True,True,7.986886286036043,200.4033029286384,195.69777777777782,15.973772572072086,15.973772572072086
r557_svd_normalised_tr050_tid5_010,r557,5,10,False,128,circle,257.3333333333333,104.48362235067437,38.44444444444433,3.498177630640008,6.99635526128003,6.9963552612800015,,9.06402249678704e-08,1.0,38.333333333333336,False,circle,360.0,1.0,True,True,11.194168418048026,393.67111111111,392.5333333333334,22.388336836096098,22.388336836096006
r557_svd_normalised_tr050_tid5_010,r557,5,10,False,129,circle,222.24844727732773,213.208251109257,37.47841725459605,3.453947123315452,6.907894246630904,6.907894246630904,,0.0,1.0,37.333333333333336,False,circle,360.0,1.0,True,True,11.052630794609447,383.77899268706364,382.2933333333334,22.105261589218895,22.105261589218895
r557_svd_normalised_tr050_tid5_010,r557,5,10,False,130,circle,203.8857677902622,188.74531835205994,19.777777777777704,2.5090759640578293,5.018151928115659,5.018151928115659,,0.0,1.0,19.666666666666668,False,circle,360.0,1.0,True,True,8.029043084985053,202.52444444444373,201.3866666666667,16.058086169970107,16.058086169970107
r557_svd_normalised_tr050_tid5_010,r557,5,10,False,131,circle,267.7569444444444,111.29166666666667,10.666666666666735,1.8426354638471287,3.685270927694267,3.6852709276942477,,1.021572142899192e-07,1.0,10.555555555555555,False,circle,360.0,1.0,True,True,5.896433484310812,109.22666666666738,108.0888888888889,11.792866968621654,11.792866968621594
r557_svd_normalised_tr050_tid5_010,r557,5,10,False,132,ellipse,52.30731312277737,73.70870743987888,1051.888888888889,18.298268565638015,42.05303339003297,31.848036206546173,-83.40548938968834,0.6530320232761907,1.0,1051.4444444444443,False,ellipse,360.0,1.0,True,True,58.55445941004165,10771.342222222225,10766.791111111112,134.5697068481055,101.91371586094776
r557_svd_normalised_tr050_tid5_010,r557,5,10,False,133,circle,201.3735112351586,209.09469375607458,87.26411699374475,5.270391934971049,10.5407838699421,10.540783869942098,,2.1073424255447017e-08,1.0,86.77777777777777,False,circle,360.0,1.0,True,True,16.865254191907358,893.5845580159464,888.6044444444445,33.73050838381472,33.730508383814716
r557_svd_normalised_tr050_tid5_010,r557,5,10,False,134,circle,344.3159722222222,200.70833333333334,10.666666666666544,1.8426354638471119,3.685270927694264,3.6852709276941833,,2.0967792390987707e-07,1.0,10.777777777777779,False,circle,360.0,1.0,True,True,5.896433484310759,109.22666666666542,110.36444444444447,11.792866968621645,11.792866968621388
r557_svd_normalised_tr050_tid5_010,r557,5,10,False,135,circle,175.90368271954674,159.38810198300283,39.2222222222224,3.533386632033205,7.066773264066411,7.06677326406641,,1.4901161193847656e-08,1.0,39.333333333333336,False,circle,360.0,1.0,True,True,11.306837222506257,401.63555555555746,402.7733333333334,22.613674445012517,22.613674445012514
r557_svd_normalised_tr050_tid5_010,r557,5,10,False,136,ellipse,281.8391948601999,222.0310811747765,44.4899542670273,3.763189110190918,8.06615395085177,7.022723526155398,78.01032839611565,0.49191912467705445,1.0,44.44444444444444,False,ellipse,360.0,1.0,True,True,12.042205152610938,455.57713169435965,455.1111111111112,25.811692642725667,22.472715283697276
r557_svd_normalised_tr050_tid5_010,r557,5,10,False,137,circle,338.6074802874834,188.34619623145264,16.81301077639904,2.313384435549445,4.62676887109893,4.62676887109885,,1.86115443658781e-07,1.0,16.555555555555557,False,circle,360.0,1.0,True,True,7.402830193758224,172.1652303503262,169.52888888888893,14.805660387516577,14.80566038751632
r557_svd_normalised_tr050_tid5_010,r557,5,10,False,138,circle,277.06100217864923,130.57080610021785,17.00000000000003,2.326213245840641,4.65242649168131,4.652426491681254,,1.548574096771071e-07,1.0,17.0,False,circle,360.0,1.0,True,True,7.443882386690051,174.08000000000033,174.08000000000004,14.887764773380193,14.887764773380013
r557_svd_normalised_tr050_tid5_010,r557,5,10,False,139,ellipse,232.8785529715762,103.88888888888889,14.333333333333352,2.135987289748624,4.461718322684076,4.090300079026955,-77.1846932769293,0.399451246218932,1.0,14.444444444444445,False,ellipse,360.0,1.0,True,True,6.835159327195597,146.77333333333354,147.91111111111115,14.277498632589044,13.088960252886256
r557_svd_normalised_tr050_tid5_010,r557,5,10,False,140,ellipse,352.1773700305811,184.91131498470955,12.111111111111173,1.9634373937910625,4.093533350659973,3.7670013351331413,51.51763272471524,0.3913727606764818,1.0,12.333333333333334,False,ellipse,360.0,1.0,True,True,6.2829996601314,124.01777777777843,126.29333333333336,13.099306722111914,12.054404272426053
r557_svd_normalised_tr050_tid5_010,r557,5,10,False,141,circle,147.95800952440632,108.14811628602794,58.32578204208802,4.308790206472998,8.617580412945996,8.617580412945996,,0.0,1.0,58.111111111111114,False,circle,360.0,1.0,True,True,13.788128660713594,597.2560081109815,595.0577777777779,27.57625732142719,27.57625732142719
r557_svd_normalised_tr050_tid5_010,r557,5,10,False,142,circle,154.30821559392987,182.18210361067506,70.77777777777797,4.746500435982929,9.493000871965858,9.493000871965858,,0.0,1.0,70.77777777777777,False,circle,360.0,1.0,True,True,15.188801395145374,724.7644444444466,724.7644444444445,30.377602790290748,30.377602790290748
r557_svd_normalised_tr050_tid5_010,r557,5,10,False,143,ellipse,325.5932721712539,232.09174311926606,12.111111111111072,1.9634373937910543,4.18206310643481,3.687257988436671,20.665573373212965,0.4718404210779622,1.0,12.11111111111111,False,ellipse,360.0,1.0,True,True,6.282999660131374,124.0177777777774,124.0177777777778,13.382601940591393,11.799225562997348
r557_svd_normalised_tr050_tid5_010,r557,5,10,False,144,circle,241.2987987987988,103.51351351351352,24.666666666666703,2.802078489121991,5.604156978243982,5.604156978243982,,0.0,1.0,24.555555555555557,False,circle,360.0,1.0,True,True,8.966651165190372,252.5866666666671,251.44888888888894,17.933302330380744,17.933302330380744
r557_svd_normalised_tr050_tid5_010,r557,5,10,False,145,circle,225.62264150943395,131.60062893081763,11.777777777777647,1.9362290938683835,3.8724581877367674,3.872458187736767,,1.4901161193847656e-08,1.0,11.555555555555555,False,circle,360.0,1.0,True,True,6.195933100378827,120.60444444444313,118.32888888888891,12.391866200757656,12.391866200757654
r557_svd_normalised_tr050_tid5_010,r557,5,10,False,146,ellipse,213.82828282828285,126.35016835016836,10.999999999999938,1.8712051592547723,3.9082199792053767,3.583635278107951,86.82102888225114,0.39900626200899464,1.0,11.11111111111111,False,ellipse,360.0,1.0,True,True,5.987856509615272,112.63999999999939,113.7777777777778,12.506303933457206,11.467632889945444
r557_svd_normalised_tr050_tid5_010,r557,5,10,False,147,circle,326.40557534762786,115.58817653719836,13.07280635097209,2.0399028167245277,4.0798056334490695,4.079805633449041,,1.1827430029502171e-07,1.0,13.0,False,circle,360.0,1.0,True,True,6.527689013518489,133.86553703395424,133.12000000000003,13.055378027037023,13.055378027036932
r557_svd_normalised_tr050_tid5_010,r557,5,10,False,148,circle,185.53149619186757,94.95374543499165,27.394801662074823,2.9529707413184028,5.90594148263682,5.905941482636791,,9.771344846937061e-08,1.0,27.333333333333332,False,circle,360.0,1.0,True,True,9.44950637221889,280.52276901964626,279.8933333333334,18.899012744437822,18.899012744437734
r557_svd_normalised_tr050_tid5_010,r557,5,10,False,149,circle,345.69172932330827,205.23809523809527,14.77777777777769,2.168850562508576,4.337701125017153,4.337701125017152,,2.1073424255447017e-08,1.0,14.777777777777779,False,circle,360.0,1.0,True,True,6.940321800027444,151.32444444444357,151.32444444444448,13.88064360005489,13.880643600054889
r557_svd_normalised_tr050_tid5_010,r557,5,10,False,150,circle,291.0309489521809,111.93427466045974,10.826840510494273,1.8564186948599408,3.71283738971992,3.7128373897198435,,2.0267770452403194e-07,1.0,10.777777777777779,False,circle,360.0,1.0,True,True,5.940539823551811,110.86684682746139,110.36444444444447,11.881079647103745,11.8810796471035
r557_svd_normalised_tr050_tid5_010,r557,5,10,False,151,circle,336.8792270531401,146.56280193236714,15.33333333333339,2.209242310873001,4.418484621746042,4.418484621745961,,1.914088812271525e-07,1.0,15.333333333333334,False,circle,360.0,1.0,True,True,7.069575394793603,157.01333333333395,157.01333333333338,14.139150789587333,14.139150789587076
r557_svd_normalised_tr050_tid5_010,r557,5,10,False,152,ellipse,248.54070431515095,104.4842441755623,42.398003533648826,3.6736499124461646,7.703178074912084,7.007862753773735,29.888900172842114,0.4151859632935852,1.0,42.55555555555556,False,ellipse,360.0,1.0,True,True,11.755679719827727,434.15555618456403,435.76888888888897,24.65016983971867,22.425160812075955
r557_svd_normalised_tr050_tid5_010,r557,5,10,False,153,ellipse,279.28144510037686,144.74307867712878,12.295789254174624,1.9783506458755489,4.140689975563469,3.780888017344112,3.081658516005376,0.40772270573763103,1.0,12.11111111111111,False,ellipse,360.0,1.0,True,True,6.330722066801757,125.90888196274817,124.0177777777778,13.250207921803103,12.09884165550116
r557_svd_normalised_tr050_tid5_010,r557,5,10,False,154,circle,348.6892215511525,139.42170177079808,13.798370808318156,2.0957475614962533,4.191495122992535,4.191495122992478,,1.645887049613485e-07,1.0,13.88888888888889,False,circle,360.0,1.0,True,True,6.706392196788011,141.29531707717794,142.22222222222226,13.412784393576112,13.412784393575931
r557_svd_normalised_tr050_tid5_010,r557,5,10,False,155,ellipse,349.05054644808746,197.83333333333331,27.111111111111047,2.937641008035846,6.148339873329515,5.614351106078717,73.71832384735478,0.4076256814069968,1.0,26.88888888888889,False,ellipse,360.0,1.0,True,True,9.400451225714708,277.6177777777772,275.3422222222223,19.67468759465445,17.965923539451893
r557_svd_normalised_tr050_tid5_010,r557,5,10,False,156,circle,310.0540046078304,128.4018886837883,13.053061087471153,2.038361692414526,4.076723384829052,4.076723384829052,,0.0,1.0,13.0,False,circle,360.0,1.0,True,True,6.522757415726483,133.66334553570465,133.12000000000003,13.045514831452966,13.045514831452966
r557_svd_normalised_tr050_tid5_010,r557,5,10,False,157,circle,280.3668763102725,160.60587002096432,17.666666666666504,2.371386652554489,4.742773305108978,4.742773305108978,,0.0,1.0,17.444444444444443,False,circle,360.0,1.0,True,True,7.588437288174365,180.90666666666505,178.63111111111112,15.17687457634873,15.17687457634873
r557_svd_normalised_tr050_tid5_010,r557,5,10,False,158,ellipse,236.55137844611528,151.0200501253133,14.777777777777732,2.1688505625085797,4.537846086328012,4.146383700995155,-81.87349150170937,0.4063131805533934,1.0,15.0,False,ellipse,360.0,1.0,True,True,6.940321800027455,151.324444444444,153.60000000000002,14.52110747624964,13.268427843184497
r557_svd_normalised_tr050_tid5_010,r557,5,10,False,159,circle,172.3758419112975,91.36656500190621,1165.7777777777774,19.26340031666364,38.526800633327284,38.52680063332727,,2.5809568279517847e-08,1.0,1164.5555555555557,False,circle,360.0,1.0,True,True,61.642881013323645,11937.564444444442,11925.048888888892,123.28576202664732,123.28576202664726
r557_svd_normalised_tr050_tid5_010,r557,5,10,False,160,circle,53.50797460927082,72.38944897850322,694.3333333333333,14.866511504281874,29.73302300856375,29.733023008563748,,1.4901161193847656e-08,1.0,694.1111111111111,False,circle,360.0,1.0,True,True,47.572836813702,7109.973333333334,7107.697777777779,95.14567362740401,95.145673627404
r557_svd_normalised_tr050_tid5_010,r557,5,10,False,161,ellipse,169.11444559675056,86.09917033964221,1714.2222222222235,23.359235442310194,52.860319653196775,41.29024448048579,24.751737161818,0.6243811288483938,1.0,1713.4444444444443,False,ellipse,360.0,1.0,True,True,74.74955341539263,17553.63555555557,17545.671111111114,169.1530228902297,132.12878233755453
r557_svd_normalised_tr050_tid5_010,r557,5,10,False,162,ellipse,286.96296296296293,107.91481481481485,9.999999999999927,1.7841241161527648,3.814709995299921,3.3377099341860945,84.58026564955867,0.4841993391471091,1.0,10.222222222222221,False,ellipse,360.0,1.0,True,True,5.709197171688848,102.39999999999928,104.67555555555556,12.207071984959747,10.680671789395504
r557_svd_normalised_tr050_tid5_010,r557,5,10,False,163,circle,57.83699594971816,73.54780664585205,111.3768169946408,5.954186925271745,11.908373850543498,11.908373850543484,,4.9421560620597e-08,1.0,112.22222222222223,False,circle,360.0,1.0,True,True,19.053398160869587,1140.4986060251222,1149.1555555555558,38.106796321739196,38.10679632173915
r557_svd_normalised_tr050_tid5_010,r557,5,10,False,164,ellipse,45.936265137029956,67.06755895474825,174.3333333333333,7.449296845432739,17.312652186891203,12.821149039981666,-57.67812949014103,0.6719844287027541,1.0,174.11111111111111,False,ellipse,360.0,1.0,True,True,23.83774990538477,1785.1733333333332,1782.8977777777782,55.40048699805185,41.027676927941336
r557_svd_normalised_tr050_tid5_010,r557,5,10,False,165,circle,169.308582047354,159.27514224807942,16.239077176778906,2.273556422847317,4.547112845694634,4.547112845694633,,2.1073424255447017e-08,1.0,15.777777777777779,False,circle,360.0,1.0,True,True,7.275380553111415,166.28815029021604,161.5644444444445,14.55076110622283,14.550761106222826
r557_svd_normalised_tr050_tid5_010,r557,5,10,False,166,ellipse,339.063679245283,207.53380503144655,47.11111111111134,3.872458187736798,8.46073373116459,7.089660491516558,6.514325580734038,0.5457490663555522,1.0,47.111111111111114,False,ellipse,360.0,1.0,True,True,12.391866200757754,482.41777777778026,482.4177777777779,27.07434793972669,22.686913572852987
r557_svd_normalised_tr050_tid5_010,r557,5,10,False,167,ellipse,359.87294838627395,122.90702851173693,51.183274695712306,4.036352603887064,9.240604160438188,7.052414348688347,-6.24360403378995,0.6461642174346786,1.0,51.0,False,ellipse,360.0,1.0,True,True,12.916328332438605,524.1167328840941,522.2400000000001,29.569933313402203,22.56772591580271
r557_svd_normalised_tr050_tid5_010,r557,5,10,False,168,ellipse,251.13389085185435,181.6146947953137,13.054438246355659,2.0384692179159325,4.269525049539992,3.8930388782597736,-80.59895575739787,0.41058988505431376,1.0,12.88888888888889,False,ellipse,360.0,1.0,True,True,6.523101497330984,133.67744764268198,131.98222222222225,13.662480158527977,12.457724410431275
r557_svd_normalised_tr050_tid5_010,r557,5,10,False,169,circle,242.01197939096667,175.98381194447296,11.39990263426967,1.904915145097197,3.809830290194394,3.8098302901943937,,1.4901161193847656e-08,1.0,11.11111111111111,False,circle,360.0,1.0,True,True,6.095728464311031,116.73500297492144,113.7777777777778,12.191456928622062,12.19145692862206
r557_svd_normalised_tr050_tid5_010,r557,5,10,False,170,circle,67.54275741710298,8.846422338568935,21.222222222222253,2.5990850582700595,5.198170116540123,5.198170116540116,,4.9421560620597e-08,1.0,21.444444444444443,False,circle,360.0,1.0,True,True,8.317072186464191,217.3155555555559,219.59111111111113,16.634144372928393,16.634144372928372
r557_svd_normalised_tr050_tid5_010,r557,5,10,False,171,ellipse,332.4129793510325,144.9852507374631,12.555555555555788,1.9991391797129143,4.179203805763998,3.825185509595041,-85.63412529832567,0.40279438223102715,1.0,12.555555555555555,False,ellipse,360.0,1.0,True,True,6.397245375081326,128.5688888888913,128.56888888888892,13.373452178444794,12.240593630704133
r557_svd_normalised_tr050_tid5_010,r557,5,10,False,172,ellipse,32.482446615997105,75.74122330799854,102.33333333333324,5.707338406485218,12.367716512359863,10.535077078646877,54.127697545125045,0.5238334425504602,1.0,102.77777777777777,False,ellipse,360.0,1.0,True,True,18.2634829007527,1047.8933333333325,1052.4444444444446,39.57669283955156,33.71224665167001
r557_svd_normalised_tr050_tid5_010,r557,5,10,False,173,circle,359.7867564534231,123.94051627384962,32.999999999999964,3.2410224072142855,6.482044814428598,6.482044814428544,,1.2818463544611077e-07,1.0,33.0,False,circle,360.0,1.0,True,True,10.371271703085714,337.9199999999997,337.9200000000001,20.742543406171514,20.742543406171343
r557_svd_normalised_tr050_tid5_010,r557,5,10,False,174,ellipse,361.29702448210924,101.1343879472693,491.6666666666664,12.510090355670112,28.212414322184614,22.18914821252514,-34.36201537044363,0.6175864693392319,1.0,491.77777777777777,False,ellipse,360.0,1.0,True,True,40.032289138144364,5034.666666666665,5035.804444444445,90.27972583099077,71.00527428008046
r557_svd_normalised_tr050_tid5_010,r557,5,10,False,175,circle,342.5458006000804,114.000515570354,16.48459107225483,2.290678569331753,4.58135713866352,4.581357138663492,,1.1151007970493857e-07,1.0,16.22222222222222,False,circle,360.0,1.0,True,True,7.3301714218616105,168.8022125798895,166.11555555555557,14.660342843723265,14.660342843723175
r557_svd_normalised_tr050_tid5_010,r557,5,10,False,176,ellipse,246.32448395590413,102.19291032764284,255.27439894885623,9.014231241489536,19.213627279866508,16.91640286166945,48.86866407495853,0.4741617446848163,1.0,256.3333333333333,False,ellipse,360.0,1.0,True,True,28.845539972766517,2614.009845236288,2624.8533333333335,61.483607295572824,54.13248915734224
r557_svd_normalised_tr050_tid5_010,r557,5,10,False,177,ellipse,166.45354761982622,202.01382640991417,26.75332534616002,2.918192582057277,6.43869204062914,5.29042103100307,87.37978013942046,0.5699767401630428,1.0,26.555555555555557,False,ellipse,360.0,1.0,True,True,9.338216262583286,273.95405154467863,271.92888888888893,20.60381453001325,16.929347299209823
r557_svd_normalised_tr050_tid5_010,r557,5,10,False,178,ellipse,332.38613861386136,135.52145214521454,11.222222222222145,1.8900117137956414,4.11359482730807,3.473501332285896,-81.4468414810151,0.5357201575013946,1.0,11.11111111111111,False,ellipse,360.0,1.0,True,True,6.048037484146053,114.91555555555479,113.7777777777778,13.163503447385825,11.115204263314867
r557_svd_normalised_tr050_tid5_010,r557,5,10,False,179,circle,286.23555555555555,178.31333333333336,16.666666666666536,2.303294329808894,4.606588659617817,4.60658865961776,,1.5699347485382465e-07,1.0,16.333333333333332,False,circle,360.0,1.0,True,True,7.370541855388462,170.66666666666538,167.25333333333336,14.741083710777014,14.741083710776833
r557_svd_normalised_tr050_tid5_010,r557,5,10,False,180,ellipse,2.1556806437314298,74.03139444516427,50.904943789019256,4.025362948067538,11.496415893691742,5.637773376854299,-2.6007632079596874,0.8715008460532823,1.0,50.666666666666664,True,ellipse,320.0,0.8888888888888888,True,True,12.881161433816121,521.2666243995573,518.8266666666667,36.78853085981358,18.040874805933758
r557_svd_normalised_tr050_tid5_010,r557,5,10,False,181,ellipse,179.53840063341252,172.86698337292165,46.77777777777784,3.858734134450716,8.231834969754148,7.235241802142113,44.117980560834894,0.4769429330158582,1.0,47.0,False,ellipse,360.0,1.0,True,True,12.347949230242293,479.0044444444452,481.2800000000001,26.341871903213274,23.152773766854764
r557_svd_normalised_tr050_tid5_010,r557,5,10,False,182,ellipse,166.15620882928283,123.05143234958152,15.421000538389826,2.2155488995314547,4.805670573939457,4.085720692412056,13.992616162761607,0.5264801437380899,1.0,15.333333333333334,False,ellipse,360.0,1.0,True,True,7.0897564785006555,157.91104551311184,157.01333333333338,15.378145836606263,13.074306215718579
r557_svd_normalised_tr050_tid5_010,r557,5,10,False,183,ellipse,234.66530164723574,122.02698710424949,10.838069044723287,1.8573810928503431,3.91190455991588,3.527554899398792,0.7390697153251153,0.43226063888877647,1.0,10.444444444444445,False,ellipse,360.0,1.0,True,True,5.943619497121098,110.98182701796648,106.95111111111113,12.518094591730817,11.288175678076136
r557_svd_normalised_tr050_tid5_010,r557,5,10,False,184,ellipse,307.5575221238938,242.4159292035398,12.555555555555541,1.9991391797128946,4.265668133551906,3.74764968557019,-14.96446364337234,0.4776301489558332,1.0,12.88888888888889,False,ellipse,360.0,1.0,True,True,6.397245375081263,128.56888888888878,131.98222222222225,13.6501380273661,11.992478993824609
r557_svd_normalised_tr050_tid5_010,r557,5,10,False,185,circle,364.94469663713943,108.90612830517067,27.643438243358908,2.9663411268719955,5.932682253744019,5.9326822537439625,,1.3818768405162847e-07,1.0,27.555555555555557,False,circle,360.0,1.0,True,True,9.492291605990387,283.0688076119953,282.16888888888894,18.984583211980862,18.98458321198068
r557_svd_normalised_tr050_tid5_010,r557,5,10,False,186,circle,312.5168539325843,246.0861423220974,9.888888888889019,1.7741846286974803,3.5483692573949606,3.54836925739496,,1.4901161193847656e-08,1.0,9.777777777777779,False,circle,360.0,1.0,True,True,5.677390811831938,101.26222222222357,100.12444444444448,11.354781623663875,11.354781623663873
r557_svd_normalised_tr050_tid5_010,r557,5,10,False,187,ellipse,173.99435028248587,140.77401129943505,13.11111111111101,2.042889200500306,4.244834580796247,3.932682139748242,-30.754882557298487,0.376385875533404,1.0,12.88888888888889,False,ellipse,360.0,1.0,True,True,6.537245441600979,134.25777777777677,131.98222222222225,13.58347065854799,12.584582847194376
r557_svd_normalised_tr050_tid5_010,r557,5,10,False,188,ellipse,95.96926375982844,66.73635930426495,621.7777777777782,14.068333720666951,30.18952662066473,26.22340073932527,73.92550042063223,0.49546874328793755,1.0,620.8888888888889,False,ellipse,360.0,1.0,True,True,45.01866790613425,6367.004444444449,6357.902222222224,96.60648518612714,83.91488236584087
r557_svd_normalised_tr050_tid5_010,r557,5,10,False,189,ellipse,175.7804391217565,96.44710578842314,18.555555555555607,2.4303120739867774,5.059816331267177,4.669273657596746,46.59393669272967,0.3852437532242513,1.0,18.11111111111111,False,ellipse,360.0,1.0,True,True,7.776998636757688,190.00888888888946,185.4577777777778,16.191412260054967,14.941675704309588
r557_svd_normalised_tr050_tid5_010,r557,5,10,False,190,ellipse,65.74712643678161,101.18007662835247,9.666666666666632,1.7541367011847449,3.649278378748336,3.372716736944224,79.87811040654702,0.38187325220584484,1.0,9.777777777777779,False,ellipse,360.0,1.0,True,True,5.613237443791184,98.98666666666634,100.12444444444448,11.677690811994676,10.792693558221517
r557_svd_normalised_tr050_tid5_010,r557,5,10,False,191,ellipse,304.48717948717945,111.92307692307693,7.222222222222272,1.5162139471557485,3.201174591649278,2.872576509318345,19.910338377425887,0.4413180052865986,1.0,6.888888888888889,False,ellipse,360.0,1.0,True,True,4.851884630898396,73.95555555555607,70.54222222222224,10.243758693277691,9.192244829818703
r557_svd_normalised_tr050_tid5_010,r557,5,10,False,192,circle,170.97145015744573,225.59784761226035,21.646381734361356,2.624929962142885,5.24985992428577,5.2498599242857695,,2.1073424255447017e-08,1.0,21.444444444444443,False,circle,360.0,1.0,True,True,8.399775878857232,221.6589489598603,219.59111111111113,16.799551757714465,16.799551757714465
r557_svd_normalised_tr050_tid5_010,r557,5,10,False,193,ellipse,227.34340649463533,232.7695926718354,58.317562033821666,4.308486571117743,9.217391546530049,8.055665831181976,-88.38111549805245,0.48599116360512046,1.0,58.111111111111114,False,ellipse,360.0,1.0,True,True,13.787157027576777,597.171835226334,595.0577777777779,29.495652948896158,25.778130659782324
r557_svd_normalised_tr050_tid5_010,r557,5,10,False,194,ellipse,346.3104325699746,192.0737913486005,14.555555555555507,2.152481645039213,4.581684670663662,4.044955133553175,62.292725006708906,0.46964898097557284,1.0,14.444444444444445,False,ellipse,360.0,1.0,True,True,6.887941264125482,149.04888888888843,147.91111111111115,14.661390946123717,12.943856427370159
r557_svd_normalised_tr050_tid5_010,r557,5,10,False,195,ellipse,39.247038917089675,63.186830231246475,262.66666666666674,9.143817406911754,21.207463356023183,15.769806198381813,75.18255772894628,0.6686280705563935,1.0,262.1111111111111,False,ellipse,360.0,1.0,True,True,29.260215702117616,2689.706666666668,2684.017777777778,67.86388273927419,50.46337983482181
r557_svd_normalised_tr050_tid5_010,r557,5,10,False,196,ellipse,324.8129266521423,101.28119099491649,510.00000000000045,12.741194683142291,29.727302265758187,21.84362920018138,-75.73753127604192,0.6782835612499393,1.0,509.8888888888889,False,ellipse,360.0,1.0,True,True,40.771822986055334,5222.400000000006,5221.2622222222235,95.1273672504262,69.89961344058041
r557_svd_normalised_tr050_tid5_010,r557,5,10,False,197,circle,199.0607476635514,101.42367601246104,23.777777777777853,2.7511273576750197,5.502254715350053,5.502254715350026,,9.8843121241194e-08,1.0,23.666666666666668,False,circle,360.0,1.0,True,True,8.803607544560064,243.48444444444527,242.34666666666672,17.60721508912017,17.607215089120086
r557_svd_normalised_tr050_tid5_010,r557,5,10,False,198,circle,180.90893177507832,249.84171403120746,18.045058044416525,2.3966477363805723,4.7932954727611445,4.7932954727611445,,0.0,1.0,7.333333333333333,True,circle,163.0,0.4527777777777778,True,True,7.669272756417832,184.78139437482525,75.09333333333335,15.338545512835664,15.338545512835664
r557_svd_normalised_tr050_tid5_010,r557,5,10,False,199,ellipse,228.8527680280688,99.291002030304,13.714827605305706,2.089393503884601,4.514329293418871,3.8681849996538147,85.78264130718884,0.515535614584414,1.0,13.777777777777779,False,ellipse,360.0,1.0,True,True,6.686059212430724,140.43983467833044,141.08444444444447,14.445853738940386,12.378191998892207
r557_svd_normalised_tr050_tid5_010,r557,5,10,False,200,ellipse,63.163116222075594,68.14746912998397,2357.555555555556,27.394036587565047,62.88586916919569,47.73302813335039,-83.10254475110438,0.6510414326770512,1.0,2358.6666666666665,False,ellipse,360.0,1.0,True,True,87.66091708020815,24141.3688888889,24152.74666666667,201.23478134142624,152.74569002672123
r557_svd_normalised_tr050_tid5_010,r557,5,10,False,201,ellipse,182.01460080770428,227.01863932898416,119.22222222222234,6.16032563961794,13.136991475625646,11.555038931568417,-28.567086176619455,0.4757504514521327,1.0,119.0,False,ellipse,360.0,1.0,True,True,19.71304204677741,1220.835555555557,1218.5600000000002,42.038372722002066,36.97612458101894
r557_svd_normalised_tr050_tid5_010,r557,5,10,False,202,ellipse,328.2077148437979,110.54571299023591,53.176878263111,4.114210260492304,9.101811938414002,7.438837972954054,80.68780526150016,0.5762237468707501,1.0,52.888888888888886,False,ellipse,360.0,1.0,True,True,13.165472833575373,544.5312334142567,541.5822222222223,29.12579820292481,23.804281513452974
r557_svd_normalised_tr050_tid5_010,r557,5,10,False,203,ellipse,215.49718564552853,107.02663961418368,37.25620844177669,3.443692708233637,7.407616856677249,6.403689444629828,70.06008816017172,0.5026781679097969,1.0,37.0,False,ellipse,360.0,1.0,True,True,11.019816666347639,381.5035744437934,378.88000000000005,23.704373941367198,20.491806222815452
r557_svd_normalised_tr050_tid5_010,r557,5,10,False,204,ellipse,217.17021276595744,244.3528368794327,20.888888888888836,2.5785926092983464,5.3860102504373835,4.938081834647899,-15.024493166201694,0.3992666779164674,1.0,20.444444444444443,False,ellipse,360.0,1.0,True,True,8.251496349754708,213.90222222222172,209.35111111111112,17.23523280139963,15.801861870873276
r557_svd_normalised_tr050_tid5_010,r557,5,10,False,205,circle,179.79376786639367,155.74113999757378,13.766270110259612,2.09330835568295,4.1866167113659,4.1866167113659,,0.0,1.0,13.88888888888889,False,circle,360.0,1.0,True,True,6.6985867381854405,140.96660592905846,142.22222222222226,13.397173476370881,13.397173476370881
r557_svd_normalised_tr050_tid5_010,r557,5,10,False,206,circle,227.0552074718238,111.75516369583625,11.873062093299795,1.9440455353646782,3.8880910707293563,3.888091070729356,,1.4901161193847656e-08,1.0,11.666666666666666,False,circle,360.0,1.0,True,True,6.22094571316697,121.58015583538993,119.46666666666668,12.44189142633394,12.441891426333939
r557_svd_normalised_tr050_tid5_010,r557,5,10,False,207,ellipse,169.91139045550693,208.86316339194678,10.684722102099116,1.8441943162868175,3.9723332786492693,3.424740511582732,-68.94009313271658,0.5066559513992203,1.0,10.777777777777779,False,ellipse,360.0,1.0,True,True,5.901421812117817,109.41155432549496,110.36444444444447,12.711466491677662,10.959169637064743
r557_svd_normalised_tr050_tid5_010,r557,5,10,False,208,ellipse,283.3947368421052,145.3187134502924,12.666666666666723,2.007965444173455,4.180322564955144,3.8580039337590812,88.66649056109623,0.3850487623249146,1.0,12.777777777777779,False,ellipse,360.0,1.0,True,True,6.425489421355056,129.70666666666727,130.8444444444445,13.377032207856463,12.345612588029061
r557_svd_normalised_tr050_tid5_010,r557,5,10,False,209,ellipse,231.36138450360087,120.03907753273191,9.292460742962525,1.7198494473237314,3.711264313780907,3.1880048106262278,-0.9499260839015733,0.5119625808087876,1.0,9.333333333333334,False,ellipse,360.0,1.0,True,True,5.50351823143594,95.15479800793628,95.57333333333335,11.876045804098903,10.20161539400393
r557_svd_normalised_tr050_tid5_010,r557,5,10,False,210,ellipse,2.3016359918200413,72.03067484662577,36.222222222222236,3.395569382722069,7.8977884142918215,5.8395544818673875,5.210319517319334,0.6732761675178106,1.0,36.0,True,ellipse,326.0,0.9055555555555556,True,True,10.865822024710623,370.9155555555558,368.6400000000001,25.27292292573383,18.68657434197564
r557_svd_normalised_tr050_tid5_010,r557,5,10,False,211,ellipse,196.88700564971754,94.97966101694914,32.77777777777782,3.2300914404706935,6.764109338807911,6.1699125139457385,38.07189294121656,0.4098466026420622,1.0,32.666666666666664,False,ellipse,360.0,1.0,True,True,10.33629260950622,335.64444444444496,334.5066666666667,21.645149884185315,19.743720044626365
r557_svd_normalised_tr050_tid5_010,r557,5,10,False,212,ellipse,50.53948851322062,70.15110533159948,427.22222222222223,11.661434600028493,25.104797317649773,21.667421602346163,84.01988863213944,0.505069065470451,1.0,426.8888888888889,False,ellipse,360.0,1.0,True,True,37.31659072009118,4374.755555555556,4371.342222222223,80.33535141647928,69.33574912750773
r557_svd_normalised_tr050_tid5_010,r557,5,10,False,213,ellipse,341.7873868827937,207.70320046574278,38.54166602649577,3.5025980823136904,7.925335361985435,6.191886029238841,-5.8122416087484225,0.6241838681995475,1.0,38.333333333333336,False,ellipse,360.0,1.0,True,True,11.20831386340381,394.66666011131673,392.5333333333334,25.361073158353392,19.81403529356429
r557_svd_normalised_tr050_tid5_010,r557,5,10,False,214,ellipse,202.49010654490104,247.0060882800609,24.33333333333326,2.7830811277800636,6.616999173134507,4.682207363877573,-79.12721801076992,0.7066103806814895,1.0,24.333333333333332,False,ellipse,360.0,1.0,True,True,8.905859608896204,249.17333333333264,249.17333333333337,21.174397354030422,14.983063564408235
r557_svd_normalised_tr050_tid5_010,r557,5,10,False,215,ellipse,343.27672955974845,162.41509433962264,11.77777777777802,1.9362290938684144,4.1200617597451314,3.639734860842877,60.65847654797244,0.4685866349036787,1.0,11.777777777777779,False,ellipse,360.0,1.0,True,True,6.195933100378927,120.60444444444695,120.60444444444448,13.184197631184421,11.647151554697206
r557_svd_normalised_tr050_tid5_010,r557,5,10,False,216,circle,33.389134190823576,69.0582325462341,578.7777777777778,13.573160596196884,27.146321192393767,27.146321192393767,,0.0,1.0,578.2222222222222,False,circle,360.0,1.0,True,True,43.43411390783003,5926.684444444446,5920.995555555556,86.86822781566006,86.86822781566006
r557_svd_normalised_tr050_tid5_010,r557,5,10,False,217,circle,281.35952380952375,105.60238095238097,15.555555555555463,2.2251937260415087,4.4503874520830236,4.450387452083011,,7.450580596923828e-08,1.0,15.555555555555555,False,circle,360.0,1.0,True,True,7.1206199233328284,159.28888888888798,159.28888888888892,14.241239846665676,14.241239846665636
r557_svd_normalised_tr050_tid5_010,r557,5,10,False,218,ellipse,13.659277805961441,74.43121830918594,22.810495418403203,2.6945883174295484,5.881265447617401,4.938261171917875,-51.39785054422114,0.5431129763766983,1.0,23.11111111111111,False,ellipse,360.0,1.0,True,True,8.622682615774556,233.57947308444884,236.65777777777782,18.820049432375683,15.802435750137201
r557_svd_normalised_tr050_tid5_010,r557,5,10,False,219,circle,384.80719434464197,109.65052318358106,8.394289121520913,1.6346208168456542,3.2692416336913084,3.2692416336913084,,0.0,1.0,8.444444444444445,False,circle,360.0,1.0,True,True,5.230786613906094,85.95752060437417,86.47111111111113,10.461573227812188,10.461573227812188
r557_svd_normalised_tr050_tid5_010,r557,5,10,False,220,ellipse,380.0522451395681,110.18225360542672,23.841924474949195,2.7548357965627663,5.77926991014858,5.252649821872398,77.36965977508459,0.41706263189399345,1.0,24.0,False,ellipse,360.0,1.0,True,True,8.815474549000852,244.1413066234798,245.76000000000005,18.493663712475456,16.808479429991674
r557_svd_normalised_tr050_tid5_010,r557,5,10,False,221,circle,248.7282377919321,16.819532908704883,17.44444444444438,2.3564250732095324,4.712850146419071,4.712850146419059,,7.300048299977713e-08,1.0,17.444444444444443,False,circle,360.0,1.0,True,True,7.5405602342705045,178.63111111111047,178.63111111111112,15.081120468541029,15.081120468540988
r557_svd_normalised_tr050_tid5_010,r557,5,10,False,222,ellipse,173.18917844085968,106.96163313323952,58.402560895666724,4.311625274944656,9.0032686949732,8.25927255594227,67.9032223103082,0.3980498770338315,1.0,58.55555555555556,False,ellipse,360.0,1.0,True,True,13.797200879822899,598.0422235716273,599.608888888889,28.81045982391424,26.429672179015263
r557_svd_normalised_tr050_tid5_010,r557,5,10,False,223,circle,180.83333333816353,252.94000324702873,64.35702127956506,4.526088390500803,9.052176781001606,9.052176781001606,,0.0,1.0,4.222222222222222,True,circle,81.0,0.225,False,True,14.48348284960257,659.0158979027464,43.235555555555564,28.96696569920514,28.96696569920514
r557_svd_normalised_tr050_tid5_010,r557,5,10,False,224,ellipse,345.48583877995645,103.72549019607843,17.000000000000053,2.3262132458406426,4.878279806105588,4.43702967456011,86.67082049155147,0.4155988729685823,1.0,17.11111111111111,False,ellipse,360.0,1.0,True,True,7.443882386690056,174.08000000000058,175.2177777777778,15.61049537953788,14.198494958592352
r557_svd_normalised_tr050_tid5_010,r557,5,10,False,225,ellipse,172.52773116968683,225.35869299274162,43.994164607478034,3.742162146267487,8.37212457260724,6.690668495199536,-89.20303698314001,0.6011181439394138,1.0,44.0,False,ellipse,360.0,1.0,True,True,11.974918868055958,450.50024558057515,450.56000000000006,26.79079863234317,21.410139184638517
r557_svd_normalised_tr050_tid5_010,r557,5,10,False,226,circle,288.3125,155.22395833333334,7.111111111111066,1.5045055561273453,3.009011112254691,3.0090111122546905,,1.4901161193847656e-08,1.0,7.111111111111111,False,circle,360.0,1.0,True,True,4.814417779607505,72.81777777777734,72.81777777777779,9.628835559215013,9.62883555921501
r557_svd_normalised_tr050_tid6_010,r557,6,10,False,0,circle,223.32033512147655,227.1911492348683,387.6223670064542,11.107836491599793,22.215672983199585,22.215672983199585,,0.0,1.0,387.55555555555554,False,circle,360.0,1.0,True,True,35.54507677311934,3969.253038146092,3968.5688888888894,71.09015354623868,71.09015354623868
r557_svd_normalised_tr050_tid6_010,r557,6,10,False,1,circle,362.33069079217915,138.20451104039975,53.69453459574672,4.1341868844869305,8.268373768973875,8.268373768973845,,8.560065398421926e-08,1.0,53.44444444444444,False,circle,360.0,1.0,True,True,13.229398030358178,549.8320342604464,547.2711111111112,26.458796060716402,26.458796060716306
r557_svd_normalised_tr050_tid6_010,r557,6,10,False,2,circle,210.51492537313436,130.82835820895522,14.88888888888901,2.1769888671339976,4.3539777342680015,4.353977734267989,,7.598131170262075e-08,1.0,14.88888888888889,False,circle,360.0,1.0,True,True,6.9663643748287924,152.4622222222235,152.46222222222227,13.932728749657606,13.932728749657565
r557_svd_normalised_tr050_tid6_010,r557,6,10,False,3,circle,234.0623369254727,200.7967031805358,260.34717244332194,9.10335536100319,18.20671072200638,18.20671072200638,,0.0,1.0,260.3333333333333,False,circle,360.0,1.0,True,True,29.130737155210213,2665.955045819617,2665.8133333333335,58.261474310420425,58.261474310420425
r557_svd_normalised_tr050_tid6_010,r557,6,10,False,4,ellipse,200.82563544796866,112.67105403009502,25.525559169341975,2.850445199257628,5.944804878070734,5.466983694581865,-70.62915985316917,0.39280042913082286,1.0,25.666666666666668,False,ellipse,360.0,1.0,True,True,9.12142463762441,261.38172589406184,262.8266666666667,19.02337560982635,17.494347822661968
r557_svd_normalised_tr050_tid6_010,r557,6,10,False,5,circle,185.93141945773527,160.4098883572568,23.222222222222147,2.718798063941165,5.43759612788233,5.43759612788233,,0.0,1.0,23.11111111111111,False,circle,360.0,1.0,True,True,8.700153804611729,237.79555555555484,236.65777777777782,17.400307609223457,17.400307609223457
r557_svd_normalised_tr050_tid6_010,r557,6,10,False,6,circle,330.4075757575757,132.01363636363635,24.44444444444433,2.7894279572946616,5.578855914589363,5.578855914589283,,1.6924465733171325e-07,1.0,24.77777777777778,False,circle,360.0,1.0,True,True,8.926169463342918,250.31111111110997,253.72444444444452,17.852338926685963,17.852338926685707
r557_svd_normalised_tr050_tid6_010,r557,6,10,False,7,ellipse,182.2591455209394,187.81729495820622,310.9563644971674,9.948893656644374,20.66218399188393,19.161669459549493,-48.91749316466817,0.3741239568875168,1.0,310.8888888888889,False,ellipse,360.0,1.0,True,True,31.836459701262,3184.1931724509946,3183.5022222222233,66.11898877402858,61.317342270558385
r557_svd_normalised_tr050_tid6_010,r557,6,10,False,8,circle,245.7145136646767,196.94550031928173,145.72572289964566,6.810722301653241,13.621444603306484,13.621444603306482,,1.4901161193847656e-08,1.0,146.0,False,circle,360.0,1.0,True,True,21.794311365290373,1492.231402492372,1495.0400000000002,43.58862273058075,43.588622730580745
r557_svd_normalised_tr050_tid6_010,r557,6,10,False,9,circle,185.6567816670509,218.0642450478229,135.6917440586662,6.572063877306282,13.14412775461259,13.144127754612539,,8.815645848363066e-08,1.0,135.33333333333334,False,circle,360.0,1.0,True,True,21.030604407380103,1389.483459160742,1385.8133333333337,42.06120881476029,42.06120881476013
r557_svd_normalised_tr050_tid6_010,r557,6,10,False,10,circle,283.5586169638034,224.4359805510535,137.1111111111105,6.606347112611527,13.21269422522307,13.212694225223037,,6.989264130329236e-08,1.0,137.33333333333334,False,circle,360.0,1.0,True,True,21.140310760356886,1404.0177777777717,1406.2933333333337,42.28062152071382,42.28062152071372
r557_svd_normalised_tr050_tid6_010,r557,6,10,False,11,circle,177.5572571606554,208.6159558211031,77.49564365641714,4.966651740560611,9.933303481121222,9.933303481121222,,0.0,1.0,77.33333333333333,False,circle,360.0,1.0,True,True,15.893285569793955,793.5553910417117,791.8933333333334,31.78657113958791,31.78657113958791
r557_svd_normalised_tr050_tid6_010,r557,6,10,False,12,circle,235.550975174684,220.39606348019373,375.660765851308,10.935105652065987,21.870211304131974,21.87021130413197,,1.4901161193847656e-08,1.0,375.3333333333333,False,circle,360.0,1.0,True,True,34.99233808661116,3846.7662423173947,3843.413333333334,69.98467617322233,69.98467617322231
r557_svd_normalised_tr050_tid6_010,r557,6,10,False,13,ellipse,250.43253968253964,220.75661375661377,28.000000000000163,2.985410660720932,6.335714515277375,5.626943443651042,8.52690269155272,0.4595907027665325,1.0,28.0,False,ellipse,360.0,1.0,True,True,9.553314114306984,286.72000000000173,286.72,20.2742864488876,18.006219019683336
r557_svd_normalised_tr050_tid6_010,r557,6,10,False,14,circle,206.86761229314413,120.52245862884159,15.666666666666677,2.2331267056631736,4.466253411326367,4.466253411326327,,1.341104507446289e-07,1.0,16.0,False,circle,360.0,1.0,True,True,7.146005458122156,160.4266666666668,163.84000000000003,14.292010916244374,14.292010916244246
r557_svd_normalised_tr050_tid6_010,r557,6,10,False,15,circle,155.14721752739098,221.21108524722823,179.60352709823098,7.5610566899637295,15.122113379927459,15.122113379927459,,0.0,1.0,179.77777777777777,False,circle,360.0,1.0,True,True,24.195381407883936,1839.1401174858856,1840.9244444444448,48.39076281576787,48.39076281576787
r557_svd_normalised_tr050_tid6_010,r557,6,10,False,16,circle,162.54545454545453,227.94628099173553,26.888888888888637,2.925576722943826,5.851153445887652,5.851153445887651,,1.4901161193847656e-08,1.0,26.666666666666668,False,circle,360.0,1.0,True,True,9.361845513420244,275.3422222222197,273.0666666666667,18.723691026840488,18.723691026840484
r557_svd_normalised_tr050_tid6_010,r557,6,10,False,17,circle,189.7371794871795,121.16666666666667,11.555555555555557,1.917875797250531,3.835751594501062,3.835751594501062,,0.0,1.0,11.333333333333334,False,circle,360.0,1.0,True,True,6.1372025512017,118.32888888888893,116.05333333333336,12.2744051024034,12.2744051024034
r557_svd_normalised_tr050_tid6_010,r557,6,10,False,18,ellipse,324.3444444444444,160.825,13.33333333333339,2.060129077457016,4.294337900392135,3.953235086970072,-1.1628280001222038,0.3905795678561834,1.0,13.0,False,ellipse,360.0,1.0,True,True,6.5924130478624505,136.53333333333396,133.12000000000003,13.741881281254832,12.650352278304231
r557_svd_normalised_tr050_tid6_010,r557,6,10,False,19,circle,215.13849765258215,201.2091810119979,142.0000000000002,6.723094811029987,13.446189622059975,13.446189622059974,,1.4901161193847656e-08,1.0,142.33333333333334,False,circle,360.0,1.0,True,True,21.51390339529596,1454.0800000000024,1457.4933333333338,43.027806790591924,43.02780679059192
r557_svd_normalised_tr050_tid6_010,r557,6,10,False,20,circle,292.8333333333333,119.55673758865247,20.88888888888888,2.578592609298349,5.157185218596711,5.157185218596686,,9.771344846937061e-08,1.0,20.88888888888889,False,circle,360.0,1.0,True,True,8.251496349754717,213.90222222222215,213.90222222222226,16.502992699509473,16.502992699509395
r557_svd_normalised_tr050_tid6_010,r557,6,10,False,21,circle,200.70605779539986,142.95136048870432,50.38181288935458,4.004625965872904,8.00925193174581,8.009251931745808,,2.1073424255447017e-08,1.0,50.0,False,circle,360.0,1.0,True,True,12.814803090793294,515.9097639869909,512.0000000000001,25.629606181586595,25.62960618158659
r557_svd_normalised_tr050_tid6_010,r557,6,10,False,22,circle,199.89349930843707,227.25680036883358,80.3333333333336,5.0567671678749395,10.113534335749879,10.113534335749879,,0.0,1.0,80.22222222222223,False,circle,360.0,1.0,True,True,16.181654937199806,822.6133333333362,821.4755555555557,32.36330987439961,32.36330987439961
r557_svd_normalised_tr050_tid6_010,r557,6,10,False,23,circle,189.36845102661468,206.3334423077741,58.81740092923701,4.326911161026052,8.653822322052104,8.653822322052104,,0.0,1.0,58.44444444444444,False,circle,360.0,1.0,True,True,13.846115715283368,602.2901855153871,598.4711111111112,27.692231430566736,27.692231430566736
r557_svd_normalised_tr050_tid6_010,r557,6,10,False,24,circle,309.88958820429866,140.90420241169105,30.74688989907222,3.1284243676776367,6.256848735355273,6.256848735355273,,0.0,1.0,30.88888888888889,False,circle,360.0,1.0,True,True,10.010957976568438,314.8481525664996,316.30222222222227,20.021915953136876,20.021915953136876
r557_svd_normalised_tr050_tid6_010,r557,6,10,False,25,ellipse,274.756817310767,177.70275560660122,49.29202289909525,3.961077908698567,8.231209773813728,7.624705786843373,-14.090015784972252,0.3767461494979104,1.0,49.44444444444444,False,ellipse,360.0,1.0,True,True,12.675449307835414,504.7503144867355,506.3111111111112,26.33987127620393,24.399058517898794
r557_svd_normalised_tr050_tid6_010,r557,6,10,False,26,circle,305.19471451021485,165.74870139089035,82.94955869818229,5.1384496288485755,10.276899257697153,10.276899257697151,,2.1073424255447017e-08,1.0,82.66666666666667,False,circle,360.0,1.0,True,True,16.443038812315443,849.4034810693868,846.5066666666669,32.88607762463089,32.886077624630886
r557_svd_normalised_tr050_tid6_010,r557,6,10,False,27,circle,216.97807850128316,141.1382387489089,156.96186762804038,7.068416669939369,14.136833339878738,14.136833339878736,,1.4901161193847656e-08,1.0,157.33333333333334,False,circle,360.0,1.0,True,True,22.61893334380598,1607.2895245111338,1611.0933333333337,45.23786668761196,45.237866687611955
r557_svd_normalised_tr050_tid6_010,r557,6,10,False,28,circle,328.07539682539687,185.08333333333334,18.66666666666673,2.4375775971438216,4.875155194287643,4.875155194287642,,2.1073424255447017e-08,1.0,18.88888888888889,False,circle,360.0,1.0,True,True,7.80024831086023,191.14666666666733,193.42222222222227,15.60049662172046,15.600496621720456
r557_svd_normalised_tr050_tid6_010,r557,6,10,False,29,circle,198.31430284504967,136.69853925166024,17.865427181152604,2.384689097693342,4.769378195386684,4.769378195386684,,0.0,1.0,17.77777777777778,False,circle,360.0,1.0,True,True,7.631005112618695,182.9419743350027,182.04444444444448,15.26201022523739,15.26201022523739
r557_svd_normalised_tr050_tid6_010,r557,6,10,False,30,circle,183.63486315851577,243.17557455874316,175.66305120359738,7.477652428089613,14.955304856179225,14.955304856179225,,0.0,1.0,169.66666666666666,True,circle,295.0,0.8194444444444444,True,True,23.92848776988676,1798.7896443248376,1737.386666666667,47.85697553977352,47.85697553977352
r557_svd_normalised_tr050_tid6_010,r557,6,10,False,31,circle,227.09496855345913,144.65880503144652,117.77777777777798,6.1228940085080925,12.245788017016185,12.245788017016185,,0.0,1.0,118.11111111111111,False,circle,360.0,1.0,True,True,19.593260827225897,1206.0444444444468,1209.4577777777781,39.186521654451795,39.186521654451795
r557_svd_normalised_tr050_tid6_010,r557,6,10,False,32,ellipse,179.83248730964468,146.79018612521153,21.888888888888957,2.6395927206506467,5.534444566326792,5.035699353321864,-4.723769923928103,0.4148640269465685,1.0,21.666666666666668,False,ellipse,360.0,1.0,True,True,8.44669670608207,224.14222222222295,221.86666666666673,17.710222612245737,16.114237930629965
r557_svd_normalised_tr050_tid6_010,r557,6,10,False,33,circle,374.5641744548286,129.1778816199377,118.88888888888884,6.151707786520711,12.303415573041445,12.303415573041399,,8.688795409866125e-08,1.0,118.33333333333333,False,circle,360.0,1.0,True,True,19.685464916866277,1217.422222222222,1211.7333333333336,39.370929833732625,39.370929833732475
r557_svd_normalised_tr050_tid6_010,r557,6,10,False,34,circle,160.66827438370845,126.20418006430867,69.111111111111,4.6902824980818645,9.380564996163738,9.38056499616372,,6.143906154658885e-08,1.0,69.11111111111111,False,circle,360.0,1.0,True,True,15.008903993861967,707.6977777777768,707.6977777777779,30.017807987723963,30.017807987723906
r557_svd_normalised_tr050_tid6_010,r557,6,10,False,35,circle,13.87731644381891,67.5145437485339,315.77777777777777,10.025726332980309,20.051452665960625,20.05145266596061,,3.650024149988857e-08,1.0,316.22222222222223,False,circle,360.0,1.0,True,True,32.08232426553699,3233.564444444445,3238.115555555556,64.16464853107401,64.16464853107395
r557_svd_normalised_tr050_tid6_010,r557,6,10,False,36,ellipse,327.72039160012895,151.8587713208803,21.453306529472115,2.613197191117089,5.423625445015132,5.036335660633505,86.46724983689896,0.37110206081689057,1.0,21.333333333333332,False,ellipse,360.0,1.0,True,True,8.362231011574684,219.6818588617945,218.45333333333338,17.355601424048423,16.116274114027217
r557_svd_normalised_tr050_tid6_010,r557,6,10,False,37,circle,161.10107962713508,143.50429110795173,31.786094593705826,3.180853368571036,6.361706737142072,6.361706737142072,,0.0,1.0,32.0,False,circle,360.0,1.0,True,True,10.178730779427315,325.4896086395477,327.68000000000006,20.35746155885463,20.35746155885463
r557_svd_normalised_tr050_tid6_010,r557,6,10,False,38,circle,305.00218296053527,132.49351650462856,59.0520674208233,4.335534206950719,8.671068413901438,8.671068413901438,,0.0,1.0,58.666666666666664,False,circle,360.0,1.0,True,True,13.873709462242301,604.6931703892307,600.7466666666668,27.747418924484602,27.747418924484602
r557_svd_normalised_tr050_tid6_010,r557,6,10,False,39,circle,310.2912912912913,119.90615615615616,49.33333333333327,3.962737402150226,7.925474804300452,7.9254748043004515,,1.4901161193847656e-08,1.0,49.111111111111114,False,circle,360.0,1.0,True,True,12.680759686880725,505.1733333333328,502.8977777777779,25.36151937376145,25.361519373761446
r557_svd_normalised_tr050_tid6_010,r557,6,10,False,40,circle,333.5655555555556,172.21111111111114,33.333333333333385,3.257350079352802,6.5147001587056295,6.514700158705579,,1.2467205919833117e-07,1.0,33.44444444444444,False,circle,360.0,1.0,True,True,10.423520253928967,341.33333333333394,342.47111111111116,20.847040507858015,20.847040507857855
r557_svd_normalised_tr050_tid6_010,r557,6,10,False,41,ellipse,218.93296081727107,214.1644760114415,155.33898262581823,7.0317802781038345,14.721165457450901,13.435331332276741,53.46081775364084,0.40873289318832856,1.0,155.77777777777777,False,ellipse,360.0,1.0,True,True,22.501696889932273,1590.671182088379,1595.1644444444446,47.10772946384289,42.99306026328557
r557_svd_normalised_tr050_tid6_010,r557,6,10,False,42,circle,257.14957154217007,120.88787445876281,80.17194792772106,5.051685225744542,10.103370451489099,10.10337045148907,,7.450580596923828e-08,1.0,80.33333333333333,False,circle,360.0,1.0,True,True,16.165392722382535,820.9607467798638,822.6133333333335,32.33078544476512,32.33078544476503
r557_svd_normalised_tr050_tid6_010,r557,6,10,False,43,circle,192.19791924893914,233.47489874458853,339.39652369643704,10.393905369445456,20.78781073889091,20.78781073889091,,0.0,1.0,339.22222222222223,False,circle,360.0,1.0,True,True,33.26049718222546,3475.420402651516,3473.6355555555565,66.52099436445091,66.52099436445091
r557_svd_normalised_tr050_tid6_010,r557,6,10,False,44,circle,166.77456647398844,206.75529865125242,19.222222222222026,2.4735851244206306,4.947170248841261,4.94717024884126,,2.1073424255447017e-08,1.0,19.22222222222222,False,circle,360.0,1.0,True,True,7.915472398146019,196.83555555555358,196.83555555555557,15.830944796292037,15.830944796292034
r557_svd_normalised_tr050_tid6_010,r557,6,10,False,45,circle,190.60538911212984,233.76273542043543,57.414589837033276,4.275000766820409,8.550001533640819,8.550001533640819,,0.0,1.0,57.333333333333336,False,circle,360.0,1.0,True,True,13.68000245382531,587.9253999312209,587.0933333333335,27.36000490765062,27.36000490765062
r557_svd_normalised_tr050_tid6_010,r557,6,10,False,46,circle,255.87124160773155,163.16990730470897,21.37619942120818,2.6084968094300574,5.216993618860126,5.216993618860102,,9.541398640621973e-08,1.0,21.555555555555557,False,circle,360.0,1.0,True,True,8.347189790176184,218.89228207317183,220.72888888888895,16.694379580352404,16.69437958035233
r557_svd_normalised_tr050_tid6_010,r557,6,10,False,47,circle,326.39370020851896,144.17527444514332,18.35594750685373,2.417204906850523,4.8344098137010745,4.8344098137010185,,1.519626234052415e-07,1.0,18.11111111111111,False,circle,360.0,1.0,True,True,7.735055701921674,187.96490247018224,185.4577777777778,15.47011140384344,15.47011140384326
r557_svd_normalised_tr050_tid6_010,r557,6,10,False,48,circle,320.9089253187614,139.46083788706736,20.333333333333403,2.544071740157976,5.088143480315952,5.088143480315952,,0.0,1.0,20.11111111111111,False,circle,360.0,1.0,True,True,8.141029568505523,208.21333333333408,205.93777777777782,16.282059137011046,16.282059137011046
r557_svd_normalised_tr050_tid6_010,r557,6,10,False,49,circle,290.4525277480507,127.23826186818066,96.4523487859132,5.540914740744827,11.081829481489677,11.08182948148963,,9.30577218293905e-08,1.0,96.44444444444444,False,circle,360.0,1.0,True,True,17.73092717038345,987.6720515677514,987.5911111111113,35.46185434076697,35.46185434076681
r557_svd_normalised_tr050_tid6_010,r557,6,10,False,50,circle,165.17977528089887,216.76404494382024,19.777777777777867,2.50907596405784,5.01815192811568,5.018151928115679,,2.1073424255447017e-08,1.0,19.555555555555557,False,circle,360.0,1.0,True,True,8.029043084985089,202.5244444444454,200.24888888888896,16.058086169970178,16.058086169970174
r557_svd_normalised_tr050_tid6_010,r557,6,10,False,51,ellipse,200.97132541998948,247.36060046491787,149.47058459361173,6.897678215879399,15.200658480887649,12.519974665476168,-89.44754529143393,0.5671030293694602,1.0,106.66666666666667,True,ellipse,220.00000000000003,0.6111111111111112,True,True,22.072570290814078,1530.5787862385844,1092.2666666666669,48.64210713884048,40.06391892952374
r557_svd_normalised_tr050_tid6_010,r557,6,10,False,52,circle,281.4220627397438,116.3012304989216,17.85070545451443,2.3837063622700807,4.767412724540192,4.76741272454013,,1.6049041769309353e-07,1.0,18.0,False,circle,360.0,1.0,True,True,7.627860359264258,182.79122385422778,184.32000000000005,15.255720718528615,15.255720718528417
r557_svd_normalised_tr050_tid6_010,r557,6,10,False,53,circle,161.95504890876379,238.81300009792807,70.5478476998569,4.738784377016204,9.477568754032422,9.477568754032394,,7.742870483855355e-08,1.0,70.44444444444444,False,circle,360.0,1.0,True,True,15.164110006451853,722.4099604465348,721.3511111111112,30.328220012903753,30.32822001290366
r557_svd_normalised_tr050_tid6_010,r557,6,10,False,54,circle,348.8758620689655,126.07164750957855,96.66666666666654,5.547067303037981,11.094134606075976,11.094134606075947,,7.146345858741878e-08,1.0,96.77777777777777,False,circle,360.0,1.0,True,True,17.75061536972154,989.8666666666657,991.0044444444445,35.50123073944312,35.50123073944303
r557_svd_normalised_tr050_tid6_010,r557,6,10,False,55,circle,333.8327131574973,200.74814695129848,59.07320811650791,4.336310200167536,8.672620400335072,8.67262040033507,,2.1073424255447017e-08,1.0,59.333333333333336,False,circle,360.0,1.0,True,True,13.876192640536116,604.909651113041,607.5733333333335,27.752385281072232,27.752385281072225
r557_svd_normalised_tr050_tid6_010,r557,6,10,False,56,circle,356.9705215419501,168.92252456538176,97.99999999999983,5.585191925620053,11.170383851240109,11.170383851240102,,3.650024149988857e-08,1.0,97.66666666666667,False,circle,360.0,1.0,True,True,17.87261416198417,1003.5199999999985,1000.1066666666669,35.74522832396835,35.74522832396833
r557_svd_normalised_tr050_tid6_010,r557,6,10,False,57,ellipse,176.04901960784315,200.01680672268907,26.444444444444287,2.9012976581703294,6.088208693460926,5.530380790228515,-0.8350902570180097,0.41815499591928945,1.0,26.666666666666668,False,ellipse,360.0,1.0,True,True,9.284152506145054,270.79111111110956,273.0666666666667,19.482267819074963,17.69721852873125
r557_svd_normalised_tr050_tid6_010,r557,6,10,False,58,ellipse,275.0897435897436,151.27991452991455,17.333333333333414,2.348908546648648,4.874683331992553,4.5273680235255895,71.31231363038799,0.37070365162363544,1.0,17.22222222222222,False,ellipse,360.0,1.0,True,True,7.516507349275674,177.4933333333342,176.35555555555558,15.59898666237617,14.487577675281887
r557_svd_normalised_tr050_tid6_010,r557,6,10,False,59,circle,387.5189189189189,116.17657657657661,20.555555555555557,2.5579359939868467,5.115871987973695,5.115871987973691,,4.2146848510894035e-08,1.0,20.555555555555557,False,circle,360.0,1.0,True,True,8.18539518075791,210.48888888888894,210.48888888888894,16.370790361515827,16.370790361515812
r557_svd_normalised_tr050_tid6_010,r557,6,10,False,60,ellipse,146.05945160302645,116.86937363300052,35.08670729058446,3.341922471307483,7.163268760161868,6.236508040207914,1.5081339154395152,0.4919504311012225,1.0,35.44444444444444,False,ellipse,360.0,1.0,True,True,10.694151908183947,359.2878826555849,362.9511111111112,22.92246003251798,19.956825728665326
r557_svd_normalised_tr050_tid6_010,r557,6,10,False,61,circle,213.21885521885523,127.04040404040403,10.999999999999929,1.8712051592547716,3.742410318509557,3.742410318509529,,1.219712610821791e-07,1.0,11.0,False,circle,360.0,1.0,True,True,5.98785650961527,112.63999999999929,112.64000000000001,11.975713019230582,11.975713019230493
r557_svd_normalised_tr050_tid6_010,r557,6,10,False,62,circle,244.9961249049376,239.64346225284254,392.2473956859961,11.1739081738082,22.3478163476164,22.3478163476164,,0.0,1.0,383.1111111111111,True,circle,303.0,0.8416666666666667,True,True,35.75650615618624,4016.6133318246007,3923.0577777777785,71.51301231237248,71.51301231237248
r557_svd_normalised_tr050_tid6_010,r557,6,10,False,63,ellipse,291.5968992248062,106.42248062015503,19.111111111111335,2.4664256734439873,5.154135629730091,4.721067538490205,73.95202725913495,0.4012317295517393,1.0,19.0,False,ellipse,360.0,1.0,True,True,7.89256215502076,195.6977777777801,194.56000000000003,16.49323401513629,15.107416123168656
r557_svd_normalised_tr050_tid6_010,r557,6,10,False,64,circle,201.3546365914787,208.14578111946534,88.66666666666673,5.312577206494301,10.625154412988602,10.625154412988602,,0.0,1.0,88.22222222222223,False,circle,360.0,1.0,True,True,17.000247060781764,907.9466666666675,903.3955555555558,34.00049412156353,34.00049412156353
r557_svd_normalised_tr050_tid6_010,r557,6,10,False,65,circle,232.20449172576832,188.54609929078015,31.333333333333087,3.158118073646397,6.316236147292794,6.316236147292794,,0.0,1.0,31.333333333333332,False,circle,360.0,1.0,True,True,10.10597783566847,320.85333333333085,320.8533333333334,20.21195567133694,20.21195567133694
r557_svd_normalised_tr050_tid6_010,r557,6,10,False,66,circle,335.2647058823529,157.55637254901958,15.11111111111125,2.1931748808265237,4.386349761653088,4.3863497616530065,,1.9314112360500873e-07,1.0,15.0,False,circle,360.0,1.0,True,True,7.0181596186448765,154.73777777777923,153.60000000000002,14.036319237289883,14.036319237289621
r557_svd_normalised_tr050_tid6_010,r557,6,10,False,67,circle,251.18974358974359,166.02307692307693,14.44444444444437,2.14425032752689,4.28850065505378,4.28850065505378,,0.0,1.0,14.444444444444445,False,circle,360.0,1.0,True,True,6.861601048086048,147.9111111111104,147.91111111111115,13.723202096172097,13.723202096172097
r557_svd_normalised_tr050_tid6_010,r557,6,10,False,68,circle,346.25573671959705,217.72368455424802,17.39093037442076,2.3528079114352067,4.7056158228704135,4.7056158228704135,,0.0,1.0,17.444444444444443,False,circle,360.0,1.0,True,True,7.528985316592662,178.0831270340686,178.63111111111112,15.057970633185324,15.057970633185324
r557_svd_normalised_tr050_tid6_010,r557,6,10,False,69,circle,310.1909011105051,113.19817771086862,26.253304404667244,2.890793375009366,5.781586750018732,5.781586750018732,,0.0,1.0,26.444444444444443,False,circle,360.0,1.0,True,True,9.250538800029972,268.83383710379263,270.79111111111115,18.501077600059944,18.501077600059944
r557_svd_normalised_tr050_tid6_010,r557,6,10,False,70,circle,157.51150171338546,110.33327181663135,25.57205760902323,2.8530402638262085,5.7060805276524205,5.706080527652414,,4.712160915387242e-08,1.0,25.77777777777778,False,circle,360.0,1.0,True,True,9.129728844243868,261.85786991639793,263.9644444444445,18.259457688487746,18.259457688487725
r557_svd_normalised_tr050_tid6_010,r557,6,10,False,71,circle,316.0485232067511,156.464135021097,17.555555555555415,2.3639176996634332,4.727835399326895,4.727835399326838,,1.548574096771071e-07,1.0,17.555555555555557,False,circle,360.0,1.0,True,True,7.564536638922987,179.7688888888875,179.76888888888894,15.129073277846064,15.129073277845883
r557_svd_normalised_tr050_tid6_010,r557,6,10,False,72,circle,362.44671781756176,219.89684569479965,43.44444444444434,3.718708938116708,7.437417876233424,7.437417876233409,,6.322027276634104e-08,1.0,43.111111111111114,False,circle,360.0,1.0,True,True,11.899868601973466,444.87111111111017,441.4577777777779,23.79973720394696,23.79973720394691
r557_svd_normalised_tr050_tid6_010,r557,6,10,False,73,circle,250.7386139997854,128.54265227514944,50.88174594722964,4.024445646458059,8.048891292916117,8.048891292916116,,2.1073424255447017e-08,1.0,50.888888888888886,False,circle,360.0,1.0,True,True,12.87822606866579,521.0290784996316,521.1022222222223,25.75645213733158,25.75645213733157
r557_svd_normalised_tr050_tid6_010,r557,6,10,False,74,circle,276.3343277796259,111.02915907413686,18.524191051307415,2.4282572238518014,4.856514447703603,4.856514447703603,,0.0,1.0,19.11111111111111,False,circle,360.0,1.0,True,True,7.770423116325765,189.68771636538796,195.69777777777782,15.54084623265153,15.54084623265153
r557_svd_normalised_tr050_tid6_010,r557,6,10,False,75,circle,166.77434802171166,153.66259793691043,57.52998152162799,4.2792945528795965,8.558589105759193,8.558589105759193,,0.0,1.0,57.55555555555556,False,circle,360.0,1.0,True,True,13.69374256921471,589.1070107814708,589.368888888889,27.38748513842942,27.38748513842942
r557_svd_normalised_tr050_tid6_010,r557,6,10,False,76,ellipse,236.66262626262625,174.02727272727273,36.66666666666665,3.4163375848129607,7.093045137588879,6.581862806175837,-5.430120674846194,0.37274978305986955,1.0,36.77777777777778,False,ellipse,360.0,1.0,True,True,10.932280271401474,375.4666666666666,376.60444444444454,22.697744440284414,21.06196097976268
r557_svd_normalised_tr050_tid6_010,r557,6,10,False,77,circle,348.4170278479016,197.87131829629453,29.464166115371587,3.0624720999029904,6.124944199806009,6.124944199805952,,1.3657139822709083e-07,1.0,29.444444444444443,False,circle,360.0,1.0,True,True,9.79991071968957,301.7130610214051,301.5111111111112,19.59982143937923,19.59982143937905
r557_svd_normalised_tr050_tid6_010,r557,6,10,False,78,circle,152.51300236406618,114.24901497241922,47.00000000000016,3.867888913947531,7.735777827895063,7.735777827895062,,1.4901161193847656e-08,1.0,46.888888888888886,False,circle,360.0,1.0,True,True,12.3772445246321,481.2800000000018,480.1422222222223,24.754489049264205,24.7544890492642
r557_svd_normalised_tr050_tid6_010,r557,6,10,False,79,circle,327.7320173297272,193.8997226963677,25.515003043053827,2.849855735754625,5.6997114715092785,5.6997114715092225,,1.3978528260658472e-07,1.0,25.444444444444443,False,circle,360.0,1.0,True,True,9.1195383544148,261.2736311608712,260.55111111111114,18.239076708829693,18.23907670882951
r557_svd_normalised_tr050_tid6_010,r557,6,10,False,80,ellipse,147.1416030921503,108.53245244019077,47.19675525681646,3.875976495548118,8.135059585872693,7.386888140379786,24.550480730787854,0.4189024828586045,1.0,47.111111111111114,False,ellipse,360.0,1.0,True,True,12.40312478575398,483.29477382980065,482.4177777777779,26.032190674792616,23.638042049215315
r557_svd_normalised_tr050_tid6_010,r557,6,10,False,81,ellipse,255.2372881355932,175.36346516007535,19.666666666666746,2.5020180711340276,5.229032130672581,4.788721332623397,-89.56234985108836,0.4016460750901997,1.0,19.77777777777778,False,ellipse,360.0,1.0,True,True,8.00645782762889,201.3866666666675,202.5244444444445,16.73290281815226,15.323908264394872
r557_svd_normalised_tr050_tid6_010,r557,6,10,False,82,circle,189.6316316316316,185.1401401401401,36.99999999999977,3.4318312587888387,6.863662517577677,6.863662517577676,,1.4901161193847656e-08,1.0,37.111111111111114,False,circle,360.0,1.0,True,True,10.981860028124284,378.8799999999977,380.0177777777779,21.96372005624857,21.963720056248565
r557_svd_normalised_tr050_tid6_010,r557,6,10,False,83,ellipse,198.10893246187365,162.57734204793024,16.999999999999886,2.326213245840631,4.886391556354889,4.429663896326032,-73.49248761259327,0.4221399209529507,1.0,16.88888888888889,False,ellipse,360.0,1.0,True,True,7.44388238669002,174.07999999999888,172.94222222222226,15.636452980335646,14.174924468243303
r557_svd_normalised_tr050_tid6_010,r557,6,10,False,84,circle,261.4631443064046,249.4468412667455,329.2796718983302,10.237820807407864,20.475641614815743,20.475641614815714,,5.3726900748371916e-08,1.0,166.11111111111111,True,circle,181.0,0.5027777777777778,True,True,32.76102658370517,3371.823840238902,1700.977777777778,65.52205316741038,65.52205316741029
r557_svd_normalised_tr050_tid6_010,r557,6,10,False,85,ellipse,156.46799116997792,147.4083885209713,16.77777777777783,2.310959223972027,4.840666498598006,4.413055546303934,-13.31821708021198,0.41093910682742757,1.0,16.666666666666668,False,ellipse,360.0,1.0,True,True,7.395069516710487,171.80444444444498,170.6666666666667,15.49013279551362,14.121777748172589
r557_svd_normalised_tr050_tid6_010,r557,6,10,False,86,ellipse,268.79463339855545,124.30119308668898,23.1835129045835,2.7165311251665085,5.705994793610145,5.173184779111534,82.53600479333812,0.42194213023561283,1.0,22.77777777777778,False,ellipse,360.0,1.0,True,True,8.692899600532828,237.39917214293507,233.2444444444445,18.259183339552465,16.55419129315691
r557_svd_normalised_tr050_tid6_010,r557,6,10,False,87,ellipse,360.72544283413845,133.6231884057971,45.999999999999794,3.8265199286628975,7.948917041891392,7.368175909894905,-2.0512022284592604,0.3752074930166426,1.0,45.666666666666664,False,ellipse,360.0,1.0,True,True,12.244863771721272,471.039999999998,467.6266666666667,25.436534534052456,23.578162911663696
r557_svd_normalised_tr050_tid6_010,r557,6,10,False,88,circle,358.3793490460157,159.30078563411894,33.000000000000114,3.241022407214293,6.482044814428625,6.482044814428546,,1.562846970811712e-07,1.0,32.77777777777778,False,circle,360.0,1.0,True,True,10.371271703085739,337.9200000000012,335.6444444444445,20.742543406171603,20.74254340617135
r557_svd_normalised_tr050_tid6_010,r557,6,10,False,89,ellipse,169.2518030226907,184.1499143136699,74.50748350825918,4.869955707740537,10.107742746226284,9.385465851595466,6.810997670521175,0.37122682083529523,1.0,74.44444444444444,False,ellipse,360.0,1.0,True,True,15.58385826476972,762.9566311245742,762.3111111111112,32.34477678792411,30.033490725105494
r557_svd_normalised_tr050_tid6_010,r557,6,10,False,90,circle,181.23502807548377,165.5535234989708,16.27352927800448,2.27596688295111,4.55193376590222,4.55193376590222,,0.0,1.0,16.333333333333332,False,circle,360.0,1.0,True,True,7.283094025443552,166.6409398067659,167.25333333333336,14.566188050887105,14.566188050887105
r557_svd_normalised_tr050_tid6_010,r557,6,10,False,91,circle,312.44654088050316,200.0482180293501,17.666666666666792,2.3713866525545084,4.742773305109044,4.742773305108988,,1.5341684432308377e-07,1.0,17.666666666666668,False,circle,360.0,1.0,True,True,7.588437288174427,180.90666666666797,180.90666666666672,15.176874576348943,15.176874576348764
r557_svd_normalised_tr050_tid6_010,r557,6,10,False,92,circle,395.5665278141848,112.90978070926744,16.038480535434648,2.2594704941191743,4.518940988238352,4.518940988238344,,5.960464477539063e-08,1.0,16.0,False,circle,360.0,1.0,True,True,7.230305581181359,164.23404068285083,163.84000000000003,14.460611162362728,14.460611162362703
r557_svd_normalised_tr050_tid6_010,r557,6,10,False,93,ellipse,307.9401949005473,100.83540248297957,277.4444444444456,9.397516136375426,19.964728661155515,17.693866224240512,-60.02332133087191,0.4631952071901958,1.0,276.8888888888889,False,ellipse,360.0,1.0,True,True,30.072051636401365,2841.031111111123,2835.342222222223,63.88713171569765,56.62037191756964
r557_svd_normalised_tr050_tid6_010,r557,6,10,False,94,ellipse,220.7565359477124,112.22058823529412,22.66666666666673,2.686079687357136,5.601070177757219,5.152603954497603,87.67799976522141,0.39207783505805793,1.0,22.666666666666668,False,ellipse,360.0,1.0,True,True,8.595454999542836,232.10666666666734,232.1066666666667,17.9234245688231,16.48833265439233
r557_svd_normalised_tr050_tid6_010,r557,6,10,False,95,ellipse,336.7793880837359,111.28824476650563,22.99999999999977,2.7057581899029914,5.62612525931485,5.205093768650775,-73.11100090583395,0.37956535220100796,1.0,22.77777777777778,False,ellipse,360.0,1.0,True,True,8.658426207689573,235.51999999999768,233.2444444444445,18.00360082980752,16.65630005968248
r557_svd_normalised_tr050_tid6_010,r557,6,10,False,96,circle,232.1904761904762,104.60090702947849,16.333333333333385,2.2801450555469636,4.560290111093931,4.560290111093923,,5.960464477539063e-08,1.0,16.666666666666668,False,circle,360.0,1.0,True,True,7.296464177750284,167.2533333333339,170.6666666666667,14.592928355500579,14.592928355500554
r557_svd_normalised_tr050_tid6_010,r557,6,10,False,97,circle,229.68444444444447,162.2466666666667,16.666666666666806,2.303294329808913,4.606588659617826,4.606588659617826,,0.0,1.0,16.333333333333332,False,circle,360.0,1.0,True,True,7.370541855388521,170.66666666666814,167.25333333333336,14.741083710777042,14.741083710777042
r557_svd_normalised_tr050_tid6_010,r557,6,10,False,98,circle,245.0788440457917,144.94604702545976,24.134302378838107,2.771675854665034,5.543351709330068,5.543351709330068,,0.0,1.0,24.11111111111111,False,circle,360.0,1.0,True,True,8.869362734928108,247.13525635930228,246.89777777777783,17.738725469856217,17.738725469856217
r557_svd_normalised_tr050_tid6_010,r557,6,10,False,99,circle,364.6228070175439,122.43201754385967,16.88888888888907,2.3185987794340286,4.637197558868089,4.637197558868025,,1.6593230851978128e-07,1.0,16.77777777777778,False,circle,360.0,1.0,True,True,7.419516094188892,172.9422222222241,171.8044444444445,14.839032188377885,14.839032188377681
r557_svd_normalised_tr050_tid6_010,r557,6,10,False,100,circle,57.61927633142135,139.24429474693062,91.38283103629159,5.393334640675891,10.786669281351788,10.786669281351779,,3.942476676500724e-08,1.0,91.22222222222223,False,circle,360.0,1.0,True,True,17.258670850162854,935.7601898116261,934.1155555555558,34.51734170032572,34.517341700325694
r557_svd_normalised_tr050_tid6_010,r557,6,10,False,101,circle,336.8651960784314,132.1985294117647,15.111111111111276,2.193174880826526,4.38634976165308,4.3863497616530225,,1.625524776374655e-07,1.0,15.11111111111111,False,circle,360.0,1.0,True,True,7.018159618644884,154.73777777777948,154.7377777777778,14.036319237289858,14.036319237289673
r557_svd_normalised_tr050_tid6_010,r557,6,10,False,102,ellipse,213.0891550254065,107.19353567584228,17.54977650405232,2.3635285827668464,4.911358487893912,4.549671847677615,-75.58664104150091,0.3766463958701628,1.0,17.666666666666668,False,ellipse,360.0,1.0,True,True,7.563291464853909,179.7097114014958,180.90666666666672,15.716347161260519,14.55894991256837
r557_svd_normalised_tr050_tid6_010,r557,6,10,False,103,ellipse,35.6111796700032,68.80159056629645,810.3333333333334,16.060420639082434,34.810537482841156,29.638969088760284,-65.42975725668137,0.5244573856466145,1.0,810.8888888888889,False,ellipse,360.0,1.0,True,True,51.393346045063794,8297.813333333335,8303.502222222223,111.3937199450917,94.84470108403292
r557_svd_normalised_tr050_tid6_010,r557,6,10,False,104,ellipse,270.4582019190121,244.96640778220348,26.776379195244232,2.9194496423216845,6.291636842974667,5.418740100086562,-49.38175721878099,0.5081632183175886,1.0,26.77777777777778,False,ellipse,360.0,1.0,True,True,9.342238855429391,274.190122959301,274.2044444444445,20.13323789751894,17.339968320277
r557_svd_normalised_tr050_tid6_010,r557,6,10,False,105,circle,204.1354726134547,99.05226987519012,43.19988164941139,3.7082272598881216,7.416454519776258,7.416454519776228,,9.06402249678704e-08,1.0,43.111111111111114,False,circle,360.0,1.0,True,True,11.86632723164199,442.3667880899727,441.4577777777779,23.732654463284028,23.732654463283932
r557_svd_normalised_tr050_tid6_010,r557,6,10,False,106,circle,348.4900497512438,139.96019900497512,14.888888888888982,2.1769888671339954,4.353977734268019,4.353977734267963,,1.6049041769309353e-07,1.0,14.666666666666666,False,circle,360.0,1.0,True,True,6.966364374828785,152.4622222222232,150.1866666666667,13.932728749657663,13.932728749657484
r557_svd_normalised_tr050_tid6_010,r557,6,10,False,107,ellipse,309.67231638418076,129.33333333333334,13.111111111111043,2.0428892005003085,4.310757766602407,3.8725407563878207,0.0,0.4392939210973006,1.0,13.222222222222221,False,ellipse,360.0,1.0,True,True,6.537245441600987,134.2577777777771,135.39555555555557,13.794424853127703,12.392130420441028
r557_svd_normalised_tr050_tid6_010,r557,6,10,False,108,circle,219.02976190476193,176.79166666666669,12.444444444444434,1.990273773813948,3.9805475476278964,3.9805475476278955,,2.1073424255447017e-08,1.0,12.333333333333334,False,circle,360.0,1.0,True,True,6.368876076204634,127.43111111111102,126.29333333333336,12.73775215240927,12.737752152409266
r557_svd_normalised_tr050_tid6_010,r557,6,10,False,109,circle,221.85930309007233,238.75739644970415,56.33333333333295,4.234555103158625,8.46911020631725,8.46911020631725,,0.0,1.0,56.333333333333336,False,circle,360.0,1.0,True,True,13.550576330107601,576.8533333333295,576.8533333333335,27.101152660215202,27.101152660215202
r557_svd_normalised_tr050_tid6_010,r557,6,10,False,110,circle,241.1653764060195,104.30087585527988,20.438931774354703,2.5506693330992767,5.101338666198553,5.101338666198553,,0.0,1.0,20.666666666666668,False,circle,360.0,1.0,True,True,8.162141865917686,209.2946613693922,211.62666666666672,16.324283731835372,16.324283731835372
r557_svd_normalised_tr050_tid6_010,r557,6,10,False,111,ellipse,266.8283887562447,143.72167837765883,19.293688832045213,2.4781791493339993,5.16374752540922,4.757298350451082,76.770911288062,0.38888111406281334,1.0,19.555555555555557,False,ellipse,360.0,1.0,True,True,7.930173277868798,197.56737364014302,200.24888888888896,16.523992081309505,15.223354721443464
r557_svd_normalised_tr050_tid6_010,r557,6,10,False,112,circle,319.9084745762712,244.58870056497173,32.77777777777753,3.2300914404706793,6.460182880941359,6.460182880941359,,0.0,1.0,32.666666666666664,False,circle,360.0,1.0,True,True,10.336292609506174,335.64444444444194,334.5066666666667,20.672585219012348,20.672585219012348
r557_svd_normalised_tr050_tid6_010,r557,6,10,False,113,circle,290.6359616142497,112.67514925047948,12.251804446204472,1.9748089727407576,3.9496179454815197,3.9496179454815104,,6.828569911354542e-08,1.0,12.222222222222221,False,circle,360.0,1.0,True,True,6.319388712770425,125.45847752913382,125.15555555555557,12.638777425540864,12.638777425540834
r557_svd_normalised_tr050_tid6_010,r557,6,10,False,114,ellipse,214.8728548272939,249.0383413971793,196.95123431382314,7.91779798796295,21.66808156062598,11.57306424249568,87.38192995329211,0.845417172444477,1.0,108.66666666666667,True,ellipse,189.0,0.525,True,True,25.33695356148144,2016.7806393735493,1112.746666666667,69.33786099400314,37.03380557598618
r557_svd_normalised_tr050_tid6_010,r557,6,10,False,115,ellipse,55.635556106428695,73.63477111221286,896.4444444444447,16.892220963544215,37.1282752987388,30.74175967348481,-84.0193357276483,0.5607460853431186,1.0,896.0,False,ellipse,360.0,1.0,True,True,54.05510708334149,9179.591111111115,9175.04,118.81048095596417,98.3736309551514
r557_svd_normalised_tr050_tid6_010,r557,6,10,False,116,circle,348.7441860465116,223.10465116279073,9.55555555555566,1.74402631898484,3.4880526379697208,3.488052637969639,,2.164518691053085e-07,1.0,9.333333333333334,False,circle,360.0,1.0,True,True,5.580884220751488,97.84888888888997,95.57333333333335,11.161768441503106,11.161768441502845
r557_svd_normalised_tr050_tid6_010,r557,6,10,False,117,circle,316.33684210526314,224.3122807017544,10.555555555555573,1.8330132807744668,3.666026561548962,3.666026561548905,,1.7631291696726132e-07,1.0,10.777777777777779,False,circle,360.0,1.0,True,True,5.865642498478294,108.08888888888909,110.36444444444447,11.73128499695668,11.731284996956497
r557_svd_normalised_tr050_tid6_010,r557,6,10,False,118,circle,269.89003436426117,180.25945017182133,21.55555555555558,2.619417193865321,5.238834387730664,5.23883438773062,,1.2990531157078367e-07,1.0,21.555555555555557,False,circle,360.0,1.0,True,True,8.382135020369027,220.72888888888917,220.72888888888895,16.764270040738126,16.764270040737983
r557_svd_normalised_tr050_tid6_010,r557,6,10,False,119,circle,350.0537920294703,208.11938463515557,14.17332754114487,2.124031609102701,4.248063218205402,4.248063218205402,,0.0,1.0,14.222222222222221,False,circle,360.0,1.0,True,True,6.796901149128644,145.1348740213235,145.63555555555558,13.593802298257287,13.593802298257287
r557_svd_normalised_tr050_tid6_010,r557,6,10,False,120,circle,171.39400683784748,92.77764606156293,19.113993452878926,2.466611659849116,4.933223319698252,4.933223319698212,,1.2731557704981462e-07,1.0,19.22222222222222,False,circle,360.0,1.0,True,True,7.893157311517172,195.72729295748024,196.83555555555557,15.786314623034407,15.78631462303428
r557_svd_normalised_tr050_tid6_010,r557,6,10,False,121,circle,342.5094097527829,114.02467081783142,16.0668209099302,2.261465881939241,4.5229317638785025,4.5229317638784625,,1.3328003749250113e-07,1.0,16.0,False,circle,360.0,1.0,True,True,7.2366908222055715,164.5242461176853,163.84000000000003,14.473381644411209,14.47338164441108
r557_svd_normalised_tr050_tid6_010,r557,6,10,False,122,circle,256.8285759863437,104.92779891081432,32.33416617288148,3.208159091182618,6.416318182365267,6.416318182365204,,1.4057727354849284e-07,1.0,32.44444444444444,False,circle,360.0,1.0,True,True,10.26610909178438,331.10186161030646,332.23111111111115,20.532218183568858,20.532218183568656
r557_svd_normalised_tr050_tid6_010,r557,6,10,False,123,circle,160.5192186515438,176.42407057340893,58.77777777777768,4.325453473866128,8.650906947732256,8.650906947732256,,0.0,1.0,58.77777777777778,False,circle,360.0,1.0,True,True,13.84145111637161,601.8844444444436,601.8844444444446,27.68290223274322,27.68290223274322
r557_svd_normalised_tr050_tid6_010,r557,6,10,False,124,circle,216.94675925925924,193.98611111111111,16.00000000000014,2.256758334191035,4.513516668382071,4.51351666838207,,2.1073424255447017e-08,1.0,15.777777777777779,False,circle,360.0,1.0,True,True,7.221626669411312,163.84000000000145,161.5644444444445,14.443253338822627,14.443253338822624
r557_svd_normalised_tr050_tid6_010,r557,6,10,False,125,ellipse,172.58293971683355,174.55020907631825,20.216733271539507,2.536766853037897,5.494247783516014,4.685035200617495,7.815875192644171,0.5223741361156844,1.0,20.333333333333332,False,ellipse,360.0,1.0,True,True,8.11765392972127,207.0193487005646,208.21333333333337,17.581592907251245,14.992112641975986
r557_svd_normalised_tr050_tid6_010,r557,6,10,False,126,circle,343.64987566472854,200.7609274539214,10.165314246753764,1.7988107240359272,3.5976214480718824,3.597621448071826,,1.769414855098414e-07,1.0,10.333333333333334,False,circle,360.0,1.0,True,True,5.756194316914968,104.09281788675857,105.81333333333336,11.512388633830025,11.512388633829843
r557_svd_normalised_tr050_tid6_010,r557,6,10,False,127,ellipse,167.15103078902757,85.76734452224407,1702.5658444378005,23.279680843246236,53.581753458000435,40.45732027700088,22.951791397586817,0.6556582462127449,1.0,1702.7777777777778,False,ellipse,360.0,1.0,True,True,74.49497869838795,17434.27424704308,17436.44444444445,171.4616110656014,129.46342488640283
r557_svd_normalised_tr050_tid6_010,r557,6,10,False,128,circle,203.1117117117117,188.56756756756758,20.555555555555642,2.5579359939868516,5.115871987973703,5.115871987973703,,0.0,1.0,20.555555555555557,False,circle,360.0,1.0,True,True,8.185395180757926,210.48888888888982,210.48888888888894,16.37079036151585,16.37079036151585
r557_svd_normalised_tr050_tid6_010,r557,6,10,False,129,circle,359.6429232278035,125.44381666326053,26.31946045079389,2.8944333574140177,5.788866714828054,5.788866714828018,,1.1250129990683123e-07,1.0,26.22222222222222,False,circle,360.0,1.0,True,True,9.262186743724858,269.5112750161295,268.5155555555556,18.524373487449775,18.524373487449658
r557_svd_normalised_tr050_tid6_010,r557,6,10,False,130,ellipse,172.68998272884278,225.07340241796203,42.88888888888896,3.694855523666858,7.666805098655751,7.122631743000817,76.09509184818808,0.3700241182042227,1.0,43.0,False,ellipse,360.0,1.0,True,True,11.823537675733945,439.182222222223,440.3200000000001,24.533776315698404,22.792421577602614
r557_svd_normalised_tr050_tid6_010,r557,6,10,False,131,ellipse,234.35289848060285,122.85248367459457,11.950647478995487,1.950386945931924,4.145478703852791,3.6705138398865516,-82.2031691527205,0.4647807382961519,1.0,11.666666666666666,False,ellipse,360.0,1.0,True,True,6.241238226982158,122.37463018491381,119.46666666666668,13.265531852328932,11.745644287636965
r557_svd_normalised_tr050_tid6_010,r557,6,10,False,132,ellipse,175.78805394990366,159.68882466281312,38.444444444444414,3.4981776306400114,7.323477448550079,6.683844838182947,3.466338642708365,0.4087196433186036,1.0,38.333333333333336,False,ellipse,360.0,1.0,True,True,11.194168418048037,393.67111111111086,392.5333333333334,23.435127835360255,21.38830348218543
r557_svd_normalised_tr050_tid6_010,r557,6,10,False,133,ellipse,346.41707225761934,192.62449896870822,14.6426402812552,2.1589111054780674,4.508754338023376,4.13497548274041,16.257030908279347,0.3986588259541682,1.0,14.777777777777779,False,ellipse,360.0,1.0,True,True,6.908515537529816,149.94063648005329,151.32444444444448,14.428013881674804,13.231921544769314
r557_svd_normalised_tr050_tid6_010,r557,6,10,False,134,ellipse,228.59722222222223,99.68055555555554,13.3333333333334,2.0601290774570162,4.5442815003167905,3.7358000955601276,-88.24450044160133,0.5693601925023442,1.0,13.333333333333334,False,ellipse,360.0,1.0,True,True,6.592413047862452,136.53333333333404,136.53333333333336,14.54170080101373,11.954560305792409
r557_svd_normalised_tr050_tid6_010,r557,6,10,False,135,circle,154.18194584013128,182.1200176340433,53.73620943699727,4.135790941263707,8.271581882527414,8.271581882527414,,0.0,1.0,53.333333333333336,False,circle,360.0,1.0,True,True,13.234531012043863,550.2587846348522,546.1333333333334,26.469062024087727,26.469062024087727
r557_svd_normalised_tr050_tid6_010,r557,6,10,False,136,circle,325.7718253968254,212.39285714285717,18.66666666666664,2.4375775971438154,4.87515519428766,4.875155194287602,,1.5413880993110838e-07,1.0,18.555555555555557,False,circle,360.0,1.0,True,True,7.800248310860209,191.14666666666642,190.00888888888895,15.600496621720513,15.600496621720328
r557_svd_normalised_tr050_tid6_010,r557,6,10,False,137,circle,304.54117647058825,112.79215686274513,9.444444444444441,1.7338569826200327,3.467713965240085,3.4677139652400455,,1.5123026915031998e-07,1.0,9.555555555555555,False,circle,360.0,1.0,True,True,5.548342344384105,96.7111111111111,97.84888888888891,11.096684688768272,11.096684688768146
r557_svd_normalised_tr050_tid6_010,r557,6,10,False,138,circle,329.4574468085106,232.6684397163121,20.888888888888882,2.5785926092983495,5.157185218596739,5.157185218596658,,1.769414855098414e-07,1.0,20.88888888888889,False,circle,360.0,1.0,True,True,8.251496349754719,213.9022222222222,213.90222222222226,16.502992699509566,16.502992699509306
r557_svd_normalised_tr050_tid6_010,r557,6,10,False,139,circle,198.51711711711715,101.55495495495494,20.555555555555653,2.5579359939868525,5.115871987973705,5.115871987973705,,0.0,1.0,20.444444444444443,False,circle,360.0,1.0,True,True,8.185395180757927,210.48888888888993,209.35111111111112,16.370790361515855,16.370790361515855
r557_svd_normalised_tr050_tid6_010,r557,6,10,False,140,circle,67.43016759776536,8.906890130353819,19.888888888888864,2.5161140591285354,5.032228118257073,5.032228118257067,,4.9421560620597e-08,1.0,19.88888888888889,False,circle,360.0,1.0,True,True,8.051564989211313,203.662222222222,203.66222222222225,16.103129978422636,16.103129978422615
r557_svd_normalised_tr050_tid6_010,r557,6,10,False,141,ellipse,236.00314465408806,152.16666666666666,11.777777777777638,1.9362290938683828,4.056931405619917,3.696373173822019,-84.0640161693392,0.4121292753069374,1.0,11.555555555555555,False,ellipse,360.0,1.0,True,True,6.195933100378825,120.60444444444303,118.32888888888891,12.982180497983734,11.82839415623046
r557_svd_normalised_tr050_tid6_010,r557,6,10,False,142,ellipse,282.01845018450183,222.64452644526443,30.11111111111139,3.0959109080600724,6.552189204575141,5.851274468052749,58.4229180779339,0.45000532733471166,1.0,30.0,False,ellipse,360.0,1.0,True,True,9.906914905792233,308.33777777778073,307.20000000000005,20.967005454640454,18.724078297768795
r557_svd_normalised_tr050_tid6_010,r557,6,10,False,143,circle,180.5848061983723,251.3557159824345,85.2112767558727,5.208031471269862,10.416062942539725,10.416062942539725,,0.0,1.0,23.77777777777778,True,circle,139.0,0.3861111111111111,False,True,16.66570070806356,872.5634739801367,243.4844444444445,33.33140141612712,33.33140141612712
r557_svd_normalised_tr050_tid6_010,r557,6,10,False,144,ellipse,34.01395998138669,69.6175740654568,477.55555555555566,12.329260096831677,26.200825576597143,23.207002251273085,-21.062835923080343,0.4641902224265971,1.0,477.77777777777777,False,ellipse,360.0,1.0,True,True,39.45363230986137,4890.168888888891,4892.444444444445,83.84264184511086,74.26240720407388
r557_svd_normalised_tr050_tid6_010,r557,6,10,False,145,ellipse,46.73374992639413,71.5655856270766,1506.6286148713411,21.899195942338586,50.33295506128892,38.11218970449679,69.16754172198074,0.6531813449284795,1.0,1507.2222222222222,False,ellipse,360.0,1.0,True,True,70.07742701548348,15427.877016282537,15433.955555555558,161.06545619612456,121.95900705438974
r557_svd_normalised_tr050_tid6_010,r557,6,10,False,146,ellipse,51.573842302878596,72.4819218467529,532.666666666667,13.021254395816324,27.693059979551414,24.49033312544935,-73.52617753750178,0.4668261348586696,1.0,532.2222222222222,False,ellipse,360.0,1.0,True,True,41.668014066612244,5454.506666666671,5449.955555555556,88.61779193456454,78.36906600143793
r557_svd_normalised_tr050_tid6_010,r557,6,10,False,147,ellipse,40.769431523337374,64.21568506844959,354.1773038552045,10.617821682390037,23.98293352275591,18.80306046331852,77.2597488259421,0.6207376213204232,1.0,353.22222222222223,False,ellipse,360.0,1.0,True,True,33.97702938364812,3626.7755914772947,3616.995555555556,76.74538727281892,60.16979348261927
r557_svd_normalised_tr050_tid6_010,r557,6,10,False,148,ellipse,316.91657376782763,108.96545160145192,19.237380409823967,2.474560237441261,5.2967520688947936,4.624304320140137,-86.74326817582755,0.48763917307183874,1.0,19.333333333333332,False,ellipse,360.0,1.0,True,True,7.918592759812036,196.99077539659746,197.97333333333336,16.94960662046334,14.79777382444844
r557_svd_normalised_tr050_tid6_010,r557,6,10,False,149,ellipse,246.26082704666106,102.49189717798268,265.11111111111114,9.186266249343968,19.469588900800915,17.337292129545613,42.514976283164714,0.4550211166043812,1.0,265.55555555555554,False,ellipse,360.0,1.0,True,True,29.3960519979007,2714.737777777779,2719.2888888888892,62.30268448256293,55.479334814545965
r557_svd_normalised_tr050_tid6_010,r557,6,10,False,150,circle,286.38825878547544,108.75685111071752,9.959955862118358,1.7805483472420718,3.5610966944841715,3.561096694484115,,1.781919709310144e-07,1.0,10.11111111111111,False,circle,360.0,1.0,True,True,5.69775471117463,101.989948028092,103.53777777777779,11.395509422349349,11.39550942234917
r557_svd_normalised_tr050_tid6_010,r557,6,10,False,151,circle,267.61502347417843,111.84037558685444,15.777777777777674,2.2410316036766535,4.48206320735332,4.482063207353294,,1.0950072449966572e-07,1.0,15.666666666666666,False,circle,360.0,1.0,True,True,7.171301131765292,161.5644444444434,160.4266666666667,14.342602263530626,14.34260226353054
r557_svd_normalised_tr050_tid6_010,r557,6,10,False,152,ellipse,169.7948717948718,132.51794871794868,14.44444444444439,2.1442503275268914,4.499796606650489,4.0871264806092205,-25.136437448506257,0.4183380983877706,1.0,14.444444444444445,False,ellipse,360.0,1.0,True,True,6.861601048086053,147.91111111111059,147.91111111111115,14.399349141281565,13.078804737949506
r557_svd_normalised_tr050_tid6_010,r557,6,10,False,153,ellipse,248.56830601092895,105.07012750455375,40.666666666666586,3.597860758581521,7.477321116666019,6.924727097403314,41.08423897647663,0.37728469540205845,1.0,40.77777777777778,False,ellipse,360.0,1.0,True,True,11.513154427460869,416.42666666666594,417.5644444444445,23.92742757333126,22.159126711690604
r557_svd_normalised_tr050_tid6_010,r557,6,10,False,154,ellipse,1.9349024565268675,74.92166402507195,44.81619621100355,3.77696151888194,10.984412283588197,5.194793475270026,-1.0327507498194564,0.8811031607963561,1.0,44.55555555555556,True,ellipse,319.0,0.8861111111111111,True,True,12.08627686042221,458.91784920067647,456.248888888889,35.150119307482235,16.623339120864085
r557_svd_normalised_tr050_tid6_010,r557,6,10,False,155,circle,345.4390243902439,206.09485094850947,13.666666666666648,2.085721724290771,4.17144344858157,4.171443448581513,,1.6526187220825877e-07,1.0,13.444444444444445,False,circle,360.0,1.0,True,True,6.674309517730467,139.94666666666652,137.67111111111114,13.348619035461025,13.348619035460842
r557_svd_normalised_tr050_tid6_010,r557,6,10,False,156,ellipse,183.22440882756936,222.941604572062,60.33099051323873,4.382231249446379,9.38159415589837,8.187926445976357,-56.09119049160995,0.4881407196939992,1.0,59.888888888888886,False,ellipse,360.0,1.0,True,True,14.023139998228414,617.7893428555648,613.2622222222224,30.021101298874783,26.201364627124345
r557_svd_normalised_tr050_tid6_010,r557,6,10,False,157,circle,170.15384615384616,212.98534798534803,10.11111111111125,1.794008535924365,3.58801707184873,3.58801707184873,,0.0,1.0,10.11111111111111,False,circle,360.0,1.0,True,True,5.7408273149579685,103.53777777777921,103.53777777777779,11.481654629915937,11.481654629915937
r557_svd_normalised_tr050_tid6_010,r557,6,10,False,158,circle,333.42765084944347,104.18219097832453,63.22222222222243,4.486006950489705,8.97201390097941,8.972013900979409,,2.1073424255447017e-08,1.0,62.888888888888886,False,circle,360.0,1.0,True,True,14.355222241567057,647.3955555555577,643.9822222222223,28.710444483134115,28.71044448313411
r557_svd_normalised_tr050_tid6_010,r557,6,10,False,159,ellipse,182.081589958159,225.01569037656904,106.22222222222229,5.814772864501665,13.570152495720869,9.96645644959608,-32.16995755525275,0.6786741292229137,1.0,106.0,False,ellipse,360.0,1.0,True,True,18.60727316640533,1087.7155555555564,1085.4400000000003,43.42448798630679,31.892660638707458
r557_svd_normalised_tr050_tid6_010,r557,6,10,False,160,ellipse,152.83399734395752,107.35590969455512,27.888888888888832,2.9794813387592463,6.261026536043996,5.671471920400887,54.996893319692674,0.42362557456976735,1.0,27.666666666666668,False,ellipse,360.0,1.0,True,True,9.534340284029588,285.5822222222217,283.30666666666673,20.03528491534079,18.14871014528284
r557_svd_normalised_tr050_tid6_010,r557,6,10,False,161,circle,241.54982817869416,176.01030927835058,10.777777777777601,1.8522076605387898,3.7044153210775796,3.7044153210775796,,0.0,1.0,11.0,False,circle,360.0,1.0,True,True,5.927064513724128,110.36444444444265,112.64000000000001,11.854129027448256,11.854129027448256
r557_svd_normalised_tr050_tid6_010,r557,6,10,False,162,ellipse,332.30232558139534,136.4147286821705,9.555555555555483,1.7440263189848237,3.646106057467385,3.3368506054094254,87.85455893251438,0.4030408430555683,1.0,9.666666666666666,False,ellipse,360.0,1.0,True,True,5.580884220751436,97.84888888888815,98.98666666666668,11.667539383895633,10.677921937310161
r557_svd_normalised_tr050_tid6_010,r557,6,10,False,163,circle,293.81360994066995,101.88543215713455,13.913518153432488,2.1044738962114025,4.208947792422805,4.208947792422805,,0.0,1.0,13.555555555555555,False,circle,360.0,1.0,True,True,6.734316467876488,142.4744258911487,138.8088888888889,13.468632935752977,13.468632935752977
r557_svd_normalised_tr050_tid6_010,r557,6,10,False,164,circle,169.6533333333333,208.65333333333328,11.111111111111256,1.8806319451592,3.7612638903184,3.7612638903184,,0.0,1.0,10.88888888888889,False,circle,360.0,1.0,True,True,6.018022224509441,113.77777777777929,111.50222222222224,12.036044449018881,12.036044449018881
r557_svd_normalised_tr050_tid6_010,r557,6,10,False,165,ellipse,57.086991869918705,73.16951219512195,91.11111111111103,5.3853103353341165,11.445184202752294,10.135814992259284,-64.14474264891362,0.4644554354284136,1.0,91.11111111111111,False,ellipse,360.0,1.0,True,True,17.232993073069174,932.9777777777771,932.977777777778,36.62458944880734,32.43460797522971
r557_svd_normalised_tr050_tid6_010,r557,6,10,False,166,ellipse,179.3087512291052,173.1189773844641,37.666666666666764,3.4626106306643085,7.348763340016675,6.5260898057780015,43.21457650101573,0.4597414900478599,1.0,37.888888888888886,False,ellipse,360.0,1.0,True,True,11.080354018125789,385.70666666666773,387.9822222222223,23.51604268805336,20.883487378489605
r557_svd_normalised_tr050_tid6_010,r557,6,10,False,167,ellipse,341.03765562806905,208.00209548377563,40.44360059176608,3.5879796405815556,7.953046984433528,6.47480037596921,-18.9404543822821,0.5806850793311128,1.0,40.44444444444444,False,ellipse,360.0,1.0,True,True,11.481534849860978,414.14247005968474,414.15111111111116,25.44975035018729,20.71936120310147
r557_svd_normalised_tr050_tid6_010,r557,6,10,False,168,circle,326.0722420142482,116.25484320380957,13.072806351018627,2.0399028167281585,4.079805633456317,4.079805633456317,,0.0,1.0,13.0,False,circle,360.0,1.0,True,True,6.527689013530107,133.86553703443076,133.12000000000003,13.055378027060215,13.055378027060215
r557_svd_normalised_tr050_tid6_010,r557,6,10,False,169,ellipse,37.392356399819086,63.22161917684304,163.77777777777771,7.220255245064304,16.73792775464977,12.458432505635919,84.99367766369522,0.6678192633987955,1.0,163.44444444444446,False,ellipse,360.0,1.0,True,True,23.104816784205774,1677.0844444444442,1673.6711111111115,53.56136881487927,39.86698401803494
r557_svd_normalised_tr050_tid6_010,r557,6,10,False,170,circle,168.79401058942872,159.5940821177418,14.894077186807849,2.177368139324492,4.354736278648984,4.354736278648984,,0.0,1.0,14.88888888888889,False,circle,360.0,1.0,True,True,6.9675780458383745,152.5153503929124,152.46222222222227,13.935156091676749,13.935156091676749
r557_svd_normalised_tr050_tid6_010,r557,6,10,False,171,ellipse,360.8366890380313,121.72259507829979,16.555555555555507,2.2956038431311043,4.9668241679621,4.2439972315432355,17.578681989916134,0.5195024010557994,1.0,16.22222222222222,False,ellipse,360.0,1.0,True,True,7.345932298019534,169.52888888888842,166.11555555555557,15.893837337478722,13.580791140938354
r557_svd_normalised_tr050_tid6_010,r557,6,10,False,172,ellipse,274.32900346789967,103.79571642823527,18.998844066723525,2.459170570030137,5.325368505164632,4.542423598770575,69.4758335224459,0.5219464301956718,1.0,19.0,False,ellipse,360.0,1.0,True,True,7.869345824096439,194.54816324324892,194.56000000000003,17.041179216526825,14.53575551606584
r557_svd_normalised_tr050_tid6_010,r557,6,10,False,173,circle,282.6952380952381,98.82962962962964,35.00000000000017,3.337790589062281,6.675581178124593,6.675581178124531,,1.3575603930867164e-07,1.0,35.111111111111114,False,circle,360.0,1.0,True,True,10.680929884999301,358.4000000000018,359.5377777777779,21.3618597699987,21.361859769998503
r557_svd_normalised_tr050_tid6_010,r557,6,10,False,174,ellipse,321.96793105336684,100.88287854463803,592.4401585427966,13.732427295873968,34.09466171864252,22.124232936248973,76.84846389490733,0.7608685251773064,1.0,592.1111111111111,False,ellipse,360.0,1.0,True,True,43.943767346796704,6066.587223478238,6063.217777777779,109.10291749965607,70.79754539599672
r557_svd_normalised_tr050_tid6_010,r557,6,10,False,175,ellipse,163.92902852020333,184.19580876224813,29.56293443435911,3.067600739186851,6.375154355483857,5.904280128976113,-83.91498951858324,0.3771819823324915,1.0,29.666666666666668,False,ellipse,360.0,1.0,True,True,9.816322365397923,302.72444860783736,303.78666666666675,20.400493937548344,18.893696412723564
r557_svd_normalised_tr050_tid6_010,r557,6,10,False,176,circle,221.24058773288658,163.90885963663294,14.282222242886364,2.1321755407528626,4.264351081505725,4.264351081505725,,0.0,1.0,14.333333333333334,False,circle,360.0,1.0,True,True,6.822961730409161,146.2499557671564,146.77333333333337,13.645923460818322,13.645923460818322
r557_svd_normalised_tr050_tid6_010,r557,6,10,False,177,ellipse,263.59796482366755,103.09762178085279,15.428087996771888,2.2160579717791604,4.649365741085816,4.225017525198238,-78.20656458713111,0.41738474274903464,1.0,15.444444444444445,False,ellipse,360.0,1.0,True,True,7.091385509693314,157.98362108694417,158.15111111111113,14.877970371474612,13.520056080634362
r557_svd_normalised_tr050_tid6_010,r557,6,10,False,178,ellipse,361.17602339181286,101.60219298245615,506.6666666666654,12.699488532999542,28.464825975522,22.66334024152829,-27.715794499238285,0.6050498944462395,1.0,506.55555555555554,False,ellipse,360.0,1.0,True,True,40.63836330559854,5188.266666666655,5187.128888888889,91.0874431216704,72.52268877289053
r557_svd_normalised_tr050_tid6_010,r557,6,10,False,179,ellipse,318.2158250369837,99.2867138459078,926.3333333333345,17.171518800082453,43.80843693276865,26.922764521738,81.46557821619677,0.7888727224573845,1.0,925.6666666666666,False,ellipse,360.0,1.0,True,True,54.94886016026385,9485.653333333346,9478.826666666668,140.18699818485968,86.15284646956161
r557_svd_normalised_tr050_tid6_010,r557,6,10,False,180,circle,180.984496124031,239.0051679586563,14.333333333333451,2.1359872897486314,4.271974579497263,4.271974579497263,,0.0,1.0,14.777777777777779,False,circle,360.0,1.0,True,True,6.835159327195621,146.77333333333456,151.32444444444448,13.670318654391242,13.670318654391242
r557_svd_normalised_tr050_tid6_010,r557,6,10,False,181,ellipse,300.1240310077519,100.86046511627907,4.777777777777864,1.2332128367219977,2.7914461099622585,2.1792488061701873,-89.01314018579765,0.6249208466704095,1.0,4.777777777777778,False,ellipse,360.0,1.0,True,True,3.9462810775103927,48.924444444445335,48.924444444444454,8.932627551879227,6.9735961797446
r557_svd_normalised_tr050_tid6_010,r557,6,10,False,182,ellipse,327.82758020522635,110.66903725046654,55.7315331560099,4.21187582624864,9.969344157852833,7.117779342290631,87.32061977351708,0.7001796980942476,1.0,56.0,False,ellipse,360.0,1.0,True,True,13.47800264399565,570.6908995175415,573.44,31.901901305129066,22.77689389533002
r557_svd_normalised_tr050_tid6_010,r557,6,10,False,183,ellipse,300.2410256410256,100.9128205128205,7.222222222222127,1.5162139471557334,3.149308600580312,2.919884997139954,-48.581497051311345,0.3746876034257128,1.0,7.222222222222222,False,ellipse,360.0,1.0,True,True,4.851884630898347,73.9555555555546,73.95555555555558,10.077787521857,9.343631990847852
r557_svd_normalised_tr050_tid6_010,r557,6,10,False,184,circle,175.2164590523234,97.1370248842804,15.03975331137392,2.187990439827314,4.3759808796546285,4.375980879654626,,3.332000937312528e-08,1.0,15.11111111111111,False,circle,360.0,1.0,True,True,7.001569407447405,154.00707390846895,154.7377777777778,14.003138814894811,14.003138814894804
r557_svd_normalised_tr050_tid6_010,r557,6,10,False,185,circle,324.1212080837515,104.21346240454784,14.019645991389062,2.1124847738755634,4.224969547751164,4.224969547751089,,1.8907453925087333e-07,1.0,13.666666666666666,False,circle,360.0,1.0,True,True,6.759951276401804,143.56117495182403,139.9466666666667,13.519902552803726,13.519902552803485
r557_svd_normalised_tr050_tid6_010,r557,6,10,False,186,ellipse,282.6886058032554,222.2300070771409,52.33333333333322,4.0814479510281245,8.921974899517917,7.468399122195144,-69.63586561859614,0.5470818080568334,1.0,52.44444444444444,False,ellipse,360.0,1.0,True,True,13.06063344329,535.8933333333323,537.0311111111112,28.550319678457335,23.89887719102446
r557_svd_normalised_tr050_tid6_010,r557,6,10,False,187,ellipse,177.4679361305881,206.86796413308423,34.92503873499638,3.334214315952287,6.955771760835232,6.392955655788382,-67.51819895053285,0.39405593002928524,1.0,34.77777777777778,False,ellipse,360.0,1.0,True,True,10.669485811047318,357.63239664636296,356.1244444444445,22.258469634672743,20.457458098522824
r557_svd_normalised_tr050_tid6_010,r557,6,10,False,188,ellipse,327.61800486618006,99.33333333333333,15.222222222222147,2.2012232560601164,4.655436111175156,4.163205085245426,-74.5072120890373,0.44753288968745963,1.0,15.333333333333334,False,ellipse,360.0,1.0,True,True,7.043914419392372,155.87555555555483,157.01333333333338,14.8973955557605,13.322256272785365
r557_svd_normalised_tr050_tid6_010,r557,6,10,False,189,ellipse,32.754882154882154,74.25409652076318,165.00000000000014,7.247146419131154,15.351205497089364,13.685213511156157,56.28073490833137,0.45307019788086106,1.0,165.11111111111111,False,ellipse,360.0,1.0,True,True,23.190868541219693,1689.6000000000017,1690.737777777778,49.123857590685965,43.792683235699705
r557_svd_normalised_tr050_tid6_010,r557,6,10,False,190,ellipse,46.06781429316641,67.9887845592071,141.99999999999986,6.72309481102998,15.197500078211643,11.896694484088364,-61.06429427544276,0.6222658128644127,1.0,141.77777777777777,False,ellipse,360.0,1.0,True,True,21.513903395295937,1454.0799999999988,1451.8044444444447,48.63200025027726,38.069422349082764
r557_svd_normalised_tr050_tid6_010,r557,6,10,False,191,circle,151.7911111111111,146.54222222222222,8.333333333333254,1.628675039676392,3.257350079352784,3.257350079352784,,0.0,1.0,8.333333333333334,False,circle,360.0,1.0,True,True,5.211760126964455,85.33333333333253,85.33333333333336,10.42352025392891,10.42352025392891
r557_svd_normalised_tr050_tid6_010,r557,6,10,False,192,ellipse,224.52303523035232,132.86449864498644,13.66666666666677,2.08572172429078,4.403472969739378,3.9516401177645712,-87.72052958159577,0.4412347755720359,1.0,13.444444444444445,False,ellipse,360.0,1.0,True,True,6.674309517730497,139.94666666666777,137.67111111111114,14.091113503166012,12.645248376846629
r557_svd_normalised_tr050_tid6_010,r557,6,10,False,193,ellipse,29.257162341221637,72.57228665837499,35.49044958157917,3.3610952034900805,7.150858535278381,6.319219383905342,-60.55472835038924,0.46805224292997083,1.0,35.666666666666664,False,ellipse,360.0,1.0,True,True,10.755504651168259,363.42220371537076,365.2266666666667,22.88274731289082,20.221502028497095
r557_svd_normalised_tr050_tid6_010,r557,6,10,False,194,ellipse,94.8879639906277,67.58484400049326,600.6666666666667,13.827441495123516,28.958159071777533,26.4102614848061,68.53464871409781,0.4101579197812967,1.0,600.2222222222222,False,ellipse,360.0,1.0,True,True,44.24781278439525,6150.826666666669,6146.275555555556,92.66610902968812,84.51283675137952
r557_svd_normalised_tr050_tid6_010,r557,6,10,False,195,ellipse,37.18570858283433,67.52175648702595,463.88888888888886,12.151560369933868,27.14484012578299,21.758893217263047,-69.22602808356038,0.5978810013911963,1.0,464.6666666666667,False,ellipse,360.0,1.0,True,True,38.88499318378838,4750.222222222223,4758.186666666667,86.86348840250558,69.62845829524176
r557_svd_normalised_tr050_tid6_010,r557,6,10,False,196,ellipse,162.5177304964539,167.8475177304965,10.44444444444454,1.8233403199523852,3.8807806352496943,3.426702238375975,85.54545429111798,0.4693861045222577,1.0,10.555555555555555,False,ellipse,360.0,1.0,True,True,5.834689023847633,106.95111111111211,108.0888888888889,12.418498032799022,10.965447162803121
r557_svd_normalised_tr050_tid6_010,r557,6,10,False,197,ellipse,42.6622553074166,65.76826578439481,268.66666666666663,9.247662195822526,19.806295130652064,17.271126280592714,69.85428332945327,0.4895025520871945,1.0,268.6666666666667,False,ellipse,360.0,1.0,True,True,29.592519026632086,2751.146666666667,2751.1466666666674,63.38014441808661,55.26760409789669
r557_svd_normalised_tr050_tid6_010,r557,6,10,False,198,circle,197.5130671329773,250.24402778320814,23.48543911748266,2.734163025948206,5.46832605189644,5.468326051896383,,1.444721179430583e-07,1.0,8.0,True,circle,149.0,0.41388888888888886,True,True,8.749321683034259,240.4908965630225,81.92000000000002,17.49864336606861,17.49864336606843
r557_svd_normalised_tr050_tid6_010,r557,6,10,False,199,circle,216.61524822695037,245.3971631205674,20.888888888888715,2.578592609298339,5.157185218596678,5.157185218596678,,0.0,1.0,20.555555555555557,False,circle,360.0,1.0,True,True,8.251496349754685,213.90222222222047,210.48888888888894,16.50299269950937,16.50299269950937
r557_svd_normalised_tr050_tid6_010,r557,6,10,False,200,ellipse,196.2380952380952,151.375,12.444444444444553,1.9902737738139575,4.210796770305552,3.7628885085747914,87.72919085379627,0.4488071844641837,1.0,12.222222222222221,False,ellipse,360.0,1.0,True,True,6.368876076204664,127.43111111111224,125.15555555555557,13.474549664977767,12.041243227439333
r557_svd_normalised_tr050_tid6_010,r557,6,10,False,201,ellipse,281.031007751938,105.98708010335916,14.333333333333188,2.135987289748612,4.575416667333737,3.9886568010657895,83.02625735041897,0.4899364406121259,1.0,13.777777777777779,False,ellipse,360.0,1.0,True,True,6.835159327195559,146.77333333333186,141.08444444444447,14.64133333546796,12.763701763410527
r557_svd_normalised_tr050_tid7_010,r557,7,10,False,0,circle,223.68517367278452,194.64736257875478,403.23243292643326,11.329292556484981,22.658585112969963,22.65858511296996,,1.4901161193847656e-08,1.0,402.3333333333333,False,circle,360.0,1.0,True,True,36.25373618075194,4129.100113166677,4119.893333333334,72.50747236150389,72.50747236150387
r557_svd_normalised_tr050_tid7_010,r557,7,10,False,1,circle,200.66392944038932,216.35659975669097,243.5555555555551,8.80489302424048,17.60978604848096,17.609786048480956,,2.1073424255447017e-08,1.0,244.33333333333334,False,circle,360.0,1.0,True,True,28.175657677569536,2494.0088888888845,2501.973333333334,56.35131535513907,56.351315355139064
r557_svd_normalised_tr050_tid7_010,r557,7,10,False,2,circle,244.87130742708047,206.74112384679898,397.444444444444,11.24768846810272,22.49537693620544,22.49537693620544,,0.0,1.0,397.6666666666667,False,circle,360.0,1.0,True,True,35.9926030979287,4069.8311111111075,4072.1066666666675,71.9852061958574,71.9852061958574
r557_svd_normalised_tr050_tid7_010,r557,7,10,False,3,circle,244.13056113425102,230.63542985925372,185.69824113539485,7.688275879567385,15.37655175913477,15.37655175913477,,0.0,1.0,185.66666666666666,False,circle,360.0,1.0,True,True,24.602482814615634,1901.5499892264436,1901.226666666667,49.20496562923127,49.20496562923127
r557_svd_normalised_tr050_tid7_010,r557,7,10,False,4,circle,249.93650793650792,188.99867724867724,28.0000000000001,2.9854106607209285,5.970821321441857,5.970821321441857,,0.0,1.0,27.555555555555557,False,circle,360.0,1.0,True,True,9.553314114306971,286.72000000000105,282.16888888888894,19.106628228613943,19.106628228613943
r557_svd_normalised_tr050_tid7_010,r557,7,10,False,5,ellipse,200.82073160473163,175.7851702350254,85.04087838820656,5.202821573023585,10.969594229368555,9.870685006104484,-48.99013476839744,0.4362567031171316,1.0,85.22222222222223,False,ellipse,360.0,1.0,True,True,16.649029033675472,870.8185946952354,872.6755555555558,35.10270153397938,31.58619201953435
r557_svd_normalised_tr050_tid7_010,r557,7,10,False,6,circle,239.65394382385233,238.12719269864596,458.4625543479289,12.080279942700798,24.160559885401597,24.160559885401597,,0.0,1.0,454.6666666666667,True,circle,321.0,0.8916666666666667,True,True,38.65689581664256,4694.656556522793,4655.786666666668,77.31379163328512,77.31379163328512
r557_svd_normalised_tr050_tid7_010,r557,7,10,False,7,ellipse,199.69284467713786,81.47120418848168,21.222222222222303,2.5990850582700626,5.507410366006451,4.906293659770318,86.63011970489498,0.45429146380341695,1.0,21.22222222222222,False,ellipse,360.0,1.0,True,True,8.3170721864642,217.31555555555641,217.3155555555556,17.623713171220643,15.700139711265019
r557_svd_normalised_tr050_tid7_010,r557,7,10,False,8,circle,185.2565828394213,185.9461733221724,137.6931474172487,6.620354226374322,13.240708452748644,13.240708452748644,,0.0,1.0,137.66666666666666,False,circle,360.0,1.0,True,True,21.18513352439783,1409.9778295526269,1409.706666666667,42.37026704879566,42.37026704879566
r557_svd_normalised_tr050_tid7_010,r557,7,10,False,9,circle,233.98414109974806,168.79279679857714,249.88888888888937,8.918638000323607,17.83727600064722,17.837276000647215,,2.1073424255447017e-08,1.0,250.33333333333334,False,circle,360.0,1.0,True,True,28.539641601035544,2558.8622222222275,2563.413333333334,57.0792832020711,57.07928320207109
r557_svd_normalised_tr050_tid7_010,r557,7,10,False,10,circle,314.25940836228415,225.25412417527798,34.010262247432294,3.290258759590353,6.580517519180706,6.580517519180705,,1.4901161193847656e-08,1.0,34.0,False,circle,360.0,1.0,True,True,10.52882803068913,348.26508541370674,348.1600000000001,21.05765606137826,21.057656061378257
r557_svd_normalised_tr050_tid7_010,r557,7,10,False,11,ellipse,145.09963434430082,85.52189611326872,19.965624468273738,2.5209632389395367,5.244993211426791,4.846721737018764,11.958180214273312,0.38223210129591334,1.0,19.77777777777778,False,ellipse,360.0,1.0,True,True,8.067082364606518,204.44799455512313,202.5244444444445,16.78397827656573,15.509509558460046
r557_svd_normalised_tr050_tid7_010,r557,7,10,False,12,circle,245.75422142929358,165.11219942152894,145.80033418058343,6.8124656166897575,13.624931233379515,13.624931233379515,,0.0,1.0,145.77777777777777,False,circle,360.0,1.0,True,True,21.799889973407225,1492.9954220091747,1492.7644444444447,43.59977994681445,43.59977994681445
r557_svd_normalised_tr050_tid7_010,r557,7,10,False,13,circle,183.41721743146354,210.28950688560732,179.1259339559724,7.550996997091892,15.101993994183786,15.101993994183784,,1.4901161193847656e-08,1.0,179.11111111111111,False,circle,360.0,1.0,True,True,24.163190390694055,1834.2495637091579,1834.0977777777782,48.32638078138812,48.32638078138811
r557_svd_normalised_tr050_tid7_010,r557,7,10,False,14,circle,57.54483291829806,140.22848854980808,106.60006071513703,5.8251054233739366,11.650210846747875,11.65021084674787,,2.9802322387695312e-08,1.0,106.44444444444444,False,circle,360.0,1.0,True,True,18.640337354796596,1091.5846217230035,1089.9911111111112,37.2806747095932,37.280674709593185
r557_svd_normalised_tr050_tid7_010,r557,7,10,False,15,circle,181.67546754675465,155.99938882777167,303.0000000000003,9.820788945583173,19.64157789116635,19.641577891166346,,2.1073424255447017e-08,1.0,303.6666666666667,False,circle,360.0,1.0,True,True,31.426524625866154,3102.7200000000034,3109.5466666666675,62.85304925173232,62.85304925173231
r557_svd_normalised_tr050_tid7_010,r557,7,10,False,16,circle,185.17060997538462,129.26435272969144,15.91332283129442,2.2506372384805253,4.501274476961058,4.5012744769610435,,7.884953353001448e-08,1.0,15.88888888888889,False,circle,360.0,1.0,True,True,7.202039163137681,162.9524257924549,162.70222222222225,14.404078326275386,14.40407832627534
r557_svd_normalised_tr050_tid7_010,r557,7,10,False,17,circle,164.37301587301585,184.76984126984127,18.66666666666679,2.437577597143825,4.87515519428765,4.87515519428765,,0.0,1.0,18.666666666666668,False,circle,360.0,1.0,True,True,7.8002483108602405,191.14666666666795,191.1466666666667,15.600496621720481,15.600496621720481
r557_svd_normalised_tr050_tid7_010,r557,7,10,False,18,circle,223.0177417459758,238.10175067559626,315.2222222222223,10.016903198002723,20.033806396005446,20.033806396005442,,2.1073424255447017e-08,1.0,314.77777777777777,False,circle,360.0,1.0,True,True,32.05409023360871,3227.8755555555567,3223.324444444445,64.10818046721742,64.10818046721742
r557_svd_normalised_tr050_tid7_010,r557,7,10,False,19,circle,260.99784567816045,217.24074068550948,329.19131981360124,10.236447212903471,20.472894425806963,20.472894425806924,,6.143906154658885e-08,1.0,329.0,False,circle,360.0,1.0,True,True,32.75663108129111,3370.9191148912773,3368.9600000000005,65.51326216258228,65.51326216258217
r557_svd_normalised_tr050_tid7_010,r557,7,10,False,20,circle,235.37440192422378,187.58303864991316,373.51846280114637,10.903880932116664,21.807761864233328,21.807761864233328,,0.0,1.0,373.1111111111111,False,circle,360.0,1.0,True,True,34.89241898277333,3824.8290590837396,3820.6577777777784,69.78483796554666,69.78483796554666
r557_svd_normalised_tr050_tid7_010,r557,7,10,False,21,circle,225.6808946134096,113.95835151215302,109.22019019270803,5.8962586704801945,11.792517340960396,11.79251734096038,,5.1619136559035694e-08,1.0,109.0,False,circle,360.0,1.0,True,True,18.868027745536622,1118.4147475733305,1116.1600000000003,37.736055491073266,37.736055491073216
r557_svd_normalised_tr050_tid7_010,r557,7,10,False,22,circle,362.04749568221075,107.9559585492228,42.88888888888864,3.694855523666844,7.389711047333707,7.38971104733367,,9.996002811937585e-08,1.0,42.77777777777778,False,circle,360.0,1.0,True,True,11.823537675733903,439.1822222222197,438.04444444444454,23.647075351467862,23.647075351467745
r557_svd_normalised_tr050_tid7_010,r557,7,10,False,23,circle,191.87147158953888,201.16445750889997,329.0554194478374,10.234334033663384,20.468668067326767,20.468668067326767,,0.0,1.0,329.77777777777777,False,circle,360.0,1.0,True,True,32.74986890772283,3369.5274951458555,3376.924444444445,65.49973781544566,65.49973781544566
r557_svd_normalised_tr050_tid7_010,r557,7,10,False,24,circle,283.7899659863946,193.64937641723358,130.66666666666654,6.4492241234649255,12.898448246929851,12.898448246929851,,0.0,1.0,130.33333333333334,False,circle,360.0,1.0,True,True,20.637517195087764,1338.0266666666657,1334.6133333333337,41.27503439017553,41.27503439017553
r557_svd_normalised_tr050_tid7_010,r557,7,10,False,25,circle,189.31104254227176,174.4088619891751,50.98323997039125,4.028457435825297,8.056914871650594,8.056914871650594,,0.0,1.0,50.888888888888886,False,circle,360.0,1.0,True,True,12.891063794640951,522.0683772968065,521.1022222222223,25.782127589281902,25.782127589281902
r557_svd_normalised_tr050_tid7_010,r557,7,10,False,26,circle,154.45596366969,189.4870633553494,168.31386786477145,7.31956065096731,14.63912130193462,14.639121301934619,,1.4901161193847656e-08,1.0,168.55555555555554,False,circle,360.0,1.0,True,True,23.422594083095394,1723.53400693526,1726.008888888889,46.84518816619079,46.84518816619078
r557_svd_normalised_tr050_tid7_010,r557,7,10,False,27,circle,330.4202211690364,101.35860979462873,23.44444444444447,2.731775694077631,5.463551388155263,5.4635513881552615,,2.5809568279517847e-08,1.0,23.333333333333332,False,circle,360.0,1.0,True,True,8.74168222104842,240.07111111111143,238.93333333333337,17.483364442096843,17.48336444209684
r557_svd_normalised_tr050_tid7_010,r557,7,10,False,28,circle,216.10286192724487,110.14769640803723,148.37439217169072,6.87233845825131,13.744676916502627,13.744676916502614,,4.2146848510894035e-08,1.0,148.33333333333334,False,circle,360.0,1.0,True,True,21.991483066404193,1519.3537758381133,1518.9333333333336,43.98296613280841,43.98296613280837
r557_svd_normalised_tr050_tid7_010,r557,7,10,False,29,circle,348.2529124389327,95.17775272453963,98.55555555555549,5.601000595578359,11.20200119115673,11.202001191156704,,6.828569911354542e-08,1.0,98.77777777777777,False,circle,360.0,1.0,True,True,17.92320190585075,1009.2088888888884,1011.4844444444445,35.84640381170154,35.84640381170146
r557_svd_normalised_tr050_tid7_010,r557,7,10,False,30,circle,271.23779993552284,232.07586584534212,211.76483738192044,8.210166946217845,16.4203338924357,16.420333892435675,,5.5755039852469285e-08,1.0,211.44444444444446,False,circle,360.0,1.0,True,True,26.272534227897104,2168.471934790866,2165.1911111111117,52.545068455794244,52.545068455794166
r557_svd_normalised_tr050_tid7_010,r557,7,10,False,31,circle,304.3724614823496,101.53296510728694,52.792768324947886,4.099324343942717,8.198648687885447,8.198648687885424,,7.450580596923828e-08,1.0,52.55555555555556,False,circle,360.0,1.0,True,True,13.117837900616696,540.5979476474664,538.168888888889,26.23567580123343,26.235675801233356
r557_svd_normalised_tr050_tid7_010,r557,7,10,False,32,circle,214.5924731182796,169.24112903225807,137.77777777777771,6.622388448520672,13.244776897041344,13.244776897041344,,0.0,1.0,138.22222222222223,False,circle,360.0,1.0,True,True,21.191643035266154,1410.844444444444,1415.3955555555558,42.38328607053231,42.38328607053231
r557_svd_normalised_tr050_tid7_010,r557,7,10,False,33,circle,309.5238093480694,88.69921687495243,44.704536304364154,3.772253419766664,7.544506839533342,7.544506839533315,,8.429369702178807e-08,1.0,44.77777777777778,False,circle,360.0,1.0,True,True,12.071210943253327,457.774451756689,458.52444444444455,24.142421886506696,24.14242188650661
r557_svd_normalised_tr050_tid7_010,r557,7,10,False,34,circle,373.97335997336,98.21511821511822,111.22222222222213,5.950053184355901,11.90010636871183,11.900106368711775,,9.657056180250437e-08,1.0,111.22222222222223,False,circle,360.0,1.0,True,True,19.040170189938884,1138.9155555555549,1138.9155555555558,38.08034037987786,38.08034037987768
r557_svd_normalised_tr050_tid7_010,r557,7,10,False,35,ellipse,151.3887726331394,82.61676195930313,50.511434890736844,4.009774194521482,8.320252361975703,7.729712221004073,54.00291224069639,0.37002004514354014,1.0,50.44444444444444,False,ellipse,360.0,1.0,True,True,12.831277422468743,517.2370932811453,516.5511111111111,26.62480755832225,24.735079107213036
r557_svd_normalised_tr050_tid7_010,r557,7,10,False,36,circle,194.91142833432087,241.58303146366387,27.316231787545977,2.948733055273706,5.897466110547412,5.897466110547412,,0.0,1.0,27.333333333333332,False,circle,360.0,1.0,True,True,9.43594577687586,279.71821350447084,279.8933333333334,18.87189155375172,18.87189155375172
r557_svd_normalised_tr050_tid7_010,r557,7,10,False,37,circle,190.4185018643716,200.86864682303232,52.36542878905663,4.082699312686401,8.165398625372802,8.165398625372802,,0.0,1.0,52.22222222222222,False,circle,360.0,1.0,True,True,13.064637800596484,536.22199079994,534.7555555555557,26.12927560119297,26.12927560119297
r557_svd_normalised_tr050_tid7_010,r557,7,10,False,38,circle,214.06691733420521,223.98975532668516,679.6666666666655,14.708657971058498,29.417315942117,29.417315942116993,,2.1073424255447017e-08,1.0,680.0,False,circle,360.0,1.0,True,True,47.067705507387195,6959.786666666656,6963.200000000002,94.1354110147744,94.13541101477438
r557_svd_normalised_tr050_tid7_010,r557,7,10,False,39,circle,242.98140200286124,239.39699570815452,51.77777777777814,4.059726413355236,8.119452826710472,8.119452826710472,,0.0,1.0,51.77777777777778,False,circle,360.0,1.0,True,True,12.991124522736754,530.2044444444483,530.2044444444446,25.98224904547351,25.98224904547351
r557_svd_normalised_tr050_tid7_010,r557,7,10,False,40,ellipse,196.60703560703564,219.84084084084083,86.3333333333335,5.242208838571833,10.943845913991899,10.044276472155378,34.71390991180101,0.3970399169792968,1.0,86.66666666666667,False,ellipse,360.0,1.0,True,True,16.775068283429867,884.0533333333352,887.4666666666669,35.020306924774076,32.14168471089721
r557_svd_normalised_tr050_tid7_010,r557,7,10,False,41,circle,200.49742002063985,112.46439628482972,35.88888888888891,3.3799094865816954,6.7598189731634095,6.759818973163372,,1.0536712127723508e-07,1.0,36.0,False,circle,360.0,1.0,True,True,10.815710357061427,367.5022222222225,368.6400000000001,21.63142071412291,21.631420714122793
r557_svd_normalised_tr050_tid7_010,r557,7,10,False,42,circle,204.88514548238896,236.9635017866258,145.11111111111072,6.796344698570038,13.592689397140077,13.592689397140074,,2.1073424255447017e-08,1.0,145.77777777777777,False,circle,360.0,1.0,True,True,21.748303035424122,1485.937777777774,1492.7644444444447,43.49660607084825,43.49660607084824
r557_svd_normalised_tr050_tid7_010,r557,7,10,False,43,circle,159.46625766871165,95.05248807089299,54.33333333333337,4.158706186943158,8.317412373886322,8.317412373886313,,4.712160915387242e-08,1.0,54.44444444444444,False,circle,360.0,1.0,True,True,13.307859798218107,556.3733333333338,557.5111111111112,26.615719596436232,26.615719596436204
r557_svd_normalised_tr050_tid7_010,r557,7,10,False,44,circle,256.5507191648042,89.70904749187837,76.2957887472419,4.928052742456913,9.856105484913831,9.856105484913822,,4.2146848510894035e-08,1.0,76.44444444444444,False,circle,360.0,1.0,True,True,15.769768775862122,781.2688767717572,782.7911111111113,31.539537551724262,31.539537551724234
r557_svd_normalised_tr050_tid7_010,r557,7,10,False,45,circle,176.93798449612405,177.05581395348838,71.66666666666643,4.776212778953452,9.552425557906904,9.552425557906904,,0.0,1.0,71.77777777777777,False,circle,360.0,1.0,True,True,15.283880892651048,733.8666666666644,735.0044444444445,30.567761785302096,30.567761785302096
r557_svd_normalised_tr050_tid7_010,r557,7,10,False,46,circle,274.24461491296137,146.4574232020666,38.89757475679022,3.518733094973159,7.037466189946345,7.03746618994629,,1.2467205919833117e-07,1.0,38.888888888888886,False,circle,360.0,1.0,True,True,11.259945903914108,398.3111655095319,398.2222222222223,22.519891807828305,22.51989180782813
r557_svd_normalised_tr050_tid7_010,r557,7,10,False,47,ellipse,304.7903316469927,134.53344575604274,65.88888888888886,4.579638055894662,9.501699676972686,8.829192854338174,82.80425883784045,0.3695207694247451,1.0,65.66666666666667,False,ellipse,360.0,1.0,True,True,14.65484177886292,674.7022222222221,672.4266666666668,30.405438966312598,28.25341713388216
r557_svd_normalised_tr050_tid7_010,r557,7,10,False,48,ellipse,179.74698795180723,220.8123159303882,138.33333333333317,6.635726605938316,13.774937042387025,12.786372076551373,-59.35912189267103,0.37199553153043546,1.0,137.88888888888889,False,ellipse,360.0,1.0,True,True,21.234325139002614,1416.533333333332,1411.9822222222224,44.07979853563848,40.916390644964395
r557_svd_normalised_tr050_tid7_010,r557,7,10,False,49,circle,172.88285225664941,238.8688792415003,122.78679479524088,6.251739811936001,12.503479623872002,12.503479623872002,,0.0,1.0,123.44444444444444,False,circle,360.0,1.0,True,True,20.005567398195204,1257.3367787032669,1264.0711111111113,40.01113479639041,40.01113479639041
r557_svd_normalised_tr050_tid7_010,r557,7,10,False,50,ellipse,236.0449117294224,246.0541494196931,20.30152033978509,2.5420807675435695,5.436689493734101,4.754492332999848,-87.78301720591139,0.4849899051637957,1.0,20.0,False,ellipse,360.0,1.0,True,True,8.134658456139423,207.88756827939935,204.80000000000004,17.397406379949125,15.214375465599515
r557_svd_normalised_tr050_tid7_010,r557,7,10,False,51,ellipse,359.29696969696977,95.09393939393938,24.444444444444517,2.7894279572946723,5.805525502265209,5.361036361584261,49.90851638631176,0.3837503447052748,1.0,24.555555555555557,False,ellipse,360.0,1.0,True,True,8.926169463342951,250.3111111111119,251.44888888888894,18.57768160724867,17.155316357069633
r557_svd_normalised_tr050_tid7_010,r557,7,10,False,52,circle,289.7084162547527,96.53068741615823,93.00894499741071,5.441108958309901,10.88221791661983,10.882217916619773,,1.021572142899192e-07,1.0,93.11111111111111,False,circle,360.0,1.0,True,True,17.41154866659168,952.4115967734858,953.457777777778,34.823097333183455,34.82309733318328
r557_svd_normalised_tr050_tid7_010,r557,7,10,False,53,ellipse,13.41747095043283,36.52504677547051,319.4856138293001,10.08441517269906,21.2595084813587,19.134107350512675,68.01501581361345,0.43583650130473434,1.0,319.6666666666667,False,ellipse,360.0,1.0,True,True,32.270128552637,3271.5326856120337,3273.3866666666677,68.03042714034784,61.229143521640566
r557_svd_normalised_tr050_tid7_010,r557,7,10,False,54,circle,327.6286087399184,154.31383005014501,16.36947111363839,2.282666091891472,4.565332183782984,4.565332183782903,,1.8789649326977866e-07,1.0,16.11111111111111,False,circle,360.0,1.0,True,True,7.304531494052711,167.62338420365714,164.97777777777782,14.60906298810555,14.609062988105292
r557_svd_normalised_tr050_tid7_010,r557,7,10,False,55,circle,231.5648152690221,156.9319653569058,31.117409330938436,3.147217663661895,6.294435327323791,6.29443532732379,,1.4901161193847656e-08,1.0,31.11111111111111,False,circle,360.0,1.0,True,True,10.071096523718065,318.6422715488097,318.57777777777784,20.142193047436134,20.14219304743613
r557_svd_normalised_tr050_tid7_010,r557,7,10,False,56,ellipse,183.50360598054985,220.15796903989738,38.974943032849936,3.5222307818776137,7.725767727280358,6.423237207610648,0.5277567487456167,0.5556678321053916,1.0,38.888888888888886,False,ellipse,360.0,1.0,True,True,11.271138502008364,399.10341665638344,398.2222222222223,24.722456727297146,20.554359064354074
r557_svd_normalised_tr050_tid7_010,r557,7,10,False,57,ellipse,280.90890269151134,85.52380952380955,17.888888888888868,2.3862544261198746,5.146769069379438,4.4254639051549765,88.17216643706763,0.5105419920167041,1.0,17.666666666666668,False,ellipse,360.0,1.0,True,True,7.636014163583599,183.18222222222204,180.90666666666672,16.469661022014204,14.161484496495925
r557_svd_normalised_tr050_tid7_010,r557,7,10,False,58,ellipse,165.7881533771284,174.70872064871884,16.055504832117055,2.2606693512618072,4.711434059156094,4.338913249398116,-1.9525856945214173,0.38972186738114833,1.0,15.88888888888889,False,ellipse,360.0,1.0,True,True,7.234141924037783,164.4083694808787,162.70222222222225,15.076588989299502,13.884522398073972
r557_svd_normalised_tr050_tid7_010,r557,7,10,False,59,circle,309.59783609841924,109.94487394648615,21.367456653041433,2.607963323221149,5.215926646442313,5.215926646442284,,1.043081283569336e-07,1.0,21.22222222222222,False,circle,360.0,1.0,True,True,8.345482634307677,218.8027561271443,217.3155555555556,16.6909652686154,16.69096526861531
r557_svd_normalised_tr050_tid7_010,r557,7,10,False,60,ellipse,156.90614886731393,78.80097087378643,22.88888888888902,2.699214629683178,5.657597256253651,5.151133449127966,16.527352927838677,0.41355143070374856,1.0,22.88888888888889,False,ellipse,360.0,1.0,True,True,8.63748681498617,234.38222222222362,234.38222222222228,18.104311220011684,16.48362703720949
r557_svd_normalised_tr050_tid7_010,r557,7,10,False,61,circle,355.77490775008914,138.03770545807473,86.0442111350513,5.233423645489847,10.466847290979693,10.466847290979693,,0.0,1.0,85.77777777777777,False,circle,360.0,1.0,True,True,16.74695566556751,881.0927220229255,878.3644444444445,33.49391133113502,33.49391133113502
r557_svd_normalised_tr050_tid7_010,r557,7,10,False,62,ellipse,199.2861952861953,193.85465768799105,66.00000000000007,4.583497844237543,9.89574246730722,8.491915612208498,-29.054071161842586,0.5134186002674626,1.0,65.77777777777777,False,ellipse,360.0,1.0,True,True,14.66719310156014,675.8400000000008,673.5644444444445,31.66637589538311,27.174129959067194
r557_svd_normalised_tr050_tid7_010,r557,7,10,False,63,ellipse,172.0425267635518,192.702340784966,55.593527294542426,4.2066577404967544,8.975239622359464,7.8865724327165045,87.5606941854071,0.4773683670956526,1.0,55.22222222222222,False,ellipse,360.0,1.0,True,True,13.461304769589615,569.2777194961145,565.4755555555556,28.720766791550286,25.237031784692817
r557_svd_normalised_tr050_tid7_010,r557,7,10,False,64,circle,361.9774919614148,189.14683815648448,34.555555555555685,3.316530560074275,6.63306112014858,6.633061120148521,,1.3328003749250113e-07,1.0,34.666666666666664,False,circle,360.0,1.0,True,True,10.612897792237682,353.84888888889026,354.98666666666674,21.225795584475456,21.225795584475268
r557_svd_normalised_tr050_tid7_010,r557,7,10,False,65,circle,218.49322032607236,182.24845283183757,152.24338188480968,6.961362909659942,13.922725819319886,13.922725819319885,,1.4901161193847656e-08,1.0,152.44444444444446,False,circle,360.0,1.0,True,True,22.276361310911817,1558.9722305004514,1561.0311111111116,44.55272262182364,44.552722621823634
r557_svd_normalised_tr050_tid7_010,r557,7,10,False,66,circle,206.04674796747963,89.70325203252031,18.222222222222303,2.408383997947861,4.816767995895731,4.816767995895713,,8.560065398421926e-08,1.0,18.555555555555557,False,circle,360.0,1.0,True,True,7.706828793433155,186.59555555555642,190.00888888888895,15.41365758686634,15.413657586866282
r557_svd_normalised_tr050_tid7_010,r557,7,10,False,67,circle,292.3522906793049,88.73775671406005,23.44444444444448,2.7317756940776317,5.463551388155272,5.463551388155254,,8.024520884654677e-08,1.0,23.333333333333332,False,circle,360.0,1.0,True,True,8.741682221048421,240.0711111111115,238.93333333333337,17.48336444209687,17.483364442096814
r557_svd_normalised_tr050_tid7_010,r557,7,10,False,68,circle,212.07859078590783,75.77235772357722,13.666666666666591,2.0857217242907664,4.171443448581544,4.171443448581522,,1.0323827311807139e-07,1.0,13.555555555555555,False,circle,360.0,1.0,True,True,6.674309517730453,139.94666666666592,138.8088888888889,13.348619035460942,13.348619035460871
r557_svd_normalised_tr050_tid7_010,r557,7,10,False,69,ellipse,333.67799352750814,169.6885113268608,45.77777777777781,3.817265937053812,7.953056597234624,7.328764258641396,-47.09828252944061,0.3883716155839846,1.0,45.888888888888886,False,ellipse,360.0,1.0,True,True,12.215250998572198,468.76444444444485,469.9022222222223,25.4497811111508,23.452045627652467
r557_svd_normalised_tr050_tid7_010,r557,7,10,False,70,circle,219.97238745820303,80.92651166811487,28.81031054413265,3.028300954367404,6.0566019087348195,6.0566019087347955,,8.940696716308594e-08,1.0,28.444444444444443,False,circle,360.0,1.0,True,True,9.690563053975694,295.0175799719184,291.27111111111117,19.381126107951424,19.381126107951346
r557_svd_normalised_tr050_tid7_010,r557,7,10,False,71,ellipse,349.37424242424254,177.3257575757576,24.444444444444652,2.7894279572946803,5.803660966857799,5.362758695499671,17.043300990427127,0.38231919814969406,1.0,24.22222222222222,False,ellipse,360.0,1.0,True,True,8.926169463342978,250.3111111111133,248.0355555555556,18.571715093944956,17.160827825598947
r557_svd_normalised_tr050_tid7_010,r557,7,10,False,72,circle,386.67375886524826,84.36524822695036,10.444444444444503,1.823340319952382,3.6466806399047904,3.6466806399047376,,1.70551585290724e-07,1.0,10.666666666666666,False,circle,360.0,1.0,True,True,5.8346890238476234,106.95111111111173,109.22666666666669,11.66937804769533,11.669378047695162
r557_svd_normalised_tr050_tid7_010,r557,7,10,False,73,circle,327.2979321997443,121.54802300230061,20.80325229578394,2.5733015506395027,5.146603101279033,5.146603101278977,,1.475139697881291e-07,1.0,21.0,False,circle,360.0,1.0,True,True,8.23456496204641,213.02530350882756,215.04000000000005,16.469129924092908,16.469129924092726
r557_svd_normalised_tr050_tid7_010,r557,7,10,False,74,ellipse,325.90755977454245,113.3738256507177,17.031261412525833,2.328351107927557,4.843738320532653,4.476888323059803,4.175387603079315,0.38175623902684624,1.0,16.88888888888889,False,ellipse,360.0,1.0,True,True,7.4507235453681835,174.40011686426456,172.94222222222226,15.499962625704491,14.326042633791369
r557_svd_normalised_tr050_tid7_010,r557,7,10,False,75,circle,327.79219030083937,163.04665003589662,18.321859315884588,2.4149594103244567,4.829918820648913,4.829918820648913,,0.0,1.0,18.11111111111111,False,circle,360.0,1.0,True,True,7.727870113038262,187.61583939465822,185.4577777777778,15.455740226076523,15.455740226076523
r557_svd_normalised_tr050_tid7_010,r557,7,10,False,76,ellipse,35.19641426282051,37.479817708333336,739.5555555555555,15.343006378004246,33.48686117170378,28.119427916331237,-53.722700029452625,0.5430269819624909,1.0,738.4444444444445,False,ellipse,360.0,1.0,True,True,49.09762040961359,7573.04888888889,7561.671111111113,107.1579557494521,89.98216933225996
r557_svd_normalised_tr050_tid7_010,r557,7,10,False,77,ellipse,179.390243902439,115.42547425474257,13.666666666666696,2.0857217242907744,4.379534101065209,3.973240085168328,-38.533398615689435,0.4206371932787473,1.0,13.666666666666666,False,ellipse,360.0,1.0,True,True,6.674309517730478,139.946666666667,139.9466666666667,14.01450912340867,12.71436827253865
r557_svd_normalised_tr050_tid7_010,r557,7,10,False,78,circle,188.9749103942652,234.6917562724014,10.333333333333265,1.8136157689082002,3.627231537816401,3.6272315378164,,2.1073424255447017e-08,1.0,10.555555555555555,False,circle,360.0,1.0,True,True,5.803570460506241,105.81333333333265,108.0888888888889,11.607140921012483,11.60714092101248
r557_svd_normalised_tr050_tid7_010,r557,7,10,False,79,circle,185.56060079389454,231.70308760126224,35.07490017927973,3.3413601248554983,6.6827202497109965,6.6827202497109965,,0.0,1.0,34.77777777777778,False,circle,360.0,1.0,True,True,10.692352399537596,359.1669778358245,356.1244444444445,21.38470479907519,21.38470479907519
r557_svd_normalised_tr050_tid7_010,r557,7,10,False,80,ellipse,291.25,75.35606060606061,19.555555555555568,2.494940212339704,5.202639743496703,4.785821790509784,86.82852264034341,0.39219202175944856,1.0,19.555555555555557,False,ellipse,360.0,1.0,True,True,7.983808679487054,200.24888888888904,200.24888888888896,16.64844717918945,15.31462972963131
r557_svd_normalised_tr050_tid7_010,r557,7,10,False,81,circle,249.93305585755397,97.39294331979218,50.39943277649058,4.005326167843553,8.010652335687125,8.01065233568709,,9.424321830774485e-08,1.0,50.55555555555556,False,circle,360.0,1.0,True,True,12.817043737099372,516.0901916312636,517.688888888889,25.6340874741988,25.634087474198687
r557_svd_normalised_tr050_tid7_010,r557,7,10,False,82,circle,316.30598290598294,78.21367521367522,21.666666666666757,2.626159591618306,5.252319183236631,5.252319183236592,,1.219712610821791e-07,1.0,21.555555555555557,False,circle,360.0,1.0,True,True,8.40371069317858,221.86666666666764,220.72888888888895,16.80742138635722,16.807421386357095
r557_svd_normalised_tr050_tid7_010,r557,7,10,False,83,circle,160.61502852166595,206.41604189358463,61.438005476822646,4.422253331807951,8.844506663615903,8.844506663615903,,0.0,1.0,61.44444444444444,False,circle,360.0,1.0,True,True,14.151210661785445,629.125176082664,629.1911111111112,28.30242132357089,28.30242132357089
r557_svd_normalised_tr050_tid7_010,r557,7,10,False,84,circle,336.36150234741785,101.51408450704226,15.777777777777809,2.241031603676663,4.482063207353341,4.4820632073533115,,1.1445799094242763e-07,1.0,15.666666666666666,False,circle,360.0,1.0,True,True,7.171301131765322,161.5644444444448,160.4266666666667,14.342602263530692,14.342602263530598
r557_svd_normalised_tr050_tid7_010,r557,7,10,False,85,ellipse,320.34199134199133,214.6428571428571,17.111111111110933,2.333802868765037,4.946708954115379,4.404250082855292,-51.0710071022321,0.45529735401239124,1.0,17.22222222222222,False,ellipse,360.0,1.0,True,True,7.468169180048119,175.21777777777598,176.35555555555558,15.829468653169213,14.093600265136935
r557_svd_normalised_tr050_tid7_010,r557,7,10,False,86,circle,203.861197321242,68.02161522697118,40.80031608503002,3.6037680237896264,7.207536047579256,7.207536047579249,,4.470348358154297e-08,1.0,40.55555555555556,False,circle,360.0,1.0,True,True,11.532057676126804,417.79523671070746,415.288888888889,23.064115352253623,23.064115352253598
r557_svd_normalised_tr050_tid7_010,r557,7,10,False,87,ellipse,332.9566666666667,141.12166666666667,22.222222222222218,2.6596152026762176,5.532334615774503,5.114334918309124,13.54302325344554,0.38131723112641924,1.0,22.0,False,ellipse,360.0,1.0,True,True,8.510768648563896,227.55555555555554,225.28000000000003,17.70347077047841,16.3658717385892
r557_svd_normalised_tr050_tid7_010,r557,7,10,False,88,ellipse,52.35401083689092,41.96645237025695,645.5877233638855,14.335164970993914,30.34670883734919,27.086555691692762,-86.03452600820566,0.45090925995323455,1.0,646.2222222222222,False,ellipse,360.0,1.0,True,True,45.872527907180526,6610.818287246189,6617.315555555556,97.10946827951742,86.67697821341685
r557_svd_normalised_tr050_tid7_010,r557,7,10,False,89,circle,315.69819457862167,125.69506754753057,13.18201472927598,2.0484056258829426,4.096811251765899,4.096811251765871,,1.1733186057227569e-07,1.0,13.0,False,circle,360.0,1.0,True,True,6.554898002825417,134.98383082778608,133.12000000000003,13.109796005650878,13.109796005650788
r557_svd_normalised_tr050_tid7_010,r557,7,10,False,90,ellipse,147.75945765676292,76.5500916576268,108.36670849640859,5.87317585703032,13.119198526834987,10.517165229887128,25.648816555897156,0.5977773470207289,1.0,108.77777777777777,False,ellipse,360.0,1.0,True,True,18.794162742497026,1109.6750950032242,1113.8844444444446,41.98143528587196,33.65492873563881
r557_svd_normalised_tr050_tid7_010,r557,7,10,False,91,ellipse,307.43487574978576,70.03384747215081,259.3333333333335,9.085613012724922,19.341779476168863,17.07151380124147,-68.81379749743519,0.47008012929133075,1.0,259.22222222222223,False,ellipse,360.0,1.0,True,True,29.07396164071975,2655.5733333333355,2654.435555555556,61.89369432374036,54.6288441639727
r557_svd_normalised_tr050_tid7_010,r557,7,10,False,92,circle,347.38964992389646,166.67275494672754,24.33333333333312,2.783081127780055,5.566162255560111,5.56616225556011,,1.4901161193847656e-08,1.0,24.333333333333332,False,circle,360.0,1.0,True,True,8.905859608896177,249.1733333333312,249.17333333333337,17.811719217792355,17.811719217792355
r557_svd_normalised_tr050_tid7_010,r557,7,10,False,93,circle,161.67708333333334,196.22767857142858,24.88888888888884,2.8146721637631655,5.6293443275263595,5.629344327526303,,1.4214801809444213e-07,1.0,25.22222222222222,False,circle,360.0,1.0,True,True,9.00695092404213,254.86222222222176,258.27555555555557,18.013901848084352,18.01390184808417
r557_svd_normalised_tr050_tid7_010,r557,7,10,False,94,circle,303.61683848797253,209.67353951890036,21.555555555555742,2.6194171938653312,5.2388343877306625,5.238834387730662,,2.1073424255447017e-08,1.0,21.11111111111111,False,circle,360.0,1.0,True,True,8.382135020369061,220.72888888889085,216.1777777777778,16.764270040738122,16.76427004073812
r557_svd_normalised_tr050_tid7_010,r557,7,10,False,95,circle,309.5148809523809,98.57440476190474,12.444444444444395,1.9902737738139449,3.980547547627922,3.9805475476278573,,1.8066697795662494e-07,1.0,12.777777777777779,False,circle,360.0,1.0,True,True,6.368876076204624,127.43111111111062,130.8444444444445,12.737752152409351,12.737752152409143
r557_svd_normalised_tr050_tid7_010,r557,7,10,False,96,circle,345.0837209302326,231.08217054263568,23.88888888888888,2.75754773363571,5.515095467271457,5.515095467271383,,1.6323404237781945e-07,1.0,24.0,False,circle,360.0,1.0,True,True,8.824152747634272,244.62222222222218,245.76000000000005,17.648305495268662,17.648305495268428
r557_svd_normalised_tr050_tid7_010,r557,7,10,False,97,ellipse,358.17857142857144,128.63690476190473,18.666666666666735,2.4375775971438216,5.164299526908815,4.6021997842205025,-87.16012857476966,0.45369577183782694,1.0,18.444444444444443,False,ellipse,360.0,1.0,True,True,7.80024831086023,191.14666666666741,188.87111111111113,16.52575848610821,14.727039309505608
r557_svd_normalised_tr050_tid7_010,r557,7,10,False,98,ellipse,360.7592063079456,72.65687548739277,427.4444444444437,11.664467088598798,25.2431359679733,21.559887429775372,-38.138792307016814,0.5201267144940402,1.0,427.3333333333333,False,ellipse,360.0,1.0,True,True,37.32629468351615,4377.031111111104,4375.893333333334,80.77803509751456,68.9916397752812
r557_svd_normalised_tr050_tid7_010,r557,7,10,False,99,ellipse,273.546568627451,72.4607843137255,15.111111111111057,2.19317488082651,4.797136470841135,4.010739395992195,82.19095068203515,0.5486235723608428,1.0,15.11111111111111,False,ellipse,360.0,1.0,True,True,7.018159618644832,154.73777777777727,154.7377777777778,15.350836706691632,12.834366067175024
r557_svd_normalised_tr050_tid7_010,r557,7,10,False,100,ellipse,219.71610709732258,221.85465363365913,261.4444444444447,9.12251891499796,19.10464908598659,17.42410467314751,37.03436691991965,0.4101128338448247,1.0,261.44444444444446,False,ellipse,360.0,1.0,True,True,29.192060527993473,2677.191111111114,2677.1911111111117,61.13487707515709,55.757134954072036
r557_svd_normalised_tr050_tid7_010,r557,7,10,False,101,ellipse,269.234733570768,148.67355934270662,18.098459639264853,2.400191373177632,5.0242637371221175,4.5864778835644175,-1.4371210489733812,0.4082600497247266,1.0,18.22222222222222,False,ellipse,360.0,1.0,True,True,7.680612394168422,185.32822670607212,186.5955555555556,16.077643958790777,14.676729227406137
r557_svd_normalised_tr050_tid7_010,r557,7,10,False,102,circle,345.97926520610395,186.43494074300676,13.013894954883183,2.0353013098548023,4.070602619709633,4.070602619709576,,1.6726511955740786e-07,1.0,13.11111111111111,False,circle,360.0,1.0,True,True,6.512964191535367,133.2622843380038,134.2577777777778,13.025928383070827,13.025928383070644
r557_svd_normalised_tr050_tid7_010,r557,7,10,False,103,ellipse,179.8945147679325,232.4388185654009,17.55555555555556,2.363917699663443,4.934844045434381,4.529510427752714,-14.423920343516329,0.3968975142934133,1.0,17.333333333333332,False,ellipse,360.0,1.0,True,True,7.564536638923018,179.76888888888897,177.49333333333337,15.79150094539002,14.494433368808686
r557_svd_normalised_tr050_tid7_010,r557,7,10,False,104,ellipse,256.33927426328347,223.40650738894124,296.77307663154636,9.719352048619337,20.705496270038292,18.249416099569046,-44.97594104478915,0.472407453440317,1.0,297.0,False,ellipse,360.0,1.0,True,True,31.10192655558188,3038.956304707035,3041.2800000000007,66.25758806412254,58.39813151862095
r557_svd_normalised_tr050_tid7_010,r557,7,10,False,105,circle,235.95563549160673,142.43405275779375,30.88888888888905,3.135640079244751,6.271280158489502,6.271280158489502,,0.0,1.0,31.0,False,circle,360.0,1.0,True,True,10.034048253583205,316.3022222222239,317.44000000000005,20.06809650716641,20.06809650716641
r557_svd_normalised_tr050_tid7_010,r557,7,10,False,106,circle,168.4403302000199,152.6719488015603,63.86681535350891,4.508817885665443,9.017635771330887,9.017635771330886,,2.1073424255447017e-08,1.0,63.888888888888886,False,circle,360.0,1.0,True,True,14.428217234129418,653.9961892199314,654.2222222222223,28.85643446825884,28.856434468258836
r557_svd_normalised_tr050_tid7_010,r557,7,10,False,107,ellipse,360.3089233463947,102.90162526811542,47.33063309732138,3.8814698806270704,8.33588840385404,7.229371461954578,-70.23397820979994,0.49785781627653486,1.0,47.888888888888886,False,ellipse,360.0,1.0,True,True,12.420703618006627,484.66568291657103,490.3822222222223,26.674842892332933,23.133988678254653
r557_svd_normalised_tr050_tid7_010,r557,7,10,False,108,circle,179.72066674240304,252.13418584927746,120.86823568570377,6.202705405252772,12.405410810505543,12.405410810505543,,0.0,1.0,28.666666666666668,True,circle,129.0,0.35833333333333334,False,True,19.84865729680887,1237.6907334216069,293.54666666666674,39.69731459361774,39.69731459361774
r557_svd_normalised_tr050_tid7_010,r557,7,10,False,109,ellipse,227.90049751243782,68.69154228855723,14.888888888888873,2.1769888671339874,4.575338581027286,4.1433266139278615,-85.21383579404647,0.4241794757681315,1.0,15.0,False,ellipse,360.0,1.0,True,True,6.9663643748287605,152.4622222222221,153.60000000000002,14.641083459287316,13.258645164569158
r557_svd_normalised_tr050_tid7_010,r557,7,10,False,110,circle,268.1577608142494,93.81679389312977,14.555555555555589,2.152481645039219,4.3049632900784776,4.304963290078398,,1.925654408830417e-07,1.0,13.777777777777779,False,circle,360.0,1.0,True,True,6.887941264125501,149.04888888888925,141.08444444444447,13.77588252825113,13.775882528250873
r557_svd_normalised_tr050_tid7_010,r557,7,10,False,111,circle,165.99213140003422,122.34187004155683,53.802131715467134,4.138327007716483,8.276654015432982,8.27665401543295,,8.815645848363066e-08,1.0,54.333333333333336,False,circle,360.0,1.0,True,True,13.242646424692746,550.9338287663836,556.3733333333334,26.485292849385544,26.48529284938544
r557_svd_normalised_tr050_tid7_010,r557,7,10,False,112,circle,176.12167975736085,222.16563320234948,51.5700542962113,4.051574769582678,8.103149539165356,8.103149539165354,,2.1073424255447017e-08,1.0,51.55555555555556,False,circle,360.0,1.0,True,True,12.96503926266457,528.0773559932038,527.928888888889,25.93007852532914,25.930078525329137
r557_svd_normalised_tr050_tid7_010,r557,7,10,False,113,ellipse,363.63461538461536,91.59615384615385,17.33333333333347,2.348908546648652,5.164169599104491,4.273578746504251,-78.66496912751427,0.5614005254272556,1.0,17.333333333333332,False,ellipse,360.0,1.0,True,True,7.516507349275686,177.49333333333476,177.49333333333337,16.52534271713437,13.675451988813604
r557_svd_normalised_tr050_tid7_010,r557,7,10,False,114,ellipse,175.06154922391738,128.45892792124457,29.861063772568098,3.0830296480528805,6.426465066847917,5.916205386259205,21.09824090408486,0.39050629764049866,1.0,29.444444444444443,False,ellipse,360.0,1.0,True,True,9.865694873769218,305.7772930310974,301.5111111111112,20.564688213913335,18.931857236029455
r557_svd_normalised_tr050_tid7_010,r557,7,10,False,115,ellipse,169.0274109988133,101.05097297333985,10.942746560705974,1.8663291275325435,3.915569122431877,3.558291837905855,-47.754025886607366,0.4173306814485185,1.0,11.11111111111111,False,ellipse,360.0,1.0,True,True,5.9722532081041395,112.0537247816292,113.7777777777778,12.529821191782007,11.386533881298737
r557_svd_normalised_tr050_tid7_010,r557,7,10,False,116,circle,174.37391304347824,168.97101449275362,12.777777777777892,2.016753081099977,4.033506162199954,4.033506162199954,,0.0,1.0,12.777777777777779,False,circle,360.0,1.0,True,True,6.4536098595199265,130.84444444444563,130.8444444444445,12.907219719039853,12.907219719039853
r557_svd_normalised_tr050_tid7_010,r557,7,10,False,117,ellipse,231.45377739600764,73.50486063097446,17.074900275967,2.3313321435270935,4.9018176228505785,4.435178932897079,87.61586639696532,0.42583055696756544,1.0,17.0,False,ellipse,360.0,1.0,True,True,7.4602628592867,174.8469788259021,174.08000000000004,15.685816393121852,14.192572585270653
r557_svd_normalised_tr050_tid7_010,r557,7,10,False,118,ellipse,166.4242083636455,54.987058001924915,1603.695741192833,22.593632042071512,52.458575378681765,38.923833151593165,23.238106771223272,0.6704089482970614,1.0,1603.7777777777778,False,ellipse,360.0,1.0,True,True,72.29962253462884,16421.844389814614,16422.684444444447,167.86744121178165,124.55626608509813
r557_svd_normalised_tr050_tid7_010,r557,7,10,False,119,circle,388.45052083333337,75.80729166666666,14.222222222222424,2.1276921621409897,4.25538432428201,4.255384324281947,,1.718485742013275e-07,1.0,14.0,False,circle,360.0,1.0,True,True,6.808614918851167,145.63555555555766,143.36,13.617229837702434,13.617229837702233
r557_svd_normalised_tr050_tid7_010,r557,7,10,False,120,circle,256.41634241245134,73.61738002594032,28.55555555555533,3.0148823590322276,6.029764718064481,6.029764718064429,,1.3075715880680267e-07,1.0,28.555555555555557,False,circle,360.0,1.0,True,True,9.647623548903129,292.4088888888866,292.40888888888895,19.29524709780634,19.295247097806175
r557_svd_normalised_tr050_tid7_010,r557,7,10,False,121,ellipse,240.56238361266296,73.39664804469274,19.88888888888879,2.51611405912853,5.288553946729909,4.788325899527839,-71.78734289353,0.4245316958387206,1.0,20.22222222222222,False,ellipse,360.0,1.0,True,True,8.051564989211297,203.66222222222126,207.07555555555558,16.92337262953571,15.322642878489086
r557_svd_normalised_tr050_tid7_010,r557,7,10,False,122,circle,266.4663382594417,112.93760262725782,22.555555555555806,2.679488070826429,5.358976141652886,5.358976141652829,,1.4600096599955427e-07,1.0,22.444444444444443,False,circle,360.0,1.0,True,True,8.574361826644573,230.96888888889148,229.83111111111114,17.148723653289235,17.148723653289053
r557_svd_normalised_tr050_tid7_010,r557,7,10,False,123,ellipse,205.41401166344068,248.76053576864328,159.89677020372983,7.134193908543907,18.105525698565856,11.24446173440554,79.55139844311083,0.783769852993342,1.0,92.88888888888889,True,ellipse,194.0,0.5388888888888889,True,True,22.8294205073405,1637.3429268861937,951.1822222222223,57.93768223541074,35.98227755009773
r557_svd_normalised_tr050_tid7_010,r557,7,10,False,124,ellipse,275.39149888143174,80.17897091722594,16.555555555555475,2.2956038431311026,4.815123808495183,4.377704261976349,10.731821805937642,0.4164531999963242,1.0,16.555555555555557,False,ellipse,360.0,1.0,True,True,7.3459322980195285,169.5288888888881,169.52888888888893,15.408396187184586,14.008653638324317
r557_svd_normalised_tr050_tid7_010,r557,7,10,False,125,circle,309.74066358716664,82.35977157990071,18.393300508997807,2.419663073976076,4.839326147952171,4.839326147952131,,1.2818463544611077e-07,1.0,18.333333333333332,False,circle,360.0,1.0,True,True,7.742921836723443,188.3473972121376,187.73333333333335,15.485843673446949,15.485843673446821
r557_svd_normalised_tr050_tid7_010,r557,7,10,False,126,circle,343.1501501501502,169.59159159159154,12.333333333333298,1.9813687010751113,3.9627374021502515,3.9627374021501938,,1.70551585290724e-07,1.0,12.444444444444445,False,circle,360.0,1.0,True,True,6.340379843440356,126.293333333333,127.43111111111114,12.680759686880805,12.68075968688062
r557_svd_normalised_tr050_tid7_010,r557,7,10,False,127,circle,221.7069664719348,205.25426189446688,43.15989728226987,3.706510756982019,7.413021513964039,7.413021513964037,,2.1073424255447017e-08,1.0,43.0,False,circle,360.0,1.0,True,True,11.860834422342462,441.95734817044354,440.3200000000001,23.721668844684928,23.72166884468492
r557_svd_normalised_tr050_tid7_010,r557,7,10,False,128,circle,204.90275020206974,258.18319341527695,846.6945125103217,16.41679730975566,32.83359461951133,32.8335946195113,,4.2146848510894035e-08,1.0,152.22222222222223,True,circle,117.0,0.325,False,True,52.53375139121811,8670.151808105697,1558.755555555556,105.06750278243626,105.06750278243618
r557_svd_normalised_tr050_tid7_010,r557,7,10,False,129,ellipse,39.48653198653199,34.35105961576551,374.00000000000017,10.91090726900095,23.12474895299643,20.592292296831516,-72.51843759374748,0.4550083478590795,1.0,374.6666666666667,False,ellipse,360.0,1.0,True,True,34.91490326080304,3829.7600000000025,3836.5866666666675,73.99919664958858,65.89533534986086
r557_svd_normalised_tr050_tid7_010,r557,7,10,False,130,circle,282.04381755500384,67.87500331028313,31.309157954699987,3.1568995082312767,6.3137990164625535,6.3137990164625535,,0.0,1.0,31.22222222222222,False,circle,360.0,1.0,True,True,10.102078426340086,320.60577745612795,319.7155555555556,20.20415685268017,20.20415685268017
r557_svd_normalised_tr050_tid7_010,r557,7,10,False,131,ellipse,244.9215068287558,71.35794687077893,246.7777777777776,8.862945693003718,19.167384260272847,16.39280671592588,46.43101665653808,0.5182241243287715,1.0,247.11111111111111,False,ellipse,360.0,1.0,True,True,28.3614262176119,2527.004444444443,2530.417777777778,61.335629632873115,52.45698149096282
r557_svd_normalised_tr050_tid7_010,r557,7,10,False,132,ellipse,47.41551338607542,42.02464889098113,1171.7746663953722,19.312883282756104,43.87574385050095,34.00397832244174,79.28864697875935,0.6319534951904016,1.0,1172.4444444444443,False,ellipse,360.0,1.0,True,True,61.80122650481954,11998.972583888613,12005.831111111112,140.40238032160306,108.81273063181357
r557_svd_normalised_tr050_tid7_010,r557,7,10,False,133,ellipse,345.6207729468599,80.487922705314,15.333333333333359,2.209242310872998,4.637179976153671,4.210103220707707,85.17863701422905,0.4191833074197361,1.0,15.11111111111111,False,ellipse,360.0,1.0,True,True,7.069575394793595,157.01333333333363,154.7377777777778,14.838975923691748,13.472330306264665
r557_svd_normalised_tr050_tid7_010,r557,7,10,False,134,circle,212.94993141289436,62.83950617283951,107.99999999999984,5.863230142835035,11.726460285670072,11.726460285670068,,2.5809568279517847e-08,1.0,108.33333333333333,False,circle,360.0,1.0,True,True,18.762336457072113,1105.9199999999987,1109.3333333333335,37.52467291414423,37.52467291414422
r557_svd_normalised_tr050_tid7_010,r557,7,10,False,135,ellipse,169.29032258064515,177.16666666666674,6.888888888888904,1.4808110744301608,3.157175711714501,2.778181055959294,-90.0,0.47505205859164384,1.0,6.666666666666667,False,ellipse,360.0,1.0,True,True,4.738595438176515,70.54222222222239,68.26666666666668,10.102962277486405,8.89017937906974
r557_svd_normalised_tr050_tid7_010,r557,7,10,False,136,ellipse,216.60199004975124,77.02985074626865,14.888888888888888,2.1769888671339888,4.58234416768592,4.1369922067801905,-57.186793731373825,0.43003687350792696,1.0,14.666666666666666,False,ellipse,360.0,1.0,True,True,6.966364374828764,152.46222222222224,150.1866666666667,14.663501336594946,13.23837506169661
r557_svd_normalised_tr050_tid7_010,r557,7,10,False,137,circle,342.0256410256411,83.02564102564104,10.111111111111198,1.7940085359243603,3.5880170718487507,3.5880170718486903,,1.837138534477048e-07,1.0,10.333333333333334,False,circle,360.0,1.0,True,True,5.740827314957953,103.53777777777869,105.81333333333336,11.481654629916003,11.481654629915809
r557_svd_normalised_tr050_tid7_010,r557,7,10,False,138,circle,196.72225434288012,64.72892823194562,30.818195457700682,3.1320498540940434,6.264099708188096,6.264099708188079,,7.300048299977713e-08,1.0,31.22222222222222,False,circle,360.0,1.0,True,True,10.022559533100939,315.57832148685503,319.7155555555556,20.045119066201906,20.045119066201853
r557_svd_normalised_tr050_tid7_010,r557,7,10,False,139,ellipse,345.48111658456486,73.22824302134647,22.555555555555557,2.6794880708264137,5.606546325297442,5.122337999281693,-88.40410773279098,0.40653504820557945,1.0,22.333333333333332,False,ellipse,360.0,1.0,True,True,8.574361826644525,230.96888888888896,228.69333333333336,17.940948240951816,16.391481597701418
r557_svd_normalised_tr050_tid7_010,r557,7,10,False,140,circle,234.05860330378982,91.69392108583085,12.865502360386616,2.0236641500090755,4.047328300018165,4.047328300018137,,1.1827430029502171e-07,1.0,12.777777777777779,False,circle,360.0,1.0,True,True,6.475725280029042,131.74274417035897,130.8444444444445,12.95145056005813,12.951450560058039
r557_svd_normalised_tr050_tid7_010,r557,7,10,False,141,ellipse,146.6872037914692,77.065560821485,46.88888888888881,3.8633142359257557,8.034600364761312,7.4304613585843216,10.794205757076611,0.38043458121998647,1.0,47.111111111111114,False,ellipse,360.0,1.0,True,True,12.36260555496242,480.1422222222215,482.4177777777779,25.7107211672362,23.77747634746983
r557_svd_normalised_tr050_tid7_010,r557,7,10,False,142,circle,32.64211721299844,37.7753654037179,261.0000000000003,9.114761669619751,18.229523339239506,18.229523339239503,,2.1073424255447017e-08,1.0,261.22222222222223,False,circle,360.0,1.0,True,True,29.167237342783206,2672.6400000000035,2674.9155555555562,58.33447468556642,58.33447468556641
r557_svd_normalised_tr050_tid7_010,r557,7,10,False,143,ellipse,394.7288888888889,81.66666666666666,8.333333333333488,1.6286750396764147,3.6077645012804282,2.940970658061019,0.0,0.579210362644466,1.0,8.333333333333334,False,ellipse,360.0,1.0,True,True,5.211760126964528,85.33333333333493,85.33333333333336,11.54484640409737,9.41110610579526
r557_svd_normalised_tr050_tid7_010,r557,7,10,False,144,circle,170.9102564102564,61.44444444444446,17.333333333333304,2.3489085466486403,4.6978170932972825,4.69781709329728,,3.332000937312528e-08,1.0,17.333333333333332,False,circle,360.0,1.0,True,True,7.516507349275649,177.49333333333306,177.49333333333337,15.033014698551305,15.033014698551296
r557_svd_normalised_tr050_tid7_010,r557,7,10,False,145,ellipse,49.34234234234234,161.19144144144147,16.444444444444457,2.2878875058592336,4.767077559119231,4.392149424507287,-70.94629411908056,0.38873281978012625,1.0,16.444444444444443,False,ellipse,360.0,1.0,True,True,7.321240018749548,168.3911111111113,168.39111111111112,15.254648189181541,14.05487815842332
r557_svd_normalised_tr050_tid7_010,r557,7,10,False,146,ellipse,317.54304754237666,69.62180777315622,828.1111111111103,16.23563837751106,42.36200604356875,24.889846175292558,83.00985966826039,0.8091870140565322,1.0,827.1111111111111,False,ellipse,360.0,1.0,True,True,51.95404280803539,8479.857777777772,8469.61777777778,135.55841933942,79.6475077609362
r557_svd_normalised_tr050_tid7_010,r557,7,10,False,147,circle,348.46153846153845,109.20192307692308,11.555555555555381,1.9178757972505163,3.8357515945010525,3.8357515945010126,,1.444721179430583e-07,1.0,11.777777777777779,False,circle,360.0,1.0,True,True,6.137202551201653,118.32888888888712,120.60444444444448,12.27440510240337,12.274405102403241
r557_svd_normalised_tr050_tid7_010,r557,7,10,False,148,circle,340.0338946740968,176.4266437135775,34.5610888248419,3.3167960820984015,6.633592164196827,6.633592164196779,,1.2013700229374393e-07,1.0,34.55555555555556,False,circle,360.0,1.0,True,True,10.613747462714885,353.9055495663812,353.84888888888895,21.22749492542985,21.227494925429696
r557_svd_normalised_tr050_tid7_010,r557,7,10,False,149,ellipse,143.6822429906542,58.47975077881619,11.888888888888868,1.94534081051983,4.117836482024645,3.6760574496763616,3.516147268055306,0.4506202440371859,1.0,11.88888888888889,False,ellipse,360.0,1.0,True,True,6.225090593663456,121.74222222222203,121.74222222222225,13.177076742478864,11.763383838964359
r557_svd_normalised_tr050_tid7_010,r557,7,10,False,150,ellipse,152.02140672782875,76.00764525993884,24.222222222222108,2.7767197911697905,6.010219143794011,5.131375488453076,71.7889568276681,0.5206419766417089,1.0,24.0,False,ellipse,360.0,1.0,True,True,8.88550333174333,248.03555555555442,245.76000000000005,19.232701260140836,16.420401563049843
r557_svd_normalised_tr050_tid7_010,r557,7,10,False,151,circle,325.3151515151515,84.95757575757571,12.222222222222301,1.9724234242344054,3.944846848468822,3.9448468484688,,1.0536712127723508e-07,1.0,12.0,False,circle,360.0,1.0,True,True,6.3117549575500975,125.15555555555639,122.88000000000002,12.62350991510023,12.623509915100161
r557_svd_normalised_tr050_tid7_010,r557,7,10,False,152,circle,93.85285338015804,38.37670471173544,632.7777777777776,14.192231058719289,28.384462117438577,28.384462117438574,,1.4901161193847656e-08,1.0,632.5555555555555,False,circle,360.0,1.0,True,True,45.415139387901725,6479.644444444444,6477.36888888889,90.83027877580345,90.83027877580344
r557_svd_normalised_tr050_tid7_010,r557,7,10,False,153,circle,153.1994047619048,149.71875,24.888888888888978,2.814672163763173,5.629344327526346,5.629344327526346,,0.0,1.0,24.77777777777778,False,circle,360.0,1.0,True,True,9.006950924042155,254.86222222222318,253.72444444444452,18.01390184808431,18.01390184808431
r557_svd_normalised_tr050_tid7_010,r557,7,10,False,154,ellipse,248.20423892100192,73.57931920359667,57.66666666666663,4.284375112343135,9.072108591330688,8.093320276525848,-50.27217413026159,0.45181794631017574,1.0,57.888888888888886,False,ellipse,360.0,1.0,True,True,13.710000359498032,590.5066666666664,592.7822222222223,29.0307474922582,25.898624884882715
r557_svd_normalised_tr050_tid7_010,r557,7,10,False,155,ellipse,359.9809523809524,91.10857142857145,19.44444444444468,2.4878422172674513,5.384940951909654,4.597531488863071,59.47913060911196,0.5206410767194373,1.0,19.22222222222222,False,ellipse,360.0,1.0,True,True,7.961095095255844,199.11111111111356,196.83555555555557,17.23181104611089,14.712100764361828
r557_svd_normalised_tr050_tid7_010,r557,7,10,False,156,ellipse,323.74770258980783,72.41979949874687,443.33333333333275,11.879283769437182,28.12860726448056,20.067453969256395,-81.860314739404,0.7007387503492224,1.0,443.44444444444446,False,ellipse,360.0,1.0,True,True,38.01370806219898,4539.733333333328,4540.871111111112,90.0115432463378,64.21585270162046
r557_svd_normalised_tr050_tid7_010,r557,7,10,False,157,ellipse,183.71280921687418,190.01919845756515,45.34781666707975,3.7992970878810675,7.986427548900957,7.2295945958805925,-57.43789220180878,0.4249110509953019,1.0,45.44444444444444,False,ellipse,360.0,1.0,True,True,12.157750681219417,464.3616426708967,465.3511111111112,25.556568156483063,23.134702706817897
r557_svd_normalised_tr050_tid7_010,r557,7,10,False,158,circle,306.89137327863284,76.29215002612983,17.117320977231667,2.334226315513135,4.668452631026298,4.668452631026241,,1.562846970811712e-07,1.0,17.11111111111111,False,circle,360.0,1.0,True,True,7.469524209642032,175.2813668068523,175.2177777777778,14.939048419284156,14.939048419283973
r557_svd_normalised_tr050_tid7_010,r557,7,10,False,159,circle,245.15286726747405,114.27931428497735,15.13884864941142,2.195186823609276,4.390373647218564,4.3903736472185395,,1.0641557616804317e-07,1.0,15.0,False,circle,360.0,1.0,True,True,7.024597835549684,155.02181016997298,153.60000000000002,14.049195671099406,14.049195671099326
r557_svd_normalised_tr050_tid7_010,r557,7,10,False,160,ellipse,188.8487972508591,90.26460481099657,10.777777777777764,1.8522076605388038,3.862563271142353,3.552742546266699,-41.4225086209762,0.39241369869194553,1.0,10.555555555555555,False,ellipse,360.0,1.0,True,True,5.927064513724172,110.36444444444433,108.0888888888889,12.360202467655531,11.368776148053437
r557_svd_normalised_tr050_tid7_010,r557,7,10,False,161,circle,293.4,71.07777777777778,13.333333333333263,2.0601290774570056,4.120258154914011,4.120258154914011,,0.0,1.0,13.333333333333334,False,circle,360.0,1.0,True,True,6.5924130478624186,136.53333333333265,136.53333333333336,13.184826095724837,13.184826095724837
r557_svd_normalised_tr050_tid7_010,r557,7,10,False,162,ellipse,1.5264604647403464,44.87162029844234,28.731400930001698,3.024150948601888,8.696029624573809,4.20674232023579,1.0208943745756187,0.875203811048903,1.0,28.666666666666668,True,ellipse,329.0,0.9138888888888889,True,True,9.677283035526042,294.20954552321746,293.54666666666674,27.82729479863619,13.461575424754528
r557_svd_normalised_tr050_tid7_010,r557,7,10,False,163,ellipse,255.5906385738225,131.90430255346408,12.115603380286473,1.9638015004136584,4.128505679575842,3.736476713214211,85.84902211752916,0.42531927970784633,1.0,12.0,False,ellipse,360.0,1.0,True,True,6.2841648013237075,124.0637786141335,122.88000000000002,13.211218174642696,11.956725482285476
r557_svd_normalised_tr050_tid7_010,r557,7,10,False,164,ellipse,327.48825396825396,79.62920634920636,58.333333333333194,4.309069121522003,10.365396864381625,7.1654088838062595,88.29387695651036,0.7225853920675431,1.0,58.111111111111114,False,ellipse,360.0,1.0,True,True,13.78902118887041,597.333333333332,595.0577777777779,33.1692699660212,22.929308428180033
r557_svd_normalised_tr050_tid7_010,r557,7,10,False,165,ellipse,180.8216940834581,53.292652249290796,3243.0458065030757,32.12932525834948,74.67943799218219,55.29198233467581,81.22510175117054,0.6721764617033006,1.0,3242.222222222222,False,ellipse,360.0,1.0,True,True,102.81384082671835,33208.7890585915,33200.355555555565,238.974201574983,176.9343434709626
r557_svd_normalised_tr050_tid7_010,r557,7,10,False,166,circle,290.20196340560045,81.97725540458545,10.050453674922053,1.788619234314531,3.5772384686290764,3.577238468629048,,1.2644054553268208e-07,1.0,10.11111111111111,False,circle,360.0,1.0,True,True,5.7235815498065,102.91664563120185,103.53777777777779,11.447163099613045,11.447163099612954
r557_svd_normalised_tr050_tid7_010,r557,7,10,False,167,ellipse,172.6412280436447,143.45362451661506,17.627354805493418,2.3687467787540957,4.947046202982839,4.536817382845348,19.020656410270306,0.39871242229308956,1.0,17.333333333333332,False,ellipse,360.0,1.0,True,True,7.579989692013107,180.50411320825265,177.49333333333337,15.830547849545084,14.517815625105115
r557_svd_normalised_tr050_tid7_010,r557,7,10,False,168,circle,197.90736682426086,70.7467657002414,15.14923509687849,2.195939730379429,4.391879460758872,4.391879460758844,,1.1348386266624791e-07,1.0,15.11111111111111,False,circle,360.0,1.0,True,True,7.027007137214174,155.12816739203578,154.7377777777778,14.054014274428392,14.054014274428301
r557_svd_normalised_tr050_tid7_010,r557,7,10,False,169,circle,160.3130782310408,144.62413605320754,35.00288864512061,3.3379283246846754,6.675856649369351,6.67585664936935,,1.4901161193847656e-08,1.0,34.888888888888886,False,circle,360.0,1.0,True,True,10.681370638990963,358.4295797260352,357.26222222222225,21.362741277981925,21.36274127798192
r557_svd_normalised_tr050_tid7_010,r557,7,10,False,170,ellipse,182.32935323383083,192.01393034825867,74.44444444444449,4.867895093171858,12.154011491240539,7.7987099667314865,-43.10783464243511,0.7669914821806344,1.0,74.66666666666667,False,ellipse,360.0,1.0,True,True,15.577264298149945,762.3111111111117,764.5866666666668,38.892836771969726,24.95587189354076
r557_svd_normalised_tr050_tid7_010,r557,7,10,False,171,ellipse,181.73467322729456,193.4309166731361,93.67525514795352,5.460564055515019,11.79612513010775,10.111035437654863,-31.721095966796696,0.5150687317052335,1.0,93.66666666666667,False,ellipse,360.0,1.0,True,True,17.47380497764806,959.2346127150442,959.1466666666669,37.7476004163448,32.35531340049556
r557_svd_normalised_tr050_tid7_010,r557,7,10,False,172,circle,384.2051282051282,79.36923076923078,7.22222222222204,1.5162139471557243,3.03242789431148,3.032427894311417,,2.0377031462158775e-07,1.0,7.111111111111111,False,circle,360.0,1.0,True,True,4.851884630898319,73.9555555555537,72.81777777777779,9.703769261796737,9.703769261796536
r557_svd_normalised_tr050_tid7_010,r557,7,10,False,173,circle,174.28941409206135,66.40740876353378,13.50311124265509,2.0732037533191487,4.1464075066382975,4.1464075066382975,,0.0,1.0,13.555555555555555,False,circle,360.0,1.0,True,True,6.634252010621276,138.27185912478814,138.8088888888889,13.268504021242553,13.268504021242553
r557_svd_normalised_tr050_tid7_010,r557,7,10,False,174,circle,14.598509052183172,31.96485623003195,34.77777777777776,3.327177555552093,6.654355111104188,6.654355111104185,,2.9802322387695312e-08,1.0,34.666666666666664,False,circle,360.0,1.0,True,True,10.646968177766698,356.1244444444443,354.98666666666674,21.293936355533404,21.293936355533393
r557_svd_normalised_tr050_tid7_010,r557,7,10,False,175,ellipse,180.0606359688562,204.8023925944566,34.622404631411925,3.3197369892257846,7.633001584825275,5.775266023548794,23.698941909599455,0.6538572285603788,1.0,34.77777777777778,False,ellipse,360.0,1.0,True,True,10.623158365522512,354.53342342565816,356.1244444444445,24.42560507144088,18.48085127535614
r557_svd_normalised_tr050_tid7_010,r557,7,10,False,176,ellipse,262.31687865958065,72.68086719356695,20.822987650398037,2.5745218641535517,5.752423198722413,4.608953548811752,-23.46092000047699,0.5983705690978088,1.0,21.11111111111111,False,ellipse,360.0,1.0,True,True,8.238469965291365,213.22739354007595,216.1777777777778,18.40775423591172,14.748651356197607
r557_svd_normalised_tr050_tid7_010,r557,7,10,False,177,ellipse,312.9438877755511,67.58366733466934,665.3333333333329,14.55273780453751,31.35933848236027,27.013602691490885,-83.85595655877341,0.5078910440763588,1.0,665.4444444444445,False,ellipse,360.0,1.0,True,True,46.56876097452004,6813.013333333331,6814.151111111112,100.34988314355286,86.44352861277083
r557_svd_normalised_tr050_tid7_010,r557,7,10,False,178,ellipse,189.99283154121864,59.46236559139785,10.333333333333373,1.8136157689082095,3.7899058130050727,3.471539736893312,-69.39897039634087,0.4011866916397865,1.0,10.333333333333334,False,ellipse,360.0,1.0,True,True,5.803570460506271,105.81333333333376,105.81333333333336,12.127698601616233,11.108927158058599
r557_svd_normalised_tr050_tid7_010,r557,7,10,False,179,circle,41.97528207755997,34.75255355964222,248.2046012422596,8.888530720637512,17.777061441275023,17.777061441275023,,0.0,1.0,247.88888888888889,False,circle,360.0,1.0,True,True,28.443298306040038,2541.6151167207386,2538.3822222222225,56.886596612080076,56.886596612080076
r557_svd_normalised_tr050_tid7_010,r557,7,10,False,180,circle,193.6349793471514,249.54327880057332,50.48838478410406,4.008859191120536,8.017718382241071,8.017718382241071,,0.0,1.0,25.11111111111111,True,circle,179.0,0.49722222222222223,True,True,12.828349411585714,517.0010601892257,257.13777777777784,25.65669882317143,25.65669882317143
r557_svd_normalised_tr050_tid7_010,r557,7,10,False,181,circle,327.2342342342343,68.48648648648651,16.444444444444336,2.287887505859225,4.575775011718479,4.575775011718422,,1.5769906706002895e-07,1.0,16.666666666666668,False,circle,360.0,1.0,True,True,7.321240018749521,168.39111111111004,170.6666666666667,14.642480037499134,14.64248003749895
r557_svd_normalised_tr050_tid7_010,r557,7,10,False,182,circle,327.45769279040854,67.82986339307865,26.581417309068485,2.908801801129364,5.8176036022587425,5.817603602258714,,9.8843121241194e-08,1.0,26.88888888888889,False,circle,360.0,1.0,True,True,9.308165763613966,272.1937132448613,275.3422222222223,18.616331527227977,18.616331527227885
r557_svd_normalised_tr050_tid7_010,r557,7,10,False,183,circle,212.54421768707485,95.9897959183673,10.888888888888806,1.8617306418733455,3.723461283746711,3.723461283746671,,1.4675941767984784e-07,1.0,11.0,False,circle,360.0,1.0,True,True,5.957538053994706,111.50222222222139,112.64000000000001,11.915076107989476,11.915076107989348
r557_svd_normalised_tr050_tid7_010,r557,7,10,False,184,ellipse,364.42322179719906,78.42892617257179,24.63836316778877,2.8004704204282795,5.8390809699988,5.372512980031757,-2.9339984762699487,0.39169375958734515,1.0,24.77777777777778,False,ellipse,360.0,1.0,True,True,8.961505345370496,252.29683883815707,253.72444444444452,18.685059103996164,17.192041536101623
r557_svd_normalised_tr050_tid7_010,r557,7,10,False,185,ellipse,44.81863173216885,36.80232896652111,127.22222222222229,6.363653909162919,14.69844668498288,11.020509022080157,-53.29420739414604,0.6616943188257862,1.0,127.33333333333333,False,ellipse,360.0,1.0,True,True,20.363692509321343,1302.7555555555564,1303.8933333333334,47.035029391945216,35.265628870656506
r557_svd_normalised_tr050_tid8_010,r557,8,10,False,0,circle,224.0376926464113,193.6207837956847,420.5555555555551,11.570090363642352,23.140180727284704,23.140180727284704,,0.0,1.0,420.44444444444446,False,circle,360.0,1.0,True,True,37.02428916365553,4306.4888888888845,4305.351111111112,74.04857832731106,74.04857832731106
r557_svd_normalised_tr050_tid8_010,r557,8,10,False,1,circle,245.1753388480364,204.88640292263952,404.72872507223434,11.350293142163935,22.70058628432787,22.700586284327866,,1.4901161193847656e-08,1.0,405.0,False,circle,360.0,1.0,True,True,36.32093805492459,4144.42214473968,4147.200000000001,72.64187610984918,72.64187610984918
r557_svd_normalised_tr050_tid8_010,r557,8,10,False,2,circle,190.3942901234568,199.8896604938272,47.9999999999997,3.9088200952233474,7.817640190446695,7.817640190446695,,0.0,1.0,48.0,False,circle,360.0,1.0,True,True,12.508224304714712,491.519999999997,491.5200000000001,25.016448609429425,25.016448609429425
r557_svd_normalised_tr050_tid8_010,r557,8,10,False,3,circle,201.54956426482738,214.821666895429,218.3502013781737,8.336847590600074,16.67369518120015,16.673695181200145,,2.1073424255447017e-08,1.0,219.22222222222223,False,circle,360.0,1.0,True,True,26.67791228992024,2235.906062112499,2244.835555555556,53.35582457984048,53.355824579840466
r557_svd_normalised_tr050_tid8_010,r557,8,10,False,4,circle,261.36368377718907,216.219645457603,340.35024781770187,10.408498866093883,20.81699773218778,20.81699773218775,,5.1619136559035694e-08,1.0,340.44444444444446,False,circle,360.0,1.0,True,True,33.307196371500424,3485.186537653268,3486.1511111111117,66.61439274300089,66.6143927430008
r557_svd_normalised_tr050_tid8_010,r557,8,10,False,5,circle,192.11378525889575,200.10268091350014,324.0784299330556,10.156641578130662,20.313283156261324,20.313283156261324,,0.0,1.0,324.3333333333333,False,circle,360.0,1.0,True,True,32.50125305001812,3318.56312251449,3321.1733333333336,65.00250610003624,65.00250610003624
r557_svd_normalised_tr050_tid8_010,r557,8,10,False,6,circle,181.57053808891845,155.33376451959464,303.41520826365917,9.827515474871381,19.655030949742766,19.655030949742763,,2.1073424255447017e-08,1.0,303.8888888888889,False,circle,360.0,1.0,True,True,31.448049519588423,3106.9717326198706,3111.822222222223,62.89609903917685,62.896099039176846
r557_svd_normalised_tr050_tid8_010,r557,8,10,False,7,ellipse,201.13468013468008,175.2015392015392,76.99999999999999,4.950743503369154,10.705967582580442,9.157457669134585,-37.82384743213231,0.5180338527804693,1.0,77.11111111111111,False,ellipse,360.0,1.0,True,True,15.842379210781292,788.48,789.617777777778,34.259096264257415,29.303864541230674
r557_svd_normalised_tr050_tid8_010,r557,8,10,False,8,circle,196.14160036136764,219.64903616977668,74.45275167448263,4.868166688967685,9.73633337793537,9.73633337793537,,0.0,1.0,74.44444444444444,False,circle,360.0,1.0,True,True,15.578133404696594,762.3961771467023,762.3111111111112,31.156266809393188,31.156266809393188
r557_svd_normalised_tr050_tid8_010,r557,8,10,False,9,circle,362.0471852470661,108.88151950078421,41.12660824860833,3.618149525757589,7.236299051515187,7.236299051515168,,7.146345858741878e-08,1.0,41.0,False,circle,360.0,1.0,True,True,11.578078482424285,421.1364684657494,419.8400000000001,23.1561569648486,23.156156964848538
r557_svd_normalised_tr050_tid8_010,r557,8,10,False,10,circle,189.74767225325883,173.76163873370578,39.777777777777615,3.558322626897189,7.116645253794378,7.116645253794378,,0.0,1.0,39.77777777777778,False,circle,360.0,1.0,True,True,11.386632406071005,407.32444444444286,407.3244444444445,22.77326481214201,22.77326481214201
r557_svd_normalised_tr050_tid8_010,r557,8,10,False,11,circle,284.0392172531145,194.54977531785275,124.81421266655433,6.3031419013068675,12.606283802613763,12.606283802613707,,9.541398640621973e-08,1.0,124.88888888888889,False,circle,360.0,1.0,True,True,20.170054084181977,1278.0975377055165,1278.8622222222225,40.34010816836405,40.34010816836386
r557_svd_normalised_tr050_tid8_010,r557,8,10,False,12,circle,183.79004623960796,209.28617041248958,165.07909122091556,7.248883137273854,14.497766274547708,14.497766274547708,,0.0,1.0,165.22222222222223,False,circle,360.0,1.0,True,True,23.196426039276332,1690.4098941021757,1691.875555555556,46.392852078552664,46.392852078552664
r557_svd_normalised_tr050_tid8_010,r557,8,10,False,13,circle,223.20204402515725,236.74730458221023,329.77777777777726,10.24556132724741,20.491122654494824,20.491122654494813,,3.332000937312528e-08,1.0,330.0,False,circle,360.0,1.0,True,True,32.78579624719171,3376.92444444444,3379.2000000000007,65.57159249438344,65.57159249438341
r557_svd_normalised_tr050_tid8_010,r557,8,10,False,14,circle,330.641975308642,101.89947089947091,20.999999999999897,2.5854414729131987,5.170882945826426,5.170882945826369,,1.48264681861791e-07,1.0,20.88888888888889,False,circle,360.0,1.0,True,True,8.273412713322235,215.039999999999,213.90222222222226,16.546825426644563,16.546825426644382
r557_svd_normalised_tr050_tid8_010,r557,8,10,False,15,ellipse,199.2078651685393,81.83520599250937,19.777777777777825,2.509075964057837,5.208015878393419,4.835209677090925,-73.82420369788673,0.37154025297444326,1.0,19.77777777777778,False,ellipse,360.0,1.0,True,True,8.029043084985078,202.52444444444495,202.5244444444445,16.665650810858942,15.472670966690963
r557_svd_normalised_tr050_tid8_010,r557,8,10,False,16,circle,245.74756308315136,164.54379778752892,136.65582238441536,6.59536953244741,13.19073906489482,13.190739064894819,,1.4901161193847656e-08,1.0,136.77777777777777,False,circle,360.0,1.0,True,True,21.105182503831713,1399.3556212164135,1400.6044444444447,42.21036500766343,42.21036500766343
r557_svd_normalised_tr050_tid8_010,r557,8,10,False,17,ellipse,244.73427731000882,227.82977512542698,186.34875735606235,7.70173043831703,15.994510672549225,14.834252315402676,-82.55057299536162,0.3739249498008329,1.0,186.11111111111111,False,ellipse,360.0,1.0,True,True,24.645537402614497,1908.2112753260787,1905.7777777777783,51.182434152157526,47.469607409288564
r557_svd_normalised_tr050_tid8_010,r557,8,10,False,18,circle,205.47420141613156,235.41816744869487,145.86812727893144,6.81404923610032,13.62809847220064,13.62809847220064,,0.0,1.0,145.66666666666666,False,circle,360.0,1.0,True,True,21.804957555521028,1493.6896233362581,1491.6266666666668,43.609915111042056,43.609915111042056
r557_svd_normalised_tr050_tid8_010,r557,8,10,False,19,circle,185.20089037284362,185.34668892598773,133.1111111111115,6.509268977971016,13.018537955942032,13.01853795594203,,1.4901161193847656e-08,1.0,133.11111111111111,False,circle,360.0,1.0,True,True,20.829660729507253,1363.0577777777821,1363.057777777778,41.65932145901451,41.6593214590145
r557_svd_normalised_tr050_tid8_010,r557,8,10,False,20,circle,235.7200409528923,186.43649025196376,368.84427882144826,10.8354409421674,21.6708818843348,21.6708818843348,,0.0,1.0,369.0,False,circle,360.0,1.0,True,True,34.67341101493568,3776.965415131631,3778.560000000001,69.34682202987136,69.34682202987136
r557_svd_normalised_tr050_tid8_010,r557,8,10,False,21,circle,239.98346654129443,236.8339601943269,472.66666666666646,12.265988458723509,24.531976917447018,24.531976917447018,,0.0,1.0,472.6666666666667,False,circle,360.0,1.0,True,True,39.25116306791523,4840.106666666666,4840.1066666666675,78.50232613583046,78.50232613583046
r557_svd_normalised_tr050_tid8_010,r557,8,10,False,22,circle,234.3578188373141,167.8182364428421,246.55555555555475,8.858954273889776,17.71790854777955,17.71790854777955,,0.0,1.0,246.66666666666666,False,circle,360.0,1.0,True,True,28.348653676447285,2524.728888888881,2525.8666666666672,56.69730735289457,56.69730735289457
r557_svd_normalised_tr050_tid8_010,r557,8,10,False,23,ellipse,220.35857038657912,219.48256746900074,253.88888888888823,8.989735442467207,18.805639498267265,17.18959747856431,37.726548786218586,0.40556525021533557,1.0,253.44444444444446,False,ellipse,360.0,1.0,True,True,28.767153415895066,2599.822222222216,2595.2711111111116,60.17804639445525,55.00671193140579
r557_svd_normalised_tr050_tid8_010,r557,8,10,False,24,circle,176.3346867580305,176.72748643002825,67.21074647547728,4.625348101595899,9.250696203191797,9.250696203191797,,0.0,1.0,67.11111111111111,False,circle,360.0,1.0,True,True,14.801113925106876,688.2380439088874,687.217777777778,29.60222785021375,29.60222785021375
r557_svd_normalised_tr050_tid8_010,r557,8,10,False,25,circle,205.8839325594646,89.85511354580116,15.804155472721918,2.2429041285246782,4.485808257049371,4.485808257049342,,1.1250129990683123e-07,1.0,16.11111111111111,False,circle,360.0,1.0,True,True,7.177293211278971,161.83455204067246,164.97777777777782,14.354586422557986,14.354586422557896
r557_svd_normalised_tr050_tid8_010,r557,8,10,False,26,circle,216.15775308138186,110.13692041387338,134.56135010510266,6.544632001624877,13.089264003249756,13.08926400324975,,2.9802322387695312e-08,1.0,134.77777777777777,False,circle,360.0,1.0,True,True,20.942822405199607,1377.9082250762515,1380.1244444444446,41.88564481039922,41.88564481039921
r557_svd_normalised_tr050_tid8_010,r557,8,10,False,27,circle,225.34283625730995,114.24415204678363,101.3333333333335,5.679383927853224,11.358767855706459,11.358767855706436,,6.322027276634104e-08,1.0,101.44444444444444,False,circle,360.0,1.0,True,True,18.174028569130318,1037.6533333333352,1038.7911111111114,36.34805713826067,36.34805713826059
r557_svd_normalised_tr050_tid8_010,r557,8,10,False,28,ellipse,57.51199740596628,140.9928664072633,114.22222222222216,6.0297647180644764,12.59664523992836,11.545316030642443,0.7629591303856103,0.3999454324342359,1.0,113.66666666666667,False,ellipse,360.0,1.0,True,True,19.295247097806325,1169.6355555555551,1163.946666666667,40.309264767770756,36.94501129805582
r557_svd_normalised_tr050_tid8_010,r557,8,10,False,29,circle,305.016139044072,135.10428305400373,59.66666666666688,4.358037388048996,8.716074776098004,8.716074776097978,,7.884953353001448e-08,1.0,59.666666666666664,False,circle,360.0,1.0,True,True,13.945719641756789,610.986666666669,610.9866666666668,27.891439283513616,27.89143928351353
r557_svd_normalised_tr050_tid8_010,r557,8,10,False,30,circle,309.4446092002381,89.16418344078379,44.23627836973469,3.7524451672295935,7.504890334459226,7.504890334459148,,1.444721179430583e-07,1.0,44.0,False,circle,360.0,1.0,True,True,12.0078245351347,452.9794905060833,450.56000000000006,24.015649070269525,24.015649070269276
r557_svd_normalised_tr050_tid8_010,r557,8,10,False,31,circle,256.1403216860787,90.24681087077094,66.77777777777781,4.610425885322409,9.220851770644837,9.220851770644801,,8.815645848363066e-08,1.0,67.0,False,circle,360.0,1.0,True,True,14.75336283303171,683.8044444444449,686.0800000000002,29.506725666063478,29.506725666063364
r557_svd_normalised_tr050_tid8_010,r557,8,10,False,32,circle,172.48223201174744,238.198825256975,126.11111111111154,6.335804086640408,12.671608173280816,12.671608173280815,,1.4901161193847656e-08,1.0,126.0,False,circle,360.0,1.0,True,True,20.274573077249308,1291.3777777777825,1290.2400000000002,40.549146154498615,40.54914615449861
r557_svd_normalised_tr050_tid8_010,r557,8,10,False,33,circle,319.85442176870754,214.55238095238093,27.22222222222239,2.943654609023529,5.887309218047099,5.887309218047017,,1.666000468656264e-07,1.0,27.555555555555557,False,circle,360.0,1.0,True,True,9.419694748875292,278.7555555555573,282.16888888888894,18.839389497750716,18.839389497750457
r557_svd_normalised_tr050_tid8_010,r557,8,10,False,34,circle,184.668215514318,129.37418916215333,10.315973095109674,1.8120916703576029,3.6241833407152058,3.6241833407152058,,0.0,1.0,10.555555555555555,False,circle,360.0,1.0,True,True,5.798693345144329,105.63556449392308,108.0888888888889,11.597386690288658,11.597386690288658
r557_svd_normalised_tr050_tid8_010,r557,8,10,False,35,circle,271.59591766130427,230.86628610966963,214.11111111111114,8.255524417531738,16.511048835063477,16.511048835063477,,0.0,1.0,214.33333333333334,False,circle,360.0,1.0,True,True,26.417678136101564,2192.4977777777785,2194.773333333334,52.83535627220313,52.83535627220313
r557_svd_normalised_tr050_tid8_010,r557,8,10,False,36,ellipse,185.24924924924926,230.51351351351352,37.00000000000002,3.4318312587888498,7.176667511627843,6.564309002593793,-16.623434035047893,0.40419305861161037,1.0,37.111111111111114,False,ellipse,360.0,1.0,True,True,10.98186002812432,378.8800000000003,380.0177777777779,22.9653360372091,21.00578880830014
r557_svd_normalised_tr050_tid8_010,r557,8,10,False,37,circle,154.4579232347752,189.29073465635554,156.5424974276788,7.058967668089349,14.117935336178698,14.117935336178697,,1.4901161193847656e-08,1.0,156.33333333333334,False,circle,360.0,1.0,True,True,22.58869653788592,1602.9951736594312,1600.8533333333337,45.17739307577184,45.17739307577183
r557_svd_normalised_tr050_tid8_010,r557,8,10,False,38,circle,214.46639127492926,222.27890762388358,675.2783494132784,14.661097317190098,29.3221946343802,29.322194634380192,,2.1073424255447017e-08,1.0,675.1111111111111,False,circle,360.0,1.0,True,True,46.91551141500832,6914.850297991972,6913.137777777779,93.83102283001665,93.83102283001662
r557_svd_normalised_tr050_tid8_010,r557,8,10,False,39,circle,355.62646096306685,138.807386629266,79.22222222222236,5.02167467472581,10.04334934945162,10.04334934945162,,0.0,1.0,78.66666666666667,False,circle,360.0,1.0,True,True,16.069358959122592,811.2355555555571,805.5466666666669,32.138717918245185,32.138717918245185
r557_svd_normalised_tr050_tid8_010,r557,8,10,False,40,circle,373.95214356929205,99.42838152210035,111.44444444444406,5.955994327308143,11.9119886546163,11.911988654616271,,6.828569911354542e-08,1.0,111.33333333333333,False,circle,360.0,1.0,True,True,19.059181847386057,1141.1911111111074,1140.0533333333335,38.118363694772164,38.11836369477207
r557_svd_normalised_tr050_tid8_010,r557,8,10,False,41,circle,218.7608979378752,181.7366222918298,141.8888888888891,6.720463977506822,13.440927955013645,13.440927955013642,,2.1073424255447017e-08,1.0,141.55555555555554,False,circle,360.0,1.0,True,True,21.50548472802183,1452.9422222222247,1449.528888888889,43.01096945604367,43.010969456043654
r557_svd_normalised_tr050_tid8_010,r557,8,10,False,42,circle,199.83061101028431,192.17543859649123,61.222222222222115,4.414480556925612,8.828961113851225,8.828961113851223,,2.1073424255447017e-08,1.0,60.888888888888886,False,circle,360.0,1.0,True,True,14.126337782161958,626.9155555555545,623.5022222222223,28.252675564323923,28.252675564323916
r557_svd_normalised_tr050_tid8_010,r557,8,10,False,43,circle,348.1308807241251,95.83593701298577,99.57112803869516,5.629784581419497,11.259569162839009,11.25956916283898,,7.146345858741878e-08,1.0,99.66666666666667,False,circle,360.0,1.0,True,True,18.015310660542394,1019.6083511162387,1020.5866666666669,36.03062132108483,36.03062132108474
r557_svd_normalised_tr050_tid8_010,r557,8,10,False,44,circle,199.91794871794872,112.89914529914532,21.666666666666654,2.6261595916182996,5.252319183236619,5.25231918323658,,1.219712610821791e-07,1.0,21.77777777777778,False,circle,360.0,1.0,True,True,8.403710693178558,221.8666666666666,223.0044444444445,16.80742138635718,16.807421386357056
r557_svd_normalised_tr050_tid8_010,r557,8,10,False,45,circle,304.1378864784725,101.79111991514276,44.38320698625322,3.7586717819285425,7.517343563857098,7.517343563857072,,8.429369702178807e-08,1.0,43.888888888888886,False,circle,360.0,1.0,True,True,12.027749702171336,454.4840395392331,449.4222222222223,24.055499404342715,24.05549940434263
r557_svd_normalised_tr050_tid8_010,r557,8,10,False,46,ellipse,151.2136752136752,82.75555555555557,43.33333333333346,3.7139505114227944,7.882737265926807,6.999308963864538,35.73602206854022,0.4599810362155938,1.0,43.666666666666664,False,ellipse,360.0,1.0,True,True,11.884641636552942,443.73333333333466,447.1466666666667,25.224759250965786,22.39778868436652
r557_svd_normalised_tr050_tid8_010,r557,8,10,False,47,circle,214.78053073269376,169.0508979736363,131.2162222246479,6.462771910085847,12.925543820171693,12.925543820171693,,0.0,1.0,131.33333333333334,False,circle,360.0,1.0,True,True,20.68087011227471,1343.6541155803948,1344.8533333333337,41.36174022454942,41.36174022454942
r557_svd_normalised_tr050_tid8_010,r557,8,10,False,48,circle,289.5106209150327,96.89705882352939,90.66666666666679,5.3721593747142675,10.744318749428547,10.744318749428523,,6.828569911354542e-08,1.0,90.55555555555556,False,circle,360.0,1.0,True,True,17.190909999085658,928.4266666666681,927.2888888888891,34.38181999817135,34.381819998171274
r557_svd_normalised_tr050_tid8_010,r557,8,10,False,49,circle,158.22395833333334,94.82291666666667,42.666666666666686,3.685270927694246,7.370541855388507,7.370541855388477,,9.06402249678704e-08,1.0,42.77777777777778,False,circle,360.0,1.0,True,True,11.792866968621588,436.9066666666669,438.04444444444454,23.585733937243223,23.585733937243127
r557_svd_normalised_tr050_tid8_010,r557,8,10,False,50,ellipse,172.15949512335052,192.2025243832473,64.5555555555555,4.53306425516121,9.736337621493082,8.442053815413637,-87.8892132392782,0.4981921256489895,1.0,65.0,False,ellipse,360.0,1.0,True,True,14.505805616515872,661.0488888888884,665.6000000000001,31.156280388777862,27.01457220932364
r557_svd_normalised_tr050_tid8_010,r557,8,10,False,51,circle,336.64444444444445,102.15802469135802,15.000000000000082,2.185096861184164,4.370193722368357,4.3701937223683,,1.6118070224511577e-07,1.0,14.88888888888889,False,circle,360.0,1.0,True,True,6.992309955789326,153.60000000000088,152.46222222222227,13.984619911578742,13.98461991157856
r557_svd_normalised_tr050_tid8_010,r557,8,10,False,52,ellipse,13.393970746619392,36.864287838232116,307.9245139085746,9.90027358083793,20.79697871406927,18.851856959228314,70.89365908034836,0.4222681907267037,1.0,308.22222222222223,False,ellipse,360.0,1.0,True,True,31.680875458681374,3153.1470224238046,3156.1955555555564,66.55033188502166,60.32594226953061
r557_svd_normalised_tr050_tid8_010,r557,8,10,False,53,circle,315.0230732710375,226.33461405394286,23.745950106849712,2.749285484600918,5.4985709692018645,5.498570969201807,,1.4523855365528111e-07,1.0,24.11111111111111,False,circle,360.0,1.0,True,True,8.797713550722937,243.1585290941411,246.89777777777783,17.595427101445967,17.595427101445782
r557_svd_normalised_tr050_tid8_010,r557,8,10,False,54,circle,309.9255281183182,110.28102238974121,21.469373585825313,2.6141755607727144,5.228351121545443,5.2283511215454155,,1.021572142899192e-07,1.0,21.333333333333332,False,circle,360.0,1.0,True,True,8.365361794472687,219.84638551885124,218.45333333333338,16.73072358894542,16.73072358894533
r557_svd_normalised_tr050_tid8_010,r557,8,10,False,55,ellipse,219.4064748201439,81.39808153477217,30.888888888888836,3.1356400792447405,6.5522981288612385,6.002314615848998,0.3239426886648573,0.40103552581774227,1.0,30.77777777777778,False,ellipse,360.0,1.0,True,True,10.03404825358317,316.30222222222176,315.16444444444454,20.967354012355965,19.207406770716794
r557_svd_normalised_tr050_tid8_010,r557,8,10,False,56,ellipse,231.34211508751113,156.9303588947661,17.543226259282704,2.363087462175018,4.903753051731351,4.55502738003267,-74.56181585776739,0.37036585442950015,1.0,17.444444444444443,False,ellipse,360.0,1.0,True,True,7.561879878960058,179.64263689505492,178.63111111111112,15.692009765540323,14.576087616104545
r557_svd_normalised_tr050_tid8_010,r557,8,10,False,57,circle,160.703783951148,206.03326824177665,54.34710781059489,4.159233306945964,8.318466613891928,8.318466613891928,,0.0,1.0,54.333333333333336,False,circle,360.0,1.0,True,True,13.309546582227085,556.5143839804919,556.3733333333334,26.61909316445417,26.61909316445417
r557_svd_normalised_tr050_tid8_010,r557,8,10,False,58,circle,244.04589371980677,237.73913043478262,30.666666666666465,3.1243404386050586,6.248680877210117,6.248680877210117,,0.0,1.0,30.88888888888889,False,circle,360.0,1.0,True,True,9.997889403536188,314.02666666666465,316.30222222222227,19.995778807072377,19.995778807072377
r557_svd_normalised_tr050_tid8_010,r557,8,10,False,59,circle,156.53459076164384,79.33559112066096,22.09712826568314,2.6521188478720603,5.304237695744121,5.304237695744121,,0.0,1.0,21.77777777777778,False,circle,360.0,1.0,True,True,8.486780313190593,226.2745934405954,223.0044444444445,16.973560626381186,16.973560626381186
r557_svd_normalised_tr050_tid8_010,r557,8,10,False,60,circle,292.17753623188406,89.27536231884059,20.44444444444436,2.5510132857752654,5.10202657155055,5.102026571550511,,1.2377834115800373e-07,1.0,20.555555555555557,False,circle,360.0,1.0,True,True,8.16324251448085,209.3511111111103,210.48888888888894,16.326485028961763,16.32648502896164
r557_svd_normalised_tr050_tid8_010,r557,8,10,False,61,ellipse,39.593529061852124,34.38333218712244,334.3579655455988,10.316464799409891,21.960493704131835,19.385619902969452,76.31087928781136,0.469843498391315,1.0,334.44444444444446,False,ellipse,360.0,1.0,True,True,33.012687358111656,3423.8255671869324,3424.711111111112,70.27357985322188,62.03398368950225
r557_svd_normalised_tr050_tid8_010,r557,8,10,False,62,ellipse,273.30710639125897,72.78486185947635,15.275467419184936,2.2050696804420853,4.583157950469833,4.243652388289614,78.23554120701402,0.3777117712896966,1.0,15.0,False,ellipse,360.0,1.0,True,True,7.056222977414674,156.4207863724538,153.60000000000002,14.666105441503468,13.579687642526764
r557_svd_normalised_tr050_tid8_010,r557,8,10,False,63,circle,333.1104536489152,141.73767258382642,18.777777777777825,2.444821528706947,4.889643057413919,4.889643057413869,,1.4370159448672764e-07,1.0,18.555555555555557,False,circle,360.0,1.0,True,True,7.82342889186223,192.28444444444497,190.00888888888895,15.646857783724542,15.64685778372438
r557_svd_normalised_tr050_tid8_010,r557,8,10,False,64,circle,249.93575418994413,97.74581005586592,39.77777777777788,3.5583226268972004,7.116645253794412,7.11664525379439,,7.884953353001448e-08,1.0,39.666666666666664,False,circle,360.0,1.0,True,True,11.386632406071042,407.32444444444553,406.1866666666667,22.77326481214212,22.77326481214205
r557_svd_normalised_tr050_tid8_010,r557,8,10,False,65,circle,347.5537349807164,166.8973429849716,22.344545646953744,2.6669251548759974,5.333850309752018,5.333850309751972,,1.3160349229466688e-07,1.0,22.333333333333332,False,circle,360.0,1.0,True,True,8.534160495603192,228.80814742480638,228.69333333333336,17.06832099120646,17.06832099120631
r557_svd_normalised_tr050_tid8_010,r557,8,10,False,66,ellipse,280.8511706518307,85.99768600112019,19.563972034435977,2.4954770509031294,5.17723680156807,4.811374059380894,-80.26214795670299,0.36924413857265204,1.0,19.88888888888889,False,ellipse,360.0,1.0,True,True,7.985526562890015,200.33507363262444,203.66222222222225,16.567157765017825,15.39639699001886
r557_svd_normalised_tr050_tid8_010,r557,8,10,False,67,circle,203.55555555555551,68.39980158730158,37.333333333333265,3.447255297217604,6.894510594435211,6.8945105944352045,,4.2146848510894035e-08,1.0,37.333333333333336,False,circle,360.0,1.0,True,True,11.031216951096333,382.2933333333327,382.2933333333334,22.062433902192677,22.062433902192655
r557_svd_normalised_tr050_tid8_010,r557,8,10,False,68,circle,333.2736674622116,170.33969769291963,46.55555555555568,3.8495575836856983,7.699115167371398,7.699115167371396,,2.1073424255447017e-08,1.0,46.888888888888886,False,circle,360.0,1.0,True,True,12.318584267794236,476.72888888889025,480.1422222222223,24.637168535588472,24.63716853558847
r557_svd_normalised_tr050_tid8_010,r557,8,10,False,69,circle,189.2129049084666,233.9498877423344,12.053152643374412,1.958733684314528,3.9174673686290564,3.9174673686290555,,2.1073424255447017e-08,1.0,12.0,False,circle,360.0,1.0,True,True,6.26794778980649,123.42428306815401,122.88000000000002,12.535895579612982,12.535895579612978
r557_svd_normalised_tr050_tid8_010,r557,8,10,False,70,ellipse,179.35554152869517,220.21038195547328,141.45280518402888,6.710128636509598,14.803511131469756,12.166255942561863,-74.31548615936575,0.5697048818521043,1.0,140.88888888888889,False,ellipse,360.0,1.0,True,True,21.472411636830714,1448.476725084456,1442.7022222222224,47.371235620703224,38.93201901619796
r557_svd_normalised_tr050_tid8_010,r557,8,10,False,71,ellipse,274.6577826880481,146.90006126261952,24.625436708206255,2.799735693920995,5.854075573415468,5.355940392304853,2.9649589653427597,0.4036624933709945,1.0,24.555555555555557,False,ellipse,360.0,1.0,True,True,8.959154220547184,252.1644718920321,251.44888888888894,18.733041834929498,17.13900925537553
r557_svd_normalised_tr050_tid8_010,r557,8,10,False,72,ellipse,51.41174507137612,42.14095345881124,606.6305387338979,13.895916585097892,29.95996014002257,25.78060809661053,-71.90098922610298,0.5094469214299281,1.0,605.8888888888889,False,ellipse,360.0,1.0,True,True,44.46693307231325,6211.896716635116,6204.3022222222235,95.87187244807222,82.4979459091537
r557_svd_normalised_tr050_tid8_010,r557,8,10,False,73,ellipse,359.1574114814598,95.56871783353319,27.791533507008154,2.974276360308297,6.301855296743717,5.615057440027114,46.9209764318816,0.45397079910425125,1.0,28.11111111111111,False,ellipse,360.0,1.0,True,True,9.517684352986551,284.58530311176355,287.8577777777778,20.165936949579898,17.968183808086764
r557_svd_normalised_tr050_tid8_010,r557,8,10,False,74,circle,231.4708467539877,73.8564061928612,15.54387773778434,2.224358324004676,4.448716648009366,4.448716648009338,,1.1348386266624791e-07,1.0,16.0,False,circle,360.0,1.0,True,True,7.117946636814963,159.16930803491167,163.84000000000003,14.235893273629973,14.235893273629882
r557_svd_normalised_tr050_tid8_010,r557,8,10,False,75,circle,196.54118584651167,239.32653717584293,15.463628809326869,2.2186090070774576,4.437218014154915,4.437218014154915,,0.0,1.0,15.222222222222221,False,circle,360.0,1.0,True,True,7.099548822647865,158.34755900750716,155.87555555555556,14.19909764529573,14.19909764529573
r557_svd_normalised_tr050_tid8_010,r557,8,10,False,76,circle,235.48158512587977,142.8851044890498,21.10637422181119,2.5919813996819525,5.183962799363905,5.183962799363905,,0.0,1.0,21.22222222222222,False,circle,360.0,1.0,True,True,8.294340478982248,216.12927203134663,217.3155555555556,16.588680957964495,16.588680957964495
r557_svd_normalised_tr050_tid8_010,r557,8,10,False,77,circle,168.49229740378917,152.47153850541892,72.604127895733,4.80734975708697,9.614699514173942,9.614699514173939,,2.5809568279517847e-08,1.0,72.0,False,circle,360.0,1.0,True,True,15.383519222678306,743.4662696523061,737.2800000000002,30.76703844535662,30.767038445356604
r557_svd_normalised_tr050_tid8_010,r557,8,10,False,78,ellipse,147.7377388119688,76.80677858792579,103.90829492436801,5.751090116745463,12.877889226325767,10.27343439585218,23.43161573229662,0.6029782441164818,1.0,104.0,False,ellipse,360.0,1.0,True,True,18.403488373585482,1064.0209400255287,1064.9600000000003,41.209245524242455,32.87499006672697
r557_svd_normalised_tr050_tid8_010,r557,8,10,False,79,circle,179.99164112697613,250.87273709274,106.32427099326262,5.817565349735226,11.635130699470466,11.635130699470437,,6.989264130329236e-08,1.0,37.111111111111114,True,circle,153.0,0.425,True,True,18.616209119152725,1088.7605349710093,380.0177777777779,37.23241823830549,37.2324182383054
r557_svd_normalised_tr050_tid8_010,r557,8,10,False,80,circle,309.0944444444444,99.31944444444443,13.333333333333204,2.060129077457001,4.120258154914026,4.120258154913978,,1.5269146510898468e-07,1.0,13.444444444444445,False,circle,360.0,1.0,True,True,6.592413047862404,136.53333333333202,137.67111111111114,13.184826095724885,13.18482609572473
r557_svd_normalised_tr050_tid8_010,r557,8,10,False,81,circle,165.92084572627627,122.42156868938258,36.63143206120706,3.414695736101839,6.829391472203678,6.829391472203678,,0.0,1.0,36.333333333333336,False,circle,360.0,1.0,True,True,10.927026355525886,375.10586430676034,372.05333333333346,21.85405271105177,21.85405271105177
r557_svd_normalised_tr050_tid8_010,r557,8,10,False,82,ellipse,183.49477682811016,219.56505223171894,38.99999999999998,3.523362819972963,7.310199556929647,6.792747839229638,17.33624617014314,0.36953929573045247,1.0,39.111111111111114,False,ellipse,360.0,1.0,True,True,11.274761023913483,399.35999999999984,400.4977777777779,23.39263858217487,21.736793085534842
r557_svd_normalised_tr050_tid8_010,r557,8,10,False,83,circle,360.2644793389314,103.65069718092582,42.62359502371366,3.6834103329309213,7.366820665861844,7.366820665861843,,1.4901161193847656e-08,1.0,42.77777777777778,False,circle,360.0,1.0,True,True,11.786913065378949,436.465613042828,438.04444444444454,23.5738261307579,23.573826130757897
r557_svd_normalised_tr050_tid8_010,r557,8,10,False,84,ellipse,146.56737305313024,77.45169135676302,42.72679877451376,3.687866924783648,7.737427047652315,7.030948335229765,-4.714182004679628,0.41746429234150884,1.0,42.888888888888886,False,ellipse,360.0,1.0,True,True,11.801174159307674,437.522419451021,439.18222222222226,24.75976655248741,22.49903467273525
r557_svd_normalised_tr050_tid8_010,r557,8,10,False,85,ellipse,45.57604676454594,40.72001087547579,1362.2222222222226,20.823275451104855,47.362882708776084,36.620135913495886,75.46820337590106,0.6341840023723339,1.0,1361.6666666666667,False,ellipse,360.0,1.0,True,True,66.63448144353553,13949.155555555562,13943.46666666667,151.56122466808347,117.18443492318684
r557_svd_normalised_tr050_tid8_010,r557,8,10,False,86,ellipse,327.4608462986158,121.91084639915307,20.56107614950397,2.558279462639854,5.352367511234563,4.891139328700735,19.04338680212686,0.40610311722368053,1.0,20.444444444444443,False,ellipse,360.0,1.0,True,True,8.186494280447533,210.5454197709207,209.35111111111112,17.127576035950604,15.651645851842353
r557_svd_normalised_tr050_tid8_010,r557,8,10,False,87,ellipse,211.54054054054058,76.09909909909912,12.333333333333448,1.9813687010751233,4.16472066726157,3.770550049572922,45.424498579253026,0.42465585824434776,1.0,12.333333333333334,False,ellipse,360.0,1.0,True,True,6.340379843440395,126.29333333333453,126.29333333333336,13.327106135237026,12.065760158633351
r557_svd_normalised_tr050_tid8_010,r557,8,10,False,88,ellipse,360.8053918101077,72.86599072545783,471.2222222222233,12.247232010655665,26.6763521240682,22.49103493989332,-35.03800544135942,0.537744913764795,1.0,471.55555555555554,False,ellipse,360.0,1.0,True,True,39.19114243409813,4825.315555555568,4828.72888888889,85.36432679701824,71.97131180765864
r557_svd_normalised_tr050_tid8_010,r557,8,10,False,89,ellipse,339.83687943262413,176.28605200945628,31.333333333333453,3.1581180736464156,6.641586939968412,6.006823283195375,-43.124591787644334,0.4266307316315839,1.0,31.333333333333332,False,ellipse,360.0,1.0,True,True,10.105977835668531,320.8533333333346,320.8533333333334,21.25307820789892,19.221834506225203
r557_svd_normalised_tr050_tid8_010,r557,8,10,False,90,ellipse,291.3447025050054,76.32476321028705,16.182861792823378,2.2696177861925615,4.942914181062638,4.168524644944749,-83.8772703893917,0.5373907039495359,1.0,16.333333333333332,False,ellipse,360.0,1.0,True,True,7.262776915816197,165.71250475851141,167.25333333333336,15.817325379400442,13.339278863823196
r557_svd_normalised_tr050_tid8_010,r557,8,10,False,91,ellipse,240.52651515151513,73.79924242424244,19.555555555555507,2.4949402123397,5.1756890666727715,4.810742363355517,87.25493220975596,0.36885162977305663,1.0,19.666666666666668,False,ellipse,360.0,1.0,True,True,7.983808679487041,200.24888888888844,201.3866666666667,16.56220501335287,15.394375562737654
r557_svd_normalised_tr050_tid8_010,r557,8,10,False,92,ellipse,358.5650183182355,129.46433209852313,15.157612595493557,2.1965468217385093,4.574519740356992,4.218862931139539,-87.62030189199817,0.3865877111226963,1.0,15.0,False,ellipse,360.0,1.0,True,True,7.0289498295632304,155.21395297785406,153.60000000000002,14.638463169142376,13.500361379646527
r557_svd_normalised_tr050_tid8_010,r557,8,10,False,93,circle,256.116078959096,73.74251693360179,29.52547093928391,3.065656421422055,6.131312842844125,6.131312842844096,,9.657056180250437e-08,1.0,29.444444444444443,False,circle,360.0,1.0,True,True,9.810100548550578,302.3408224182673,301.5111111111112,19.6202010971012,19.62020109710111
r557_svd_normalised_tr050_tid8_010,r557,8,10,False,94,ellipse,165.95402966990287,55.55666688839666,1530.311642998457,22.070643962253765,51.196060231766566,38.0586570687969,23.079189565184322,0.6688578245259266,1.0,1530.3333333333333,False,ellipse,360.0,1.0,True,True,70.62606067921205,15670.391224304203,15670.613333333336,163.82739274165303,121.78770262015007
r557_svd_normalised_tr050_tid8_010,r557,8,10,False,95,ellipse,257.0781533863264,221.21380876027882,283.6076614866857,9.501322142137795,20.227658364210658,17.851818697591643,-46.997803084326875,0.47022795284751917,1.0,283.1111111111111,False,ellipse,360.0,1.0,True,True,30.404230854840947,2904.142453623662,2899.057777777778,64.72850676547411,57.12581983229326
r557_svd_normalised_tr050_tid8_010,r557,8,10,False,96,circle,168.4188333761417,101.93147914817622,11.617585267075748,1.9230164440517312,3.8460328881034744,3.84603288810345,,1.1250129990683123e-07,1.0,11.555555555555555,False,circle,360.0,1.0,True,True,6.15365262096554,118.96407313485568,118.32888888888891,12.307305241931118,12.30730524193104
r557_svd_normalised_tr050_tid8_010,r557,8,10,False,97,circle,309.6230647180402,83.16213537107993,16.52039828621114,2.293165083066363,4.58633016613274,4.586330166132711,,1.1151007970493857e-07,1.0,16.77777777777778,False,circle,360.0,1.0,True,True,7.338128265812362,169.1688784508021,171.8044444444445,14.676256531624768,14.676256531624677
r557_svd_normalised_tr050_tid8_010,r557,8,10,False,98,ellipse,151.94052558782852,76.18810511756571,26.777777777777825,2.9195258856018556,6.150461067297801,5.543409707619951,61.39643725504246,0.4331957522941048,1.0,26.444444444444443,False,ellipse,360.0,1.0,True,True,9.342482833925938,274.20444444444496,270.79111111111115,19.681475415352963,17.738911064383842
r557_svd_normalised_tr050_tid8_010,r557,8,10,False,99,circle,359.647801284653,91.68248245722188,28.03478110031933,2.9872642971839856,5.974528594367981,5.974528594367961,,8.024520884654677e-08,1.0,27.444444444444443,False,circle,360.0,1.0,True,True,9.559245750988755,287.07615846727,281.03111111111116,19.11849150197754,19.118491501977477
r557_svd_normalised_tr050_tid8_010,r557,8,10,False,100,ellipse,146.90347097185006,76.97663632996614,62.936970460162236,4.47587532265219,10.004022709141726,8.010161706498392,16.7335923089432,0.599073450188207,1.0,62.333333333333336,False,ellipse,360.0,1.0,True,True,14.322801032487007,644.4745775120614,638.2933333333335,32.012872669253525,25.63251746079486
r557_svd_normalised_tr050_tid8_010,r557,8,10,False,101,ellipse,183.75971093044262,188.77235772357722,41.00000000000001,3.612575996921784,7.828058050892546,6.668680916104036,-87.91562164411118,0.5237131602808588,1.0,40.888888888888886,False,ellipse,360.0,1.0,True,True,11.56024319014971,419.84000000000015,418.70222222222225,25.049785762856146,21.33977893153292
r557_svd_normalised_tr050_tid8_010,r557,8,10,False,102,ellipse,203.3385663770187,246.23737028704588,88.32495578885933,5.302330301324141,12.281568819215483,9.156715086871468,-74.58362351925882,0.6664322568309414,1.0,79.88888888888889,True,ellipse,268.0,0.7444444444444445,True,True,16.967456964237254,904.4475472779197,818.0622222222223,39.30102022148955,29.3014882779887
r557_svd_normalised_tr050_tid8_010,r557,8,10,False,103,ellipse,35.26935715752721,38.15850277264325,721.3333333333336,15.152806051484582,32.57634595260731,28.193159732272633,-51.242444228197655,0.5009973681881775,1.0,722.0,False,ellipse,360.0,1.0,True,True,48.48897936475066,7386.4533333333375,7393.280000000002,104.2443070483434,90.21811114327244
r557_svd_normalised_tr050_tid8_010,r557,8,10,False,104,ellipse,317.8763098535296,69.75418842582715,885.9005212560579,16.79258449706824,42.811830561556185,26.347006459882284,86.61191149465122,0.7882039201970485,1.0,884.5555555555555,False,ellipse,360.0,1.0,True,True,53.73627039061837,9071.621337662034,9057.84888888889,136.9978577969798,84.31042067162332
r557_svd_normalised_tr050_tid8_010,r557,8,10,False,105,circle,253.08260156590973,251.92343580131325,112.01457785835284,5.971209888206715,11.94241977641343,11.94241977641343,,0.0,1.0,28.0,True,circle,133.0,0.36944444444444446,False,True,19.10787164226149,1147.0292772695332,286.72,38.21574328452298,38.21574328452298
r557_svd_normalised_tr050_tid8_010,r557,8,10,False,106,circle,204.0733397655172,260.0369495236176,1201.6937793927736,19.557888693473103,39.115777386946206,39.115777386946206,,0.0,1.0,209.66666666666666,True,circle,114.99999999999999,0.3194444444444444,False,True,62.585243819113934,12305.344300982004,2146.986666666667,125.17048763822787,125.17048763822787
r557_svd_normalised_tr050_tid8_010,r557,8,10,False,107,circle,326.2194444444444,114.09166666666667,13.333333333333298,2.0601290774570087,4.120258154914031,4.120258154914003,,1.1542389828584841e-07,1.0,13.11111111111111,False,circle,360.0,1.0,True,True,6.592413047862428,136.533333333333,134.2577777777778,13.1848260957249,13.18482609572481
r557_svd_normalised_tr050_tid8_010,r557,8,10,False,108,circle,212.79469372095946,63.339284266532914,95.34180895916121,5.508923702353058,11.017847404706123,11.017847404706108,,5.1619136559035694e-08,1.0,95.22222222222223,False,circle,360.0,1.0,True,True,17.628555847529785,976.300123741811,975.0755555555559,35.25711169505959,35.25711169505955
r557_svd_normalised_tr050_tid8_010,r557,8,10,False,109,ellipse,196.89078498293514,64.81114903299203,32.555555555555635,3.2191233563718846,7.002502538404709,5.919458151827991,81.45090034737132,0.5342371202764976,1.0,32.888888888888886,False,ellipse,360.0,1.0,True,True,10.30119474039003,333.3688888888898,336.78222222222223,22.40800812289507,18.94226608584957
r557_svd_normalised_tr050_tid8_010,r557,8,10,False,110,circle,222.08422601446995,203.16414715734635,32.20219394762989,3.2016053301958416,6.403210660391684,6.403210660391682,,2.1073424255447017e-08,1.0,32.44444444444444,False,circle,360.0,1.0,True,True,10.245137056626694,329.7504660237301,332.23111111111115,20.490274113253392,20.490274113253385
r557_svd_normalised_tr050_tid8_010,r557,8,10,False,111,circle,160.37089561461897,144.91710716900297,29.003906220630604,3.0384585052250204,6.076917010450042,6.076917010450041,,1.4901161193847656e-08,1.0,28.666666666666668,False,circle,360.0,1.0,True,True,9.723067216720066,296.99999969925744,293.54666666666674,19.446134433440136,19.446134433440132
r557_svd_normalised_tr050_tid8_010,r557,8,10,False,112,circle,216.26751479137494,77.36228632399713,17.53827773694375,2.3627541535898895,4.72550830717978,4.725508307179779,,2.1073424255447017e-08,1.0,17.333333333333332,False,circle,360.0,1.0,True,True,7.560813291487647,179.59196402630405,177.49333333333337,15.121626582975296,15.121626582975294
r557_svd_normalised_tr050_tid8_010,r557,8,10,False,113,circle,161.64949756850382,195.71636239588855,17.4988963277037,2.3600999339886686,4.720199867977338,4.720199867977336,,2.5809568279517847e-08,1.0,17.22222222222222,False,circle,360.0,1.0,True,True,7.552319788763739,179.18869839568592,176.35555555555558,15.104639577527482,15.104639577527477
r557_svd_normalised_tr050_tid8_010,r557,8,10,False,114,circle,399.31778026879795,81.73244908942547,13.218788318716067,2.051260833053206,4.1025216661064405,4.102521666106384,,1.666000468656264e-07,1.0,7.333333333333333,True,circle,191.0,0.5305555555555556,True,True,6.56403466577026,135.36039238365254,75.09333333333335,13.12806933154061,13.128069331540429
r557_svd_normalised_tr050_tid8_010,r557,8,10,False,115,circle,362.2045454545454,189.48989898989896,14.6666666666667,2.160681604809527,4.321363209619094,4.321363209619014,,1.925654408830417e-07,1.0,14.444444444444445,False,circle,360.0,1.0,True,True,6.914181135390487,150.18666666666704,147.91111111111115,13.828362270781103,13.828362270780847
r557_svd_normalised_tr050_tid8_010,r557,8,10,False,116,ellipse,93.21631278774136,36.990723562152134,539.0000000000001,13.098436114783444,27.558121621902096,24.90286254005164,-89.48757236629001,0.4282743413228325,1.0,538.8888888888889,False,ellipse,360.0,1.0,True,True,41.914995567307024,5519.360000000002,5518.2222222222235,88.18598919008672,79.68916012816526
r557_svd_normalised_tr050_tid8_010,r557,8,10,False,117,circle,165.81333333333333,173.9833333333334,11.111111111111006,1.8806319451591789,3.7612638903183577,3.7612638903183573,,1.4901161193847656e-08,1.0,11.333333333333334,False,circle,360.0,1.0,True,True,6.018022224509373,113.77777777777672,116.05333333333336,12.036044449018746,12.036044449018744
r557_svd_normalised_tr050_tid8_010,r557,8,10,False,118,circle,293.3142857142857,71.35238095238095,11.6666666666666,1.9270742950936972,3.8541485901873944,3.8541485901873944,,0.0,1.0,11.444444444444445,False,circle,360.0,1.0,True,True,6.166637744299831,119.46666666666601,117.19111111111114,12.333275488599662,12.333275488599662
r557_svd_normalised_tr050_tid8_010,r557,8,10,False,119,ellipse,227.84848484848487,68.8969696969697,12.222222222222257,1.972423424234402,4.156724104082054,3.7437694367523666,-81.62695201585112,0.4345373392917549,1.0,12.222222222222221,False,ellipse,360.0,1.0,True,True,6.311754957550087,125.15555555555594,125.15555555555557,13.301517133062573,11.980062197607573
r557_svd_normalised_tr050_tid8_010,r557,8,10,False,120,ellipse,261.9383259911894,72.88546255506608,25.222222222222268,2.8334577259697817,6.2215254518380725,5.161745457449463,-27.57959426525457,0.5582702848894647,1.0,25.333333333333332,False,ellipse,360.0,1.0,True,True,9.067064723103302,258.2755555555561,259.41333333333336,19.908881445881832,16.517585463838284
r557_svd_normalised_tr050_tid8_010,r557,8,10,False,121,circle,346.36622806972025,73.27265409245872,39.478148792096746,3.5448956329854155,7.0897912659708595,7.089791265970803,,1.2644054553268208e-07,1.0,39.55555555555556,False,circle,360.0,1.0,True,True,11.34366602555333,404.2562436310708,405.048888888889,22.68733205110675,22.68733205110657
r557_svd_normalised_tr050_tid8_010,r557,8,10,False,122,ellipse,212.48245614035085,95.90058479532163,12.666666666666691,2.0079654441734522,4.35019743589607,3.7073491807290155,1.2299941856352632,0.5231746350751717,1.0,12.555555555555555,False,ellipse,360.0,1.0,True,True,6.4254894213550475,129.70666666666693,128.56888888888892,13.920631794867425,11.863517378332851
r557_svd_normalised_tr050_tid8_010,r557,8,10,False,123,circle,250.39512195121952,189.45203252032522,22.777777777777846,2.6926551676670636,5.385310335334127,5.385310335334127,,0.0,1.0,22.666666666666668,False,circle,360.0,1.0,True,True,8.616496536534603,233.24444444444518,232.1066666666667,17.232993073069206,17.232993073069206
r557_svd_normalised_tr050_tid8_010,r557,8,10,False,124,ellipse,206.6226104652239,247.81658539799668,191.50524302942586,7.807561214124147,21.0483230157341,11.584393125614469,77.0779770266993,0.8349200083776456,1.0,128.77777777777777,True,ellipse,212.0,0.5888888888888889,True,True,24.98419588519727,1961.013688621321,1318.6844444444446,67.35463365034911,37.0700580019663
r557_svd_normalised_tr050_tid8_010,r557,8,10,False,125,circle,290.4904214559387,82.81609195402297,9.666666666666574,1.7541367011847395,3.508273402369499,3.5082734023694595,,1.4975481660844222e-07,1.0,9.777777777777779,False,circle,360.0,1.0,True,True,5.613237443791167,98.98666666666574,100.12444444444448,11.226474887582398,11.22647488758227
r557_svd_normalised_tr050_tid8_010,r557,8,10,False,126,circle,-1.5012903085428908,45.09443384585334,61.569390680530404,4.426979301953531,8.853958603907065,8.85395860390706,,3.332000937312528e-08,1.0,21.77777777777778,True,circle,153.0,0.425,True,True,14.166333766251299,630.4705605686314,223.0044444444445,28.33266753250261,28.332667532502594
r557_svd_normalised_tr050_tid8_010,r557,8,10,False,127,ellipse,388.56470588235294,76.78431372549018,9.444444444444366,1.7338569826200259,3.658137886054638,3.287202538363059,-10.199896204476545,0.43876887033637857,1.0,9.666666666666666,False,ellipse,360.0,1.0,True,True,5.548342344384083,96.71111111111033,98.98666666666668,11.706041235374842,10.51904812276179
r557_svd_normalised_tr050_tid8_010,r557,8,10,False,128,circle,282.26666666666665,68.24632768361582,32.77777777777785,3.2300914404706953,6.460182880941405,6.460182880941376,,9.424321830774485e-08,1.0,32.666666666666664,False,circle,360.0,1.0,True,True,10.336292609506225,335.64444444444524,334.5066666666667,20.672585219012497,20.672585219012404
r557_svd_normalised_tr050_tid8_010,r557,8,10,False,129,circle,285.47791164658634,73.87550200803211,9.222222222222184,1.7133372423189688,3.4266744846379575,3.426674484637918,,1.519626234052415e-07,1.0,9.222222222222221,False,circle,360.0,1.0,True,True,5.4826791754207,94.43555555555518,94.43555555555557,10.965358350841464,10.965358350841338
r557_svd_normalised_tr050_tid8_010,r557,8,10,False,130,circle,233.779055995426,91.86883745060837,15.858987101723732,2.2467915745212963,4.493583149042593,4.493583149042593,,0.0,1.0,16.0,False,circle,360.0,1.0,True,True,7.189733038468148,162.39602792165104,163.84000000000003,14.379466076936296,14.379466076936296
r557_svd_normalised_tr050_tid8_010,r557,8,10,False,131,ellipse,363.85875567569457,92.76545521886946,18.775327002163294,2.4446619809540233,5.153114082902426,4.639037370394047,-60.95664980700596,0.43539483141282653,1.0,18.444444444444443,False,ellipse,360.0,1.0,True,True,7.822918339052875,192.25934850215216,188.87111111111113,16.489965065287763,14.844919585260952
r557_svd_normalised_tr050_tid8_010,r557,8,10,False,132,ellipse,248.35923653715062,73.70688479890934,54.33333333333334,4.158706186943157,8.743972555447868,7.911661222469814,-55.97502441891231,0.42580886589150124,1.0,54.55555555555556,False,ellipse,360.0,1.0,True,True,13.307859798218104,556.3733333333336,558.648888888889,27.98071217743318,25.317315911903407
r557_svd_normalised_tr050_tid8_010,r557,8,10,False,133,circle,170.97674798634284,61.74292455269648,18.403346314796575,2.420323753315614,4.840647506631228,4.840647506631228,,0.0,1.0,18.333333333333332,False,circle,360.0,1.0,True,True,7.745036010609965,188.45026626351697,187.73333333333335,15.49007202121993,15.49007202121993
r557_svd_normalised_tr050_tid8_010,r557,8,10,False,134,ellipse,75.2667796242119,36.82417053607609,900.1044509998254,16.926669647372393,36.66596849064752,31.25646556144935,78.29517914807633,0.5227838221910358,1.0,899.6666666666666,False,ellipse,360.0,1.0,True,True,54.16534287159166,9217.069578238214,9212.586666666668,117.33109917007208,100.02068979663792
r557_svd_normalised_tr050_tid8_010,r557,8,10,False,135,ellipse,185.71895424836603,81.69934640522875,11.333333333333414,1.8993451617376762,4.12678570267319,3.4966797922940343,-65.99720165318223,0.5310936133780068,1.0,11.444444444444445,False,ellipse,360.0,1.0,True,True,6.077904517560564,116.05333333333418,117.19111111111114,13.205714248554209,11.18937533534091
r557_svd_normalised_tr050_tid8_010,r557,8,10,False,136,ellipse,180.42070275403609,203.27635327635326,39.00000000000002,3.523362819972965,7.387253165804468,6.721895287754609,-5.310931687063089,0.41475828537296894,1.0,38.888888888888886,False,ellipse,360.0,1.0,True,True,11.27476102391349,399.3600000000003,398.2222222222223,23.6392101305743,21.510064920814752
r557_svd_normalised_tr050_tid8_010,r557,8,10,False,137,circle,255.22556508769287,132.40626993001695,13.67689700293339,2.086502223423487,4.1730044468469885,4.17300444684696,,1.1638178938488147e-07,1.0,13.666666666666666,False,circle,360.0,1.0,True,True,6.676807114955159,140.05142531003796,139.9466666666667,13.353614229910363,13.353614229910272
r557_svd_normalised_tr050_tid8_010,r557,8,10,False,138,circle,326.9865671003228,68.91136872041926,16.127506366654913,2.26573271062548,4.531465421250971,4.5314654212509495,,9.657056180250437e-08,1.0,15.88888888888889,False,circle,360.0,1.0,True,True,7.2503446740015365,165.14566519454635,162.70222222222225,14.500689348003107,14.50068934800304
r557_svd_normalised_tr050_tid8_010,r557,8,10,False,139,ellipse,213.80866705854675,246.99700823988843,158.22773391701233,7.096862121687535,15.872086270613073,12.692837252905859,59.078395990999724,0.6004056775411841,1.0,115.33333333333333,True,ellipse,223.0,0.6194444444444445,True,True,22.709958789400115,1620.2519953102067,1181.0133333333335,50.79067606596183,40.61707920929875
r557_svd_normalised_tr050_tid8_010,r557,8,10,False,140,ellipse,245.6920662100457,72.47131849315069,259.5555555555559,9.089504901107626,20.329870614449522,16.25570588502177,59.93285975208471,0.600536805037006,1.0,259.77777777777777,False,ellipse,360.0,1.0,True,True,29.086415683544402,2657.848888888893,2660.124444444445,65.05558596623847,52.01825883206966
r557_svd_normalised_tr050_tid8_010,r557,8,10,False,141,circle,32.772049314019924,37.542675361971476,238.82168454301882,8.718904932679877,17.437809865359753,17.437809865359753,,0.0,1.0,239.0,False,circle,360.0,1.0,True,True,27.900495784575607,2445.5340497205134,2447.3600000000006,55.800991569151215,55.800991569151215
r557_svd_normalised_tr050_tid8_010,r557,8,10,False,142,ellipse,256.3101604278075,66.07486631016043,20.777777777777814,2.5717255062693902,5.385448472375014,4.9123278133825234,-88.0015839438978,0.40986025647203944,1.0,21.0,False,ellipse,360.0,1.0,True,True,8.22952162006205,212.76444444444485,215.04000000000005,17.233435111600045,15.719449002824076
r557_svd_normalised_tr050_tid8_010,r557,8,10,False,143,ellipse,241.38967971530246,63.95966785290631,62.44444444444446,4.458327489532499,9.559937464595825,8.31665858800113,74.0360592067114,0.49314159953096526,1.0,62.22222222222222,False,ellipse,360.0,1.0,True,True,14.266647966503996,639.4311111111114,637.1555555555557,30.59179988670664,26.61330748160362
r557_svd_normalised_tr050_tid8_010,r557,8,10,False,144,circle,174.23777777777775,66.92888888888888,16.666666666666703,2.3032943298089057,4.606588659617813,4.60658865961781,,3.942476676500724e-08,1.0,16.88888888888889,False,circle,360.0,1.0,True,True,7.370541855388499,170.66666666666708,172.94222222222226,14.741083710777003,14.74108371077699
r557_svd_normalised_tr050_tid8_010,r557,8,10,False,145,ellipse,14.627118644067796,32.556497175141246,26.22222222222223,2.8890816137730733,6.017792117160477,5.548076376543294,83.98151900887387,0.38731962341367876,1.0,25.666666666666668,False,ellipse,360.0,1.0,True,True,9.245061164073835,268.5155555555557,262.8266666666667,19.25693477491353,17.753844404938544
r557_svd_normalised_tr050_tid8_010,r557,8,10,False,146,ellipse,179.2093617340997,54.200383184943085,2957.666666666669,30.683131196738362,69.84528267943193,53.9165712511891,80.32455842343398,0.6356918537096247,1.0,2957.4444444444443,False,ellipse,360.0,1.0,True,True,98.18601982956277,30286.506666666693,30284.231111111116,223.5049045741822,172.53302800380513
r557_svd_normalised_tr050_tid8_010,r557,8,10,False,147,ellipse,345.6170212765957,80.30260047281325,15.666666666666456,2.2331267056631576,5.14483697326267,3.877172325935532,88.55553870501421,0.6573281132459177,1.0,15.333333333333334,False,ellipse,360.0,1.0,True,True,7.146005458122104,160.42666666666454,157.01333333333338,16.463478314440547,12.406951442993703
r557_svd_normalised_tr050_tid8_010,r557,8,10,False,148,circle,180.02889253945392,232.1588085109574,15.259497107688222,2.203916692520414,4.407833385040829,4.407833385040828,,2.1073424255447017e-08,1.0,15.222222222222221,False,circle,360.0,1.0,True,True,7.052533416065325,156.25725038272742,155.87555555555556,14.105066832130653,14.10506683213065
r557_svd_normalised_tr050_tid8_010,r557,8,10,False,149,circle,177.07916391332563,124.19689684493386,23.438759240934775,2.7314444505190325,5.46288890103807,5.462888901038061,,5.960464477539063e-08,1.0,23.444444444444443,False,circle,360.0,1.0,True,True,8.740622241660905,240.01289462717216,240.07111111111115,17.481244483321827,17.481244483321795
r557_svd_normalised_tr050_tid8_010,r557,8,10,False,150,circle,275.92101052988227,80.90584436764682,11.68433244327874,1.9285327402337842,3.8570654804675826,3.857065480467554,,1.210576058124894e-07,1.0,11.88888888888889,False,circle,360.0,1.0,True,True,6.17130476874811,119.64756421917431,121.74222222222225,12.342609537496266,12.342609537496173
r557_svd_normalised_tr050_tid8_010,r557,8,10,False,151,ellipse,327.9084338556114,163.25692545887256,11.517344320049226,1.9147022117432249,4.039421989426154,3.630306087604584,48.56659824811243,0.4385245768857206,1.0,11.555555555555555,False,ellipse,360.0,1.0,True,True,6.12704707757832,117.93760583730409,118.32888888888891,12.926150366163695,11.61697948033467
r557_svd_normalised_tr050_tid8_010,r557,8,10,False,152,ellipse,28.962441314553992,45.726134585289515,213.0,8.234075889688375,17.172897053732395,15.792328002667812,-82.98623432262224,0.39283802842461596,1.0,212.66666666666666,False,ellipse,360.0,1.0,True,True,26.349042847002803,2181.1200000000003,2177.706666666667,54.95327057194367,50.535449608537
r557_svd_normalised_tr050_tid8_010,r557,8,10,False,153,ellipse,267.93638676844785,94.06615776081425,14.555555555555722,2.1524816450392286,4.49229904255994,4.125439725482358,-86.32844843142007,0.3958018142600683,1.0,14.444444444444445,False,ellipse,360.0,1.0,True,True,6.887941264125532,149.04888888889062,147.91111111111115,14.375356936191807,13.201407121543546
r557_svd_normalised_tr050_tid8_010,r557,8,10,False,154,ellipse,323.9065955766193,73.99842022116904,375.1111111111111,10.927102776310518,27.64832699295209,17.274329128773687,-86.25403545241875,0.7807948377092654,1.0,374.1111111111111,False,ellipse,360.0,1.0,True,True,34.96672888419366,3841.1377777777784,3830.897777777778,88.47464637744669,55.2778532120758
r557_svd_normalised_tr050_tid8_010,r557,8,10,False,155,circle,174.21055830973066,128.2090968529022,18.513383698922237,2.427548775633722,4.855097551267447,4.855097551267442,,4.2146848510894035e-08,1.0,18.22222222222222,False,circle,360.0,1.0,True,True,7.768156082027911,189.57704907696373,186.5955555555556,15.536312164055829,15.536312164055815
r557_svd_normalised_tr050_tid8_010,r557,8,10,False,156,ellipse,229.8870056497175,64.2693032015066,19.666666666666785,2.5020180711340303,5.395086309261272,4.641330328699357,83.7996822095302,0.5098076282765895,1.0,19.666666666666668,False,ellipse,360.0,1.0,True,True,8.006457827628898,201.3866666666679,201.3866666666667,17.26427618963607,14.852257051837942
r557_svd_normalised_tr050_tid8_010,r557,8,10,False,157,ellipse,349.7063679245283,65.60338050314466,94.22222222222209,5.4764828888201,12.012652930095662,9.986758131136819,-89.37255918343016,0.5557443325080403,1.0,94.11111111111111,False,ellipse,360.0,1.0,True,True,17.52474524422432,964.8355555555544,963.697777777778,38.44048937630612,31.95762601963782
r557_svd_normalised_tr050_tid8_010,r557,8,10,False,158,ellipse,7.1813511588840235,38.27344298806702,53.23158418958769,4.116325971636664,8.719333381018108,7.773135291125688,5.094422499097078,0.4530546417436786,1.0,53.333333333333336,False,ellipse,360.0,1.0,True,True,13.172243109237327,545.091422101378,546.1333333333334,27.901866819257947,24.8740329316022
r557_svd_normalised_tr050_tid8_010,r557,8,10,False,159,circle,205.53036842991168,40.48829421471597,29.990054253303384,3.0896813356743937,6.179362671348792,6.179362671348784,,5.1619136559035694e-08,1.0,29.88888888888889,False,circle,360.0,1.0,True,True,9.886980274158061,307.0981555538267,306.06222222222226,19.773960548316136,19.77396054831611
