frame,run,train,frame_idx,reviewed,bubble_id,shape_type,x,y,area_px2,r_eq,major_axis,minor_axis,orientation_deg,eccentricity,solidity,area_visible_px2,edge_truncated,fit_kind,arc_deg,outline_visible_frac,fit_reliable,in_analysis,r_eq_um,area_um2,area_visible_um2,major_axis_um,minor_axis_um
r569_svd_normalised_tr050_tid0_010,r569,0,10,False,0,circle,251.50056116722783,241.00785634118967,98.99999999999953,5.613615477764319,11.22723095552864,11.227230955528638,,1.4901161193847656e-08,1.0,99.33333333333333,False,circle,360.0,1.0,True,True,17.96356952884582,1013.7599999999954,1017.1733333333335,35.92713905769165,35.92713905769164
r569_svd_normalised_tr050_tid0_010,r569,0,10,False,1,ellipse,315.5022487004264,146.3935517785176,634.1111111111097,14.207175497109,30.11037274905772,26.813860763244246,14.50893604517961,0.45494593978190756,1.0,634.1111111111111,False,ellipse,360.0,1.0,True,True,45.462961590748804,6493.297777777765,6493.297777777779,96.35319279698471,85.8043544423816
r569_svd_normalised_tr050_tid0_010,r569,0,10,False,2,circle,314.6655547613375,177.43189579858628,466.33333333333434,12.183534391014842,24.367068782029694,24.36706878202967,,4.470348358154297e-08,1.0,466.44444444444446,False,circle,360.0,1.0,True,True,38.9873100512475,4775.253333333345,4776.391111111112,77.97462010249502,77.97462010249495
r569_svd_normalised_tr050_tid0_010,r569,0,10,False,3,circle,203.37692583303476,156.50758390063297,310.1111111111113,9.935362725240921,19.870725450481842,19.870725450481842,,0.0,1.0,309.77777777777777,False,circle,360.0,1.0,True,True,31.79316072077095,3175.5377777777803,3172.124444444445,63.5863214415419,63.5863214415419
r569_svd_normalised_tr050_tid0_010,r569,0,10,False,4,circle,201.54468592255796,145.9956081049928,280.4702050693258,9.448621013331074,18.89724202666215,18.89724202666215,,0.0,1.0,280.55555555555554,False,circle,360.0,1.0,True,True,30.235587242659438,2872.014899909897,2872.888888888889,60.471174485318876,60.471174485318876
r569_svd_normalised_tr050_tid0_010,r569,0,10,False,5,circle,214.12244703524317,137.15386877775265,124.45065451536816,6.293955328272127,12.587910656544254,12.587910656544253,,1.4901161193847656e-08,1.0,124.55555555555556,False,circle,360.0,1.0,True,True,20.140657050470807,1274.3747022373702,1275.448888888889,40.281314100941614,40.281314100941614
r569_svd_normalised_tr050_tid0_010,r569,0,10,False,6,circle,335.06340399639384,66.66864394352322,449.1563678621377,11.957044464788188,23.914088929576405,23.91408892957635,,6.664001874625056e-08,1.0,448.0,False,circle,360.0,1.0,True,True,38.262542287322205,4599.361206908291,4587.52,76.5250845746445,76.52508457464432
r569_svd_normalised_tr050_tid0_010,r569,0,10,False,7,ellipse,217.33532500452654,140.09704870541373,1227.3333333333337,19.765432796751654,41.395550089289905,37.75017679921909,-58.39793774649263,0.4103279320430186,1.0,1227.5555555555557,False,ellipse,360.0,1.0,True,True,63.24938494960529,12567.893333333339,12570.168888888893,132.4657602857277,120.80056575750109
r569_svd_normalised_tr050_tid0_010,r569,0,10,False,8,circle,253.96366114013176,220.6389582860171,489.22222222222223,12.478953076045151,24.957906152090317,24.957906152090285,,5.1619136559035694e-08,1.0,489.1111111111111,False,circle,360.0,1.0,True,True,39.932649843344485,5009.6355555555565,5008.4977777777785,79.86529968668901,79.86529968668891
r569_svd_normalised_tr050_tid0_010,r569,0,10,False,9,circle,235.4561951286554,173.20333639755546,1206.5208061224216,19.5971299040243,39.1942598080486,39.1942598080486,,0.0,1.0,1207.5555555555557,False,circle,360.0,1.0,True,True,62.71081569287776,12354.7730546936,12365.368888888892,125.42163138575552,125.42163138575552
r569_svd_normalised_tr050_tid0_010,r569,0,10,False,10,circle,297.01752795406463,232.17195527349648,490.2222222222216,12.491700435101713,24.983400870203432,24.983400870203415,,3.650024149988857e-08,1.0,490.22222222222223,False,circle,360.0,1.0,True,True,39.97344139232548,5019.87555555555,5019.875555555556,79.946882784651,79.94688278465094
r569_svd_normalised_tr050_tid0_010,r569,0,10,False,11,circle,320.21090662003184,196.9845564899722,479.58411215919,12.355418412864294,24.710836825728624,24.710836825728556,,7.450580596923828e-08,1.0,479.6666666666667,False,circle,360.0,1.0,True,True,39.53733892116574,4910.941308510107,4911.786666666668,79.0746778423316,79.07467784233138
r569_svd_normalised_tr050_tid0_010,r569,0,10,False,12,circle,230.38929491195103,196.48959420895105,532.1111111111115,13.014462233027853,26.028924466055706,26.028924466055702,,1.4901161193847656e-08,1.0,532.3333333333334,False,circle,360.0,1.0,True,True,41.646279145689135,5448.817777777783,5451.093333333335,83.29255829137827,83.29255829137826
r569_svd_normalised_tr050_tid0_010,r569,0,10,False,13,circle,321.34064218008467,159.18231959235615,195.14601867678172,7.881427979384591,15.762855958769183,15.762855958769181,,1.4901161193847656e-08,1.0,195.11111111111111,False,circle,360.0,1.0,True,True,25.22056953403069,1998.2952312502453,1997.9377777777781,50.44113906806139,50.44113906806138
r569_svd_normalised_tr050_tid0_010,r569,0,10,False,14,circle,311.5315428731291,220.01986291789063,264.77777777777726,9.180489328376854,18.36097865675371,18.36097865675371,,0.0,1.0,265.1111111111111,False,circle,360.0,1.0,True,True,29.377565850805937,2711.3244444444395,2714.737777777778,58.75513170161187,58.75513170161187
r569_svd_normalised_tr050_tid0_010,r569,0,10,False,15,ellipse,296.3626001232286,103.70024645717807,120.22222222222263,6.1861071662490685,13.015644998171966,11.760591773267562,-87.11720277538126,0.42843313188053816,1.0,120.22222222222223,False,ellipse,360.0,1.0,True,True,19.79554293199702,1231.07555555556,1231.0755555555559,41.650063994150294,37.633893674456196
r569_svd_normalised_tr050_tid0_010,r569,0,10,False,16,circle,311.3837547224644,158.13440860215056,254.88888888888914,9.007422117994425,18.01484423598887,18.01484423598883,,6.828569911354542e-08,1.0,255.0,False,circle,360.0,1.0,True,True,28.823750777582163,2610.0622222222255,2611.2000000000007,57.64750155516439,57.647501555164254
r569_svd_normalised_tr050_tid0_010,r569,0,10,False,17,circle,198.9819516085185,223.34741671529463,288.74655153783226,9.587016321878744,19.17403264375749,19.17403264375749,,0.0,1.0,288.44444444444446,False,circle,360.0,1.0,True,True,30.678452230011985,2956.764687747403,2953.6711111111117,61.35690446002397,61.35690446002397
r569_svd_normalised_tr050_tid0_010,r569,0,10,False,18,circle,238.5950206061829,117.91003333495806,307.60327562487544,9.895108066813384,19.79021613362677,19.790216133626764,,2.5809568279517847e-08,1.0,307.22222222222223,False,circle,360.0,1.0,True,True,31.66434581380283,3149.857542398725,3145.955555555556,63.32869162760567,63.32869162760565
r569_svd_normalised_tr050_tid0_010,r569,0,10,False,19,circle,295.77253601076546,185.98845826915147,375.1697905023533,10.927957417303595,21.855914834607205,21.855914834607177,,5.1619136559035694e-08,1.0,374.6666666666667,False,circle,360.0,1.0,True,True,34.969463735371505,3841.7386547440983,3836.5866666666675,69.93892747074305,69.93892747074297
r569_svd_normalised_tr050_tid0_010,r569,0,10,False,20,circle,329.79719729828406,178.43835809432684,260.0495113053302,9.098149830913428,18.196299661826856,18.196299661826856,,0.0,1.0,259.3333333333333,False,circle,360.0,1.0,True,True,29.114079458922973,2662.906995766582,2655.5733333333337,58.228158917845946,58.228158917845946
r569_svd_normalised_tr050_tid0_010,r569,0,10,False,21,circle,301.78483955982534,130.09498470665463,53.08874947539863,4.110799654952053,8.221599309904118,8.221599309904093,,7.742870483855355e-08,1.0,52.77777777777778,False,circle,360.0,1.0,True,True,13.15455889584657,543.6287946280821,540.4444444444446,26.30911779169318,26.309117791693097
r569_svd_normalised_tr050_tid0_010,r569,0,10,False,22,circle,233.46175525631764,93.07489904246182,366.23371406475366,10.797027917006545,21.59405583401309,21.594055834013087,,1.4901161193847656e-08,1.0,366.0,False,circle,360.0,1.0,True,True,34.550489334420945,3750.233232023078,3747.8400000000006,69.10097866884189,69.10097866884188
r569_svd_normalised_tr050_tid0_010,r569,0,10,False,23,circle,328.4903758717232,106.26235171148397,194.3847014022697,7.866039167155641,15.732078334311296,15.732078334311268,,5.960464477539063e-08,1.0,194.33333333333334,False,circle,360.0,1.0,True,True,25.171325334898054,1990.4993423592423,1989.9733333333338,50.34265066979615,50.34265066979606
r569_svd_normalised_tr050_tid0_010,r569,0,10,False,24,ellipse,309.57161458333337,105.28697916666665,142.22222222222229,6.728353392053762,14.171587942480887,12.777887573955594,83.87853325569108,0.43245542546670307,1.0,142.33333333333334,False,ellipse,360.0,1.0,True,True,21.53073085457204,1456.3555555555565,1457.4933333333338,45.34908141593884,40.889240236657905
r569_svd_normalised_tr050_tid0_010,r569,0,10,False,25,ellipse,176.13322566808102,49.76443282491017,239.4276560727066,8.72995933288094,19.389638418435773,15.722250886595608,48.369480251248916,0.5852424113732348,1.0,239.88888888888889,False,ellipse,360.0,1.0,True,True,27.935869865219008,2451.739198184516,2456.462222222223,62.04684293899447,50.31120283710595
r569_svd_normalised_tr050_tid0_010,r569,0,10,False,26,circle,280.7682778746564,153.8630369625097,513.3505419172986,12.7829790178222,25.56595803564443,25.565958035644368,,7.146345858741878e-08,1.0,512.7777777777778,False,circle,360.0,1.0,True,True,40.90553285703104,5256.709549233139,5250.844444444446,81.81106571406218,81.81106571406198
r569_svd_normalised_tr050_tid0_010,r569,0,10,False,27,ellipse,175.6918901168222,38.26833957780409,114.24124262546856,6.030266738512296,12.77433420361642,11.386618310741556,74.89275590449614,0.45328258396612237,1.0,114.44444444444444,False,ellipse,360.0,1.0,True,True,19.29685356323935,1169.8303244847982,1171.9111111111113,40.87786945157254,36.43717859437298
r569_svd_normalised_tr050_tid0_010,r569,0,10,False,28,circle,266.16322456285286,175.25444031391987,537.9999999999994,13.086279790944376,26.172559581888752,26.172559581888752,,0.0,1.0,537.2222222222222,False,circle,360.0,1.0,True,True,41.87609533102201,5509.119999999995,5501.155555555556,83.75219066204401,83.75219066204401
r569_svd_normalised_tr050_tid0_010,r569,0,10,False,29,ellipse,303.11880029881286,152.0810786565515,350.26624372967325,10.559034433868288,22.153095018008123,20.131400706760658,-16.398167858929668,0.4173629679687526,1.0,350.22222222222223,False,ellipse,360.0,1.0,True,True,33.78891018837852,3586.7263357918546,3586.2755555555564,70.889904057626,64.4204822616341
r569_svd_normalised_tr050_tid0_010,r569,0,10,False,30,ellipse,339.4164910864808,110.84393262121644,109.43326538405786,5.902007306766065,12.255585696168216,11.369082184300987,-11.01454140433168,0.3734126402811145,1.0,109.33333333333333,False,ellipse,360.0,1.0,True,True,18.886423381651408,1120.5966375327528,1119.5733333333335,39.21787422773829,36.38106298976316
r569_svd_normalised_tr050_tid0_010,r569,0,10,False,31,ellipse,184.85282418456643,131.4484221691859,139.66666666666626,6.667629321605692,13.936683998115429,12.759787271160818,68.8706294828122,0.40219498842053364,1.0,140.0,False,ellipse,360.0,1.0,True,True,21.336413829138216,1430.1866666666629,1433.6000000000004,44.59738879396937,40.83131926771462
r569_svd_normalised_tr050_tid0_010,r569,0,10,False,32,ellipse,298.912938331318,182.10671100362757,367.55555555555577,10.816495137294192,22.528040346287977,20.773500980414717,-66.77562526537372,0.38690988086297423,1.0,367.55555555555554,False,ellipse,360.0,1.0,True,True,34.61278443934142,3763.768888888892,3763.7688888888897,72.08972910812153,66.4752031373271
r569_svd_normalised_tr050_tid0_010,r569,0,10,False,33,circle,248.95958694349673,241.6730693164414,986.1083615595641,17.716885740245353,35.43377148049072,35.43377148049069,,3.942476676500724e-08,1.0,761.2222222222222,True,circle,233.0,0.6472222222222223,True,True,56.69403436878513,10097.749622369938,7794.915555555556,113.38806873757031,113.38806873757022
r569_svd_normalised_tr050_tid0_010,r569,0,10,False,34,ellipse,339.0173568740964,130.60482575631923,58.868109752044084,4.328775960364322,9.06877443456076,8.264976243589029,-60.792432246711314,0.4115960374752948,1.0,58.888888888888886,False,ellipse,360.0,1.0,True,True,13.85208307316583,602.8094438609315,603.0222222222224,29.020078190594432,26.447923979484894
r569_svd_normalised_tr050_tid0_010,r569,0,10,False,35,ellipse,273.1046565237437,178.67865375749193,80.33333333333296,5.056767167874919,10.70172788416894,9.557669365869316,83.4086103884145,0.44986631546058053,1.0,80.66666666666667,False,ellipse,360.0,1.0,True,True,16.181654937199742,822.6133333333297,826.0266666666669,34.24552922934061,30.584541970781814
r569_svd_normalised_tr050_tid0_010,r569,0,10,False,36,circle,326.5148619957537,133.02415074309977,139.5555555555553,6.664976594497874,13.32995318899575,13.329953188995747,,2.1073424255447017e-08,1.0,139.33333333333334,False,circle,360.0,1.0,True,True,21.3279251023932,1429.0488888888865,1426.7733333333338,42.655850204786404,42.65585020478639
r569_svd_normalised_tr050_tid0_010,r569,0,10,False,37,ellipse,244.69230769230768,146.26990553306342,82.33333333333321,5.11932749123021,10.620999226133497,9.870074709347687,-72.69246385653742,0.3693304582194794,1.0,82.22222222222223,False,ellipse,360.0,1.0,True,True,16.381847971936672,843.0933333333323,841.9555555555557,33.987197523627195,31.5842390699126
r569_svd_normalised_tr050_tid0_010,r569,0,10,False,38,ellipse,172.81725335786822,121.67298302647912,146.92219292520375,6.838624606446426,14.316201516693168,13.066814253309555,80.82978301055596,0.4085652001138771,1.0,146.22222222222223,False,ellipse,360.0,1.0,True,True,21.883598740628564,1504.4832555540866,1497.3155555555559,45.81184485341814,41.81380561059058
r569_svd_normalised_tr050_tid0_010,r569,0,10,False,39,circle,249.28715697865186,170.99718389478085,198.7927471681278,7.954727947909333,15.909455895818667,15.909455895818667,,0.0,1.0,198.0,False,circle,360.0,1.0,True,True,25.455129433309867,2035.637731001629,2027.5200000000004,50.910258866619735,50.910258866619735
r569_svd_normalised_tr050_tid0_010,r569,0,10,False,40,circle,247.0279595015577,203.24727414330215,475.5555555555561,12.303415573041432,24.60683114608288,24.606831146082847,,5.1619136559035694e-08,1.0,474.77777777777777,False,circle,360.0,1.0,True,True,39.37092983373259,4869.688888888895,4861.724444444445,78.74185966746522,78.74185966746512
r569_svd_normalised_tr050_tid0_010,r569,0,10,False,41,circle,226.4541409993155,163.8357289527721,108.22222222222226,5.869259172852437,11.738518345704875,11.738518345704872,,2.5809568279517847e-08,1.0,108.0,False,circle,360.0,1.0,True,True,18.781629353127798,1108.1955555555562,1105.9200000000003,37.5632587062556,37.56325870625559
r569_svd_normalised_tr050_tid0_010,r569,0,10,False,42,ellipse,330.87371134020617,163.6454753722795,129.33333333333286,6.416235548442985,13.348275774307977,12.336598167185453,34.11084107675808,0.38188677380478614,1.0,129.66666666666666,False,ellipse,360.0,1.0,True,True,20.531953755017554,1324.3733333333287,1327.7866666666669,42.71448247778553,39.47711413499346
r569_svd_normalised_tr050_tid0_010,r569,0,10,False,43,circle,250.50708779769133,154.18212576672119,679.4044318907171,14.705820187527696,29.41164037505539,29.41164037505539,,0.0,1.0,680.3333333333334,False,circle,360.0,1.0,True,True,47.05862460008863,6957.101382560944,6966.6133333333355,94.11724920017726,94.11724920017726
r569_svd_normalised_tr050_tid0_010,r569,0,10,False,44,circle,286.4503882541029,172.8191171381812,146.99214293718705,6.840252355596795,13.680504711193601,13.68050471119358,,5.5755039852469285e-08,1.0,146.66666666666666,False,circle,360.0,1.0,True,True,21.888807537909745,1505.1995436767957,1501.8666666666668,43.777615075819526,43.777615075819455
r569_svd_normalised_tr050_tid0_010,r569,0,10,False,45,circle,245.47535120591283,108.39815433083014,90.06023013997941,5.354163016339981,10.708326032679961,10.708326032679961,,0.0,1.0,90.0,False,circle,360.0,1.0,True,True,17.13332165228794,922.2167566333893,921.6000000000001,34.26664330457588,34.26664330457588
r569_svd_normalised_tr050_tid0_010,r569,0,10,False,46,ellipse,283.8851556194757,161.3008133844048,73.26063413644889,4.8290355262438664,10.03759625498176,9.292895837348162,86.82383850193185,0.3779919324463791,1.0,73.22222222222223,False,ellipse,360.0,1.0,True,True,15.452913683980373,750.1888935572367,749.7955555555558,32.12030801594164,29.73726667951412
r569_svd_normalised_tr050_tid0_010,r569,0,10,False,47,circle,342.936766034327,98.06775067750678,40.999999999999964,3.6125759969217817,7.225151993843572,7.225151993843555,,6.828569911354542e-08,1.0,40.666666666666664,False,circle,360.0,1.0,True,True,11.560243190149702,419.8399999999997,416.42666666666673,23.120486380299432,23.12048638029938
r569_svd_normalised_tr050_tid0_010,r569,0,10,False,48,circle,269.0367412140575,120.15974440894567,69.55555555555507,4.705339623485117,9.410679246970243,9.410679246970226,,6.143906154658885e-08,1.0,69.77777777777777,False,circle,360.0,1.0,True,True,15.057086795152376,712.248888888884,714.5244444444445,30.11417359030478,30.114173590304723
r569_svd_normalised_tr050_tid0_010,r569,0,10,False,49,circle,164.60282684616257,78.55334514052836,197.58308847080917,7.9304886610463745,15.860977322092749,15.860977322092747,,1.4901161193847656e-08,1.0,197.44444444444446,False,circle,360.0,1.0,True,True,25.3775637153484,2023.2508259410863,2021.8311111111116,50.7551274306968,50.755127430696795
r569_svd_normalised_tr050_tid0_010,r569,0,10,False,50,circle,358.21070491179466,63.264013473910765,40.619237405392624,3.5957620660136707,7.191524132027361,7.191524132027321,,1.0536712127723508e-07,1.0,40.666666666666664,False,circle,360.0,1.0,True,True,11.506438611243746,415.94099103122056,416.42666666666673,23.012877222487557,23.01287722248743
r569_svd_normalised_tr050_tid0_010,r569,0,10,False,51,circle,330.1580490935074,118.29407070312045,43.4467085965397,3.718805839032857,7.43761167806573,7.437611678065698,,9.30577218293905e-08,1.0,43.44444444444444,False,circle,360.0,1.0,True,True,11.900178684905143,444.8942960285666,444.8711111111112,23.80035736981034,23.800357369810236
r569_svd_normalised_tr050_tid0_010,r569,0,10,False,52,circle,329.1046153846154,72.18615384615384,72.22222222222243,4.7946894931263335,9.589378986252669,9.589378986252667,,2.1073424255447017e-08,1.0,71.77777777777777,False,circle,360.0,1.0,True,True,15.343006378004269,739.5555555555578,735.0044444444445,30.68601275600854,30.686012756008537
r569_svd_normalised_tr050_tid0_010,r569,0,10,False,53,circle,350.84669479606185,91.4254571026723,52.666666666666366,4.094425560728417,8.188851121456846,8.188851121456823,,7.450580596923828e-08,1.0,52.666666666666664,False,circle,360.0,1.0,True,True,13.102161794330934,539.3066666666637,539.3066666666667,26.204323588661907,26.204323588661836
r569_svd_normalised_tr050_tid0_010,r569,0,10,False,54,circle,350.9908160546669,200.37223901995165,174.97127108713136,7.462914000923364,14.92582800184675,14.925828001846707,,7.598131170262075e-08,1.0,175.44444444444446,False,circle,360.0,1.0,True,True,23.881324802954765,1791.7058159322255,1796.5511111111116,47.7626496059096,47.762649605909466
r569_svd_normalised_tr050_tid0_010,r569,0,10,False,55,circle,212.9445421307642,174.01512935180367,429.9144815053716,11.698120775438174,23.396241550876347,23.396241550876347,,0.0,1.0,429.55555555555554,False,circle,360.0,1.0,True,True,37.43398648140216,4402.324290615006,4398.64888888889,74.86797296280432,74.86797296280432
r569_svd_normalised_tr050_tid0_010,r569,0,10,False,56,ellipse,323.4082998661312,49.75100401606426,27.666666666666405,2.967587154196395,6.182510409649002,5.697733078787607,-88.9332544411825,0.3881673173628187,1.0,27.77777777777778,False,ellipse,360.0,1.0,True,True,9.496278893428466,283.30666666666406,284.4444444444445,19.784033310876808,18.232745852120342
r569_svd_normalised_tr050_tid0_010,r569,0,10,False,57,circle,198.09856915739266,209.4695283518813,279.5555555555552,9.433201846188554,18.86640369237711,18.86640369237711,,0.0,1.0,279.0,False,circle,360.0,1.0,True,True,30.186245907803375,2862.6488888888857,2856.9600000000005,60.37249181560675,60.37249181560675
r569_svd_normalised_tr050_tid0_010,r569,0,10,False,58,circle,344.29901269393514,72.5049365303244,78.77777777777749,5.007568819123338,10.015137638246681,10.015137638246673,,4.2146848510894035e-08,1.0,78.55555555555556,False,circle,360.0,1.0,True,True,16.024220221194682,806.6844444444416,804.408888888889,32.048440442389385,32.04844044238936
r569_svd_normalised_tr050_tid0_010,r569,0,10,False,59,circle,279.808517203858,198.586570561468,312.76350583302093,9.977761068704353,19.955522137408707,19.955522137408707,,0.0,1.0,312.55555555555554,False,circle,360.0,1.0,True,True,31.928835419853932,3202.6982997301347,3200.5688888888894,63.857670839707865,63.857670839707865
r569_svd_normalised_tr050_tid0_010,r569,0,10,False,60,ellipse,348.0795847750865,100.85005767012689,32.11111111111106,3.197074306770616,6.698593340698715,6.103540611078001,-22.64540005846615,0.4120361267153036,1.0,32.333333333333336,False,ellipse,360.0,1.0,True,True,10.230637781665973,328.8177777777773,331.0933333333334,21.43549869023589,19.531329955449607
r569_svd_normalised_tr050_tid0_010,r569,0,10,False,61,circle,260.5914696813977,141.032887975334,216.22222222222234,8.296123850688458,16.592247701376937,16.592247701376895,,7.146345858741878e-08,1.0,215.88888888888889,False,circle,360.0,1.0,True,True,26.547596322203066,2214.1155555555574,2210.7022222222226,53.095192644406204,53.09519264440607
r569_svd_normalised_tr050_tid0_010,r569,0,10,False,62,ellipse,310.3939763970963,178.44575672744318,184.04756254218768,7.654028918498273,16.09598614365054,14.558700078980332,20.522143630166426,0.4264893524462828,1.0,183.88888888888889,False,ellipse,360.0,1.0,True,True,24.492892539194475,1884.647040432002,1883.0222222222226,51.50715565968173,46.58784025273707
r569_svd_normalised_tr050_tid0_010,r569,0,10,False,63,circle,282.32726013668196,229.73786633280235,176.52511906002823,7.495978292162917,14.991956584325862,14.991956584325806,,8.688795409866125e-08,1.0,176.44444444444446,False,circle,360.0,1.0,True,True,23.987130534921334,1807.6172191746894,1806.7911111111116,47.97426106984276,47.97426106984258
r569_svd_normalised_tr050_tid0_010,r569,0,10,False,64,circle,304.1966426064831,243.2046422840942,146.78604095523175,6.835455214528807,13.670910429057642,13.670910429057585,,9.06402249678704e-08,1.0,144.33333333333334,True,circle,315.0,0.875,True,True,21.873456686492183,1503.0890593815734,1477.9733333333338,43.74691337298446,43.746913372984274
r569_svd_normalised_tr050_tid0_010,r569,0,10,False,65,circle,349.0816560094051,49.38044365261897,93.4459471134072,5.4538764920013705,10.907752984002741,10.90775298400274,,1.4901161193847656e-08,1.0,93.55555555555556,False,circle,360.0,1.0,True,True,17.452404774404386,956.88649844129,958.0088888888891,34.90480954880877,34.904809548808764
r569_svd_normalised_tr050_tid0_010,r569,0,10,False,66,circle,303.5608951707892,222.28032979976444,314.44444444444474,10.00453773655917,20.009075473118344,20.00907547311834,,2.1073424255447017e-08,1.0,314.1111111111111,False,circle,360.0,1.0,True,True,32.01452075698935,3219.9111111111147,3216.497777777778,64.0290415139787,64.0290415139787
r569_svd_normalised_tr050_tid0_010,r569,0,10,False,67,circle,208.2287188306105,110.47205503009458,129.22222222222243,6.413478841313202,12.826957682626407,12.8269576826264,,3.332000937312528e-08,1.0,128.88888888888889,False,circle,360.0,1.0,True,True,20.52313229220225,1323.235555555558,1319.8222222222225,41.046264584404504,41.04626458440448
r569_svd_normalised_tr050_tid0_010,r569,0,10,False,68,circle,212.54265491051757,192.16359742627498,285.38924705593723,9.531118441633863,19.062236883267726,19.062236883267722,,2.1073424255447017e-08,1.0,285.6666666666667,False,circle,360.0,1.0,True,True,30.499579013228363,2922.385889852798,2925.2266666666674,60.999158026456726,60.99915802645671
r569_svd_normalised_tr050_tid0_010,r569,0,10,False,69,ellipse,287.7177541729894,241.15680323722813,73.22222222222192,4.827769383647036,10.041218593911324,9.284672773008856,76.75848563891043,0.38080352832462855,1.0,73.55555555555556,False,ellipse,360.0,1.0,True,True,15.448862027670515,749.7955555555526,753.2088888888891,32.13189950051624,29.71095287362834
r569_svd_normalised_tr050_tid0_010,r569,0,10,False,70,circle,271.4701880179961,131.42936471237107,152.8450468590241,6.975104979099033,13.95020995819808,13.950209958198052,,6.322027276634104e-08,1.0,153.22222222222223,False,circle,360.0,1.0,True,True,22.320335933116908,1565.1332798364072,1568.995555555556,44.64067186623386,44.64067186623377
r569_svd_normalised_tr050_tid0_010,r569,0,10,False,71,circle,194.95138888888889,127.32787698412696,74.66666666666687,4.875155194287641,9.750310388575288,9.750310388575278,,4.712160915387242e-08,1.0,74.55555555555556,False,circle,360.0,1.0,True,True,15.600496621720453,764.5866666666689,763.4488888888891,31.200993243440923,31.20099324344089
r569_svd_normalised_tr050_tid0_010,r569,0,10,False,72,circle,187.4257858188637,143.3901308142856,67.8789384989149,4.648283251681865,9.29656650336373,9.29656650336373,,0.0,1.0,68.22222222222223,False,circle,360.0,1.0,True,True,14.874506405381968,695.0803302288888,698.5955555555557,29.749012810763936,29.749012810763936
r569_svd_normalised_tr050_tid0_010,r569,0,10,False,73,circle,291.67487996269546,213.56925821154766,181.04387877026468,7.591314540027633,15.182629080055273,15.182629080055259,,4.2146848510894035e-08,1.0,181.0,False,circle,360.0,1.0,True,True,24.29220652808843,1853.8893186075106,1853.4400000000003,48.58441305617688,48.58441305617683
r569_svd_normalised_tr050_tid0_010,r569,0,10,False,74,circle,208.2457516339869,234.86274509803923,56.666666666666465,4.247064894380754,8.494129788761509,8.494129788761509,,0.0,1.0,56.77777777777778,False,circle,360.0,1.0,True,True,13.590607662018414,580.2666666666647,581.4044444444446,27.181215324036827,27.181215324036827
r569_svd_normalised_tr050_tid0_010,r569,0,10,False,75,circle,194.23174155592574,94.09958872308181,211.7879056646543,8.210614115108534,16.42122823021708,16.42122823021706,,4.712160915387242e-08,1.0,211.77777777777777,False,circle,360.0,1.0,True,True,26.27396516834731,2168.7081540060603,2168.6044444444447,52.547930336694655,52.5479303366946
r569_svd_normalised_tr050_tid0_010,r569,0,10,False,76,circle,263.03646833013437,105.75303902751119,57.888888888889234,4.292622232799951,8.58524446559992,8.585244465599883,,9.30577218293905e-08,1.0,57.666666666666664,False,circle,360.0,1.0,True,True,13.736391144959843,592.7822222222259,590.5066666666668,27.47278228991975,27.47278228991963
r569_svd_normalised_tr050_tid0_010,r569,0,10,False,77,circle,288.2507285107364,111.7448228006441,32.24785150843348,3.2038742084110052,6.407748416822038,6.407748416821982,,1.3244441773467643e-07,1.0,32.22222222222222,False,circle,360.0,1.0,True,True,10.252397466915218,330.2179994463589,329.95555555555563,20.504794933830524,20.504794933830343
r569_svd_normalised_tr050_tid0_010,r569,0,10,False,78,circle,194.09715135152902,180.80554130884946,130.805586044267,6.452651486478613,12.905302972957228,12.905302972957227,,1.4901161193847656e-08,1.0,130.77777777777777,False,circle,360.0,1.0,True,True,20.648484756731563,1339.4492010932943,1339.1644444444446,41.29696951346313,41.296969513463125
r569_svd_normalised_tr050_tid0_010,r569,0,10,False,79,circle,247.08617424242428,127.73295454545455,39.11111111111106,3.528378285600816,7.056756571201651,7.056756571201611,,1.0641557616804317e-07,1.0,39.0,False,circle,360.0,1.0,True,True,11.290810513922612,400.4977777777773,399.36000000000007,22.581621027845287,22.58162102784516
r569_svd_normalised_tr050_tid0_010,r569,0,10,False,80,circle,267.4795116066843,152.1756114700935,236.46704076633782,8.675816781868482,17.351633563736996,17.351633563736932,,8.560065398421926e-08,1.0,236.55555555555554,False,circle,360.0,1.0,True,True,27.762613701979145,2421.4224974472995,2422.328888888889,55.52522740395839,55.52522740395818
r569_svd_normalised_tr050_tid0_010,r569,0,10,False,81,circle,354.8117783383416,85.86817101717973,41.921701981944075,3.6529566362747055,7.305913272549423,7.3059132725493985,,8.296615425989064e-08,1.0,42.22222222222222,False,circle,360.0,1.0,True,True,11.689461236079058,429.2782282951074,432.3555555555556,23.378922472158155,23.378922472158077
r569_svd_normalised_tr050_tid0_010,r569,0,10,False,82,circle,217.0441501103753,28.12306843267107,67.11111111111114,4.621918447944048,9.243836895888112,9.24383689588808,,8.296615425989064e-08,1.0,67.0,False,circle,360.0,1.0,True,True,14.790139033420955,687.2177777777782,686.0800000000002,29.58027806684196,29.580278066841856
r569_svd_normalised_tr050_tid0_010,r569,0,10,False,83,ellipse,296.1234510532838,46.47397769516729,478.2222222222227,12.337862907575005,28.551481753481113,21.326089124261372,75.53859028221473,0.6648975322321728,1.0,478.44444444444446,False,ellipse,360.0,1.0,True,True,39.48116130424002,4896.995555555562,4899.271111111112,91.36474161113956,68.24348519763639
r569_svd_normalised_tr050_tid0_010,r569,0,10,False,84,ellipse,247.2295335726291,32.57636900898494,153.56549305045397,6.991524484305816,15.672639748305027,12.475604722537991,83.10149499077028,0.6052812255343605,1.0,154.11111111111111,False,ellipse,360.0,1.0,True,True,22.372878349778613,1572.510648836649,1578.0977777777782,50.15244719457609,39.921935112121574
r569_svd_normalised_tr050_tid0_010,r569,0,10,False,85,circle,57.72376523401924,140.37680389188617,84.27354147109038,5.179295453434545,10.358590906869097,10.358590906869082,,5.1619136559035694e-08,1.0,84.33333333333333,False,circle,360.0,1.0,True,True,16.573745450990543,862.9610646639657,863.5733333333335,33.14749090198111,33.147490901981065
r569_svd_normalised_tr050_tid0_010,r569,0,10,False,86,circle,278.30662839001496,215.64746279173983,206.7396901805912,8.112169084225016,16.22433816845006,16.224338168450004,,8.429369702178807e-08,1.0,207.88888888888889,False,circle,360.0,1.0,True,True,25.95894106952005,2117.014427449254,2128.7822222222226,51.917882139040195,51.91788213904002
r569_svd_normalised_tr050_tid0_010,r569,0,10,False,87,circle,287.62629801177957,122.08841768355228,66.80330041068687,4.611306859278323,9.22261371855666,9.222613718556634,,7.598131170262075e-08,1.0,66.55555555555556,False,circle,360.0,1.0,True,True,14.756181949690635,684.0657962054337,681.528888888889,29.512363899381313,29.512363899381228
r569_svd_normalised_tr050_tid0_010,r569,0,10,False,88,circle,271.9713327743272,200.7082083955513,31.85397815714861,3.1842481313024162,6.3684962626048325,6.3684962626048325,,0.0,1.0,32.0,False,circle,360.0,1.0,True,True,10.189594020167732,326.1847363292018,327.68000000000006,20.379188040335464,20.379188040335464
r569_svd_normalised_tr050_tid0_010,r569,0,10,False,89,circle,233.17536379167615,225.8940841371359,93.28257122971632,5.44910677368891,10.89821354737782,10.898213547377818,,1.4901161193847656e-08,1.0,92.77777777777777,False,circle,360.0,1.0,True,True,17.43714167580451,955.2135293922953,950.0444444444446,34.87428335160902,34.874283351609016
r569_svd_normalised_tr050_tid0_010,r569,0,10,False,90,ellipse,180.46729957805908,213.834388185654,35.111111111110965,3.3430844711978427,6.982741452382674,6.40219252439918,-76.56393363108117,0.3992101442372777,1.0,34.888888888888886,False,ellipse,360.0,1.0,True,True,10.697870307833098,359.53777777777634,357.26222222222225,22.34477264762456,20.487016078077378
r569_svd_normalised_tr050_tid0_010,r569,0,10,False,91,ellipse,238.45917740945367,48.63228974831185,60.33333333333333,4.382316335731828,9.352358913019545,8.213840655617663,-89.43998503989374,0.4781759624208916,1.0,60.666666666666664,False,ellipse,360.0,1.0,True,True,14.023412274341851,617.8133333333334,621.2266666666668,29.927548521662544,26.284290097976523
r569_svd_normalised_tr050_tid0_010,r569,0,10,False,92,ellipse,184.4135770234987,69.49260226283725,212.77777777777823,8.229779476200106,17.495300549880014,15.485134429965308,66.27191636884999,0.46539611814605164,1.0,213.22222222222223,False,ellipse,360.0,1.0,True,True,26.33529432384034,2178.8444444444494,2183.3955555555563,55.98496175961605,49.552430175888986
r569_svd_normalised_tr050_tid0_010,r569,0,10,False,93,circle,273.9144138325728,107.49703923688227,21.183656391405624,2.5967224062084213,5.193444812416857,5.193444812416828,,1.043081283569336e-07,1.0,21.555555555555557,False,circle,360.0,1.0,True,True,8.309511699866949,216.92064144799363,220.72888888888895,16.619023399733944,16.61902339973385
r569_svd_normalised_tr050_tid0_010,r569,0,10,False,94,circle,214.3808516086191,87.90490103799897,78.46545165701862,4.997632338048221,9.995264676096452,9.995264676096431,,6.495265578539184e-08,1.0,78.55555555555556,False,circle,360.0,1.0,True,True,15.992423481754308,803.4862249678708,804.408888888889,31.984846963508648,31.98484696350858
r569_svd_normalised_tr050_tid0_010,r569,0,10,False,95,circle,207.1064139941691,91.81778425655978,76.22222222222221,4.925676286585544,9.851352573171098,9.851352573171077,,6.495265578539184e-08,1.0,76.77777777777777,False,circle,360.0,1.0,True,True,15.762164117073741,780.5155555555556,786.2044444444446,31.524328234147518,31.524328234147447
r569_svd_normalised_tr050_tid0_010,r569,0,10,False,96,circle,167.6412213740458,70.41730279898216,29.111111111111057,3.044068735173607,6.088137470347214,6.088137470347214,,0.0,1.0,29.11111111111111,False,circle,360.0,1.0,True,True,9.741019952555543,298.0977777777773,298.0977777777778,19.482039905111087,19.482039905111087
r569_svd_normalised_tr050_tid0_010,r569,0,10,False,97,circle,194.2439078917952,113.68432819137043,165.6666666666669,7.261772360182791,14.523544720365582,14.52354472036558,,1.4901161193847656e-08,1.0,165.66666666666666,False,circle,360.0,1.0,True,True,23.23767155258493,1696.4266666666695,1696.426666666667,46.47534310516986,46.475343105169856
r569_svd_normalised_tr050_tid0_010,r569,0,10,False,98,ellipse,269.0311809794828,214.2999004943011,128.74603375132617,6.401650986269019,13.303246617299319,12.322145572106564,29.361125680263115,0.37690724657920655,1.0,128.44444444444446,False,ellipse,360.0,1.0,True,True,20.485283156060863,1318.3593856135801,1315.2711111111114,42.570389175357825,39.430865830741006
r569_svd_normalised_tr050_tid0_010,r569,0,10,False,99,ellipse,263.0355846042121,190.38053740014524,50.999999999999694,4.029119531035686,8.393217510252917,7.73662980879143,-82.84194254276082,0.38773322914445096,1.0,51.111111111111114,False,ellipse,360.0,1.0,True,True,12.893182499314197,522.2399999999969,523.377777777778,26.858296032809335,24.75721538813258
r569_svd_normalised_tr050_tid0_010,r569,0,10,False,100,ellipse,262.3995262729307,242.0837897038345,53.96510160912572,4.144589889373556,8.75546077741759,7.8477310505017295,32.560820673022505,0.44339936325335705,1.0,53.55555555555556,False,ellipse,360.0,1.0,True,True,13.26268764599538,552.6026404774475,548.408888888889,28.017474487736287,25.112739361605534
r569_svd_normalised_tr050_tid0_010,r569,0,10,False,101,circle,331.72213551824484,226.41951794838783,25.21282103468156,2.8329296133017094,5.665859226603457,5.66585922660338,,1.6526187220825877e-07,1.0,25.444444444444443,False,circle,360.0,1.0,True,True,9.06537476256547,258.1792873951392,260.55111111111114,18.130749525131062,18.130749525130817
r569_svd_normalised_tr050_tid0_010,r569,0,10,False,102,circle,318.8117373846535,118.82639934462568,26.845409706349848,2.923210445415357,5.8464208908307285,5.8464208908307,,9.8843121241194e-08,1.0,27.22222222222222,False,circle,360.0,1.0,True,True,9.354273425329144,274.8969953930225,278.7555555555556,18.708546850658333,18.70854685065824
r569_svd_normalised_tr050_tid0_010,r569,0,10,False,103,ellipse,186.34316134316128,34.28009828009828,45.22222222222223,3.794032209738558,8.145245725622273,7.068997495435995,-86.1178990589745,0.49679499505957125,1.0,45.333333333333336,False,ellipse,360.0,1.0,True,True,12.140903071163386,463.0755555555557,464.2133333333334,26.064786321991274,22.620791985395186
r569_svd_normalised_tr050_tid0_010,r569,0,10,False,104,circle,304.82534904861706,146.13831257081227,196.87092883611905,7.916183610220408,15.832367220440823,15.832367220440808,,4.2146848510894035e-08,1.0,197.44444444444446,False,circle,360.0,1.0,True,True,25.331787552705308,2015.9583112818596,2021.8311111111116,50.66357510541064,50.66357510541059
r569_svd_normalised_tr050_tid0_010,r569,0,10,False,105,circle,188.7361111111111,84.43452380952381,18.66666666666664,2.4375775971438154,4.875155194287637,4.8751551942876254,,6.828569911354542e-08,1.0,18.666666666666668,False,circle,360.0,1.0,True,True,7.800248310860209,191.14666666666642,191.1466666666667,15.600496621720438,15.600496621720403
r569_svd_normalised_tr050_tid0_010,r569,0,10,False,106,ellipse,159.96532846715328,41.267031630170315,60.88888888888875,4.402446512120239,9.370554585584527,8.273378108013295,73.93753208256447,0.4695378915274904,1.0,60.55555555555556,False,ellipse,360.0,1.0,True,True,14.087828838784766,623.5022222222209,620.0888888888891,29.985774673870488,26.474809945642548
r569_svd_normalised_tr050_tid0_010,r569,0,10,False,107,ellipse,202.89221344296743,86.33449948239067,103.63836118530885,5.743615146679855,12.680468625557301,10.406276274894498,82.3897391637716,0.5714255374908681,1.0,103.77777777777777,False,ellipse,360.0,1.0,True,True,18.37956846937554,1061.2568185375628,1062.6844444444446,40.577499601783366,33.3000840796624
r569_svd_normalised_tr050_tid0_010,r569,0,10,False,108,ellipse,313.4825338856993,105.72050504856585,40.56446180292902,3.5933367807091305,7.559181956681072,6.832521981130467,-0.8267729166603885,0.4278060565865756,1.0,40.55555555555556,False,ellipse,360.0,1.0,True,True,11.49867769826922,415.3800888619932,415.288888888889,24.189382261379432,21.8640703396175
r569_svd_normalised_tr050_tid0_010,r569,0,10,False,109,circle,227.35442428750937,152.3861996673486,39.94169298878905,3.5656466102586992,7.1312932205173984,7.1312932205173984,,0.0,1.0,39.888888888888886,False,circle,360.0,1.0,True,True,11.410069152827838,409.00293620519994,408.4622222222223,22.820138305655675,22.820138305655675
r569_svd_normalised_tr050_tid0_010,r569,0,10,False,110,ellipse,268.11212980772456,137.29962218756617,84.3600987404305,5.181954595374199,10.845365880665558,9.90382573496797,-79.7650237738977,0.4075452200607725,1.0,83.77777777777777,False,ellipse,360.0,1.0,True,True,16.58225470519744,863.8474111020086,857.8844444444445,34.70517081812979,31.692242351897505
r569_svd_normalised_tr050_tid0_010,r569,0,10,False,111,circle,288.58217499141676,132.74237561815025,20.56216147407022,2.5583469816473325,5.116693963294665,5.116693963294665,,0.0,1.0,20.333333333333332,False,circle,360.0,1.0,True,True,8.186710341271464,210.55653349447908,208.21333333333337,16.37342068254293,16.37342068254293
r569_svd_normalised_tr050_tid0_010,r569,0,10,False,112,circle,265.2544365311279,170.1987250482423,26.367335811644697,2.8970646629259784,5.794129325851957,5.794129325851956,,1.4901161193847656e-08,1.0,26.444444444444443,False,circle,360.0,1.0,True,True,9.27060692136313,270.0015187112418,270.79111111111115,18.54121384272626,18.54121384272626
r569_svd_normalised_tr050_tid0_010,r569,0,10,False,113,ellipse,297.1767378464334,184.24716038164468,244.55555555555512,8.822950246629663,19.615562564173693,15.874018560483055,57.4713111474465,0.5874556666378768,1.0,244.66666666666666,False,ellipse,360.0,1.0,True,True,28.233440789214924,2504.2488888888847,2505.386666666667,62.76980020535582,50.79685939354578
r569_svd_normalised_tr050_tid0_010,r569,0,10,False,114,circle,224.49700598802394,245.2754491017964,37.111111111111356,3.4369802958311917,6.873960591662383,6.873960591662383,,0.0,1.0,37.0,False,circle,360.0,1.0,True,True,10.998336946659814,380.01777777778034,378.88000000000005,21.996673893319628,21.996673893319628
r569_svd_normalised_tr050_tid0_010,r569,0,10,False,115,circle,225.11082971863573,117.81067644557851,78.75301532299244,5.006781735215951,10.013563470431912,10.013563470431892,,6.322027276634104e-08,1.0,79.11111111111111,False,circle,360.0,1.0,True,True,16.021701552691045,806.4308769074428,810.097777777778,32.04340310538212,32.043403105382055
r569_svd_normalised_tr050_tid0_010,r569,0,10,False,116,ellipse,181.4003839313848,112.35171981939483,11.478934275741267,1.9115068042835779,4.068063889019451,3.5927245613668344,-61.40769071117319,0.46908424178098285,1.0,11.555555555555555,False,ellipse,360.0,1.0,True,True,6.11682177370745,117.5442869835906,118.32888888888891,13.017804444862245,11.49671859637387
r569_svd_normalised_tr050_tid0_010,r569,0,10,False,117,ellipse,212.59188405797101,141.1567149758454,766.6666666666666,15.621702193025344,33.668396903941726,28.99307384356065,-20.984385890791373,0.5083743926778306,1.0,767.1111111111111,False,ellipse,360.0,1.0,True,True,49.9894470176811,7850.666666666668,7855.217777777779,107.73887009261352,92.7778362993941
r569_svd_normalised_tr050_tid0_010,r569,0,10,False,118,circle,291.94943264582145,203.8710793999111,41.820729319632704,3.6485547261697207,7.297109452339441,7.29710945233944,,1.4901161193847656e-08,1.0,41.888888888888886,False,circle,360.0,1.0,True,True,11.675375123743107,428.24426823303895,428.94222222222226,23.350750247486214,23.35075024748621
r569_svd_normalised_tr050_tid0_010,r569,0,10,False,119,ellipse,194.99327217125384,111.60183486238532,60.555555555555685,4.3903794820818325,9.310681005792581,8.28099769917713,54.78239986316976,0.4571134822609395,1.0,60.666666666666664,False,ellipse,360.0,1.0,True,True,14.049214342661864,620.0888888888903,621.2266666666668,29.79417921853626,26.499192637366818
r569_svd_normalised_tr050_tid0_010,r569,0,10,False,120,circle,215.4649758454106,90.3876811594203,30.666666666666686,3.1243404386050697,6.248680877210139,6.248680877210139,,0.0,1.0,30.555555555555557,False,circle,360.0,1.0,True,True,9.997889403536224,314.0266666666669,312.88888888888897,19.995778807072448,19.995778807072448
r569_svd_normalised_tr050_tid0_010,r569,0,10,False,121,ellipse,146.8487287220805,114.45246808308384,22.502693913996847,2.6763463786649546,5.588110650266007,5.127192632273342,-13.108008055237747,0.3976940374033117,1.0,22.555555555555557,False,ellipse,360.0,1.0,True,True,8.564308411727856,230.42758567932776,230.96888888888896,17.881954080851223,16.407016423274694
r569_svd_normalised_tr050_tid0_010,r569,0,10,False,122,circle,229.8155979347531,217.21282722263547,136.8858245151741,6.6009174530211645,13.201834906042329,13.201834906042329,,0.0,1.0,137.22222222222223,False,circle,360.0,1.0,True,True,21.122935849667726,1401.710843035383,1405.1555555555558,42.24587169933545,42.24587169933545
r569_svd_normalised_tr050_tid0_010,r569,0,10,False,123,ellipse,305.0785958731998,134.86302869691414,27.415255954396073,2.9540729514592736,6.161563504259455,5.665151058825047,-76.93644085099396,0.3932443207644519,1.0,27.22222222222222,False,ellipse,360.0,1.0,True,True,9.453033444669677,280.73222097301584,278.7555555555556,19.717003213630257,18.128483388240152
r569_svd_normalised_tr050_tid0_010,r569,0,10,False,124,circle,189.20064724919092,104.58576051779937,45.77777777777792,3.8172659370538162,7.634531874107647,7.634531874107619,,8.429369702178807e-08,1.0,45.666666666666664,False,circle,360.0,1.0,True,True,12.215250998572213,468.764444444446,467.6266666666667,24.43050199714447,24.430501997144383
r569_svd_normalised_tr050_tid0_010,r569,0,10,False,125,ellipse,188.4297701106593,95.09067826379118,22.044193236947017,2.6489402862779095,5.628592193925813,4.986600129132452,1.1136830225641177,0.4637981153105843,1.0,22.22222222222222,False,ellipse,360.0,1.0,True,True,8.47660891608931,225.7325387463375,227.5555555555556,18.011495020562602,15.957120413223848
r569_svd_normalised_tr050_tid0_010,r569,0,10,False,126,ellipse,253.9597950512737,119.22520266929914,28.46657126513798,3.0101812336550164,6.367013460304454,5.6925848301979585,77.86585250816609,0.44791814084089143,1.0,28.555555555555557,False,ellipse,360.0,1.0,True,True,9.632579947696053,291.49768975501297,292.40888888888895,20.374443072974255,18.216271456633468
r569_svd_normalised_tr050_tid0_010,r569,0,10,False,127,circle,356.7251846196307,37.00068157964456,31.89235260615927,3.186165583926843,6.372331167853704,6.372331167853666,,1.0950072449966572e-07,1.0,32.111111111111114,False,circle,360.0,1.0,True,True,10.195729868565898,326.577690687071,328.81777777777785,20.391459737131854,20.391459737131733
r569_svd_normalised_tr050_tid0_010,r569,0,10,False,128,ellipse,236.7404102311997,216.86544813343602,164.4046702255258,7.234060538008426,15.175565878508435,13.793655481851275,29.06754179229995,0.4169303006738957,1.0,164.0,False,ellipse,360.0,1.0,True,True,23.148993721626965,1683.5038231093845,1679.3600000000004,48.56181081122699,44.13969754192408
r569_svd_normalised_tr050_tid0_010,r569,0,10,False,129,ellipse,252.50955697230367,55.9074493427546,166.15645739625293,7.272499091956157,18.09178205926784,11.693539723005822,-84.14305079969154,0.763044986668301,1.0,166.22222222222223,False,ellipse,360.0,1.0,True,True,23.271997094259703,1701.4421237376303,1702.115555555556,57.89370258965709,37.41932711361863
r569_svd_normalised_tr050_tid0_010,r569,0,10,False,130,ellipse,181.43150454016012,131.21664163460557,39.313915184551554,3.5375143629155494,7.3807038443738,6.782013277702801,-0.5192270457721975,0.3945269896566814,1.0,39.333333333333336,False,ellipse,360.0,1.0,True,True,11.32004596132976,402.574491489808,402.7733333333334,23.61825230199616,21.702442488648966
r569_svd_normalised_tr050_tid0_010,r569,0,10,False,131,circle,193.24576178203472,171.14841480202335,28.292001311415433,3.0009371398528666,6.001874279705733,6.001874279705733,,0.0,1.0,28.555555555555557,False,circle,360.0,1.0,True,True,9.602998847529173,289.7100934288941,292.40888888888895,19.205997695058347,19.205997695058347
r569_svd_normalised_tr050_tid0_010,r569,0,10,False,132,circle,162.8718905472637,49.09701492537314,29.777777777777672,3.0787271810361214,6.1574543620722455,6.15745436207224,,4.2146848510894035e-08,1.0,29.555555555555557,False,circle,360.0,1.0,True,True,9.85192697931559,304.9244444444434,302.64888888888896,19.703853958631186,19.70385395863117
r569_svd_normalised_tr050_tid0_010,r569,0,10,False,133,ellipse,212.77208739410156,62.68854704121281,1162.888888888889,19.239517402123607,51.11656298998494,28.965877845827844,85.58166710336133,0.823949487619582,1.0,1162.4444444444443,False,ellipse,360.0,1.0,True,True,61.56645568679554,11907.982222222225,11903.431111111113,163.57300156795182,92.69080910664911
r569_svd_normalised_tr050_tid0_010,r569,0,10,False,134,circle,185.4181506588087,27.800171102987342,38.752015673842145,3.5121431773965543,7.024286354793112,7.024286354793105,,4.470348358154297e-08,1.0,38.77777777777778,False,circle,360.0,1.0,True,True,11.238858167668974,396.82064050014367,397.08444444444456,22.47771633533796,22.477716335337938
r569_svd_normalised_tr050_tid0_010,r569,0,10,False,135,ellipse,313.2694610778443,155.52352437981182,129.88888888888889,6.430001356046611,14.764520048608219,11.201154471027628,60.3901138269909,0.6514943605623665,1.0,130.11111111111111,False,ellipse,360.0,1.0,True,True,20.576004339349154,1330.0622222222225,1332.337777777778,47.246464155546306,35.84369430728841
r569_svd_normalised_tr050_tid0_010,r569,0,10,False,136,ellipse,341.99266190612184,105.66460038526105,22.85017076900524,2.6969307104117894,5.789120744902872,5.025588912213486,50.17359094273297,0.49637328370258854,1.0,22.88888888888889,False,ellipse,360.0,1.0,True,True,8.630178273317727,233.9857486746137,234.38222222222228,18.525186383689192,16.081884519083157
r569_svd_normalised_tr050_tid0_010,r569,0,10,False,137,circle,186.78487296768424,129.0790067989149,25.91706013112203,2.8722215201052848,5.7444430402105695,5.7444430402105695,,0.0,1.0,25.88888888888889,False,circle,360.0,1.0,True,True,9.191108864336911,265.3906957426897,265.1022222222223,18.382217728673822,18.382217728673822
r569_svd_normalised_tr050_tid0_010,r569,0,10,False,138,circle,185.07291666666666,109.65972222222223,10.666666666666718,1.842635463847127,3.6852709276942637,3.685270927694244,,1.0323827311807139e-07,1.0,10.777777777777779,False,circle,360.0,1.0,True,True,5.896433484310807,109.22666666666721,110.36444444444447,11.792866968621645,11.792866968621581
r569_svd_normalised_tr050_tid0_010,r569,0,10,False,139,ellipse,312.9946902654867,168.27964601769912,62.77777777777815,4.470211102321216,9.409045382364644,8.495139086806645,78.00545556424126,0.4299149455284462,1.0,62.333333333333336,False,ellipse,360.0,1.0,True,True,14.304675527427893,642.8444444444484,638.2933333333335,30.108945223566863,27.184445077781266
r569_svd_normalised_tr050_tid0_010,r569,0,10,False,140,ellipse,201.44080996884733,123.27258566978193,23.777777777777697,2.751127357675011,5.956971848187008,5.082247780272056,73.98481182507223,0.5216499587245471,1.0,23.88888888888889,False,ellipse,360.0,1.0,True,True,8.803607544560036,243.48444444444365,244.62222222222226,19.062309914198426,16.263192896870578
r569_svd_normalised_tr050_tid0_010,r569,0,10,False,141,circle,195.4527972027972,79.52680652680654,63.555555555555415,4.4978174324039015,8.995634864807823,8.995634864807785,,9.06402249678704e-08,1.0,63.333333333333336,False,circle,360.0,1.0,True,True,14.393015783692485,650.8088888888876,648.5333333333335,28.786031567385034,28.786031567384914
r569_svd_normalised_tr050_tid0_010,r569,0,10,False,142,circle,301.57094017094016,71.97264957264957,21.666666666666693,2.626159591618302,5.252319183236623,5.252319183236584,,1.219712610821791e-07,1.0,21.555555555555557,False,circle,360.0,1.0,True,True,8.403710693178565,221.866666666667,220.72888888888895,16.807421386357195,16.80742138635707
r569_svd_normalised_tr050_tid0_010,r569,0,10,False,143,ellipse,287.732632934075,247.92252446631937,47.40240752989472,3.8844117888913954,9.515219587967808,6.342956063676498,84.1829710397146,0.7454052128468652,1.0,37.55555555555556,True,ellipse,239.0,0.6638888888888889,True,True,12.430117724452465,485.400653106122,384.568888888889,30.448702681496986,20.297459403764794
r569_svd_normalised_tr050_tid0_010,r569,0,10,False,144,ellipse,339.9032539660053,107.75907962481159,38.531358351281085,3.502129679395544,7.436291554175352,6.597327284413208,-65.98408555399658,0.46142398139311924,1.0,38.55555555555556,False,ellipse,360.0,1.0,True,True,11.206814974065741,394.5611095171184,394.808888888889,23.796132973361125,21.111447310122266
r569_svd_normalised_tr050_tid0_010,r569,0,10,False,145,ellipse,251.01020408163265,141.75623582766437,32.66666666666675,3.2246120617324685,6.804558624742296,6.112445213337741,68.64128418278551,0.4394096260053521,1.0,32.666666666666664,False,ellipse,360.0,1.0,True,True,10.3187585975439,334.50666666666757,334.5066666666667,21.774587599175348,19.559824682680773
r569_svd_normalised_tr050_tid0_010,r569,0,10,False,146,ellipse,340.11009174311926,135.02140672782872,12.111111111111038,1.9634373937910516,4.239102162400524,3.6376442479073763,-86.03393976196773,0.5134547438484652,1.0,12.0,False,ellipse,360.0,1.0,True,True,6.282999660131366,124.01777777777706,122.88000000000002,13.565126919681678,11.640461593303606
r569_svd_normalised_tr050_tid0_010,r569,0,10,False,147,ellipse,265.98192771084337,174.2971887550201,18.44444444444461,2.4230247650064194,5.273477101892556,4.453265955949558,-89.46747095831682,0.5356110036032186,1.0,18.444444444444443,False,ellipse,360.0,1.0,True,True,7.753679248020543,188.87111111111284,188.87111111111113,16.87512672605618,14.250451059038586
r569_svd_normalised_tr050_tid0_010,r569,0,10,False,148,ellipse,260.7083378211256,232.8373343722503,19.802853428611304,2.510666051265192,5.3221722411254015,4.737497198807422,-55.684386302307104,0.45568025161229714,1.0,19.555555555555557,False,ellipse,360.0,1.0,True,True,8.034131364048616,202.7812191089798,200.24888888888896,17.030951171601284,15.159991036183753
r569_svd_normalised_tr050_tid0_010,r569,0,10,False,149,ellipse,340.91266959173834,106.71821580629539,36.50592611145729,3.408841032605047,7.4591547171910655,6.231374801110292,-49.793825191412424,0.549643087008737,1.0,36.55555555555556,False,ellipse,360.0,1.0,True,True,10.908291304336151,373.82068338132274,374.32888888888897,23.86929509501141,19.940399363552935
r569_svd_normalised_tr050_tid0_010,r569,0,10,False,150,circle,213.82554196235532,206.83953730267925,21.41555754972673,2.6108971037204696,5.221794207440939,5.221794207440938,,2.1073424255447017e-08,1.0,21.333333333333332,False,circle,360.0,1.0,True,True,8.354870731905503,219.29530930920177,218.45333333333338,16.709741463811007,16.709741463811003
r569_svd_normalised_tr050_tid0_010,r569,0,10,False,151,ellipse,279.57589285714283,219.90773809523807,24.888888888888836,2.814672163763165,5.9943748147865525,5.286542556478639,82.30356816623188,0.4714042457081042,1.0,25.0,False,ellipse,360.0,1.0,True,True,9.006950924042128,254.86222222222173,256.00000000000006,19.18199940731697,16.916936180731646
r569_svd_normalised_tr050_tid0_010,r569,0,10,False,152,ellipse,252.4549333669698,151.07723552009855,35.46297988711784,3.359794203758102,7.157129851529195,6.308795467330913,82.57203274679662,0.4722399661434849,1.0,35.55555555555556,False,ellipse,360.0,1.0,True,True,10.751341452025926,363.14091404408674,364.08888888888896,22.902815524893427,20.188145495458922
r569_svd_normalised_tr050_tid0_010,r569,0,10,False,153,ellipse,197.9224417889942,106.1881843577729,49.30646978127839,3.9616583376413517,8.233002031760568,7.625280170541647,44.119813728881724,0.3770702579240755,1.0,49.44444444444444,False,ellipse,360.0,1.0,True,True,12.677306680452325,504.89825056029076,506.3111111111112,26.34560650163382,24.40089654573327
r569_svd_normalised_tr050_tid0_010,r569,0,10,False,154,ellipse,172.976,64.65599999999999,13.888888888888957,2.102610435016805,4.478040356474715,3.949022598735056,81.98993646780349,0.47150384779788124,1.0,13.444444444444445,False,ellipse,360.0,1.0,True,True,6.728353392053776,142.22222222222294,137.67111111111114,14.329729140719088,12.63687231595218
r569_svd_normalised_tr050_tid0_010,r569,0,10,False,155,circle,55.79847393073153,253.13915207141088,424.5271761993409,11.624594493483988,23.249188986967987,23.249188986967965,,4.2146848510894035e-08,1.0,129.44444444444446,True,circle,143.0,0.3972222222222222,True,True,37.19870237914876,4347.158284281251,1325.5111111111114,74.39740475829755,74.3974047582975
r569_svd_normalised_tr050_tid0_010,r569,0,10,False,156,ellipse,233.25662878787878,217.77746212121212,39.11111111111112,3.5283782856008186,7.4559504522061255,6.678935653396532,9.65888434940564,0.4444856950733179,1.0,39.44444444444444,False,ellipse,360.0,1.0,True,True,11.29081051392262,400.49777777777797,403.91111111111115,23.859041447059603,21.3725940908689
r569_svd_normalised_tr050_tid0_010,r569,0,10,False,157,circle,83.43917453977632,248.65427271267453,153.5370990125597,6.990878093035043,13.9817561860701,13.981756186070072,,6.322027276634104e-08,1.0,88.66666666666667,True,circle,193.0,0.5361111111111111,True,True,22.37080989771214,1572.2198938886118,907.9466666666669,44.74161979542433,44.741619795424235
r569_svd_normalised_tr050_tid0_010,r569,0,10,False,158,ellipse,257.40299021360465,170.07997944437855,39.25658717431315,3.534934199588399,7.36092748932978,6.790318102458269,-32.3090985111848,0.38604172745258236,1.0,39.44444444444444,False,ellipse,360.0,1.0,True,True,11.311789438682878,401.9874526649667,403.91111111111115,23.554967965855298,21.72901792786646
r569_svd_normalised_tr050_tid0_010,r569,0,10,False,159,ellipse,197.46282482701614,108.48965322151332,100.15895573054085,5.6463781133462705,12.207676498336264,10.4464058506861,-0.6475296511285933,0.5174319886458877,1.0,100.11111111111111,False,ellipse,360.0,1.0,True,True,18.068409962708067,1025.6277066807386,1025.137777777778,39.064564794676045,33.42849872219552
r569_svd_normalised_tr050_tid0_010,r569,0,10,False,160,ellipse,195.63805436337623,67.33333333333333,25.88888888888887,2.870660076645617,6.063626721775549,5.436145497580355,-71.4622038539427,0.4430089788126525,1.0,25.88888888888889,False,ellipse,360.0,1.0,True,True,9.186112245265974,265.1022222222221,265.1022222222223,19.403605509681757,17.39566559225714
r569_svd_normalised_tr050_tid0_010,r569,0,10,False,161,ellipse,246.54913459355203,197.0710837010035,21.528177354637343,2.617753174670804,5.6077272198967085,4.887992168510147,-0.25926889640709305,0.4901235296264647,1.0,21.333333333333332,False,ellipse,360.0,1.0,True,True,8.376810158946574,220.44853611148645,218.45333333333338,17.944727103669468,15.64157493923247
r569_svd_normalised_tr050_tid0_010,r569,0,10,False,162,ellipse,311.2859744990892,137.3734061930783,20.33333333333334,2.5440717401579724,5.335637133359241,4.852129826149212,-39.52646116394649,0.4159630324747096,1.0,20.666666666666668,False,ellipse,360.0,1.0,True,True,8.141029568505513,208.21333333333342,211.62666666666672,17.07403882674957,15.526815443677478
r569_svd_normalised_tr050_tid0_010,r569,0,10,False,163,ellipse,324.9602171230416,210.39287469806885,25.29418927923277,2.8374972265332423,6.828082944943697,4.716633102148252,-88.06881206901193,0.7230747969164858,1.0,25.666666666666668,False,ellipse,360.0,1.0,True,True,9.079991124906376,259.0124982193436,262.8266666666667,21.849865423819832,15.093225926874409
r569_svd_normalised_tr050_tid0_010,r569,0,10,False,164,ellipse,244.24365482233503,203.02538071065982,21.88888888888878,2.639592720650636,5.6005946200002965,4.976221421939986,-77.04824718553073,0.45884442851420165,1.0,21.77777777777778,False,ellipse,360.0,1.0,True,True,8.446696706082035,224.14222222222114,223.0044444444445,17.92190278400095,15.923908550207955
r569_svd_normalised_tr050_tid0_010,r569,0,10,False,165,ellipse,229.01973001038425,214.03426791277258,35.66666666666657,3.3694291218575643,7.308357483639629,6.213736880078238,87.22456701411255,0.5264219722460963,1.0,36.0,False,ellipse,360.0,1.0,True,True,10.782173189944206,365.2266666666658,368.6400000000001,23.386743947646814,19.88395801625036
r569_svd_normalised_tr050_tid0_010,r569,0,10,False,166,ellipse,203.10529504324927,219.23972522572865,68.19305838105974,4.6590261484348545,9.81282255075061,8.84822874949036,-88.02864674623021,0.4323608294654515,1.0,68.11111111111111,False,ellipse,360.0,1.0,True,True,14.908883674991536,698.2969178220519,697.4577777777779,31.401032162401954,28.314331998369155
r569_svd_normalised_tr050_tid1_010,r569,1,10,False,0,circle,203.52246376811595,155.7173913043478,306.6666666666661,9.880031971761476,19.760063943522955,19.76006394352295,,2.1073424255447017e-08,1.0,307.1111111111111,False,circle,360.0,1.0,True,True,31.616102309636723,3140.266666666662,3144.8177777777782,63.23220461927346,63.232204619273446
r569_svd_normalised_tr050_tid1_010,r569,1,10,False,1,circle,314.6790519640639,177.0563815808638,443.7827748209025,11.885303721132594,23.770607442265195,23.77060744226518,,3.332000937312528e-08,1.0,443.8888888888889,False,circle,360.0,1.0,True,True,38.0329719076243,4544.335614166042,4545.422222222223,76.06594381524863,76.06594381524859
r569_svd_normalised_tr050_tid1_010,r569,1,10,False,2,circle,251.61271652499374,241.13931260140146,90.42960259180062,5.365131546256949,10.730263092513898,10.730263092513898,,0.0,1.0,90.33333333333333,False,circle,360.0,1.0,True,True,17.168420948022238,925.9991305400385,925.0133333333334,34.336841896044476,34.336841896044476
r569_svd_normalised_tr050_tid1_010,r569,1,10,False,3,circle,235.65921252049114,172.92938665676905,1197.4444444444448,19.5232785367244,39.04655707344881,39.046557073448795,,2.5809568279517847e-08,1.0,1197.888888888889,False,circle,360.0,1.0,True,True,62.47449131751809,12261.831111111118,12266.382222222224,124.9489826350362,124.94898263503615
r569_svd_normalised_tr050_tid1_010,r569,1,10,False,4,circle,201.5880276780498,145.53830843841976,276.85814782758933,9.387581452325996,18.775162904651992,18.775162904651992,,0.0,1.0,276.3333333333333,False,circle,360.0,1.0,True,True,30.04026064744319,2835.027433754515,2829.6533333333336,60.08052129488638,60.08052129488638
r569_svd_normalised_tr050_tid1_010,r569,1,10,False,5,circle,250.46735619878243,153.96511606620209,691.0639821121634,14.83146983585376,29.66293967170752,29.662939671707516,,1.4901161193847656e-08,1.0,691.0,False,circle,360.0,1.0,True,True,47.460703474732036,7076.4951768285555,7075.840000000001,94.92140694946407,94.92140694946406
r569_svd_normalised_tr050_tid1_010,r569,1,10,False,6,circle,214.16849482023156,137.06642291285803,121.55555555555577,6.220316314617481,12.440632629234962,12.440632629234962,,0.0,1.0,121.55555555555556,False,circle,360.0,1.0,True,True,19.90501220677594,1244.7288888888913,1244.728888888889,39.81002441355188,39.81002441355188
r569_svd_normalised_tr050_tid1_010,r569,1,10,False,7,ellipse,315.2254731220248,146.0558458144665,638.0000000000006,14.250673927406332,29.964736645429994,27.109426628814532,18.97941850809579,0.42602584446336444,1.0,638.6666666666666,False,ellipse,360.0,1.0,True,True,45.60215656770026,6533.120000000007,6539.946666666668,95.88715726537599,86.75016521220651
r569_svd_normalised_tr050_tid1_010,r569,1,10,False,8,circle,320.1249957610618,196.95778478650004,485.0859762502211,12.42608795597234,24.85217591194469,24.852175911944673,,3.650024149988857e-08,1.0,484.8888888888889,False,circle,360.0,1.0,True,True,39.76348145911149,4967.280396802265,4965.2622222222235,79.52696291822302,79.52696291822296
r569_svd_normalised_tr050_tid1_010,r569,1,10,False,9,circle,311.6020761245675,158.340830449827,256.8888888888882,9.042691689099128,18.085383378198273,18.08538337819824,,5.960464477539063e-08,1.0,257.6666666666667,False,circle,360.0,1.0,True,True,28.93661340511721,2630.5422222222155,2638.5066666666676,57.87322681023448,57.87322681023437
r569_svd_normalised_tr050_tid1_010,r569,1,10,False,10,circle,359.4997249992044,63.63705409130792,33.34895449119218,3.2581132436488143,6.5162264872976445,6.5162264872976134,,9.771344846937061e-08,1.0,33.55555555555556,False,circle,360.0,1.0,True,True,10.425962379676207,341.493293989808,343.608888888889,20.851924759352464,20.851924759352364
r569_svd_normalised_tr050_tid1_010,r569,1,10,False,11,circle,253.85573484688604,220.53716562789248,488.3683389273197,12.468058003543376,24.936116007086753,24.936116007086753,,0.0,1.0,487.22222222222223,False,circle,360.0,1.0,True,True,39.897785611338804,5000.891790615755,4989.155555555557,79.79557122267761,79.79557122267761
r569_svd_normalised_tr050_tid1_010,r569,1,10,False,12,circle,238.81226842127063,117.57787996757149,298.70861979251754,9.75099516809815,19.501990336196315,19.501990336196286,,5.3726900748371916e-08,1.0,298.6666666666667,False,circle,360.0,1.0,True,True,31.203184537914083,3058.77626667538,3058.3466666666673,62.40636907582821,62.40636907582812
r569_svd_normalised_tr050_tid1_010,r569,1,10,False,13,ellipse,296.4014303482587,104.32400497512438,119.111111111111,6.157454362072251,13.00272255874344,11.663478644480609,-81.91918516671365,0.4420248440589531,1.0,119.33333333333333,False,ellipse,360.0,1.0,True,True,19.703853958631203,1219.697777777777,1221.9733333333336,41.60871218797901,37.32313166233795
r569_svd_normalised_tr050_tid1_010,r569,1,10,False,14,circle,295.59043554293754,185.3985748894299,365.39183239514495,10.784610914733332,21.569221829466684,21.569221829466642,,6.322027276634104e-08,1.0,365.6666666666667,False,circle,360.0,1.0,True,True,34.510754927146664,3741.612363726285,3744.4266666666676,69.0215098542934,69.02150985429326
r569_svd_normalised_tr050_tid1_010,r569,1,10,False,15,circle,199.13665159762596,223.0910248930535,290.7382159857321,9.62002330764831,19.24004661529664,19.2400466152966,,6.664001874625056e-08,1.0,291.22222222222223,False,circle,360.0,1.0,True,True,30.784074584474595,2977.1593316938975,2982.115555555556,61.568149168949255,61.56814916894912
r569_svd_normalised_tr050_tid1_010,r569,1,10,False,16,circle,311.3088443931132,219.99848437949188,271.9461573672914,9.30393198597785,18.60786397195574,18.607863971955663,,9.18569267238524e-08,1.0,271.55555555555554,False,circle,360.0,1.0,True,True,29.772582355129124,2784.7286514410644,2780.7288888888893,59.545164710258376,59.54516471025812
r569_svd_normalised_tr050_tid1_010,r569,1,10,False,17,circle,297.2244614315497,231.75793375028957,479.6666666666664,12.356481783777486,24.71296356755499,24.712963567554954,,5.3726900748371916e-08,1.0,479.77777777777777,False,circle,360.0,1.0,True,True,39.54074170808796,4911.786666666665,4912.924444444446,79.08148341617597,79.08148341617586
r569_svd_normalised_tr050_tid1_010,r569,1,10,False,18,circle,244.820538487485,145.63994703548133,81.50423317088293,5.093486348673262,10.186972697346526,10.186972697346524,,2.1073424255447017e-08,1.0,81.55555555555556,False,circle,360.0,1.0,True,True,16.29915631575444,834.6033476698414,835.128888888889,32.59831263150888,32.59831263150888
r569_svd_normalised_tr050_tid1_010,r569,1,10,False,19,ellipse,230.49375396993437,195.76003952290213,524.7777777777774,12.924471158087162,26.87848583437057,24.858834049740086,65.98678285420209,0.3803079577708098,1.0,525.6666666666666,False,ellipse,360.0,1.0,True,True,41.35830770587892,5373.724444444441,5382.826666666668,86.01115466998583,79.54826895916828
r569_svd_normalised_tr050_tid1_010,r569,1,10,False,20,circle,301.75561143984146,129.80855363230893,46.60502574199074,3.851602321051033,7.703204642102106,7.703204642102026,,1.4370159448672764e-07,1.0,46.22222222222222,False,circle,360.0,1.0,True,True,12.325127427363306,477.23546359798524,473.31555555555565,24.65025485472674,24.650254854726484
r569_svd_normalised_tr050_tid1_010,r569,1,10,False,21,circle,326.663161576679,132.7528896867944,144.20084863380245,6.774994886804837,13.549989773609678,13.54998977360967,,3.332000937312528e-08,1.0,143.77777777777777,False,circle,360.0,1.0,True,True,21.67998363777548,1476.6166900101373,1472.2844444444447,43.35996727555097,43.35996727555095
r569_svd_normalised_tr050_tid1_010,r569,1,10,False,22,ellipse,175.93413654618473,50.24,230.55555555555554,8.566686211594861,19.045186073201926,15.413472436731372,48.69311252152076,0.5873808201700603,1.0,230.55555555555554,False,ellipse,360.0,1.0,True,True,27.413395877103557,2360.888888888889,2360.888888888889,60.94459543424617,49.32311179754039
r569_svd_normalised_tr050_tid1_010,r569,1,10,False,23,circle,330.04293879827134,178.64143315209813,265.666666666667,9.195886386286741,18.391772772573486,18.391772772573482,,2.1073424255447017e-08,1.0,265.44444444444446,False,circle,360.0,1.0,True,True,29.426836436117572,2720.426666666671,2718.1511111111117,58.85367287223516,58.853672872235144
r569_svd_normalised_tr050_tid1_010,r569,1,10,False,24,circle,233.57297102618347,92.71190931232209,375.64028053214565,10.934807494521085,21.86961498904217,21.86961498904217,,0.0,1.0,375.3333333333333,False,circle,360.0,1.0,True,True,34.991383982467475,3846.556472649172,3843.413333333334,69.98276796493495,69.98276796493495
r569_svd_normalised_tr050_tid1_010,r569,1,10,False,25,ellipse,330.75428797860326,163.72512129175593,126.29150428277498,6.340333930813882,13.220501194657182,12.16287756790214,22.159597114111705,0.39191543463481143,1.0,126.77777777777777,False,ellipse,360.0,1.0,True,True,20.289068578604425,1293.225003855616,1298.2044444444446,42.30560382290298,38.921208217286846
r569_svd_normalised_tr050_tid1_010,r569,1,10,False,26,circle,335.2505026774792,66.8112182685345,443.1100314317225,11.87629166330667,23.752583326613358,23.752583326613323,,5.3726900748371916e-08,1.0,443.1111111111111,False,circle,360.0,1.0,True,True,38.004133322581346,4537.44672186084,4537.457777777779,76.00826664516275,76.00826664516264
r569_svd_normalised_tr050_tid1_010,r569,1,10,False,27,ellipse,309.43365149324785,105.65525693364458,140.7726068869764,6.69397583473297,13.94771658164982,12.850651850767289,-88.4416521398185,0.38874712443836323,1.0,141.33333333333334,False,ellipse,360.0,1.0,True,True,21.420722671145505,1441.5114945226387,1447.2533333333338,44.632693061279426,41.12208592245533
r569_svd_normalised_tr050_tid1_010,r569,1,10,False,28,ellipse,303.36359967715896,150.7523204196933,367.1111111111103,10.809953561166784,22.916510645622907,20.39666471071624,-15.803655691802192,0.45587787488484727,1.0,366.55555555555554,False,ellipse,360.0,1.0,True,True,34.59185139573371,3759.21777777777,3753.5288888888895,73.33283406599331,65.26932707429198
r569_svd_normalised_tr050_tid1_010,r569,1,10,False,29,circle,164.52901870943109,79.15883925162275,193.99999999999974,7.858251581595954,15.716503163191911,15.716503163191906,,2.5809568279517847e-08,1.0,194.22222222222223,False,circle,360.0,1.0,True,True,25.146405061107053,1986.5599999999977,1988.835555555556,50.29281012221412,50.2928101222141
r569_svd_normalised_tr050_tid1_010,r569,1,10,False,30,ellipse,298.05100721031044,182.70881488792978,355.4346021049966,10.636651152586627,22.753484726343626,19.889410189698566,-82.07597643969959,0.485699413775834,1.0,355.1111111111111,False,ellipse,360.0,1.0,True,True,34.037283688277206,3639.650325555166,3636.3377777777782,72.8111511242996,63.64611260703541
r569_svd_normalised_tr050_tid1_010,r569,1,10,False,31,circle,321.1986650961916,158.62092658029053,188.66666666666737,7.749481608039473,15.498963216078957,15.498963216078936,,5.1619136559035694e-08,1.0,188.88888888888889,False,circle,360.0,1.0,True,True,24.798341145726315,1931.9466666666742,1934.2222222222226,49.596682291452666,49.596682291452595
r569_svd_normalised_tr050_tid1_010,r569,1,10,False,32,ellipse,172.8223787167449,121.9658320292123,142.00000000000003,6.723094811029983,14.385596954791465,12.568127406918167,85.10590961794293,0.4865361054688209,1.0,141.77777777777777,False,ellipse,360.0,1.0,True,True,21.513903395295948,1454.0800000000006,1451.8044444444447,46.03391025533269,40.21800770213814
r569_svd_normalised_tr050_tid1_010,r569,1,10,False,33,circle,247.30041348600514,202.70674300254456,465.7777777777785,12.17627494069445,24.352549881388903,24.352549881388896,,2.5809568279517847e-08,1.0,465.55555555555554,False,circle,360.0,1.0,True,True,38.964079810222245,4769.564444444452,4767.288888888889,77.92815962044449,77.92815962044448
r569_svd_normalised_tr050_tid1_010,r569,1,10,False,34,circle,350.7585825027686,200.72757475083057,167.2222222222219,7.295785531589864,14.591571063179734,14.591571063179723,,3.942476676500724e-08,1.0,167.44444444444446,False,circle,360.0,1.0,True,True,23.346513701087567,1712.3555555555524,1714.6311111111115,46.69302740217515,46.69302740217512
r569_svd_normalised_tr050_tid1_010,r569,1,10,False,35,circle,248.93321195910116,241.30839899647574,979.2587320949449,17.65524668639963,35.31049337279927,35.31049337279924,,3.942476676500724e-08,1.0,767.8888888888889,True,circle,235.0,0.6527777777777778,True,True,56.49678939647882,10027.609416652238,7863.182222222224,112.99357879295768,112.99357879295758
r569_svd_normalised_tr050_tid1_010,r569,1,10,False,36,circle,328.4870829690457,106.37966647870691,197.8711967840719,7.93626852666846,15.872537053336934,15.872537053336908,,5.7711949142924205e-08,1.0,198.11111111111111,False,circle,360.0,1.0,True,True,25.396059285339074,2026.2010550688967,2028.6577777777782,50.79211857067819,50.792118570678106
r569_svd_normalised_tr050_tid1_010,r569,1,10,False,37,circle,198.29264103580394,209.27876866164615,280.3333333333325,9.446315230123105,18.89263046024621,18.89263046024621,,0.0,1.0,280.77777777777777,False,circle,360.0,1.0,True,True,30.22820873639394,2870.6133333333255,2875.164444444445,60.45641747278788,60.45641747278788
r569_svd_normalised_tr050_tid1_010,r569,1,10,False,38,ellipse,271.2772540488277,130.8083152042543,153.22222222222243,6.983705901337992,14.504362393617534,13.450339089112855,72.91020416649769,0.3742431793337912,1.0,153.33333333333334,False,ellipse,360.0,1.0,True,True,22.347858884281578,1568.995555555558,1570.1333333333337,46.41395965957611,43.04108508516114
r569_svd_normalised_tr050_tid1_010,r569,1,10,False,39,circle,269.1350313739635,119.7616038578804,64.3670679218595,4.526441655891681,9.052883311783376,9.052883311783347,,7.884953353001448e-08,1.0,64.33333333333333,False,circle,360.0,1.0,True,True,14.484613298853379,659.1187755198414,658.7733333333334,28.969226597706804,28.96922659770671
r569_svd_normalised_tr050_tid1_010,r569,1,10,False,40,circle,273.2165637860082,178.14763374485597,71.99999999999991,4.787307364817189,9.574614729634407,9.574614729634352,,1.0745380149674383e-07,1.0,71.77777777777777,False,circle,360.0,1.0,True,True,15.319383567415006,737.2799999999993,735.0044444444445,30.638767134830104,30.638767134829926
r569_svd_normalised_tr050_tid1_010,r569,1,10,False,41,circle,194.36661227181705,94.07100061230983,222.04913249928663,8.40716563968246,16.814331279364925,16.814331279364914,,3.650024149988857e-08,1.0,221.77777777777777,False,circle,360.0,1.0,True,True,26.902930046983876,2273.7831167926956,2271.0044444444447,53.805860093967766,53.80586009396773
r569_svd_normalised_tr050_tid1_010,r569,1,10,False,42,ellipse,184.76690344646147,132.08918705603787,140.77777777777723,6.694098775910859,13.967541174494094,12.83288385889417,60.7004692587187,0.39480554105768356,1.0,140.33333333333334,False,ellipse,360.0,1.0,True,True,21.42111608291475,1441.5644444444392,1437.0133333333338,44.69613175838111,41.065228348461346
r569_svd_normalised_tr050_tid1_010,r569,1,10,False,43,circle,245.59793710460207,108.2517548442811,84.60902954508954,5.189594450881344,10.379188901762701,10.379188901762674,,7.146345858741878e-08,1.0,84.66666666666667,False,circle,360.0,1.0,True,True,16.6067022428203,866.396462541717,866.9866666666669,33.213404485640645,33.21340448564056
r569_svd_normalised_tr050_tid1_010,r569,1,10,False,44,circle,304.31555687679264,243.33989237018858,146.07929728175313,6.818979725117458,13.637959450234916,13.637959450234915,,1.4901161193847656e-08,1.0,143.22222222222223,True,circle,309.0,0.8583333333333333,True,True,21.82073512037587,1495.8520041651523,1466.5955555555558,43.64147024075174,43.64147024075173
r569_svd_normalised_tr050_tid1_010,r569,1,10,False,45,circle,279.89276434804094,198.43949493913556,324.788808334371,10.167767140069772,20.335534280139548,20.335534280139544,,2.1073424255447017e-08,1.0,325.22222222222223,False,circle,360.0,1.0,True,True,32.53685484822327,3325.8373973439598,3330.2755555555564,65.07370969644656,65.07370969644654
r569_svd_normalised_tr050_tid1_010,r569,1,10,False,46,circle,213.0150684931507,173.64109589041095,405.55555555555543,11.361881126384523,22.72376225276905,22.723762252769045,,1.4901161193847656e-08,1.0,405.55555555555554,False,circle,360.0,1.0,True,True,36.358019604430474,4152.888888888889,4152.88888888889,72.71603920886096,72.71603920886095
r569_svd_normalised_tr050_tid1_010,r569,1,10,False,47,circle,218.1687397174468,139.2304684586385,1143.0834607786119,19.074977491441857,38.14995498288371,38.14995498288371,,0.0,1.0,1143.4444444444443,False,circle,360.0,1.0,True,True,61.039927972613945,11705.174638372988,11708.871111111112,122.07985594522789,122.07985594522789
r569_svd_normalised_tr050_tid1_010,r569,1,10,False,48,circle,266.1531343491268,174.67592012801782,532.3333333333333,13.017179523428691,26.0343590468574,26.034359046857368,,4.9421560620597e-08,1.0,532.0,False,circle,360.0,1.0,True,True,41.654974474971816,5451.093333333333,5447.680000000001,83.30994894994369,83.30994894994359
r569_svd_normalised_tr050_tid1_010,r569,1,10,False,49,ellipse,328.89627201643054,72.19063292642443,66.51395453577085,4.601309519899204,9.59576306201804,8.825582357996428,15.117206571304422,0.39253417550699804,1.0,66.33333333333333,False,ellipse,360.0,1.0,True,True,14.724190463677454,681.1028944462936,679.2533333333334,30.706441798457732,28.241863545588572
r569_svd_normalised_tr050_tid1_010,r569,1,10,False,50,circle,282.88458637808174,229.62203003956762,176.31735460202705,7.491565729245008,14.98313145849003,14.983131458490002,,6.143906154658885e-08,1.0,176.33333333333334,False,circle,360.0,1.0,True,True,23.97301033358403,1805.4897111247574,1805.6533333333339,47.9460206671681,47.94602066716801
r569_svd_normalised_tr050_tid1_010,r569,1,10,False,51,ellipse,175.4940668824164,38.52319309600863,103.00000000000027,5.725898905580723,12.239846794425242,10.71448648911625,79.28039472862824,0.48343999858523945,1.0,102.55555555555556,False,ellipse,360.0,1.0,True,True,18.322876497858314,1054.720000000003,1050.1688888888891,39.167509742160775,34.286356765172
r569_svd_normalised_tr050_tid1_010,r569,1,10,False,52,circle,280.86219074150097,153.62564073499786,508.10110683579956,12.717452790821023,25.43490558164205,25.43490558164204,,2.5809568279517847e-08,1.0,508.0,False,circle,360.0,1.0,True,True,40.69584893062728,5202.955333998589,5201.920000000001,81.39169786125456,81.39169786125454
r569_svd_normalised_tr050_tid1_010,r569,1,10,False,53,circle,260.94670901711663,140.49197106052583,209.88888888888948,8.173720593063155,16.347441186126336,16.347441186126286,,7.742870483855355e-08,1.0,209.22222222222223,False,circle,360.0,1.0,True,True,26.1559058978021,2149.2622222222285,2142.435555555556,52.31181179560428,52.311811795604115
r569_svd_normalised_tr050_tid1_010,r569,1,10,False,54,circle,291.70099916936687,212.79948043332223,176.9371595009973,7.504721653895344,15.00944330779069,15.009443307790686,,2.1073424255447017e-08,1.0,177.0,False,circle,360.0,1.0,True,True,24.0151092924651,1811.8365132902127,1812.4800000000002,48.03021858493021,48.030218584930196
r569_svd_normalised_tr050_tid1_010,r569,1,10,False,55,circle,286.365557316429,172.27654516640257,140.22222222222214,6.6808771576787525,13.361754315357533,13.361754315357478,,9.06402249678704e-08,1.0,140.11111111111111,False,circle,360.0,1.0,True,True,21.37880690457201,1435.8755555555551,1434.737777777778,42.75761380914411,42.75761380914393
r569_svd_normalised_tr050_tid1_010,r569,1,10,False,56,ellipse,283.91107573373273,161.44310619977583,61.14003142072207,4.411516342801353,9.38867206066673,8.291471388945876,87.01982739435493,0.46911763032252346,1.0,61.0,False,ellipse,360.0,1.0,True,True,14.116852296964332,626.073921748194,624.6400000000001,30.043750594133538,26.532708444626806
r569_svd_normalised_tr050_tid1_010,r569,1,10,False,57,circle,350.79273870285374,91.40036953117327,45.13415226063624,3.7903359836675428,7.580671967335096,7.580671967335076,,7.300048299977713e-08,1.0,45.0,False,circle,360.0,1.0,True,True,12.129075147736138,462.1737191489152,460.80000000000007,24.25815029547231,24.258150295472245
r569_svd_normalised_tr050_tid1_010,r569,1,10,False,58,circle,343.18086225026286,98.1535226077813,35.22222222222237,3.3483699835436025,6.69673996708722,6.696739967087191,,9.30577218293905e-08,1.0,35.111111111111114,False,circle,360.0,1.0,True,True,10.714783947339528,360.67555555555714,359.5377777777779,21.429567894679106,21.42956789467901
r569_svd_normalised_tr050_tid1_010,r569,1,10,False,59,ellipse,212.618657787477,191.63058231654736,288.80333862399823,9.587959003192683,19.918161791840717,18.461333692863455,-59.20700896934318,0.3754088699692156,1.0,289.55555555555554,False,ellipse,360.0,1.0,True,True,30.681468810216586,2957.3461875097423,2965.0488888888895,63.7381177338903,59.07626781716306
r569_svd_normalised_tr050_tid1_010,r569,1,10,False,60,ellipse,208.09027193720215,110.39500981216707,132.11111111111123,6.484772373907348,13.56087545448425,12.403999397394738,-54.51781443105193,0.4041557909382624,1.0,131.88888888888889,False,ellipse,360.0,1.0,True,True,20.751271596503514,1352.8177777777792,1350.5422222222226,43.394801454349604,39.69279807166316
r569_svd_normalised_tr050_tid1_010,r569,1,10,False,61,circle,278.1447774750227,215.17620345140784,203.88888888888866,8.056044253624833,16.112088507249666,16.112088507249666,,0.0,1.0,204.33333333333334,False,circle,360.0,1.0,True,True,25.779341611599467,2087.8222222222203,2092.373333333334,51.55868322319893,51.55868322319893
r569_svd_normalised_tr050_tid1_010,r569,1,10,False,62,ellipse,246.80534175429767,32.66601092948664,143.3222646609317,6.7543240780868885,14.955454570084143,12.201807317333216,81.33713307220168,0.5782258790680335,1.0,143.55555555555554,False,ellipse,360.0,1.0,True,True,21.613837049878043,1467.6199901279408,1470.008888888889,47.85745462426926,39.045783415466296
r569_svd_normalised_tr050_tid1_010,r569,1,10,False,63,circle,217.0287356321839,28.370370370370367,57.99999999999991,4.296739856991557,8.593479713983124,8.593479713983106,,6.495265578539184e-08,1.0,57.55555555555556,False,circle,360.0,1.0,True,True,13.749567542372985,593.9199999999992,589.368888888889,27.499135084745998,27.49913508474594
r569_svd_normalised_tr050_tid1_010,r569,1,10,False,64,circle,262.9501187648456,106.58036421219322,46.777777777777786,3.858734134450714,7.717468268901447,7.717468268901408,,1.0106459234841567e-07,1.0,46.77777777777778,False,circle,360.0,1.0,True,True,12.347949230242286,479.00444444444463,479.0044444444446,24.69589846048463,24.695898460484507
r569_svd_normalised_tr050_tid1_010,r569,1,10,False,65,circle,348.99761904761897,49.77182539682539,93.3333333333335,5.450589207644178,10.901178415288372,10.901178415288339,,7.884953353001448e-08,1.0,93.44444444444444,False,circle,360.0,1.0,True,True,17.44188546446137,955.7333333333352,956.8711111111113,34.88377092892279,34.88377092892269
r569_svd_normalised_tr050_tid1_010,r569,1,10,False,66,ellipse,296.4223331748296,46.60318592486924,467.3333333333333,12.196590513058347,28.486750729683347,20.88786068369945,76.4156097442496,0.6799610098307989,1.0,467.44444444444446,False,ellipse,360.0,1.0,True,True,39.02908964178671,4785.493333333334,4786.631111111112,91.15760233498672,66.84115418783824
r569_svd_normalised_tr050_tid1_010,r569,1,10,False,67,circle,348.54700854700855,101.07179487179488,21.666666666666757,2.626159591618306,5.252319183236617,5.252319183236606,,6.322027276634104e-08,1.0,21.77777777777778,False,circle,360.0,1.0,True,True,8.40371069317858,221.86666666666764,223.0044444444445,16.807421386357174,16.80742138635714
r569_svd_normalised_tr050_tid1_010,r569,1,10,False,68,circle,249.03925014645577,170.7045498925991,189.6666666666664,7.769991961355273,15.539983922710558,15.539983922710531,,5.7711949142924205e-08,1.0,189.88888888888889,False,circle,360.0,1.0,True,True,24.863974276336876,1942.1866666666642,1944.4622222222226,49.72794855267379,49.7279485526737
r569_svd_normalised_tr050_tid1_010,r569,1,10,False,69,ellipse,159.88389513108615,41.855805243445694,59.333333333333535,4.345847049798039,9.27583966594168,8.144335072795148,70.89549541224483,0.47863139381764946,1.0,58.666666666666664,False,ellipse,360.0,1.0,True,True,13.906710559353725,607.5733333333355,600.7466666666668,29.68268693101338,26.061872232944474
r569_svd_normalised_tr050_tid1_010,r569,1,10,False,70,circle,339.29072186131356,110.72125922858777,110.56572486963094,5.932466881414555,11.86493376282914,11.864933762829082,,9.771344846937061e-08,1.0,109.77777777777777,False,circle,360.0,1.0,True,True,18.983894020526577,1132.193022665021,1124.1244444444446,37.96778804105325,37.96778804105306
r569_svd_normalised_tr050_tid1_010,r569,1,10,False,71,ellipse,187.4530303030303,143.6070707070707,73.33333333333333,4.831430946087433,10.148970989936482,9.20003614551958,81.13106846161114,0.42220709609084134,1.0,72.77777777777777,False,ellipse,360.0,1.0,True,True,15.460579027479788,750.9333333333334,745.2444444444445,32.47670716779674,29.440115665662656
r569_svd_normalised_tr050_tid1_010,r569,1,10,False,72,circle,233.0319526627219,225.79447731755423,93.88888888888872,5.466787131043675,10.933574262087351,10.93357426208735,,1.4901161193847656e-08,1.0,93.66666666666667,False,circle,360.0,1.0,True,True,17.493718819339758,961.4222222222206,959.1466666666669,34.98743763867952,34.987437638679516
r569_svd_normalised_tr050_tid1_010,r569,1,10,False,73,circle,344.2710870545783,72.71222372575554,82.11111111111161,5.112414149127839,10.224828298255689,10.224828298255668,,6.495265578539184e-08,1.0,82.33333333333333,False,circle,360.0,1.0,True,True,16.359725277209087,840.817777777783,843.0933333333335,32.71945055441821,32.71945055441814
r569_svd_normalised_tr050_tid1_010,r569,1,10,False,74,circle,194.5082253691722,180.36810682062438,129.19010067335782,6.41268167316989,12.825363346339781,12.82536334633978,,1.4901161193847656e-08,1.0,129.22222222222223,False,circle,360.0,1.0,True,True,20.520581354143648,1322.9066308951842,1323.235555555556,41.0411627082873,41.041162708287295
r569_svd_normalised_tr050_tid1_010,r569,1,10,False,75,circle,330.2431298736752,118.35099467102964,34.29460798256762,3.3039843770285624,6.607968754057148,6.607968754057102,,1.1827430029502171e-07,1.0,34.0,False,circle,360.0,1.0,True,True,10.5727500064914,351.1767857414925,348.1600000000001,21.145500012982875,21.145500012982726
r569_svd_normalised_tr050_tid1_010,r569,1,10,False,76,circle,267.5245640188727,151.5033994706375,232.83668173778176,8.608961474148018,17.217922948296064,17.217922948296007,,8.161702118890973e-08,1.0,234.0,False,circle,360.0,1.0,True,True,27.548676717273658,2384.247620994886,2396.1600000000003,55.09735343454741,55.09735343454722
r569_svd_normalised_tr050_tid1_010,r569,1,10,False,77,ellipse,268.4291390728477,136.84194260485654,83.88888888888923,5.167461918031616,10.823231507817026,9.868646958173676,-83.500757836356,0.4106295619764279,1.0,83.77777777777777,False,ellipse,360.0,1.0,True,True,16.53587813770117,859.0222222222259,857.8844444444445,34.63434082501448,31.579670266155762
r569_svd_normalised_tr050_tid1_010,r569,1,10,False,78,circle,226.5335463258786,163.29037983670574,104.33333333333371,5.7628405720190585,11.525681144038117,11.525681144038117,,0.0,1.0,103.88888888888889,False,circle,360.0,1.0,True,True,18.44108983046099,1068.3733333333373,1063.8222222222223,36.88217966092198,36.88217966092198
r569_svd_normalised_tr050_tid1_010,r569,1,10,False,79,circle,338.9552110249785,130.3824289405685,42.999999999999886,3.6996385101659546,7.39927702033194,7.399277020331877,,1.3075715880680267e-07,1.0,42.77777777777778,False,circle,360.0,1.0,True,True,11.838843232531055,440.3199999999989,438.04444444444454,23.67768646506221,23.67768646506201
r569_svd_normalised_tr050_tid1_010,r569,1,10,False,80,circle,269.176710608914,213.72441933458884,117.99999999999974,6.128667601500935,12.25733520300189,12.25733520300185,,8.161702118890973e-08,1.0,117.88888888888889,False,circle,360.0,1.0,True,True,19.611736324802994,1208.3199999999977,1207.1822222222224,39.22347264960605,39.223472649605924
r569_svd_normalised_tr050_tid1_010,r569,1,10,False,81,ellipse,323.97462240833465,50.12930368653379,22.1128930711822,2.653064732848096,5.8494085697766325,4.813308827870865,-82.18761998776557,0.5682281896703024,1.0,22.0,False,ellipse,360.0,1.0,True,True,8.489807145113907,226.43602504890578,225.28000000000003,18.718107423285225,15.40258824918677
r569_svd_normalised_tr050_tid1_010,r569,1,10,False,82,ellipse,274.05840790457404,107.5315655961358,21.681953337590464,2.6270858568251403,5.463978180356472,5.052421419940897,-87.7859455271776,0.38074959812188897,1.0,21.444444444444443,False,ellipse,360.0,1.0,True,True,8.40667474184045,222.0232021769264,219.59111111111113,17.48473017714071,16.16774854381087
r569_svd_normalised_tr050_tid1_010,r569,1,10,False,83,circle,310.4642938626512,177.28701802418436,162.33333333333354,7.188345070819066,14.376690141638143,14.37669014163812,,5.5755039852469285e-08,1.0,162.33333333333334,False,circle,360.0,1.0,True,True,23.002704226621013,1662.2933333333358,1662.2933333333337,46.00540845324206,46.005408453241984
r569_svd_normalised_tr050_tid1_010,r569,1,10,False,84,ellipse,238.14762859051433,48.811623246492985,55.4444444444443,4.201013544447884,8.789599727162116,8.031544256149065,-89.71091611288745,0.40626476627701424,1.0,55.333333333333336,False,ellipse,360.0,1.0,True,True,13.44324334223323,567.7511111111097,566.6133333333335,28.126719126918772,25.70094161967701
r569_svd_normalised_tr050_tid1_010,r569,1,10,False,85,circle,287.468899842393,121.84669250307151,51.83025325502244,4.061783107759847,8.123566215519695,8.123566215519693,,2.1073424255447017e-08,1.0,51.77777777777778,False,circle,360.0,1.0,True,True,12.997705944831512,530.7417933314299,530.2044444444446,25.995411889663025,25.995411889663018
r569_svd_normalised_tr050_tid1_010,r569,1,10,False,86,circle,195.24783994848823,126.78357504391829,68.57814177343343,4.672162294120085,9.34432458824017,9.34432458824017,,0.0,1.0,68.88888888888889,False,circle,360.0,1.0,True,True,14.950919341184273,702.2401717599585,705.4222222222223,29.901838682368545,29.901838682368545
r569_svd_normalised_tr050_tid1_010,r569,1,10,False,87,ellipse,184.554188034188,69.95675213675213,216.66666666666654,8.304645808611463,18.086255549347428,15.252939851107291,72.22481309249673,0.5373736638373696,1.0,217.33333333333334,False,ellipse,360.0,1.0,True,True,26.574866587556684,2218.666666666666,2225.493333333334,57.87601775791177,48.809407523543335
r569_svd_normalised_tr050_tid1_010,r569,1,10,False,88,circle,355.07066052227344,86.3225806451613,24.111111111111203,2.770343847529136,5.540687695058301,5.540687695058244,,1.4292691717483756e-07,1.0,24.22222222222222,False,circle,360.0,1.0,True,True,8.865100312093237,246.89777777777877,248.0355555555556,17.730200624186562,17.73020062418638
r569_svd_normalised_tr050_tid1_010,r569,1,10,False,89,circle,304.4364449867806,145.8265202359162,182.1111111111106,7.61365661496375,15.2273132299275,15.2273132299275,,0.0,1.0,182.88888888888889,False,circle,360.0,1.0,True,True,24.363701167884003,1864.817777777773,1872.7822222222226,48.727402335768005,48.727402335768005
r569_svd_normalised_tr050_tid1_010,r569,1,10,False,90,circle,288.50946969696975,132.75757575757575,19.555555555555667,2.4949402123397104,4.989880424679448,4.989880424679393,,1.48264681861791e-07,1.0,19.333333333333332,False,circle,360.0,1.0,True,True,7.9838086794870735,200.24888888889006,197.97333333333336,15.967617358974236,15.96761735897406
r569_svd_normalised_tr050_tid1_010,r569,1,10,False,91,circle,194.37950432487375,113.8225880319756,160.90291694266827,7.156604584484227,14.313209168968456,14.313209168968454,,1.4901161193847656e-08,1.0,160.33333333333334,False,circle,360.0,1.0,True,True,22.901134670349528,1647.6458694929233,1641.8133333333337,45.80226934069906,45.802269340699056
r569_svd_normalised_tr050_tid1_010,r569,1,10,False,92,circle,303.51426836672744,221.8920461445052,305.0000000000004,9.853147481188753,19.70629496237751,19.706294962377505,,2.1073424255447017e-08,1.0,304.55555555555554,False,circle,360.0,1.0,True,True,31.53007193980401,3123.200000000005,3118.6488888888894,63.060143879608034,63.06014387960802
r569_svd_normalised_tr050_tid1_010,r569,1,10,False,93,circle,57.20657184229234,140.86212475104642,83.81248116011075,5.165108066522515,10.33021613304503,10.33021613304503,,0.0,1.0,83.33333333333333,False,circle,360.0,1.0,True,True,16.528345812872047,858.2398070795342,853.3333333333335,33.056691625744094,33.056691625744094
r569_svd_normalised_tr050_tid1_010,r569,1,10,False,94,ellipse,180.01476793248946,214.37974683544303,17.555555555555642,2.3639176996634483,4.907740619560901,4.554525044383541,-36.24204117318931,0.3725082450576623,1.0,17.666666666666668,False,ellipse,360.0,1.0,True,True,7.564536638923035,179.76888888888982,180.90666666666672,15.704769982594883,14.574480142027333
r569_svd_normalised_tr050_tid1_010,r569,1,10,False,95,ellipse,189.08333333333337,84.61553030303031,19.555555555555646,2.494940212339709,5.184404450768304,4.80265513407407,-7.82546318036168,0.3766249438101114,1.0,19.333333333333332,False,ellipse,360.0,1.0,True,True,7.983808679487069,200.24888888888987,197.97333333333336,16.590094242458573,15.368496429037023
r569_svd_normalised_tr050_tid1_010,r569,1,10,False,96,ellipse,247.20347120103392,126.78355696555874,31.603608352907308,3.1717094724786854,6.58147553836647,6.1139730257557785,-89.21850339743077,0.37016276311032803,1.0,31.77777777777778,False,ellipse,360.0,1.0,True,True,10.149470311931793,323.6209495337709,325.4044444444445,21.060721722772705,19.564713682418493
r569_svd_normalised_tr050_tid1_010,r569,1,10,False,97,circle,236.66920688681915,216.2001128986734,131.22222222222248,6.462919666864174,12.925839333728348,12.925839333728348,,0.0,1.0,130.88888888888889,False,circle,360.0,1.0,True,True,20.681342933965357,1343.7155555555585,1340.3022222222226,41.362685867930715,41.362685867930715
r569_svd_normalised_tr050_tid1_010,r569,1,10,False,98,circle,208.00338066260989,235.0493576741041,54.777777777778155,4.175680568463726,8.351361136927451,8.351361136927451,,0.0,1.0,55.0,False,circle,360.0,1.0,True,True,13.362177819083923,560.9244444444485,563.2000000000002,26.724355638167847,26.724355638167847
r569_svd_normalised_tr050_tid1_010,r569,1,10,False,99,circle,288.016231884058,241.21565217391304,63.88888888888875,4.50959698317167,9.019193966343366,9.019193966343314,,1.0641557616804317e-07,1.0,63.77777777777778,False,circle,360.0,1.0,True,True,14.430710346149343,654.2222222222209,653.0844444444446,28.861420692298772,28.86142069229861
r569_svd_normalised_tr050_tid1_010,r569,1,10,False,100,circle,214.22134175479783,87.71356523026074,73.41204041217559,4.83402298589068,9.668045971781371,9.668045971781352,,6.322027276634104e-08,1.0,73.22222222222223,False,circle,360.0,1.0,True,True,15.468873554850177,751.7392938206781,749.7955555555558,30.93774710970039,30.937747109700325
r569_svd_normalised_tr050_tid1_010,r569,1,10,False,101,ellipse,262.4722401260659,188.78574527096353,73.29617106035828,4.830206607168092,10.352032310767232,9.015001177561489,30.809865348811996,0.49156017814351033,1.0,73.55555555555556,False,ellipse,360.0,1.0,True,True,15.456661142937897,750.5527916580689,753.2088888888891,33.12650339445514,28.848003768196765
r569_svd_normalised_tr050_tid1_010,r569,1,10,False,102,circle,189.51903549484652,104.60375896329413,38.85099089417856,3.5166254406253543,7.033250881250722,7.033250881250694,,8.815645848363066e-08,1.0,38.888888888888886,False,circle,360.0,1.0,True,True,11.253201410001134,397.8341467563885,398.2222222222223,22.50640282000231,22.506402820002222
r569_svd_normalised_tr050_tid1_010,r569,1,10,False,103,ellipse,168.08765039119893,70.63260702132395,23.441917330601765,2.731628458892914,5.747310459244553,5.19324236290829,86.79731034425586,0.4283872613260912,1.0,23.333333333333332,False,ellipse,360.0,1.0,True,True,8.741211068457325,240.04523346536212,238.93333333333337,18.39139346958257,16.61837556130653
r569_svd_normalised_tr050_tid1_010,r569,1,10,False,104,ellipse,202.51542807205843,86.74716627062466,101.38698758924683,5.680887296897427,12.426756254215649,10.38806260293468,76.77973145868054,0.5488159414230573,1.0,100.88888888888889,False,ellipse,360.0,1.0,True,True,18.178839350071765,1038.2027529138877,1033.1022222222223,39.76562001349008,33.241800329390976
r569_svd_normalised_tr050_tid1_010,r569,1,10,False,105,circle,250.96819338422387,141.11959287531803,29.11111111111138,3.044068735173624,6.088137470347249,6.088137470347248,,1.4901161193847656e-08,1.0,29.22222222222222,False,circle,360.0,1.0,True,True,9.741019952555597,298.0977777777806,299.2355555555556,19.482039905111197,19.482039905111193
r569_svd_normalised_tr050_tid1_010,r569,1,10,False,106,circle,207.0666069738113,91.79883880710048,75.98685740079434,4.918065466289645,9.836130932579293,9.836130932579286,,3.942476676500724e-08,1.0,75.88888888888889,False,circle,360.0,1.0,True,True,15.737809492126864,778.1054197841341,777.1022222222224,31.47561898425374,31.475618984253714
r569_svd_normalised_tr050_tid1_010,r569,1,10,False,107,circle,215.37725180563694,90.64787821932435,25.22146480250773,2.83341518148589,5.66683036297178,5.66683036297178,,0.0,1.0,25.333333333333332,False,circle,360.0,1.0,True,True,9.066928580754848,258.26779957767917,259.41333333333336,18.133857161509695,18.133857161509695
r569_svd_normalised_tr050_tid1_010,r569,1,10,False,108,ellipse,223.3803798978546,192.65488438498653,129.4144937627938,6.418248419948217,13.331827167129132,12.359570001547944,-66.41101790800388,0.37488215082740284,1.0,129.22222222222223,False,ellipse,360.0,1.0,True,True,20.538394943834295,1325.2044161310087,1323.235555555556,42.66184693481323,39.55062400495342
r569_svd_normalised_tr050_tid1_010,r569,1,10,False,109,circle,230.184188231446,216.7702090853689,126.47452999629279,6.344926575482838,12.689853150965677,12.689853150965677,,0.0,1.0,126.55555555555556,False,circle,360.0,1.0,True,True,20.303765041545084,1295.0991871620383,1295.928888888889,40.60753008309017,40.60753008309017
r569_svd_normalised_tr050_tid1_010,r569,1,10,False,110,ellipse,262.75136612021856,241.72222222222217,40.66666666666696,3.5978607585815374,7.6192192806441,6.795762957512165,12.930495945915908,0.45218574521745947,1.0,40.666666666666664,False,ellipse,360.0,1.0,True,True,11.51315442746092,416.4266666666698,416.42666666666673,24.381501698061122,21.74644146403893
r569_svd_normalised_tr050_tid1_010,r569,1,10,False,111,circle,271.7507645259939,200.74770642201835,24.222222222222218,2.7767197911697967,5.553439582339634,5.553439582339553,,1.718485742013275e-07,1.0,24.22222222222222,False,circle,360.0,1.0,True,True,8.88550333174335,248.03555555555556,248.0355555555556,17.77100666348683,17.77100666348657
r569_svd_normalised_tr050_tid1_010,r569,1,10,False,112,circle,305.13372122107035,133.9031888997065,25.98583311079053,2.87602982945009,5.75205965890018,5.75205965890018,,0.0,1.0,26.0,False,circle,360.0,1.0,True,True,9.203295454240289,266.0949310544951,266.24000000000007,18.406590908480577,18.406590908480577
r569_svd_normalised_tr050_tid1_010,r569,1,10,False,113,ellipse,211.74250953332123,142.11512620301434,611.8888888888891,13.956012416852762,30.70659247685183,25.371787211645326,25.560318624229694,0.5632813713952229,1.0,611.6666666666666,False,ellipse,360.0,1.0,True,True,44.65923973392884,6265.742222222226,6263.466666666667,98.26109592592587,81.18971907726505
r569_svd_normalised_tr050_tid1_010,r569,1,10,False,114,circle,291.95581503931425,203.07812730944545,30.39692495676728,3.1105693567779222,6.221138713555874,6.221138713555816,,1.3657139822709083e-07,1.0,30.88888888888889,False,circle,360.0,1.0,True,True,9.953821941689352,311.264511557297,316.30222222222227,19.907643883378796,19.90764388337861
r569_svd_normalised_tr050_tid1_010,r569,1,10,False,115,circle,292.62967147567304,226.0328112247353,51.273429030209236,4.0399058601480515,8.07981172029613,8.079811720296078,,1.1250129990683123e-07,1.0,51.22222222222222,False,circle,360.0,1.0,True,True,12.927698752473766,525.0399132693427,524.5155555555557,25.855397504947618,25.85539750494745
r569_svd_normalised_tr050_tid1_010,r569,1,10,False,116,ellipse,252.28148601755458,55.72586242090223,181.44444444444474,7.599707919373766,17.42702519188165,13.256550633024313,-74.75647036611616,0.649116224403907,1.0,181.77777777777777,False,ellipse,360.0,1.0,True,True,24.31906534199605,1857.9911111111146,1861.4044444444448,55.76648061402128,42.4209620256778
r569_svd_normalised_tr050_tid1_010,r569,1,10,False,117,circle,265.95337995337997,174.54545454545453,15.888888888889051,2.248908716201965,4.497817432403958,4.4978174324039015,,1.5910086411284374e-07,1.0,16.0,False,circle,360.0,1.0,True,True,7.196507891846288,162.70222222222392,163.84000000000003,14.393015783692668,14.393015783692485
r569_svd_normalised_tr050_tid1_010,r569,1,10,False,118,ellipse,195.60482192929567,111.23703039076251,71.36561297558049,4.766170385508,10.112240059138351,8.985696546301774,74.46028707226407,0.45869059795469963,1.0,71.44444444444444,False,ellipse,360.0,1.0,True,True,15.251745233625602,730.7838768699444,731.5911111111112,32.35916818924272,28.75422894816568
r569_svd_normalised_tr050_tid1_010,r569,1,10,False,119,circle,265.0455718774798,169.31453645763196,23.121240305827826,2.712880271994348,5.425760543988725,5.425760543988669,,1.4370159448672764e-07,1.0,23.333333333333332,False,circle,360.0,1.0,True,True,8.681216870381915,236.761500731677,238.93333333333337,17.36243374076392,17.36243374076374
r569_svd_normalised_tr050_tid1_010,r569,1,10,False,120,circle,185.20443929527983,27.978237288340104,28.816380102486832,3.0286199283917146,6.05723985678344,6.0572398567834185,,8.429369702178807e-08,1.0,29.0,False,circle,360.0,1.0,True,True,9.691583770853487,295.0797322494652,296.96000000000004,19.38316754170701,19.38316754170694
r569_svd_normalised_tr050_tid1_010,r569,1,10,False,121,ellipse,181.49465811965814,131.69871794871796,34.66666666666639,3.321858323444573,6.98352706471056,6.320441014282995,9.586906321424436,0.42530522902907836,1.0,34.55555555555556,False,ellipse,360.0,1.0,True,True,10.629946635022634,354.9866666666639,353.84888888888895,22.347286607073794,20.225411245705587
r569_svd_normalised_tr050_tid1_010,r569,1,10,False,122,ellipse,357.11792289477313,37.88288677184989,25.069720494366386,2.8248787367285715,6.097484526777316,5.234906192661597,88.6162991152618,0.5127543291037049,1.0,25.22222222222222,False,ellipse,360.0,1.0,True,True,9.039611957531429,256.71393786231187,258.27555555555557,19.51195048568741,16.751699816517114
r569_svd_normalised_tr050_tid1_010,r569,1,10,False,123,ellipse,312.8086544962813,167.73360378634214,54.77777777777749,4.1756805684637,9.140814365407733,7.630089623450118,66.11308232162918,0.550663154187298,1.0,54.55555555555556,False,ellipse,360.0,1.0,True,True,13.36217781908384,560.9244444444416,558.648888888889,29.250605969304747,24.416286795040378
r569_svd_normalised_tr050_tid1_010,r569,1,10,False,124,circle,224.09489051094891,244.5535279805353,30.444444444444546,3.112999782531294,6.225999565062588,6.225999565062587,,1.4901161193847656e-08,1.0,30.22222222222222,False,circle,360.0,1.0,True,True,9.96159930410014,311.7511111111122,309.4755555555556,19.92319860820028,19.92319860820028
r569_svd_normalised_tr050_tid1_010,r569,1,10,False,125,circle,225.74089960133574,117.59754333614902,75.60270179796726,4.9056179431849385,9.811235886369886,9.811235886369866,,6.322027276634104e-08,1.0,75.33333333333333,False,circle,360.0,1.0,True,True,15.697977418191805,774.1716664111849,771.4133333333334,31.395954836383638,31.395954836383574
r569_svd_normalised_tr050_tid1_010,r569,1,10,False,126,circle,186.77209302325582,129.1751937984496,23.888888888888882,2.7575477336357106,5.515095467271426,5.515095467271416,,5.960464477539063e-08,1.0,23.555555555555557,False,circle,360.0,1.0,True,True,8.824152747634274,244.6222222222222,241.20888888888896,17.648305495268563,17.64830549526853
r569_svd_normalised_tr050_tid1_010,r569,1,10,False,127,ellipse,313.1940639269406,155.49343607305934,129.7777777777776,6.427250553201552,14.381443564281351,11.489680987582814,55.14860677526684,0.6014319404199004,1.0,130.11111111111111,False,ellipse,360.0,1.0,True,True,20.567201770244967,1328.924444444443,1332.337777777778,46.02061940570033,36.766979160265
r569_svd_normalised_tr050_tid1_010,r569,1,10,False,128,ellipse,246.7996295584597,197.40036993920452,20.757931988827306,2.570497027575501,5.3355995715800315,4.9534863927712784,-87.5567837570398,0.37162179531100875,1.0,21.0,False,ellipse,360.0,1.0,True,True,8.225590488241604,212.56122356559166,215.04000000000005,17.073918629056102,15.851156456868091
r569_svd_normalised_tr050_tid1_010,r569,1,10,False,129,ellipse,188.3071917724472,95.06105441351302,17.753540378150362,2.3772100069468776,4.954333098603234,4.56257365393666,9.388070687287751,0.3897377218559218,1.0,17.666666666666668,False,ellipse,360.0,1.0,True,True,7.607072022230009,181.79625347225974,180.90666666666672,15.85386591553035,14.600235692597312
r569_svd_normalised_tr050_tid1_010,r569,1,10,False,130,ellipse,313.5760743321719,106.30313588850174,31.888888888889184,3.1859925600587746,6.842854587909451,5.933517050433738,-15.192925635229159,0.49811430756374975,1.0,32.111111111111114,False,ellipse,360.0,1.0,True,True,10.195176192188079,326.5422222222253,328.81777777777785,21.897134681310245,18.987254561387964
r569_svd_normalised_tr050_tid1_010,r569,1,10,False,131,ellipse,339.7366084915527,107.78544207334856,35.037089834786855,3.339558665081698,7.174919735120069,6.217575939104561,-80.80516837056882,0.4990541529205786,1.0,35.0,False,ellipse,360.0,1.0,True,True,10.686587728261435,358.77979990821746,358.4000000000001,22.95974315238422,19.896243005134597
r569_svd_normalised_tr050_tid1_010,r569,1,10,False,132,circle,186.3338236483804,34.41790981784279,28.3816413705873,3.005687447886225,6.011374895772462,6.0113748957724376,,9.06402249678704e-08,1.0,28.0,False,circle,360.0,1.0,True,True,9.61819983323592,290.628007634814,286.72,19.236399666471883,19.2363996664718
r569_svd_normalised_tr050_tid1_010,r569,1,10,False,133,circle,146.72,114.26666666666668,22.222222222222296,2.659615202676222,5.319230405352462,5.319230405352427,,1.1445799094242763e-07,1.0,22.22222222222222,False,circle,360.0,1.0,True,True,8.51076864856391,227.55555555555637,227.5555555555556,17.021537297127878,17.021537297127768
r569_svd_normalised_tr050_tid1_010,r569,1,10,False,134,ellipse,207.89338892197736,144.19482496194826,559.6666666666656,13.34718820454435,27.921399335227118,25.52127575393653,-48.565845804626946,0.4056240680517463,1.0,560.2222222222222,False,ellipse,360.0,1.0,True,True,42.711002254541924,5730.986666666657,5736.6755555555565,89.34847787272679,81.6680824125969
r569_svd_normalised_tr050_tid1_010,r569,1,10,False,135,circle,197.80405210573352,108.03505404102526,100.25774636559163,5.649162047124761,11.298324094249535,11.29832409424951,,6.664001874625056e-08,1.0,100.44444444444444,False,circle,360.0,1.0,True,True,18.077318550799237,1026.6393227836584,1028.5511111111114,36.15463710159852,36.15463710159843
r569_svd_normalised_tr050_tid1_010,r569,1,10,False,136,circle,193.30398322851156,171.4245283018868,35.333333333333435,3.3536471656731126,6.707294331346226,6.707294331346225,,1.4901161193847656e-08,1.0,35.0,False,circle,360.0,1.0,True,True,10.73167093015396,361.81333333333447,358.4000000000001,21.463341860307924,21.46334186030792
r569_svd_normalised_tr050_tid1_010,r569,1,10,False,137,ellipse,256.5890888259521,187.58328119360462,32.00499028678584,3.1917870880589962,6.9801335731967935,5.837999922877927,-22.77684245914051,0.5481597273836617,1.0,32.0,False,ellipse,360.0,1.0,True,True,10.213718681788789,327.73110053668705,327.68000000000006,22.33642743422974,18.681599753209365
r569_svd_normalised_tr050_tid1_010,r569,1,10,False,138,ellipse,213.27759798161398,63.452331619884944,1165.3803858133638,19.260116769351995,52.3272057977764,28.356346746482473,86.8164138426043,0.8404400900344773,1.0,1165.5555555555557,False,ellipse,360.0,1.0,True,True,61.63237366192639,11933.495150728848,11935.288888888892,167.4470585528845,90.74030958874391
r569_svd_normalised_tr050_tid1_010,r569,1,10,False,139,circle,203.74156118143458,218.50474683544303,70.22222222222243,4.727835399326893,9.455670798653786,9.455670798653784,,2.1073424255447017e-08,1.0,70.0,False,circle,360.0,1.0,True,True,15.129073277846059,719.0755555555578,716.8000000000002,30.258146555692118,30.25814655569211
r569_svd_normalised_tr050_tid1_010,r569,1,10,False,140,circle,227.77777777777777,152.09640522875816,22.666666666666675,2.6860796873571324,5.372159374714266,5.372159374714265,,1.4901161193847656e-08,1.0,22.88888888888889,False,circle,360.0,1.0,True,True,8.595454999542824,232.1066666666668,234.38222222222228,17.19090999908565,17.190909999085648
r569_svd_normalised_tr050_tid1_010,r569,1,10,False,141,circle,162.92374017260065,49.703703531412515,22.97784853964389,2.7044549087389917,5.408909817477991,5.408909817477976,,7.300048299977713e-08,1.0,23.0,False,circle,360.0,1.0,True,True,8.654255707964774,235.29316904595348,235.52000000000004,17.30851141592957,17.308511415929527
r569_svd_normalised_tr050_tid1_010,r569,1,10,False,142,ellipse,201.87397828727367,244.63737140275794,13.566342787096175,2.0780522198662075,4.469266015884974,3.8648861026776826,89.49374586152749,0.5021685584815054,1.0,13.555555555555555,False,ellipse,360.0,1.0,True,True,6.649767103571865,138.91935013986486,138.8088888888889,14.301651250831918,12.367635528568584
r569_svd_normalised_tr050_tid1_010,r569,1,10,False,143,ellipse,287.9568999352513,247.83610756117832,43.62384133487813,3.726378935401605,9.814446013187764,5.659371889782137,84.54065310085741,0.8170005300539771,1.0,37.0,True,ellipse,251.99999999999997,0.7,True,True,11.924412593285137,446.70813526915214,378.88000000000005,31.406227242200845,18.10999004730284
r569_svd_normalised_tr050_tid1_010,r569,1,10,False,144,ellipse,339.49242424242425,108.20247933884298,53.77777777777745,4.137390279350201,9.514151465221353,7.19685760153631,-77.5098246530606,0.6540663887405241,1.0,53.666666666666664,False,ellipse,360.0,1.0,True,True,13.239648893920643,550.6844444444412,549.5466666666667,30.44528468870833,23.029944324916194
r569_svd_normalised_tr050_tid1_010,r569,1,10,False,145,ellipse,257.92424242424244,169.53661616161617,29.33333333333345,3.0556652294916997,6.577258299135338,5.678408583073004,-24.81964966111542,0.5046230906559787,1.0,29.0,False,ellipse,360.0,1.0,True,True,9.778128734373439,300.3733333333346,296.96000000000004,21.047226557233085,18.170907465833615
r569_svd_normalised_tr050_tid1_010,r569,1,10,False,146,circle,279.25558794946545,219.3887269193392,38.11111111111096,3.4829791041744036,6.965958208348835,6.965958208348779,,1.2644054553268208e-07,1.0,38.22222222222222,False,circle,360.0,1.0,True,True,11.145533133358093,390.2577777777763,391.39555555555563,22.29106626671627,22.291066266716093
r569_svd_normalised_tr050_tid1_010,r569,1,10,False,147,ellipse,201.6224858310927,123.18548097014074,22.08793488018946,2.651567090938505,5.707957085756887,4.927022352913004,75.2830093620901,0.504887940490583,1.0,22.22222222222222,False,ellipse,360.0,1.0,True,True,8.485014691003217,226.18045317314014,227.5555555555556,18.26546267442204,15.766471529321613
r569_svd_normalised_tr050_tid1_010,r569,1,10,False,148,ellipse,217.02949852507373,122.30678466076698,12.55555555555558,1.9991391797128977,4.178676709929457,3.825668016256396,78.38713571413322,0.4022692354879713,1.0,12.666666666666666,False,ellipse,360.0,1.0,True,True,6.397245375081273,128.56888888888918,129.70666666666668,13.371765471774262,12.242137652020467
r569_svd_normalised_tr050_tid1_010,r569,1,10,False,149,ellipse,365.7111111111111,196.17508417508415,55.00000000000016,4.184141935942009,8.813522229060554,7.945537906460645,-67.9512169181001,0.43274421015193626,1.0,54.888888888888886,False,ellipse,360.0,1.0,True,True,13.389254195014429,563.2000000000018,562.0622222222223,28.203271132993777,25.425721300674066
r569_svd_normalised_tr050_tid1_010,r569,1,10,False,150,ellipse,248.86653895274583,168.66091954022988,116.00000000000014,6.076507779746502,13.042355409601178,11.324318541461633,-63.05284896882682,0.496087557998269,1.0,116.0,False,ellipse,360.0,1.0,True,True,19.44482489518881,1187.8400000000017,1187.8400000000001,41.73553731072377,36.237819332677226
r569_svd_normalised_tr050_tid1_010,r569,1,10,False,151,circle,195.58759554740803,79.55901375540648,60.7281790853636,4.396632776661129,8.793265553322271,8.793265553322243,,8.024520884654677e-08,1.0,60.44444444444444,False,circle,360.0,1.0,True,True,14.069224885315613,621.8565538341234,618.9511111111112,28.13844977063127,28.13844977063118
r569_svd_normalised_tr050_tid1_010,r569,1,10,False,152,circle,229.2455085884309,213.4938194599541,24.945743206619042,2.817885143306763,5.635770286613527,5.635770286613526,,1.4901161193847656e-08,1.0,24.666666666666668,False,circle,360.0,1.0,True,True,9.017232458581642,255.44441043577905,252.58666666666673,18.034464917163287,18.034464917163284
r569_svd_normalised_tr050_tid1_010,r569,1,10,False,153,ellipse,286.05936329083937,247.77289616806553,46.39812215052426,3.8430431926892252,9.735160955807588,6.068304796569158,-77.22944429190062,0.781951776341536,1.0,38.44444444444444,True,ellipse,247.0,0.6861111111111111,True,True,12.297738216605522,475.1167708213685,393.67111111111114,31.152515058584285,19.418575349021307
r569_svd_normalised_tr050_tid1_010,r569,1,10,False,154,circle,310.7435897435898,136.28007889546353,18.77777777777786,2.444821528706949,4.889643057413939,4.889643057413858,,1.8189185285171422e-07,1.0,18.88888888888889,False,circle,360.0,1.0,True,True,7.823428891862237,192.2844444444453,193.42222222222227,15.646857783724606,15.646857783724347
r569_svd_normalised_tr050_tid1_010,r569,1,10,False,155,ellipse,10.954853457425097,151.7060984570169,453.6666666666667,12.016929101565273,26.274939610883067,21.983926459299376,12.37115580572808,0.547679837382727,1.0,454.55555555555554,False,ellipse,360.0,1.0,True,True,38.45417312500888,4645.546666666668,4654.64888888889,84.07980675482582,70.348564669758
r569_svd_normalised_tr050_tid1_010,r569,1,10,False,156,ellipse,324.9532578506759,210.70774565333724,23.523652398282543,2.7363865073348776,5.993323570154033,4.997434915620235,80.45003207693969,0.5520157886456112,1.0,23.666666666666668,False,ellipse,360.0,1.0,True,True,8.756436823471608,240.8822005584133,242.34666666666672,19.178635424492906,15.991791729984753
r569_svd_normalised_tr050_tid2_010,r569,2,10,False,0,circle,202.99182561307902,155.50603347606074,285.4444444444447,9.532040108125152,19.064080216250304,19.064080216250304,,0.0,1.0,284.6666666666667,False,circle,360.0,1.0,True,True,30.50252834600049,2922.951111111114,2914.9866666666676,61.00505669200098,61.00505669200098
r569_svd_normalised_tr050_tid2_010,r569,2,10,False,1,circle,201.14481820686086,145.17695626149307,271.5334338643862,9.296869173461927,18.593738346923853,18.59373834692385,,2.1073424255447017e-08,1.0,272.0,False,circle,360.0,1.0,True,True,29.749981355078166,2780.5023627713153,2785.2800000000007,59.49996271015633,59.499962710156325
r569_svd_normalised_tr050_tid2_010,r569,2,10,False,2,circle,311.2840253748558,158.2622549019608,256.8888888888884,9.042691689099133,18.085383378198266,18.085383378198266,,0.0,1.0,256.8888888888889,False,circle,360.0,1.0,True,True,28.936613405117228,2630.542222222218,2630.542222222223,57.873226810234456,57.873226810234456
r569_svd_normalised_tr050_tid2_010,r569,2,10,False,3,circle,314.47385620915037,176.53676470588235,453.33333333333337,12.012513547823861,24.025027095647758,24.025027095647683,,7.884953353001448e-08,1.0,453.22222222222223,False,circle,360.0,1.0,True,True,38.44004335303636,4642.133333333335,4640.995555555556,76.88008670607283,76.88008670607259
r569_svd_normalised_tr050_tid2_010,r569,2,10,False,4,circle,250.34294993556267,153.71931815107743,651.0288089903937,14.395447408542084,28.790894817084173,28.79089481708417,,1.4901161193847656e-08,1.0,651.6666666666666,False,circle,360.0,1.0,True,True,46.065431707334675,6666.535004061633,6673.0666666666675,92.13086341466936,92.13086341466935
r569_svd_normalised_tr050_tid2_010,r569,2,10,False,5,ellipse,314.8701985208164,145.61235830417243,637.8705332013969,14.249227937798263,29.946517689580293,27.120414991553723,17.666674481885735,0.4240723011346648,1.0,637.7777777777778,False,ellipse,360.0,1.0,True,True,45.59752940095444,6531.794259982306,6530.844444444446,95.82885660665694,86.78532797297191
r569_svd_normalised_tr050_tid2_010,r569,2,10,False,6,circle,251.45160257670835,241.3183062672668,76.55910926119829,4.936549539431811,9.873099078863621,9.873099078863621,,0.0,1.0,76.77777777777777,False,circle,360.0,1.0,True,True,15.796958526181795,783.9652788346706,786.2044444444446,31.59391705236359,31.59391705236359
r569_svd_normalised_tr050_tid2_010,r569,2,10,False,7,ellipse,296.1519806763285,184.44367149758452,383.33333333333303,11.046211554364977,22.974513006777347,21.24420041770487,-66.3948840773258,0.3807316847162234,1.0,383.44444444444446,False,ellipse,360.0,1.0,True,True,35.34787697396793,3925.333333333331,3926.471111111112,73.51844162168751,67.98144133665559
r569_svd_normalised_tr050_tid2_010,r569,2,10,False,8,ellipse,309.18585185931283,105.76965947031718,149.72784041563156,6.903611507120346,14.784677658968622,12.894390514448107,-84.27532734794727,0.48924653975423366,1.0,149.88888888888889,False,ellipse,360.0,1.0,True,True,22.09155682278511,1533.2130858560674,1534.8622222222225,47.310968508699595,41.26204964623395
r569_svd_normalised_tr050_tid2_010,r569,2,10,False,9,circle,320.0020022969864,197.5317101461169,461.3457340500349,12.118205646746715,24.23641129349346,24.2364112934934,,6.989264130329236e-08,1.0,460.55555555555554,False,circle,360.0,1.0,True,True,38.77825806958949,4724.1803166723585,4716.088888888889,77.55651613917908,77.55651613917888
r569_svd_normalised_tr050_tid2_010,r569,2,10,False,10,circle,310.95315024232633,219.9861335487345,275.1111111111116,9.357915711614105,18.71583142322821,18.71583142322821,,0.0,1.0,274.77777777777777,False,circle,360.0,1.0,True,True,29.945330277165137,2817.1377777777834,2813.724444444445,59.890660554330275,59.890660554330275
r569_svd_normalised_tr050_tid2_010,r569,2,10,False,11,circle,301.5767460706448,130.05666246277298,35.1938554853263,3.347021382349236,6.6940427646984935,6.694042764698452,,1.1151007970493857e-07,1.0,35.333333333333336,False,circle,360.0,1.0,True,True,10.710468423517556,360.3850801697414,361.81333333333345,21.42093684703518,21.420936847035048
r569_svd_normalised_tr050_tid2_010,r569,2,10,False,12,ellipse,302.97580483903215,150.15356928614278,370.44444444444395,10.858919326918702,22.800017660717426,20.68702414238712,-14.231224484999984,0.4204301299063997,1.0,371.0,False,ellipse,360.0,1.0,True,True,34.74854184613985,3793.3511111111065,3799.040000000001,72.96005651429577,66.19847725563879
r569_svd_normalised_tr050_tid2_010,r569,2,10,False,13,circle,253.7534855678649,220.5716331298515,491.44444444444355,12.50726289708372,25.01452579416744,25.01452579416744,,0.0,1.0,491.44444444444446,False,circle,360.0,1.0,True,True,40.02324127066791,5032.391111111103,5032.391111111112,80.04648254133582,80.04648254133582
r569_svd_normalised_tr050_tid2_010,r569,2,10,False,14,ellipse,296.20753793467355,104.8327593118762,113.385627843041,6.007642324039941,12.678702173992221,11.386580676255948,-85.67838612899772,0.43981735360003116,1.0,113.77777777777777,False,ellipse,360.0,1.0,True,True,19.224455436927812,1161.06882911274,1165.0844444444447,40.57184695677511,36.437058164019035
r569_svd_normalised_tr050_tid2_010,r569,2,10,False,15,circle,335.2037811465412,67.00871231921938,425.11111111111137,11.632586530657859,23.265173061315725,23.26517306131571,,3.650024149988857e-08,1.0,424.44444444444446,False,circle,360.0,1.0,True,True,37.22427689810515,4353.137777777782,4346.311111111112,74.44855379621032,74.44855379621028
r569_svd_normalised_tr050_tid2_010,r569,2,10,False,16,circle,326.25354081880823,132.47105663062968,133.68416427908284,6.523265372208158,13.046530744416335,13.046530744416295,,7.884953353001448e-08,1.0,133.33333333333334,False,circle,360.0,1.0,True,True,20.874449191066105,1368.9258422178084,1365.3333333333337,41.748898382132275,41.74889838213215
r569_svd_normalised_tr050_tid2_010,r569,2,10,False,17,ellipse,175.6199799196787,50.517904953145916,221.33333333333343,8.393604001977481,18.61420237281071,15.139534153753624,48.46223928559087,0.5817992644014597,1.0,220.77777777777777,False,ellipse,360.0,1.0,True,True,26.85953280632794,2266.4533333333347,2260.764444444445,59.565447592994275,48.4465092920116
r569_svd_normalised_tr050_tid2_010,r569,2,10,False,18,ellipse,172.96140350877192,122.00458839406208,137.222222222222,6.609023372438799,14.039257403097487,12.444871885547267,83.04479632792868,0.46285545169742276,1.0,137.0,False,ellipse,360.0,1.0,True,True,21.148874791804158,1405.1555555555535,1402.8800000000003,44.92562368991196,39.82359003375126
r569_svd_normalised_tr050_tid2_010,r569,2,10,False,19,circle,320.7836103248321,157.89318097277237,177.28755905878683,7.512149009824319,15.02429801964865,15.024298019648628,,5.5755039852469285e-08,1.0,176.88888888888889,False,circle,360.0,1.0,True,True,24.038876831437822,1815.4246047619774,1811.3422222222225,48.077753662875686,48.07775366287561
r569_svd_normalised_tr050_tid2_010,r569,2,10,False,20,ellipse,159.5843768634466,42.44126416219439,62.11111111111121,4.446412116361526,9.348402105851804,8.459448142972295,63.69687860851343,0.4256062510992392,1.0,62.22222222222222,False,ellipse,360.0,1.0,True,True,14.228518772356885,636.0177777777789,637.1555555555557,29.914886738725773,27.070234057511346
r569_svd_normalised_tr050_tid2_010,r569,2,10,False,21,circle,235.63216335748564,172.41949750635175,1180.7777777777767,19.3869347771326,38.7738695542652,38.7738695542652,,0.0,1.0,1180.888888888889,False,circle,360.0,1.0,True,True,62.038191286824315,12091.164444444436,12092.302222222224,124.07638257364863,124.07638257364863
r569_svd_normalised_tr050_tid2_010,r569,2,10,False,22,circle,265.9303546233634,174.45758957284522,533.5301618518794,13.031804368340216,26.063608736680433,26.063608736680433,,0.0,1.0,533.6666666666666,False,circle,360.0,1.0,True,True,41.70177397868869,5463.348857363246,5464.746666666667,83.40354795737738,83.40354795737738
r569_svd_normalised_tr050_tid2_010,r569,2,10,False,23,circle,247.24423153692618,202.22203592814373,463.8888888888889,12.15156036993387,24.30312073986774,24.303120739867737,,1.4901161193847656e-08,1.0,463.77777777777777,False,circle,360.0,1.0,True,True,38.88499318378839,4750.2222222222235,4749.084444444446,77.76998636757678,77.76998636757676
r569_svd_normalised_tr050_tid2_010,r569,2,10,False,24,circle,296.9289967934036,231.30164910673386,485.1111111111106,12.42640988235419,24.852819764708396,24.852819764708357,,5.5755039852469285e-08,1.0,485.44444444444446,False,circle,360.0,1.0,True,True,39.76451162353341,4967.537777777773,4970.951111111112,79.52902324706687,79.52902324706675
r569_svd_normalised_tr050_tid2_010,r569,2,10,False,25,circle,184.47190610077917,132.21600213171186,141.5194925737736,6.711710182505326,13.423420365010655,13.42342036501065,,2.9802322387695312e-08,1.0,141.77777777777777,False,circle,360.0,1.0,True,True,21.477472584017043,1449.1596039554418,1451.8044444444447,42.9549451680341,42.95494516803408
r569_svd_normalised_tr050_tid2_010,r569,2,10,False,26,circle,233.23039456285525,92.2235133013969,368.581747102426,10.831584093270749,21.66316818654152,21.66316818654148,,5.960464477539063e-08,1.0,368.1111111111111,False,circle,360.0,1.0,True,True,34.6610690984664,3774.277090328843,3769.457777777778,69.32213819693287,69.32213819693274
r569_svd_normalised_tr050_tid2_010,r569,2,10,False,27,circle,218.3962840584307,138.65398485775384,1158.854517863886,19.206114903457838,38.4122298069157,38.41222980691565,,5.1619136559035694e-08,1.0,1159.2222222222222,False,circle,360.0,1.0,True,True,61.45956769106508,11866.670262926194,11870.435555555558,122.91913538213024,122.91913538213008
r569_svd_normalised_tr050_tid2_010,r569,2,10,False,28,circle,271.09527237820976,129.9076073914087,154.33333333333323,7.008981792507263,14.017963585014526,14.017963585014526,,0.0,1.0,154.88888888888889,False,circle,360.0,1.0,True,True,22.42874173602324,1580.3733333333325,1586.0622222222225,44.85748347204648,44.85748347204648
r569_svd_normalised_tr050_tid2_010,r569,2,10,False,29,circle,328.9085328422345,71.89993861264578,60.33333333333369,4.382316335731842,8.764632671463714,8.764632671463652,,1.1920928955078125e-07,1.0,60.22222222222222,False,circle,360.0,1.0,True,True,14.023412274341894,617.8133333333371,616.6755555555557,28.046824548683887,28.046824548683688
r569_svd_normalised_tr050_tid2_010,r569,2,10,False,30,ellipse,245.42332454955084,107.64990002510736,73.3945442061008,4.833446908031073,10.110805270277758,9.24247214272117,85.717123447792,0.4054475680708084,1.0,72.77777777777777,False,ellipse,360.0,1.0,True,True,15.467030105699434,751.5601326704724,745.2444444444445,32.35457686488883,29.575910856707743
r569_svd_normalised_tr050_tid2_010,r569,2,10,False,31,ellipse,359.8424657534247,63.742009132420094,16.222222222222324,2.272376225276912,4.762464260309438,4.3369931421748795,11.656534202148407,0.4131531429497478,1.0,16.11111111111111,False,ellipse,360.0,1.0,True,True,7.271603920886119,166.11555555555663,164.97777777777782,15.239885632990202,13.878378054959615
r569_svd_normalised_tr050_tid2_010,r569,2,10,False,32,ellipse,330.63615053909723,163.63828694634716,119.16676282375147,6.158892653011506,12.876919118194792,11.782929864868724,19.51936805434937,0.4033571561554806,1.0,119.0,False,ellipse,360.0,1.0,True,True,19.70845648963682,1220.2676513152153,1218.5600000000002,41.206141178223334,37.705375567579914
r569_svd_normalised_tr050_tid2_010,r569,2,10,False,33,circle,164.5531415149736,79.50029359953024,189.222222222222,7.760882940683968,15.521765881367935,15.521765881367935,,0.0,1.0,188.88888888888889,False,circle,360.0,1.0,True,True,24.8348254101887,1937.6355555555538,1934.2222222222226,49.6696508203774,49.6696508203774
r569_svd_normalised_tr050_tid2_010,r569,2,10,False,34,circle,193.7680652680653,180.32779720279723,127.11111111111138,6.360874413983744,12.721748827967488,12.721748827967486,,1.4901161193847656e-08,1.0,127.44444444444444,False,circle,360.0,1.0,True,True,20.354798124747983,1301.617777777781,1305.0311111111114,40.709596249495966,40.70959624949596
r569_svd_normalised_tr050_tid2_010,r569,2,10,False,35,circle,213.35416666666666,137.14159604519773,104.88888888888924,5.778163227546155,11.55632645509231,11.556326455092309,,1.4901161193847656e-08,1.0,104.77777777777777,False,circle,360.0,1.0,True,True,18.4901223281477,1074.062222222226,1072.9244444444446,36.9802446562954,36.98024465629539
r569_svd_normalised_tr050_tid2_010,r569,2,10,False,36,circle,198.8318607764391,222.90870147255686,276.6666666666669,9.384334562317965,18.76866912463593,18.768669124635927,,2.1073424255447017e-08,1.0,276.44444444444446,False,circle,360.0,1.0,True,True,30.029870599417492,2833.06666666667,2830.7911111111116,60.059741198834985,60.05974119883497
r569_svd_normalised_tr050_tid2_010,r569,2,10,False,37,circle,238.4872394742803,117.16001114720484,303.9615423104249,9.836359282635055,19.672718565270124,19.6727185652701,,4.9421560620597e-08,1.0,303.44444444444446,False,circle,360.0,1.0,True,True,31.476349704432177,3112.5661932587514,3107.2711111111116,62.9526994088644,62.95269940886432
r569_svd_normalised_tr050_tid2_010,r569,2,10,False,38,circle,248.57694409997356,241.09515264732227,968.2767822715481,17.555969707175493,35.111939414350985,35.111939414350985,,0.0,1.0,767.2222222222222,True,circle,237.0,0.6583333333333333,True,True,56.17910306296158,9915.154250460655,7856.355555555557,112.35820612592316,112.35820612592316
r569_svd_normalised_tr050_tid2_010,r569,2,10,False,39,ellipse,329.6858798414151,178.54452577005188,242.88888888888914,8.792834274426516,18.252160570548472,16.943514008370663,63.9938610780643,0.3718275374124556,1.0,242.33333333333334,False,ellipse,360.0,1.0,True,True,28.137069678164853,2487.1822222222254,2481.493333333334,58.40691382575511,54.219244826786124
r569_svd_normalised_tr050_tid2_010,r569,2,10,False,40,circle,350.61209544058585,200.93078195133478,156.77777777777754,7.064270422385598,14.128540844771198,14.128540844771194,,2.1073424255447017e-08,1.0,156.55555555555554,False,circle,360.0,1.0,True,True,22.605665351633917,1605.4044444444423,1603.1288888888892,45.21133070326783,45.211330703267826
r569_svd_normalised_tr050_tid2_010,r569,2,10,False,41,circle,282.6291097780994,229.5909375054592,166.08913094139535,7.271025537454827,14.542051074909683,14.542051074909626,,8.815645848363066e-08,1.0,166.0,False,circle,360.0,1.0,True,True,23.267281719855447,1700.7527008398888,1699.8400000000004,46.534563439710986,46.53456343971081
r569_svd_normalised_tr050_tid2_010,r569,2,10,False,42,circle,286.1110388658556,172.05016386120602,133.65391267696057,6.522527250400846,13.045054500801722,13.045054500801662,,9.657056180250437e-08,1.0,133.66666666666666,False,circle,360.0,1.0,True,True,20.87208720128271,1368.6160658120766,1368.746666666667,41.74417440256551,41.74417440256532
r569_svd_normalised_tr050_tid2_010,r569,2,10,False,43,circle,226.4269825625301,162.3168228689181,100.64650362790023,5.660103984432919,11.320207968865837,11.320207968865837,,0.0,1.0,100.55555555555556,False,circle,360.0,1.0,True,True,18.11233275018534,1030.6201971496985,1029.688888888889,36.22466550037068,36.22466550037068
r569_svd_normalised_tr050_tid2_010,r569,2,10,False,44,ellipse,229.64113018598,195.793991416309,517.777777777778,12.83798214334872,27.16693698610001,24.266818978859153,77.93796610000555,0.44956374414203687,1.0,517.2222222222222,False,ellipse,360.0,1.0,True,True,41.081542858715906,5302.044444444448,5296.355555555556,86.93419835552004,77.65382073234929
r569_svd_normalised_tr050_tid2_010,r569,2,10,False,45,ellipse,174.8093669959751,38.5993413830955,101.22222222222197,5.676269376520625,12.095052031352422,10.655608244199716,76.52929736869663,0.47313667824651734,1.0,101.11111111111111,False,ellipse,360.0,1.0,True,True,18.164062004866,1036.5155555555532,1035.377777777778,38.70416650032775,34.097946381439094
r569_svd_normalised_tr050_tid2_010,r569,2,10,False,46,circle,197.8705445908342,208.74295532645556,279.5742578970301,9.433517382775177,18.867034765550354,18.86703476555035,,2.1073424255447017e-08,1.0,279.6666666666667,False,circle,360.0,1.0,True,True,30.187255624880567,2862.840400865589,2863.7866666666673,60.374511249761134,60.37451124976113
r569_svd_normalised_tr050_tid2_010,r569,2,10,False,47,circle,187.1147741147741,143.509768009768,60.66666666666664,4.394405507212167,8.788811014424336,8.788811014424335,,2.1073424255447017e-08,1.0,60.666666666666664,False,circle,360.0,1.0,True,True,14.062097623078936,621.2266666666666,621.2266666666668,28.12419524615788,28.12419524615787
r569_svd_normalised_tr050_tid2_010,r569,2,10,False,48,circle,262.8000665847761,106.91095000550408,38.27944855522113,3.4906628185476047,6.981325637095217,6.981325637095202,,6.322027276634104e-08,1.0,38.111111111111114,False,circle,360.0,1.0,True,True,11.170121019352337,391.9815532054644,390.2577777777779,22.340242038704694,22.34024203870465
r569_svd_normalised_tr050_tid2_010,r569,2,10,False,49,circle,343.5360086287925,98.18497002916632,26.305188821406883,2.8936485031505033,5.78729700630104,5.787297006300973,,1.5269146510898468e-07,1.0,26.555555555555557,False,circle,360.0,1.0,True,True,9.25967521008161,269.36513353120654,271.92888888888893,18.51935042016333,18.519350420163114
r569_svd_normalised_tr050_tid2_010,r569,2,10,False,50,circle,194.21557631863232,93.94922134668606,210.97996205827943,8.194937932030443,16.389875864060887,16.389875864060887,,0.0,1.0,210.88888888888889,False,circle,360.0,1.0,True,True,26.22380138249742,2160.4348114767818,2159.502222222223,52.44760276499484,52.44760276499484
r569_svd_normalised_tr050_tid2_010,r569,2,10,False,51,circle,194.23470052158484,113.44912710134037,157.62463913766038,7.0833241450373965,14.166648290074795,14.16664829007479,,2.5809568279517847e-08,1.0,157.11111111111111,False,circle,360.0,1.0,True,True,22.66663726411967,1614.0763047696425,1608.817777777778,45.33327452823934,45.33327452823933
r569_svd_normalised_tr050_tid2_010,r569,2,10,False,52,circle,280.5274950407473,153.2972478966808,494.04097900470487,12.540260276290766,25.08052055258156,25.0805205525815,,6.989264130329236e-08,1.0,493.77777777777777,False,circle,360.0,1.0,True,True,40.12883288413045,5058.979625008179,5056.284444444445,80.257665768261,80.25766576826081
r569_svd_normalised_tr050_tid2_010,r569,2,10,False,53,circle,194.9709158888261,126.46751977846336,55.45275083087099,4.201328219212663,8.402656438425343,8.40265643842531,,8.688795409866125e-08,1.0,55.666666666666664,False,circle,360.0,1.0,True,True,13.444250301480523,567.836168508119,570.0266666666668,26.8885006029611,26.888500602960995
r569_svd_normalised_tr050_tid2_010,r569,2,10,False,54,circle,339.1613054430473,110.80499853041093,109.42672491195177,5.901830932192851,11.803661864385715,11.80366186438569,,6.495265578539184e-08,1.0,109.66666666666667,False,circle,360.0,1.0,True,True,18.885858983017126,1120.5296630983862,1122.986666666667,37.77171796603429,37.77171796603421
r569_svd_normalised_tr050_tid2_010,r569,2,10,False,55,ellipse,328.3439675174014,106.80239752513535,191.55555555555608,7.80858675348887,16.314782688783968,14.949393626598551,63.13788340205798,0.4004703911581248,1.0,191.77777777777777,False,ellipse,360.0,1.0,True,True,24.987477611164387,1961.5288888888947,1963.8044444444447,52.2073046041087,47.83805960511537
r569_svd_normalised_tr050_tid2_010,r569,2,10,False,56,circle,349.06693620844567,49.95283018867924,82.4444444444443,5.122780663623705,10.245561327247414,10.245561327247405,,4.2146848510894035e-08,1.0,82.77777777777777,False,circle,360.0,1.0,True,True,16.392898123595856,844.2311111111098,847.6444444444445,32.785796247191726,32.7857962471917
r569_svd_normalised_tr050_tid2_010,r569,2,10,False,57,circle,260.6745640013162,140.10036196117142,225.11111111111074,8.464933086355988,16.92986617271198,16.929866172711975,,2.1073424255447017e-08,1.0,226.0,False,circle,360.0,1.0,True,True,27.08778587633916,2305.1377777777743,2314.2400000000002,54.17557175267834,54.17557175267832
r569_svd_normalised_tr050_tid2_010,r569,2,10,False,58,circle,267.2865416670549,150.39980333368104,228.33889665100534,8.525404870404328,17.05080974080866,17.050809740808656,,2.1073424255447017e-08,1.0,228.77777777777777,False,circle,360.0,1.0,True,True,27.28129558529385,2338.190301706295,2342.684444444445,54.562591170587716,54.5625911705877
r569_svd_normalised_tr050_tid2_010,r569,2,10,False,59,ellipse,207.95005459798742,110.36852172542265,125.91748308628611,6.330938296156829,13.30365571220778,12.05105741663653,-52.49085127456769,0.42360810562674794,1.0,125.77777777777777,False,ellipse,360.0,1.0,True,True,20.259002547701854,1289.39502680357,1287.9644444444446,42.5716982790649,38.5633837332369
r569_svd_normalised_tr050_tid2_010,r569,2,10,False,60,circle,279.8626389712829,198.475486552628,314.0630051968293,9.998467854563618,19.996935709127236,19.996935709127236,,0.0,1.0,314.8888888888889,False,circle,360.0,1.0,True,True,31.99509713460358,3216.0051732155325,3224.4622222222233,63.99019426920716,63.99019426920716
r569_svd_normalised_tr050_tid2_010,r569,2,10,False,61,circle,273.4882882882883,107.2234234234234,20.555555555555554,2.5579359939868462,5.115871987973721,5.115871987973664,,1.4901161193847656e-07,1.0,20.444444444444443,False,circle,360.0,1.0,True,True,8.185395180757908,210.4888888888889,209.35111111111112,16.37079036151591,16.370790361515727
r569_svd_normalised_tr050_tid2_010,r569,2,10,False,62,circle,268.9041005291005,119.14880952380952,56.00000000000022,4.222008245644761,8.44401649128955,8.444016491289492,,1.1827430029502171e-07,1.0,56.111111111111114,False,circle,360.0,1.0,True,True,13.510426386063237,573.4400000000023,574.5777777777779,27.020852772126563,27.020852772126375
r569_svd_normalised_tr050_tid2_010,r569,2,10,False,63,ellipse,246.3657157543048,32.67720380364944,144.111111111111,6.7728864877242225,15.064425128013823,12.180216897966787,83.87891568455291,0.588438792489165,1.0,144.88888888888889,False,ellipse,360.0,1.0,True,True,21.673236760717515,1475.697777777777,1483.6622222222225,48.20616040964424,38.97669407349372
r569_svd_normalised_tr050_tid2_010,r569,2,10,False,64,circle,213.05646691217504,174.37919875013955,331.8888888888885,10.278303091847743,20.556606183695486,20.556606183695486,,0.0,1.0,331.3333333333333,False,circle,360.0,1.0,True,True,32.890569893912776,3398.542222222219,3392.853333333334,65.78113978782555,65.78113978782555
r569_svd_normalised_tr050_tid2_010,r569,2,10,False,65,circle,303.69478846674883,222.29698211820664,309.64742583224535,9.927932154973954,19.855864309947936,19.85586430994788,,7.598131170262075e-08,1.0,309.22222222222223,False,circle,360.0,1.0,True,True,31.769382895916653,3170.789640522193,3166.435555555556,63.5387657918334,63.538765791833214
r569_svd_normalised_tr050_tid2_010,r569,2,10,False,66,ellipse,324.01616161616164,50.44040404040405,18.333333333333147,2.4157154730437047,5.3450764401652275,4.367145212630394,-84.10651828750514,0.5765799410185994,1.0,18.11111111111111,False,ellipse,360.0,1.0,True,True,7.730289513739855,187.73333333333147,185.4577777777778,17.104244608528727,13.974864680417262
r569_svd_normalised_tr050_tid2_010,r569,2,10,False,67,ellipse,291.28390642362893,212.64692035199022,178.8007953536608,7.5441408270654,15.653982145344633,14.543024334679158,-88.95623323283911,0.3700035537030692,1.0,178.77777777777777,False,ellipse,360.0,1.0,True,True,24.14125064660928,1830.9201444214868,1830.6844444444448,50.09274286510283,46.53767787097331
r569_svd_normalised_tr050_tid2_010,r569,2,10,False,68,circle,304.23610287139803,243.25422092018,136.42538094408974,6.5898063310611406,13.179612662122281,13.179612662122281,,0.0,1.0,135.11111111111111,True,circle,323.0,0.8972222222222223,True,True,21.08738025939565,1396.9959008674791,1383.537777777778,42.1747605187913,42.1747605187913
r569_svd_normalised_tr050_tid2_010,r569,2,10,False,69,circle,287.8520913188252,240.9808157930481,54.289561281893064,4.15703067977701,8.314061359554021,8.31406135955402,,2.1073424255447017e-08,1.0,54.22222222222222,False,circle,360.0,1.0,True,True,13.30249817528643,555.9251075265851,555.2355555555556,26.60499635057287,26.60499635057286
r569_svd_normalised_tr050_tid2_010,r569,2,10,False,70,circle,277.5929539295393,215.27280939476063,205.00000000000023,8.077965503001183,16.15593100600237,16.155931006002366,,2.1073424255447017e-08,1.0,204.88888888888889,False,circle,360.0,1.0,True,True,25.849489609603786,2099.2000000000025,2098.0622222222228,51.69897921920759,51.69897921920757
r569_svd_normalised_tr050_tid2_010,r569,2,10,False,71,ellipse,212.5910914257812,190.80666760231384,277.1098142235023,9.391847178584968,19.93064993235308,17.70274300643048,-56.56868430076753,0.4594240735038272,1.0,277.0,False,ellipse,360.0,1.0,True,True,30.053910971471897,2837.604497648664,2836.4800000000005,63.77807978352986,56.64877762057754
r569_svd_normalised_tr050_tid2_010,r569,2,10,False,72,ellipse,283.6612622104028,161.61593101598837,49.5101425262704,3.969832217169938,8.409948288923882,7.495678827531504,84.8113433551589,0.45343932265417436,1.0,49.666666666666664,False,ellipse,360.0,1.0,True,True,12.703463094943801,506.983859469009,508.58666666666676,26.911834524556426,23.986172248100814
r569_svd_normalised_tr050_tid2_010,r569,2,10,False,73,circle,344.41048269819055,72.76650236417078,75.0594920735598,4.887962599994804,9.775925199989619,9.775925199989596,,6.828569911354542e-08,1.0,75.0,False,circle,360.0,1.0,True,True,15.641480319983373,768.6091988332524,768.0000000000001,31.28296063996678,31.282960639966706
r569_svd_normalised_tr050_tid2_010,r569,2,10,False,74,ellipse,296.12250645388406,46.57615583196433,473.44444444444485,12.276076214550773,28.562195054581526,21.105107214270053,77.050539996118,0.6737958542229345,1.0,473.55555555555554,False,ellipse,360.0,1.0,True,True,39.28344388656248,4848.071111111116,4849.208888888889,91.3990241746609,67.53634308566417
r569_svd_normalised_tr050_tid2_010,r569,2,10,False,75,ellipse,310.1253965075493,176.4520008456238,163.6474971877736,7.217382919320716,15.010751132953056,13.880881973920161,23.720202035458897,0.38062534004946996,1.0,163.33333333333334,False,ellipse,360.0,1.0,True,True,23.095625341826292,1675.7503712028022,1672.5333333333338,48.034403625449784,44.41882231654452
r569_svd_normalised_tr050_tid2_010,r569,2,10,False,76,circle,350.85908649173956,91.50340136054422,38.11111111111097,3.482979104174404,6.965958208348831,6.965958208348785,,1.1542389828584841e-07,1.0,37.333333333333336,False,circle,360.0,1.0,True,True,11.145533133358093,390.2577777777764,382.2933333333334,22.29106626671626,22.291066266716115
r569_svd_normalised_tr050_tid2_010,r569,2,10,False,77,circle,245.42927631578948,144.8481359649123,67.55555555555509,4.637197558868016,9.274395117736033,9.274395117736033,,0.0,1.0,67.66666666666667,False,circle,360.0,1.0,True,True,14.839032188377653,691.7688888888842,692.9066666666669,29.678064376755305,29.678064376755305
r569_svd_normalised_tr050_tid2_010,r569,2,10,False,78,circle,222.89884057971017,192.27884057971016,127.77777777777845,6.377533214438193,12.755066428876388,12.755066428876386,,1.4901161193847656e-08,1.0,127.77777777777777,False,circle,360.0,1.0,True,True,20.40810628620222,1308.4444444444516,1308.4444444444446,40.816212572404446,40.81621257240444
r569_svd_normalised_tr050_tid2_010,r569,2,10,False,79,circle,338.66768103399556,130.63529391560775,35.470054255013196,3.360129302995069,6.720258605990155,6.7202586059901215,,9.996002811937585e-08,1.0,35.77777777777778,False,circle,360.0,1.0,True,True,10.752413769584223,363.21335557133517,366.36444444444453,21.5048275391685,21.50482753916839
r569_svd_normalised_tr050_tid2_010,r569,2,10,False,80,ellipse,268.94890354997864,213.09688603025808,114.4392710520482,6.035490977835476,12.55443329655963,11.60614756016611,19.52208808436066,0.38126433463944526,1.0,114.55555555555556,False,ellipse,360.0,1.0,True,True,19.313571129073523,1171.8581355729739,1173.0488888888892,40.17418654899082,37.139672192531556
r569_svd_normalised_tr050_tid2_010,r569,2,10,False,81,circle,329.69505914516367,118.37080995896468,24.620762472053617,2.799469967732737,5.598939935465502,5.598939935465445,,1.4214801809444213e-07,1.0,24.666666666666668,False,circle,360.0,1.0,True,True,8.958303896744757,252.1166077138291,252.58666666666673,17.916607793489607,17.916607793489426
r569_svd_normalised_tr050_tid2_010,r569,2,10,False,82,circle,225.37317196167422,116.75289964699952,73.44444444444457,4.835089735666019,9.670179471332055,9.67017947133202,,8.560065398421926e-08,1.0,73.55555555555556,False,circle,360.0,1.0,True,True,15.47228715413126,752.0711111111126,753.2088888888891,30.944574308262577,30.944574308262464
r569_svd_normalised_tr050_tid2_010,r569,2,10,False,83,circle,304.0593607305936,145.5516416612307,170.3333333333338,7.363340542623243,14.72668108524651,14.726681085246465,,7.742870483855355e-08,1.0,170.33333333333334,False,circle,360.0,1.0,True,True,23.56268973639438,1744.2133333333384,1744.2133333333338,47.125379472788836,47.125379472788694
r569_svd_normalised_tr050_tid2_010,r569,2,10,False,84,circle,268.0896474473951,136.39079001825863,80.7381956308322,5.069493649461928,10.138987298923883,10.13898729892383,,1.021572142899192e-07,1.0,80.66666666666667,False,circle,360.0,1.0,True,True,16.22237967827817,826.7591232597218,826.0266666666669,32.444759356556425,32.444759356556254
r569_svd_normalised_tr050_tid2_010,r569,2,10,False,85,circle,167.86154210182175,70.93772929709012,20.90894752950278,2.579830364256317,5.159660728512648,5.15966072851262,,1.0536712127723508e-07,1.0,21.22222222222222,False,circle,360.0,1.0,True,True,8.255457165620214,214.1076227021085,217.3155555555556,16.510914331240475,16.510914331240382
r569_svd_normalised_tr050_tid2_010,r569,2,10,False,86,circle,216.25836533827805,28.833002513815003,52.94519880498778,4.105238142372965,8.210476284745932,8.210476284745928,,2.9802322387695312e-08,1.0,52.888888888888886,False,circle,360.0,1.0,True,True,13.136762055593488,542.158835763075,541.5822222222223,26.273524111186983,26.273524111186973
r569_svd_normalised_tr050_tid2_010,r569,2,10,False,87,circle,57.29875518672199,140.38358690640845,80.33333333333344,5.056767167874935,10.113534335749875,10.113534335749863,,4.9421560620597e-08,1.0,80.44444444444444,False,circle,360.0,1.0,True,True,16.18165493719979,822.6133333333346,823.7511111111113,32.363309874399604,32.36330987439956
r569_svd_normalised_tr050_tid2_010,r569,2,10,False,88,ellipse,183.7584438549956,70.37435897435897,209.44444444444426,8.165061988309601,18.32875771826684,14.549428455043694,67.32450795739183,0.6081745742962532,1.0,208.88888888888889,False,ellipse,360.0,1.0,True,True,26.128198362590723,2144.7111111111094,2139.022222222223,58.652024698453886,46.55817105613983
r569_svd_normalised_tr050_tid2_010,r569,2,10,False,89,ellipse,202.2761162296089,87.04266490847623,87.6320177230987,5.281490091583574,11.635536111953352,9.589291741818215,76.37278917845694,0.5663885154482504,1.0,87.66666666666667,False,ellipse,360.0,1.0,True,True,16.90076829306744,897.3518614845309,897.7066666666669,37.23371555825073,30.68573357381829
r569_svd_normalised_tr050_tid2_010,r569,2,10,False,90,ellipse,272.57360097323595,177.60036496350364,60.88888888888907,4.40244651212025,9.420282880177082,8.229704155854574,78.70537625768208,0.48661703671129497,1.0,61.22222222222222,False,ellipse,360.0,1.0,True,True,14.0878288387848,623.5022222222242,626.9155555555557,30.144905216566663,26.335053298734636
r569_svd_normalised_tr050_tid2_010,r569,2,10,False,91,ellipse,237.7875968992248,48.91627906976744,47.77777777777793,3.899761403798819,8.237014055376587,7.3852679644911134,-70.80025266356046,0.4428508721049318,1.0,47.55555555555556,False,ellipse,360.0,1.0,True,True,12.479236492156222,489.24444444444606,486.968888888889,26.35844497720508,23.632857486371563
r569_svd_normalised_tr050_tid2_010,r569,2,10,False,92,circle,206.71571859779607,91.47779680365606,74.69431266950437,4.876057645722249,9.752115291444504,9.752115291444495,,4.2146848510894035e-08,1.0,74.88888888888889,False,circle,360.0,1.0,True,True,15.603384466311198,764.8697617357249,766.8622222222224,31.206768932622413,31.206768932622385
r569_svd_normalised_tr050_tid2_010,r569,2,10,False,93,circle,287.25162488393687,122.12256267409471,39.888888888889035,3.5632888855971445,7.12657777119432,7.126577771194258,,1.3244441773467643e-07,1.0,39.666666666666664,False,circle,360.0,1.0,True,True,11.402524433910862,408.4622222222238,406.1866666666667,22.805048867821824,22.805048867821625
r569_svd_normalised_tr050_tid2_010,r569,2,10,False,94,ellipse,185.32344272485514,34.47490624018643,22.113429696725213,2.653096924331612,5.660724004337176,4.973867854715915,-79.37275095279165,0.4774427776849498,1.0,22.11111111111111,False,ellipse,360.0,1.0,True,True,8.489910157861159,226.44152009446623,226.41777777777781,18.114316813878965,15.91637713509093
r569_svd_normalised_tr050_tid2_010,r569,2,10,False,95,ellipse,238.94215425531914,171.03346631205673,167.1111111111113,7.2933612798095115,15.317492931938242,13.890815943361744,-43.45484737277235,0.4214328119169626,1.0,167.11111111111111,False,ellipse,360.0,1.0,True,True,23.338756095390437,1711.2177777777802,1711.217777777778,49.01597738220238,44.450611018757584
r569_svd_normalised_tr050_tid2_010,r569,2,10,False,96,circle,304.62150537634403,133.31827956989247,17.22222222222234,2.341367889800222,4.682735779600466,4.682735779600421,,1.3898877878619456e-07,1.0,16.88888888888889,False,circle,360.0,1.0,True,True,7.492377247360711,176.35555555555678,172.94222222222226,14.984754494721493,14.984754494721347
r569_svd_normalised_tr050_tid2_010,r569,2,10,False,97,ellipse,324.53229182362514,210.6393380339507,21.00113367461828,2.5855112588612563,5.413851636366251,4.939085086701908,89.82811776957246,0.4095109190162414,1.0,21.22222222222222,False,ellipse,360.0,1.0,True,True,8.273636028356021,215.05160882809125,217.3155555555556,17.324325236372005,15.805072277446108
r569_svd_normalised_tr050_tid2_010,r569,2,10,False,98,circle,189.2949561403509,104.45614035087719,33.777777777777764,3.2789938395772893,6.557987679154586,6.5579876791545715,,6.664001874625056e-08,1.0,33.888888888888886,False,circle,360.0,1.0,True,True,10.492780286647326,345.8844444444444,347.02222222222224,20.985560573294677,20.98556057329463
r569_svd_normalised_tr050_tid2_010,r569,2,10,False,99,ellipse,262.32845686423104,241.78281388965064,35.75243503829807,3.3734779572177476,7.085913090043925,6.424212876008324,30.409674155970293,0.42195342401299596,1.0,35.55555555555556,False,ellipse,360.0,1.0,True,True,10.795129463096792,366.1049347921723,364.08888888888896,22.67492188814056,20.55748120322664
r569_svd_normalised_tr050_tid2_010,r569,2,10,False,100,ellipse,232.69606202026182,225.78255024551612,87.60857092954178,5.280783487448335,11.09276533691739,10.055806066138791,89.52634242122105,0.422164335762615,1.0,87.66666666666667,False,ellipse,360.0,1.0,True,True,16.898507159834672,897.111766318508,897.7066666666669,35.49684907813565,32.17857941164413
r569_svd_normalised_tr050_tid2_010,r569,2,10,False,101,circle,355.588247272553,87.02519600781345,17.062296194295715,2.330471531609085,4.660943063218184,4.660943063218156,,1.1050996910178159e-07,1.0,17.0,False,circle,360.0,1.0,True,True,7.4575089011490725,174.71791302958815,174.08000000000004,14.91501780229819,14.915017802298099
r569_svd_normalised_tr050_tid2_010,r569,2,10,False,102,ellipse,262.77967711301045,189.1576448243115,39.00000000000022,3.523362819972974,7.851585585404035,6.324371262918146,87.85605848042559,0.592609782602626,1.0,38.77777777777778,False,ellipse,360.0,1.0,True,True,11.274761023913518,399.36000000000234,397.08444444444456,25.125073873292912,20.23798804133807
r569_svd_normalised_tr050_tid2_010,r569,2,10,False,103,ellipse,251.93486102270316,55.9781455548483,174.55555555555512,7.454043132531305,17.28423180711015,12.858600750489925,-81.40412540939181,0.6682355116291275,1.0,174.33333333333334,False,ellipse,360.0,1.0,True,True,23.852938024100176,1787.4488888888848,1785.1733333333339,55.30954178275248,41.14752240156776
r569_svd_normalised_tr050_tid2_010,r569,2,10,False,104,circle,288.16595587101494,132.62743292624293,16.21203899622026,2.271662890416192,4.543325780832412,4.5433257808323555,,1.5840151626966372e-07,1.0,16.11111111111111,False,circle,360.0,1.0,True,True,7.2693212493318144,166.01127932129552,164.97777777777782,14.53864249866372,14.538642498663538
r569_svd_normalised_tr050_tid2_010,r569,2,10,False,105,circle,249.02092322286677,170.5995552546499,154.83856394112328,7.02044483383785,14.040889667675714,14.040889667675685,,6.322027276634104e-08,1.0,154.66666666666666,False,circle,360.0,1.0,True,True,22.46542346828112,1585.5468947571028,1583.7866666666669,44.93084693656229,44.9308469365622
r569_svd_normalised_tr050_tid2_010,r569,2,10,False,106,ellipse,208.95228040540542,143.62901182432432,526.222222222222,12.94224615988032,28.027577696087576,23.90527465187529,1.4191773820621734,0.5220420429129469,1.0,525.6666666666666,False,ellipse,360.0,1.0,True,True,41.41518771161702,5388.515555555554,5382.826666666668,89.68824862748025,76.49687888600093
r569_svd_normalised_tr050_tid2_010,r569,2,10,False,107,ellipse,181.29166666666669,112.49358974358975,11.555555555555548,1.9178757972505303,4.093990583390953,3.593801694221537,-29.59511917307094,0.47898399390042745,1.0,11.666666666666666,False,ellipse,360.0,1.0,True,True,6.137202551201697,118.32888888888884,119.46666666666668,13.100769866851051,11.50016542150892
r569_svd_normalised_tr050_tid2_010,r569,2,10,False,108,ellipse,195.0601173020528,111.50048875855327,75.77777777777797,4.911294719287888,10.528162539133447,9.164302215148144,61.26748620734824,0.4922462371816441,1.0,75.66666666666667,False,ellipse,360.0,1.0,True,True,15.716143101721242,775.9644444444466,774.8266666666668,33.69012012522703,29.325767088474063
r569_svd_normalised_tr050_tid2_010,r569,2,10,False,109,circle,205.3591759284359,145.22481250564744,409.88888888888937,11.42242030264264,22.84484060528528,22.84484060528528,,0.0,1.0,410.22222222222223,False,circle,360.0,1.0,True,True,36.551744968456454,4197.262222222228,4200.6755555555565,73.10348993691291,73.10348993691291
r569_svd_normalised_tr050_tid2_010,r569,2,10,False,110,ellipse,257.9827044025157,168.9433962264151,23.555555555555657,2.7382414444100576,5.950200130347474,5.04048001319715,-19.183716902533035,0.5314159811036077,1.0,23.555555555555557,False,ellipse,360.0,1.0,True,True,8.762372622112185,241.20888888888996,241.20888888888896,19.040640417111916,16.129536042230878
r569_svd_normalised_tr050_tid2_010,r569,2,10,False,111,circle,214.37021389771732,86.8628530341178,71.73131030809554,4.778366375654348,9.556732751308695,9.556732751308695,,0.0,1.0,71.44444444444444,False,circle,360.0,1.0,True,True,15.290772402093914,734.5286175548985,731.5911111111112,30.58154480418783,30.58154480418783
r569_svd_normalised_tr050_tid2_010,r569,2,10,False,112,circle,184.30430407637243,28.2122473011285,31.03419599066076,3.143006744121412,6.286013488242839,6.286013488242809,,9.657056180250437e-08,1.0,31.0,False,circle,360.0,1.0,True,True,10.057621581188519,317.79016694436626,317.44000000000005,20.115243162377084,20.11524316237699
r569_svd_normalised_tr050_tid2_010,r569,2,10,False,113,circle,162.9488489832168,50.25967266586986,23.729932102526995,2.748358052857096,5.496716105714199,5.496716105714185,,7.146345858741878e-08,1.0,23.77777777777778,False,circle,360.0,1.0,True,True,8.794745769142708,242.99450472987647,243.4844444444445,17.58949153828544,17.589491538285394
r569_svd_normalised_tr050_tid2_010,r569,2,10,False,114,circle,229.69671195010952,216.81534777693713,102.00406161723026,5.698148931334187,11.396297862668375,11.396297862668375,,0.0,1.0,102.0,False,circle,360.0,1.0,True,True,18.2340765802694,1044.521590960438,1044.4800000000002,36.4681531605388,36.4681531605388
r569_svd_normalised_tr050_tid2_010,r569,2,10,False,115,circle,189.19410733165378,84.71609051075716,13.417985353494194,2.0666585084833216,4.133317016966657,4.133317016966629,,1.1733186057227569e-07,1.0,13.555555555555555,False,circle,360.0,1.0,True,True,6.613307227146629,137.40017001978057,138.8088888888889,13.226614454293305,13.226614454293212
r569_svd_normalised_tr050_tid2_010,r569,2,10,False,116,circle,348.6470588235294,101.6313725490196,9.444444444444294,1.7338569826200192,3.4677139652400695,3.4677139652400073,,1.8907453925087333e-07,1.0,9.777777777777779,False,circle,360.0,1.0,True,True,5.548342344384062,96.71111111110959,100.12444444444448,11.096684688768223,11.096684688768024
r569_svd_normalised_tr050_tid2_010,r569,2,10,False,117,circle,193.1504424778761,171.0678466076696,25.111111111111246,2.827209741021409,5.654419482042819,5.654419482042817,,2.5809568279517847e-08,1.0,24.88888888888889,False,circle,360.0,1.0,True,True,9.04707117126851,257.1377777777792,254.86222222222227,18.094142342537022,18.094142342537015
r569_svd_normalised_tr050_tid2_010,r569,2,10,False,118,circle,357.1192982456141,38.21754385964912,21.111111111111043,2.5922722416812465,5.184544483362508,5.184544483362478,,1.0745380149674383e-07,1.0,21.333333333333332,False,circle,360.0,1.0,True,True,8.295271173379989,216.17777777777712,218.45333333333338,16.590542346760028,16.59054234675993
r569_svd_normalised_tr050_tid2_010,r569,2,10,False,119,circle,186.307426597582,129.03626943005185,21.44444444444438,2.612657396289401,5.225314792578808,5.225314792578796,,6.664001874625056e-08,1.0,21.11111111111111,False,circle,360.0,1.0,True,True,8.360503668126084,219.59111111111048,216.1777777777778,16.721007336252185,16.72100733625215
r569_svd_normalised_tr050_tid2_010,r569,2,10,False,120,ellipse,298.7046317388003,182.041192103265,390.22222222222206,11.145025398891713,23.159292495136462,21.453434498143892,-73.4313909703792,0.37668257922317877,1.0,391.44444444444446,False,ellipse,360.0,1.0,True,True,35.66408127645348,3995.8755555555545,4008.391111111112,74.10973598443668,68.65099039406046
r569_svd_normalised_tr050_tid2_010,r569,2,10,False,121,ellipse,234.7840412314781,216.45379144242054,172.9951437331034,7.420651218864329,16.193661972485156,13.601880687789102,-51.3380245836816,0.5426624296851515,1.0,173.66666666666666,False,ellipse,360.0,1.0,True,True,23.746083900365853,1771.4702718269791,1778.3466666666668,51.8197183119525,43.52601820092513
r569_svd_normalised_tr050_tid2_010,r569,2,10,False,122,circle,197.73243841673224,107.48728254321946,86.13607665073593,5.236216645156503,10.472433290313006,10.472433290313006,,0.0,1.0,86.0,False,circle,360.0,1.0,True,True,16.75589326450081,882.0334249035361,880.6400000000002,33.51178652900162,33.51178652900162
r569_svd_normalised_tr050_tid2_010,r569,2,10,False,123,ellipse,235.28522442897346,191.6545673500924,83.06866099936117,5.142137301565036,11.30986580019105,9.351685155344597,-75.26143011125293,0.5624065686152289,1.0,83.0,False,ellipse,360.0,1.0,True,True,16.454839365008116,850.6230886334586,849.9200000000002,36.19157056061136,29.925392497102713
r569_svd_normalised_tr050_tid2_010,r569,2,10,False,124,ellipse,279.26902516971694,219.53391210152643,30.681484373178428,3.1250951663551265,6.6003201886007865,5.918633956966585,82.92643142066248,0.4425998693738544,1.0,30.88888888888889,False,ellipse,360.0,1.0,True,True,10.000304532336406,314.1783999813472,316.30222222222227,21.121024603522518,18.93962866229307
r569_svd_normalised_tr050_tid2_010,r569,2,10,False,125,circle,214.63205828779599,90.90528233151184,20.33333333333323,2.5440717401579653,5.088143480315944,5.0881434803159165,,1.043081283569336e-07,1.0,20.333333333333332,False,circle,360.0,1.0,True,True,8.14102956850549,208.21333333333232,208.21333333333337,16.28205913701102,16.282059137010933
r569_svd_normalised_tr050_tid2_010,r569,2,10,False,126,ellipse,283.5853890977704,228.17301753341076,110.74414179779608,5.937251482898298,13.112109391110764,10.753709908819435,60.783833291462884,0.5721689624941568,1.0,110.77777777777777,False,ellipse,360.0,1.0,True,True,18.999204745274554,1134.020012009432,1134.3644444444446,41.958750051554446,34.41187170822219
r569_svd_normalised_tr050_tid2_010,r569,2,10,False,127,circle,291.5418894830659,202.91800356506235,20.777777777777853,2.5717255062693924,5.143451012538826,5.143451012538745,,1.7756782901008404e-07,1.0,21.0,False,circle,360.0,1.0,True,True,8.229521620062057,212.76444444444525,215.04000000000005,16.45904324012424,16.459043240123986
r569_svd_normalised_tr050_tid2_010,r569,2,10,False,128,ellipse,212.6427218508864,63.35822172325189,1173.3739051016428,19.32605790594486,52.1501892910796,28.64775904066153,85.9572745663742,0.8356042950865739,1.0,1173.111111111111,False,ellipse,360.0,1.0,True,True,61.84338529902356,12015.348788240824,12012.65777777778,166.88060573145472,91.6728289301169
r569_svd_normalised_tr050_tid2_010,r569,2,10,False,129,ellipse,252.8181818181818,150.47785547785548,31.77777777777791,3.180437206991875,6.722362142428469,6.0188252958143345,-89.39245049531533,0.4453756523961386,1.0,32.111111111111114,False,ellipse,360.0,1.0,True,True,10.177399062374,325.40444444444586,328.81777777777785,21.511558855771103,19.260240946605872
r569_svd_normalised_tr050_tid2_010,r569,2,10,False,130,circle,216.8181818181818,121.78787878787878,12.222222222222195,1.972423424234397,3.944846848468794,3.944846848468794,,0.0,1.0,12.555555555555555,False,circle,360.0,1.0,True,True,6.311754957550071,125.1555555555553,128.56888888888892,12.623509915100142,12.623509915100142
r569_svd_normalised_tr050_tid2_010,r569,2,10,False,131,ellipse,271.7476979742173,200.92449355432782,20.11111111111111,2.5301315161088653,5.571219119944468,4.596168523252164,-89.66098387095161,0.5651555895124504,1.0,20.11111111111111,False,ellipse,360.0,1.0,True,True,8.09642085154837,205.93777777777782,205.93777777777782,17.8279011838223,14.707739274406926
r569_svd_normalised_tr050_tid2_010,r569,2,10,False,132,ellipse,256.1301913161553,185.6041144024394,17.899419117991723,2.386956652770199,5.175084009167471,4.403841214643775,-66.88616785945996,0.5252143059766865,1.0,17.77777777777778,False,ellipse,360.0,1.0,True,True,7.638261288864637,183.2900517682353,182.04444444444448,16.560268829335907,14.09229188686008
r569_svd_normalised_tr050_tid2_010,r569,2,10,False,133,ellipse,312.68731820826065,155.0479930191972,127.33333333333366,6.366432190853533,14.40126829705742,11.257747027466413,60.7883892482763,0.6236306523634935,1.0,127.44444444444444,False,ellipse,360.0,1.0,True,True,20.372583010731304,1303.8933333333368,1305.0311111111114,46.08405855058375,36.024790487892524
r569_svd_normalised_tr050_tid2_010,r569,2,10,False,134,ellipse,198.99729729729734,120.90810810810811,41.11111111111121,3.6174677743785058,7.5898732985006,6.896596337781907,73.22730885247523,0.4175419720523916,1.0,41.55555555555556,False,ellipse,360.0,1.0,True,True,11.57589687801122,420.97777777777884,425.528888888889,24.28759455520192,22.069108280902103
r569_svd_normalised_tr050_tid2_010,r569,2,10,False,135,ellipse,238.77133430743646,180.57738623508467,88.97199984926633,5.321716560055055,11.335503190088044,9.993616223522668,26.572970200053845,0.4719582984592032,1.0,88.66666666666667,False,ellipse,360.0,1.0,True,True,17.029492992176177,911.0732784564874,907.9466666666669,36.273610208281745,31.97957191527254
r569_svd_normalised_tr050_tid2_010,r569,2,10,False,136,circle,339.6228956228956,107.74971941638609,32.99999999999999,3.241022407214287,6.4820448144285745,6.482044814428572,,2.9802322387695312e-08,1.0,33.0,False,circle,360.0,1.0,True,True,10.371271703085718,337.92,337.9200000000001,20.74254340617144,20.742543406171432
r569_svd_normalised_tr050_tid2_010,r569,2,10,False,137,ellipse,18.054818911739506,165.45833404605864,35.388776958526186,3.3562773374457637,7.274419055220194,6.194087791941786,-83.3320841594288,0.5243724691316515,1.0,35.22222222222222,False,ellipse,360.0,1.0,True,True,10.740087479826444,362.3810760553082,360.6755555555556,23.27814097670462,19.821080934213715
r569_svd_normalised_tr050_tid2_010,r569,2,10,False,138,ellipse,312.3409087017252,167.47802887513637,52.406082878974104,4.0842838143969065,9.066917619161957,7.359226134928259,72.36598737866393,0.5841344852047806,1.0,52.111111111111114,False,ellipse,360.0,1.0,True,True,13.069708206070102,536.6382886806949,533.6177777777779,29.014136381318266,23.54952363177043
r569_svd_normalised_tr050_tid2_010,r569,2,10,False,139,ellipse,207.78576832516336,234.61755550195488,31.833733055774097,3.1832360807500013,6.762847497425654,5.993328667929213,-79.30627132322348,0.46327651562976957,1.0,32.111111111111114,False,ellipse,360.0,1.0,True,True,10.186355458400005,325.97742649112683,328.81777777777785,21.641111991762095,19.17865173737348
r569_svd_normalised_tr050_tid2_010,r569,2,10,False,140,ellipse,185.10802469135803,109.36419753086419,11.999999999999936,1.9544100476116746,4.119164717844176,3.709216694014191,-87.60377436548234,0.43490182307139585,1.0,12.0,False,ellipse,360.0,1.0,True,True,6.254112152357359,122.87999999999937,122.88000000000002,13.181327097101363,11.869493420845412
r569_svd_normalised_tr050_tid2_010,r569,2,10,False,141,circle,195.37073490813648,79.62795275590551,56.444444444444464,4.238729135816349,8.477458271632711,8.477458271632685,,7.884953353001448e-08,1.0,56.0,False,circle,360.0,1.0,True,True,13.563933234612316,577.9911111111114,573.44,27.127866469224678,27.127866469224593
r569_svd_normalised_tr050_tid2_010,r569,2,10,False,142,ellipse,195.2406383942113,112.2454245136264,107.58032788095471,5.851827229455905,12.687431703139165,10.796158820678844,53.907752803746746,0.5252736677135159,1.0,107.44444444444444,False,ellipse,360.0,1.0,True,True,18.725847134258895,1101.6225575009764,1100.2311111111112,40.59978145004533,34.547708226172304
r569_svd_normalised_tr050_tid2_010,r569,2,10,False,143,circle,238.36505033854115,172.52654729409716,118.02989421178196,6.129443873047307,12.258887746094615,12.258887746094613,,1.4901161193847656e-08,1.0,117.88888888888889,False,circle,360.0,1.0,True,True,19.61422039375138,1208.6261167286475,1207.1822222222224,39.22844078750277,39.22844078750276
r569_svd_normalised_tr050_tid2_010,r569,2,10,False,144,ellipse,232.9030303030303,217.06545454545454,30.55555555555546,3.1186752654246246,6.747977429131872,5.765363333423372,2.3897154814478654,0.5196423155627731,1.0,30.555555555555557,False,ellipse,360.0,1.0,True,True,9.979760849358799,312.888888888888,312.88888888888897,21.593527773221993,18.44916266695479
r569_svd_normalised_tr050_tid2_010,r569,2,10,False,145,circle,181.24789915966386,131.17927170868347,26.44444444444456,2.901297658170344,5.802595316340689,5.802595316340688,,1.4901161193847656e-08,1.0,26.666666666666668,False,circle,360.0,1.0,True,True,9.284152506145102,270.79111111111234,273.0666666666667,18.568305012290207,18.568305012290203
r569_svd_normalised_tr050_tid2_010,r569,2,10,False,146,circle,269.45266924365995,105.40998376770528,19.117023718020988,2.466807176058982,4.933614352117983,4.933614352117944,,1.255594160136038e-07,1.0,19.22222222222222,False,circle,360.0,1.0,True,True,7.893782963388742,195.75832287253496,196.83555555555557,15.787565926777546,15.787565926777422
r569_svd_normalised_tr050_tid2_010,r569,2,10,False,147,ellipse,265.67419962335214,174.70056497175142,19.666666666666625,2.5020180711340205,5.263340663587711,4.757506555932531,73.52786961263556,0.42775470502229407,1.0,19.444444444444443,False,ellipse,360.0,1.0,True,True,8.006457827628866,201.3866666666663,199.11111111111114,16.842690123480676,15.2240209789841
r569_svd_normalised_tr050_tid2_010,r569,2,10,False,148,circle,285.0195434939772,250.61485838504444,100.25983753736823,5.64922096180748,11.298441923614973,11.298441923614945,,7.146345858741878e-08,1.0,37.55555555555556,True,circle,157.0,0.4361111111111111,True,True,18.077507077783935,1026.6607363826508,384.568888888889,36.15501415556792,36.15501415556783
r569_svd_normalised_tr050_tid2_010,r569,2,10,False,149,ellipse,244.90827779274144,136.74067705734393,37.520309594334954,3.4558769475421647,7.530163615347557,6.344130665215094,29.18224900866005,0.538703026680538,1.0,37.666666666666664,False,ellipse,360.0,1.0,True,True,11.058806232134927,384.20797024599,385.7066666666667,24.096523569112183,20.301218128688305
r569_svd_normalised_tr050_tid2_010,r569,2,10,False,150,ellipse,181.51054852320672,108.7974683544304,8.777777777777825,1.6715422355989293,3.528057693493778,3.167809245913052,-40.4416398850648,0.44021900508488315,1.0,9.0,False,ellipse,360.0,1.0,True,True,5.348935153916575,89.88444444444494,92.16000000000003,11.28978461918009,10.136989586921766
r569_svd_normalised_tr050_tid3_010,r569,3,10,False,0,ellipse,161.18630373760436,82.90617250748964,188.1103005870645,7.7380468058720835,16.163433158169568,14.817982735209451,42.2397933722431,0.39943937089640097,1.0,188.33333333333334,False,ellipse,360.0,1.0,True,True,24.76174977879067,1926.2494780115408,1928.5333333333338,51.72298610614262,47.417544752670246
r569_svd_normalised_tr050_tid3_010,r569,3,10,False,1,circle,351.1950070297303,105.06245722624777,136.7579834457548,6.597834352675349,13.195668705350712,13.195668705350684,,6.495265578539184e-08,1.0,137.0,False,circle,360.0,1.0,True,True,21.113069928561117,1400.4017504845294,1402.8800000000003,42.226139857122284,42.22613985712219
r569_svd_normalised_tr050_tid3_010,r569,3,10,False,2,circle,258.8026685700148,137.13310912709696,198.48299184504563,7.948528074028218,15.897056148056436,15.897056148056436,,0.0,1.0,198.55555555555554,False,circle,360.0,1.0,True,True,25.4352898368903,2032.4658364932677,2033.208888888889,50.8705796737806,50.8705796737806
r569_svd_normalised_tr050_tid3_010,r569,3,10,False,3,circle,362.25803563761355,187.4034774418343,305.82514007284897,9.866466719587635,19.732933439175273,19.73293343917527,,2.1073424255447017e-08,1.0,305.55555555555554,False,circle,360.0,1.0,True,True,31.572693502680433,3131.649434345974,3128.888888888889,63.145387005360874,63.14538700536087
r569_svd_normalised_tr050_tid3_010,r569,3,10,False,4,ellipse,329.5502820462945,167.54710497309213,571.2222222222225,13.484275306489689,28.179248976849745,25.809868913196926,89.76127517675042,0.4013664493754481,1.0,571.3333333333334,False,ellipse,360.0,1.0,True,True,43.14968098076701,5849.3155555555595,5850.453333333335,90.1735967259192,82.59158052223017
r569_svd_normalised_tr050_tid3_010,r569,3,10,False,5,ellipse,209.765604249668,123.3207171314741,111.55555555555588,5.958962677518507,13.011997310789988,10.915844921859328,80.25738139984028,0.544276056646993,1.0,111.55555555555556,False,ellipse,360.0,1.0,True,True,19.06868056805922,1142.3288888888924,1142.3288888888892,41.638391394527964,34.93070374994985
r569_svd_normalised_tr050_tid3_010,r569,3,10,False,6,circle,356.8513708513708,45.167388167388175,25.666666666666867,2.858313094358983,5.716626188717995,5.716626188717937,,1.4214801809444213e-07,1.0,25.77777777777778,False,circle,360.0,1.0,True,True,9.146601901948747,262.82666666666876,263.9644444444445,18.293203803897583,18.2932038038974
r569_svd_normalised_tr050_tid3_010,r569,3,10,False,7,circle,389.8079196217494,169.23729314420802,125.33333333333341,6.3162361472928215,12.632472294585643,12.632472294585641,,1.4901161193847656e-08,1.0,125.88888888888889,False,circle,360.0,1.0,True,True,20.21195567133703,1283.4133333333343,1289.1022222222225,40.42391134267406,40.42391134267405
r569_svd_normalised_tr050_tid3_010,r569,3,10,False,8,ellipse,356.73586019600896,169.2786633604912,313.6666666666675,9.992156972661906,21.17962230267457,18.856464867875893,73.7209468950328,0.45535165877907763,1.0,313.3333333333333,False,ellipse,360.0,1.0,True,True,31.9749023125181,3211.946666666676,3208.5333333333338,67.77479136855862,60.34068757720286
r569_svd_normalised_tr050_tid3_010,r569,3,10,False,9,circle,241.81651984953345,86.4510274192435,70.55111804208997,4.738894212167733,9.477788424335472,9.477788424335461,,4.712160915387242e-08,1.0,70.33333333333333,False,circle,360.0,1.0,True,True,15.164461478936747,722.4434487510014,720.2133333333335,30.328922957873512,30.328922957873477
r569_svd_normalised_tr050_tid3_010,r569,3,10,False,10,circle,347.3340943602876,122.36579259207325,171.73367173408187,7.393546206226081,14.787092412452164,14.787092412452159,,2.5809568279517847e-08,1.0,172.33333333333334,False,circle,360.0,1.0,True,True,23.65934785992346,1758.5527985569986,1764.6933333333338,47.31869571984693,47.318695719846914
r569_svd_normalised_tr050_tid3_010,r569,3,10,False,11,circle,313.87504573728506,86.06805708013172,202.44444444444406,8.027457135958542,16.054914271917088,16.05491427191708,,2.9802322387695312e-08,1.0,202.55555555555554,False,circle,360.0,1.0,True,True,25.687862835067335,2073.0311111111077,2074.1688888888893,51.375725670134685,51.37572567013466
r569_svd_normalised_tr050_tid3_010,r569,3,10,False,12,ellipse,297.80402794903415,54.04775996711879,450.55555555555634,11.975653953265505,29.39129432959141,19.518199641037373,79.65137447189312,0.7476606499747569,1.0,450.22222222222223,False,ellipse,360.0,1.0,True,True,38.32209265044962,4613.688888888898,4610.275555555557,94.05214185469252,62.4582388513196
r569_svd_normalised_tr050_tid3_010,r569,3,10,False,13,circle,343.5968957864336,224.07223503953247,48.004368251652316,3.908997952737789,7.817995905475606,7.817995905475549,,1.219712610821791e-07,1.0,47.666666666666664,False,circle,360.0,1.0,True,True,12.508793448760926,491.5647308969198,488.10666666666674,25.01758689752194,25.017586897521756
r569_svd_normalised_tr050_tid3_010,r569,3,10,False,14,ellipse,212.64445259492774,36.361429426487916,24.817938309458658,2.8106574175093137,5.870313872086467,5.382877502454447,-50.478935106728954,0.39896564030602233,1.0,25.333333333333332,False,ellipse,360.0,1.0,True,True,8.994103736029805,254.1356882888567,259.41333333333336,18.785004390676697,17.22520800785423
r569_svd_normalised_tr050_tid3_010,r569,3,10,False,15,ellipse,303.8916717934923,121.60441565251976,128.4831433841041,6.395111785350576,13.373587075784858,12.23230671483243,84.1215240941383,0.40422040433085993,1.0,128.66666666666666,False,ellipse,360.0,1.0,True,True,20.464357713121842,1315.6673882532261,1317.5466666666669,42.79547864251155,39.14338148746378
r569_svd_normalised_tr050_tid3_010,r569,3,10,False,16,ellipse,276.16825396825396,204.48412698412702,23.33333333333322,2.7252946038220798,5.677332042890317,5.23290208958119,-4.454513809699563,0.38785947121995973,1.0,23.555555555555557,False,ellipse,360.0,1.0,True,True,8.720942732230656,238.9333333333322,241.20888888888896,18.167462537249015,16.745286686659806
r569_svd_normalised_tr050_tid3_010,r569,3,10,False,17,circle,356.85262863336396,121.76893060481696,40.59142208306081,3.5945306986166212,7.18906139723325,7.1890613972332345,,6.664001874625056e-08,1.0,40.666666666666664,False,circle,360.0,1.0,True,True,11.502498235573189,415.6561621305428,416.42666666666673,23.004996471146402,23.004996471146352
r569_svd_normalised_tr050_tid3_010,r569,3,10,False,18,circle,262.9579223053957,65.08609476110223,92.9997802864636,5.440840879689625,10.88168175937927,10.88168175937923,,8.429369702178807e-08,1.0,93.0,False,circle,360.0,1.0,True,True,17.4106908150068,952.3177501333874,952.3200000000002,34.82138163001366,34.82138163001354
r569_svd_normalised_tr050_tid3_010,r569,3,10,False,19,circle,348.2087186261558,53.91677675033025,84.11111111111086,5.174301711783907,10.348603423567818,10.348603423567809,,4.2146848510894035e-08,1.0,84.11111111111111,False,circle,360.0,1.0,True,True,16.557765477708504,861.2977777777753,861.2977777777779,33.11553095541702,33.11553095541699
r569_svd_normalised_tr050_tid3_010,r569,3,10,False,20,circle,329.96640119026273,114.25487891110751,206.7954164041526,8.113262319125113,16.22652463825023,16.226524638250226,,2.1073424255447017e-08,1.0,207.22222222222223,False,circle,360.0,1.0,True,True,25.96243942120036,2117.585063978523,2121.955555555556,51.92487884240074,51.92487884240072
r569_svd_normalised_tr050_tid3_010,r569,3,10,False,21,circle,310.34338677994646,115.67739866991279,23.501950539941006,2.7351239828325333,5.470247965665067,5.470247965665066,,1.4901161193847656e-08,1.0,23.666666666666668,False,circle,360.0,1.0,True,True,8.752396745064107,240.65997352899595,242.34666666666672,17.504793490128215,17.50479349012821
r569_svd_normalised_tr050_tid3_010,r569,3,10,False,22,ellipse,157.8076062639821,42.09694258016406,49.66666666666672,3.976102490353456,8.28070305526202,7.63673852729149,-87.2941152804662,0.38663431274073945,1.0,49.22222222222222,False,ellipse,360.0,1.0,True,True,12.72352796913106,508.5866666666673,504.0355555555556,26.498249776838463,24.437563287332768
r569_svd_normalised_tr050_tid3_010,r569,3,10,False,23,ellipse,328.69232914923293,174.9587168758717,265.5555555555552,9.193963164183446,19.80518735871853,17.072084627798525,73.08679460732338,0.506907148827217,1.0,265.22222222222223,False,ellipse,360.0,1.0,True,True,29.420682125387028,2719.2888888888856,2715.8755555555563,63.3765995478993,54.63067080895528
r569_svd_normalised_tr050_tid3_010,r569,3,10,False,24,circle,283.3548082926214,63.51062897966426,44.21941703059119,3.7517299479201665,7.503459895840345,7.503459895840321,,8.024520884654677e-08,1.0,44.666666666666664,False,circle,360.0,1.0,True,True,12.005535833344533,452.80683039325385,457.3866666666667,24.011071666689105,24.01107166668903
r569_svd_normalised_tr050_tid3_010,r569,3,10,False,25,ellipse,296.6066103481336,219.67006199454335,70.8557607982671,4.749114565386089,9.874714360274373,9.136097848418421,41.52430338385554,0.3794768615212054,1.0,71.33333333333333,False,ellipse,360.0,1.0,True,True,15.197166609235484,725.5629905742552,730.4533333333334,31.599085952877996,29.23551311493895
r569_svd_normalised_tr050_tid3_010,r569,3,10,False,26,ellipse,297.2658458061811,201.05064055306732,37.966602434566724,3.476369499885213,7.429969255548532,6.506161457240084,-81.62793878356524,0.4829196763132822,1.0,38.0,False,ellipse,360.0,1.0,True,True,11.124382399632681,388.77800892996333,389.12000000000006,23.775901617755306,20.81971666316827
r569_svd_normalised_tr050_tid3_010,r569,3,10,False,27,circle,284.1354881225711,222.17044686113917,72.92302752651183,4.8178958677146,9.63579173542923,9.63579173542917,,1.1151007970493857e-07,1.0,72.22222222222223,False,circle,360.0,1.0,True,True,15.41726677668672,746.7318018714813,739.5555555555558,30.834533553373536,30.834533553373344
r569_svd_normalised_tr050_tid3_010,r569,3,10,False,28,circle,277.53719685473186,74.64867811803151,74.8802580193159,4.882123145470762,9.764246290941536,9.76424629094151,,7.146345858741878e-08,1.0,74.88888888888889,False,circle,360.0,1.0,True,True,15.622794065506438,766.773842117795,766.8622222222224,31.245588131012916,31.245588131012838
r569_svd_normalised_tr050_tid3_010,r569,3,10,False,29,circle,165.18347568031265,125.92358970586045,174.658296090647,7.456236473561488,14.912472947122982,14.912472947122973,,3.332000937312528e-08,1.0,174.22222222222223,False,circle,360.0,1.0,True,True,23.859956715396763,1788.5009519682258,1784.035555555556,47.71991343079355,47.71991343079352
r569_svd_normalised_tr050_tid3_010,r569,3,10,False,30,circle,351.1237151248165,84.02716593245226,100.88888888888903,5.666915451939563,11.333830903879138,11.333830903879111,,6.828569911354542e-08,1.0,101.11111111111111,False,circle,360.0,1.0,True,True,18.1341294462066,1033.1022222222239,1035.377777777778,36.26825889241324,36.26825889241316
r569_svd_normalised_tr050_tid3_010,r569,3,10,False,31,ellipse,229.05240907798623,127.77431282992484,57.117443819350086,4.263923901906129,8.869563251233636,8.199297542059988,-80.19801059028816,0.38134980953967834,1.0,57.333333333333336,False,ellipse,360.0,1.0,True,True,13.644556486099612,584.882624710145,587.0933333333335,28.382602403947637,26.23775213459196
r569_svd_normalised_tr050_tid3_010,r569,3,10,False,32,circle,343.8517610765331,207.00814750474143,195.09948507634493,7.880488239263322,15.760976478526644,15.760976478526644,,0.0,1.0,195.11111111111111,False,circle,360.0,1.0,True,True,25.21756236564263,1997.8187271817726,1997.9377777777781,50.43512473128526,50.43512473128526
r569_svd_normalised_tr050_tid3_010,r569,3,10,False,33,circle,330.4513956993232,67.96947288745434,135.75621853592813,6.573625063152985,13.147250126305973,13.147250126305968,,2.9802322387695312e-08,1.0,136.0,False,circle,360.0,1.0,True,True,21.035600202089555,1390.1436778079044,1392.6400000000003,42.071200404179116,42.0712004041791
r569_svd_normalised_tr050_tid3_010,r569,3,10,False,34,circle,241.50004452042643,62.53454112052257,77.60964947544574,4.970303681999021,9.940607363998044,9.940607363998039,,3.332000937312528e-08,1.0,77.77777777777777,False,circle,360.0,1.0,True,True,15.904971782396869,794.7228106285645,796.4444444444446,31.80994356479374,31.809943564793727
r569_svd_normalised_tr050_tid3_010,r569,3,10,False,35,ellipse,239.36540069762802,200.49006221670237,26.95454951715424,2.929146563240002,6.20595498017128,5.530107528239863,-75.78345200536273,0.45381299374321016,1.0,27.0,False,ellipse,360.0,1.0,True,True,9.373269002368007,276.0145870556595,276.4800000000001,19.8590559365481,17.69634409036756
r569_svd_normalised_tr050_tid3_010,r569,3,10,False,36,ellipse,322.73532731376974,153.4813769751693,196.88888888888843,7.916544689008904,16.734064719858893,14.980623264519933,-88.02791187052168,0.4456299920114894,1.0,196.55555555555554,False,ellipse,360.0,1.0,True,True,25.332943004828493,2016.142222222218,2012.728888888889,53.54900710354846,47.93799444646379
r569_svd_normalised_tr050_tid3_010,r569,3,10,False,37,circle,351.45450166524176,151.8163870074438,81.81346352621053,5.103139647641419,10.206279295282846,10.20627929528283,,5.5755039852469285e-08,1.0,81.33333333333333,False,circle,360.0,1.0,True,True,16.33004687245254,837.7698665083959,832.8533333333335,32.660093744905105,32.660093744905055
r569_svd_normalised_tr050_tid3_010,r569,3,10,False,38,ellipse,292.9490812136889,178.40468249933934,326.9631197228924,10.20174462654751,21.97595182417916,18.94354233353957,-86.438919519504,0.5068872384563615,1.0,327.22222222222223,False,ellipse,360.0,1.0,True,True,32.645582804952035,3348.1023459624184,3350.7555555555564,70.32304583737331,60.61933546732662
r569_svd_normalised_tr050_tid3_010,r569,3,10,False,39,ellipse,282.39799960517746,139.4844516416066,165.71586676298776,7.262850589690997,15.093210362474474,13.97953050977734,39.80562893484236,0.3770001692004442,1.0,166.0,False,ellipse,360.0,1.0,True,True,23.24112188701119,1696.930475652995,1699.8400000000004,48.298273159918324,44.734497631287496
r569_svd_normalised_tr050_tid3_010,r569,3,10,False,40,circle,293.3022222222222,208.23407407407407,24.999999999999897,2.820947917738776,5.641895835477591,5.641895835477512,,1.6726511955740786e-07,1.0,25.22222222222222,False,circle,360.0,1.0,True,True,9.027033336764083,255.999999999999,258.27555555555557,18.054066673528293,18.054066673528038
r569_svd_normalised_tr050_tid3_010,r569,3,10,False,41,circle,284.1743772241993,213.491103202847,31.22222222222239,3.1525136005988346,6.305027201197697,6.305027201197642,,1.3244441773467643e-07,1.0,30.666666666666668,False,circle,360.0,1.0,True,True,10.088043521916271,319.71555555555733,314.02666666666676,20.17608704383263,20.176087043832453
r569_svd_normalised_tr050_tid3_010,r569,3,10,False,42,circle,171.25813953488372,214.06317829457365,95.55555555555574,5.5150954672714265,11.030190934542853,11.030190934542853,,0.0,1.0,95.66666666666667,False,circle,360.0,1.0,True,True,17.648305495268566,978.488888888891,979.6266666666669,35.29661099053713,35.29661099053713
r569_svd_normalised_tr050_tid3_010,r569,3,10,False,43,circle,303.7074678375072,232.85923193431933,89.03577354697379,5.323623478799283,10.647246957598568,10.647246957598567,,2.1073424255447017e-08,1.0,89.11111111111111,False,circle,360.0,1.0,True,True,17.035595132157706,911.7263211210118,912.497777777778,34.07119026431542,34.07119026431541
r569_svd_normalised_tr050_tid3_010,r569,3,10,False,44,circle,321.28677248677246,67.25714285714285,34.99999999999995,3.3377905890622706,6.67558117812457,6.675581178124511,,1.3328003749250113e-07,1.0,34.888888888888886,False,circle,360.0,1.0,True,True,10.680929884999266,358.3999999999996,357.26222222222225,21.361859769998627,21.361859769998436
r569_svd_normalised_tr050_tid3_010,r569,3,10,False,45,ellipse,228.9756830601093,44.94945355191256,135.55555555555546,6.568764987459162,14.140896391277836,12.20535735968864,78.74117405812962,0.5049907948694012,1.0,135.88888888888889,False,ellipse,360.0,1.0,True,True,21.02004795986932,1388.088888888888,1391.5022222222224,45.25086845208908,39.057143551003655
r569_svd_normalised_tr050_tid3_010,r569,3,10,False,46,circle,294.2191011235955,81.72284644194757,19.777777777777736,2.509075964057831,5.018151928115664,5.018151928115661,,3.332000937312528e-08,1.0,19.666666666666668,False,circle,360.0,1.0,True,True,8.02904308498506,202.52444444444404,201.3866666666667,16.058086169970125,16.058086169970117
r569_svd_normalised_tr050_tid3_010,r569,3,10,False,47,ellipse,315.3700680272109,145.7315192743764,81.66666666666654,5.098559342763032,10.664733289726,9.750007493096557,-60.35601384903208,0.40519809938448625,1.0,82.11111111111111,False,ellipse,360.0,1.0,True,True,16.315389896841705,836.2666666666655,840.817777777778,34.1271465271232,31.200023977908984
r569_svd_normalised_tr050_tid3_010,r569,3,10,False,48,circle,346.0327847750254,240.2471415976816,90.75670281771221,5.374826112938175,10.749652225876357,10.749652225876343,,5.1619136559035694e-08,1.0,90.66666666666667,False,circle,360.0,1.0,True,True,17.19944356140216,929.3486368533733,928.4266666666668,34.39888712280435,34.3988871228043
r569_svd_normalised_tr050_tid3_010,r569,3,10,False,49,ellipse,323.586373170052,128.1624676992042,237.9845798917581,8.703611005717269,18.148115034174623,16.696575792294233,85.06432165324279,0.3918782635153864,1.0,237.88888888888889,False,ellipse,360.0,1.0,True,True,27.85155521829526,2436.9620980916034,2435.982222222223,58.073968109358795,53.42904253534155
r569_svd_normalised_tr050_tid3_010,r569,3,10,False,50,ellipse,233.61436594035888,131.6259159468027,234.11676548840072,8.632594104690087,19.621791262205768,15.191616296493564,70.21342491230484,0.6329145141792211,1.0,234.22222222222223,False,ellipse,360.0,1.0,True,True,27.62430113500828,2397.3556786012236,2398.435555555556,62.789732039058464,48.613172148779405
r569_svd_normalised_tr050_tid3_010,r569,3,10,False,51,circle,360.3270440251573,134.05503144654088,23.55555555555565,2.7382414444100576,5.476482888820138,5.476482888820091,,1.3075715880680267e-07,1.0,23.666666666666668,False,circle,360.0,1.0,True,True,8.762372622112185,241.2088888888899,242.34666666666672,17.524745244224444,17.52474524422429
r569_svd_normalised_tr050_tid3_010,r569,3,10,False,52,circle,305.524,99.98466666666666,55.55555555555585,4.205220870033611,8.410441740067249,8.410441740067196,,1.1250129990683123e-07,1.0,56.0,False,circle,360.0,1.0,True,True,13.456706784107556,568.888888888892,573.44,26.913413568215198,26.913413568215027
r569_svd_normalised_tr050_tid3_010,r569,3,10,False,53,circle,326.439620704914,130.3538903966055,89.96132159456893,5.351222106931334,10.702444213862684,10.702444213862652,,7.742870483855355e-08,1.0,90.0,False,circle,360.0,1.0,True,True,17.123910742180268,921.203933128386,921.6000000000001,34.24782148436059,34.247821484360486
r569_svd_normalised_tr050_tid3_010,r569,3,10,False,54,circle,233.81142857142856,76.74666666666667,19.444444444444542,2.4878422172674424,4.975684434534885,4.975684434534884,,2.1073424255447017e-08,1.0,19.333333333333332,False,circle,360.0,1.0,True,True,7.961095095255816,199.11111111111217,197.97333333333336,15.922190190511632,15.922190190511628
r569_svd_normalised_tr050_tid3_010,r569,3,10,False,55,circle,258.8758398975259,76.4379793105761,72.12788194219078,4.791556938167034,9.583113876334078,9.583113876334057,,6.664001874625056e-08,1.0,71.77777777777777,False,circle,360.0,1.0,True,True,15.33298220213451,738.5895110880338,735.0044444444445,30.66596440426905,30.665964404268983
r569_svd_normalised_tr050_tid3_010,r569,3,10,False,56,ellipse,391.85353828663716,166.6441164960015,831.1875445859985,16.265768125562147,41.729572516449196,25.36093199711182,82.38241023131991,0.7941323695588323,1.0,606.1111111111111,True,ellipse,223.0,0.6194444444444445,True,True,52.05045800179887,8511.360456560626,6206.5777777777785,133.53463205263742,81.15498239075782
r569_svd_normalised_tr050_tid3_010,r569,3,10,False,57,ellipse,98.65089248650892,145.48982980489828,89.22222222222217,5.329194629643434,11.319207694846622,10.03614958440967,-74.94256726654754,0.46244549724204276,1.0,88.88888888888889,False,ellipse,360.0,1.0,True,True,17.053422814858987,913.6355555555552,910.2222222222224,36.22146462350919,32.115678670110945
r569_svd_normalised_tr050_tid3_010,r569,3,10,False,58,ellipse,379.44703189663346,181.66575229284177,256.0023047433879,9.027073971429274,20.200668381235847,16.135716491707605,85.45761007688958,0.6016346271709526,1.0,256.0,False,ellipse,360.0,1.0,True,True,28.88663670857368,2621.4636005722928,2621.4400000000005,64.64213881995471,51.63429277346434
r569_svd_normalised_tr050_tid3_010,r569,3,10,False,59,circle,126.25150620896973,54.09933737987172,29.727445023915,3.0761241265750767,6.152248253150155,6.152248253150152,,3.332000937312528e-08,1.0,29.444444444444443,False,circle,360.0,1.0,True,True,9.843597205040247,304.40903704488966,301.5111111111112,19.687194410080497,19.687194410080487
r569_svd_normalised_tr050_tid3_010,r569,3,10,False,60,circle,143.96786649198873,159.13293653887138,140.0757562229541,6.677387065345016,13.354774130690032,13.354774130690032,,0.0,1.0,140.0,False,circle,360.0,1.0,True,True,21.367638609104052,1434.3757437230504,1433.6000000000004,42.735277218208104,42.735277218208104
r569_svd_normalised_tr050_tid3_010,r569,3,10,False,61,circle,202.77252843394578,105.99212598425197,42.33333333333328,3.6708471113782153,7.341694222756448,7.341694222756414,,9.657056180250437e-08,1.0,41.888888888888886,False,circle,360.0,1.0,True,True,11.74671075641029,433.4933333333329,428.94222222222226,23.493421512820635,23.493421512820525
r569_svd_normalised_tr050_tid3_010,r569,3,10,False,62,circle,313.46239022527686,194.09927453226425,97.00000000000009,5.5566229816164165,11.113245963232835,11.113245963232833,,1.4901161193847656e-08,1.0,97.11111111111111,False,circle,360.0,1.0,True,True,17.781193541172534,993.2800000000011,994.417777777778,35.562387082345076,35.56238708234507
r569_svd_normalised_tr050_tid3_010,r569,3,10,False,63,ellipse,261.96933587543697,158.64998411185258,233.11111111111086,8.614033390111434,18.63275362273323,15.929276530640905,67.3486048118449,0.5187808398964028,1.0,233.22222222222223,False,ellipse,360.0,1.0,True,True,27.56490684835659,2387.0577777777758,2388.195555555556,59.62481159274634,50.9736848980509
r569_svd_normalised_tr050_tid3_010,r569,3,10,False,64,ellipse,365.99890350877195,155.64583333333334,33.77777777777795,3.278993839577298,6.890961122402947,6.241103619076355,-3.8566262623201624,0.423931586817796,1.0,33.888888888888886,False,ellipse,360.0,1.0,True,True,10.492780286647355,345.8844444444463,347.02222222222224,22.051075591689433,19.97153158104434
r569_svd_normalised_tr050_tid3_010,r569,3,10,False,65,circle,371.76931248968054,155.74339562669215,30.61308214166136,3.121609631623926,6.243219263247852,6.243219263247852,,0.0,1.0,30.666666666666668,False,circle,360.0,1.0,True,True,9.989150821196564,313.47796113061236,314.02666666666676,19.978301642393127,19.978301642393127
r569_svd_normalised_tr050_tid3_010,r569,3,10,False,66,circle,166.8131021194605,110.08092485549135,19.22222222222228,2.4735851244206466,4.947170248841294,4.947170248841292,,2.5809568279517847e-08,1.0,19.11111111111111,False,circle,360.0,1.0,True,True,7.915472398146069,196.83555555555617,195.69777777777782,15.830944796292142,15.830944796292137
r569_svd_normalised_tr050_tid3_010,r569,3,10,False,67,circle,354.59251700680267,130.70204081632653,54.44444444444433,4.162956271023128,8.325912542046257,8.325912542046256,,2.1073424255447017e-08,1.0,54.666666666666664,False,circle,360.0,1.0,True,True,13.32146006727401,557.51111111111,559.7866666666667,26.642920134548024,26.64292013454802
r569_svd_normalised_tr050_tid3_010,r569,3,10,False,68,ellipse,285.71993670886076,119.82190576652602,210.66666666666657,8.188851121456855,19.436414041542147,13.800340442647757,-79.20303952335394,0.7041764397194492,1.0,210.44444444444446,False,ellipse,360.0,1.0,True,True,26.204323588661936,2157.226666666666,2154.9511111111115,62.19652493293487,44.16108941647283
r569_svd_normalised_tr050_tid3_010,r569,3,10,False,69,ellipse,395.9734894242283,176.9327762147485,76.17748038194236,4.92423040790579,10.575300095805005,9.171577124232229,-77.85693356398195,0.49784851525754026,1.0,67.77777777777777,True,ellipse,264.0,0.7333333333333333,True,True,15.757537305298527,780.0573991110899,694.0444444444445,33.840960306576015,29.349046797543135
r569_svd_normalised_tr050_tid3_010,r569,3,10,False,70,ellipse,190.9801016088061,47.444538526672304,262.4444444444442,9.139948645407106,18.98605750358819,17.60000173282761,-70.18579895825252,0.3750709058735501,1.0,262.8888888888889,False,ellipse,360.0,1.0,True,True,29.24783566530274,2687.4311111111087,2691.982222222223,60.75538401148221,56.32000554504836
r569_svd_normalised_tr050_tid3_010,r569,3,10,False,71,circle,125.71112889597147,47.670721580559146,23.095014234954238,2.7113412460517226,5.422682492103453,5.422682492103438,,7.450580596923828e-08,1.0,23.333333333333332,False,circle,360.0,1.0,True,True,8.676291987365513,236.49294576593144,238.93333333333337,17.35258397473105,17.352583974731
r569_svd_normalised_tr050_tid3_010,r569,3,10,False,72,ellipse,193.35778864680597,92.24040314213724,249.88888888888906,8.918638000323602,19.85625076040288,16.02358969789769,57.92273914346384,0.5905792855555105,1.0,249.88888888888889,False,ellipse,360.0,1.0,True,True,28.539641601035527,2558.8622222222243,2558.8622222222225,63.54000243328922,51.27548703327261
r569_svd_normalised_tr050_tid3_010,r569,3,10,False,73,circle,255.46223082688152,118.10540717006647,83.10702687308192,5.143324631504796,10.28664926300961,10.286649263009572,,8.560065398421926e-08,1.0,82.88888888888889,False,circle,360.0,1.0,True,True,16.45863882081535,851.015955180359,848.7822222222223,32.917277641630754,32.91727764163063
r569_svd_normalised_tr050_tid3_010,r569,3,10,False,74,circle,351.8977879481312,194.90694126620903,48.555555555555266,3.9313755051482326,7.862751010296466,7.862751010296465,,1.4901161193847656e-08,1.0,48.77777777777778,False,circle,360.0,1.0,True,True,12.580401616474346,497.208888888886,499.48444444444453,25.160803232948695,25.16080323294869
r569_svd_normalised_tr050_tid3_010,r569,3,10,False,75,circle,293.71271929824564,87.23464912280704,16.888888888888815,2.3185987794340113,4.637197558868054,4.637197558867991,,1.645887049613485e-07,1.0,16.77777777777778,False,circle,360.0,1.0,True,True,7.419516094188836,172.9422222222215,171.8044444444445,14.839032188377772,14.83903218837757
r569_svd_normalised_tr050_tid3_010,r569,3,10,False,76,circle,301.8125,205.64375,17.777777777777814,2.378832154870364,4.757664309740756,4.7576643097407,,1.5341684432308377e-07,1.0,18.0,False,circle,360.0,1.0,True,True,7.6122628955851654,182.04444444444485,184.32000000000005,15.22452579117042,15.22452579117024
r569_svd_normalised_tr050_tid3_010,r569,3,10,False,77,circle,261.3577844311377,125.36377245508982,74.22222222222219,4.860624147973546,9.721248295947099,9.721248295947087,,5.1619136559035694e-08,1.0,74.33333333333333,False,circle,360.0,1.0,True,True,15.553997273515348,760.0355555555553,761.1733333333334,31.107994547030717,31.10799454703068
r569_svd_normalised_tr050_tid3_010,r569,3,10,False,78,ellipse,267.312950937951,170.4469696969697,205.3333333333324,8.084530287102114,17.027662639727012,15.353752619125002,64.57417780068442,0.43237336274661037,1.0,205.55555555555554,False,ellipse,360.0,1.0,True,True,25.870496918726765,2102.613333333324,2104.888888888889,54.48852044712644,49.13200838120001
r569_svd_normalised_tr050_tid3_010,r569,3,10,False,79,circle,216.0666666666667,60.807547169811315,29.444444444444365,3.0614470042540396,6.122894008508095,6.122894008508063,,1.021572142899192e-07,1.0,29.444444444444443,False,circle,360.0,1.0,True,True,9.796630413612927,301.5111111111104,301.5111111111112,19.593260827225905,19.593260827225805
r569_svd_normalised_tr050_tid3_010,r569,3,10,False,80,ellipse,254.31835123171874,48.54431767878697,108.10099331165479,5.865970923673893,12.292915494159843,11.196567614488192,81.58927736302894,0.4128155276047131,1.0,108.44444444444444,False,ellipse,360.0,1.0,True,True,18.77110695575646,1106.9541715113453,1110.4711111111112,39.3373295813115,35.82901636636222
r569_svd_normalised_tr050_tid3_010,r569,3,10,False,81,circle,302.40806642941874,214.50415183867136,31.222222222222562,3.1525136005988434,6.305027201197708,6.305027201197666,,1.1638178938488147e-07,1.0,31.0,False,circle,360.0,1.0,True,True,10.0880435219163,319.7155555555591,317.44000000000005,20.176087043832666,20.17608704383253
r569_svd_normalised_tr050_tid3_010,r569,3,10,False,82,circle,187.009009009009,177.10319410319408,90.44444444444451,5.365571807092634,10.731143614185267,10.731143614185267,,0.0,1.0,90.77777777777777,False,circle,360.0,1.0,True,True,17.16982978269643,926.151111111112,929.5644444444446,34.33965956539286,34.33965956539286
r569_svd_normalised_tr050_tid3_010,r569,3,10,False,83,ellipse,190.84033068214612,225.1757176524714,219.53420734131493,8.359420347862804,17.38273082659953,16.080306195694064,-57.399151733825335,0.3797877672415807,1.0,219.55555555555554,False,ellipse,360.0,1.0,True,True,26.750145113160972,2248.030283175065,2248.2488888888893,55.6247386451185,51.45697982622101
r569_svd_normalised_tr050_tid3_010,r569,3,10,False,84,circle,297.4985250737463,145.187610619469,62.777777777777814,4.470211102321205,8.940422204642433,8.940422204642386,,1.021572142899192e-07,1.0,62.0,False,circle,360.0,1.0,True,True,14.304675527427856,642.8444444444449,634.8800000000001,28.609351054855786,28.609351054855637
r569_svd_normalised_tr050_tid3_010,r569,3,10,False,85,circle,235.86305220883537,161.40602409638555,92.22222222222224,5.418048085719784,10.836096171439568,10.836096171439566,,1.4901161193847656e-08,1.0,92.33333333333333,False,circle,360.0,1.0,True,True,17.33775387430331,944.355555555556,945.4933333333335,34.67550774860662,34.67550774860661
r569_svd_normalised_tr050_tid3_010,r569,3,10,False,86,circle,216.28792912513845,28.575858250276852,33.444444444444414,3.2627744795788773,6.525548959157758,6.52554895915775,,4.9421560620597e-08,1.0,33.333333333333336,False,circle,360.0,1.0,True,True,10.440878334652409,342.4711111111109,341.3333333333334,20.881756669304828,20.881756669304803
r569_svd_normalised_tr050_tid3_010,r569,3,10,False,87,ellipse,254.70246913580252,106.99753086419753,29.999999999999915,3.0901936161855126,6.548660107911581,5.832824686672608,78.62538328028074,0.45461159312960897,1.0,29.666666666666668,False,ellipse,360.0,1.0,True,True,9.88861957179364,307.1999999999992,303.78666666666675,20.95571234531706,18.665038997352347
r569_svd_normalised_tr050_tid3_010,r569,3,10,False,88,ellipse,209.895086250868,206.1794051415005,60.63804003127253,4.393368596050473,9.163046695381691,8.425882029168676,2.527815026534711,0.3929724006659467,1.0,60.44444444444444,False,ellipse,360.0,1.0,True,True,14.058779507361514,620.9335299202309,618.9511111111112,29.321749425221412,26.962822493339765
r569_svd_normalised_tr050_tid3_010,r569,3,10,False,89,ellipse,106.52048677198468,84.49128948448644,28.572917112211417,3.015798732330608,6.301667803371947,5.773101520242151,-48.168134286359845,0.4008977734485402,1.0,28.88888888888889,False,ellipse,360.0,1.0,True,True,9.650555943457945,292.58667122904495,295.8222222222223,20.165336970790232,18.473924864774883
r569_svd_normalised_tr050_tid3_010,r569,3,10,False,90,circle,257.1746031746032,147.03769841269843,18.666666666666657,2.4375775971438167,4.875155194287634,4.8751551942876326,,2.5809568279517847e-08,1.0,18.444444444444443,False,circle,360.0,1.0,True,True,7.800248310860214,191.14666666666662,188.87111111111113,15.600496621720431,15.600496621720424
r569_svd_normalised_tr050_tid3_010,r569,3,10,False,91,ellipse,172.26167942997756,70.69963343014767,152.7107361036785,6.972039660544452,14.828368705574201,13.112524511190994,70.11577539704763,0.4669449591743858,1.0,152.66666666666666,False,ellipse,360.0,1.0,True,True,22.310526913742248,1563.7579377016682,1563.3066666666668,47.450779857837446,41.960078435811184
r569_svd_normalised_tr050_tid3_010,r569,3,10,False,92,ellipse,209.82539682539684,100.93272864701437,49.00000000000003,3.949327084834295,8.306242697910514,7.511066069345322,78.90239195404766,0.426966187224625,1.0,48.77777777777778,False,ellipse,360.0,1.0,True,True,12.637846671469745,501.7600000000004,499.48444444444453,26.57997663331365,24.03541142190503
r569_svd_normalised_tr050_tid3_010,r569,3,10,False,93,ellipse,174.90181897116824,147.2632221502737,140.5373044166269,6.688378979501181,14.199232724185594,12.601924129953023,-74.64755245827743,0.46079346059880294,1.0,140.66666666666666,False,ellipse,360.0,1.0,True,True,21.40281273440378,1439.1019972262598,1440.426666666667,45.437544717393905,40.326157215849676
r569_svd_normalised_tr050_tid3_010,r569,3,10,False,94,circle,57.79815100154083,140.1381612737545,72.11111111111093,4.790999850799873,9.581999701599752,9.581999701599738,,5.3726900748371916e-08,1.0,71.77777777777777,False,circle,360.0,1.0,True,True,15.331199522559594,738.4177777777761,735.0044444444445,30.66239904511921,30.662399045119162
r569_svd_normalised_tr050_tid3_010,r569,3,10,False,95,circle,340.5484890111097,98.71276939900076,71.09324433705898,4.757066587022476,9.51413317404496,9.514133174044941,,6.322027276634104e-08,1.0,71.11111111111111,False,circle,360.0,1.0,True,True,15.222613078471923,727.9948220114841,728.1777777777779,30.445226156943875,30.445226156943814
r569_svd_normalised_tr050_tid3_010,r569,3,10,False,96,ellipse,194.9367940398942,161.3788752703677,308.22222222222126,9.90505832768643,22.65657386678942,17.321273914002095,-87.70206446098194,0.6446068094787948,1.0,308.55555555555554,False,ellipse,360.0,1.0,True,True,31.696186648596576,3156.1955555555464,3159.6088888888894,72.50103637372614,55.428076524806706
r569_svd_normalised_tr050_tid3_010,r569,3,10,False,97,ellipse,295.1052331113532,105.27041614014081,40.857005715646984,3.606270766201295,7.608987137287535,6.836751648811008,-55.91471104247847,0.43895288403008753,1.0,40.888888888888886,False,ellipse,360.0,1.0,True,True,11.540066451844146,418.3757385282252,418.70222222222225,24.348758839320112,21.877605276195226
r569_svd_normalised_tr050_tid3_010,r569,3,10,False,98,circle,261.6105827613026,256.797992385234,1502.6225152476457,21.870061769589938,43.740123539179876,43.740123539179876,,0.0,1.0,438.44444444444446,True,circle,141.0,0.39166666666666666,True,True,69.9841976626878,15386.854556135895,4489.671111111112,139.9683953253756,139.9683953253756
r569_svd_normalised_tr050_tid3_010,r569,3,10,False,99,circle,303.43302180685356,137.35046728971963,23.777777777777683,2.7511273576750095,5.502254715350042,5.502254715349997,,1.2818463544611077e-07,1.0,23.666666666666668,False,circle,360.0,1.0,True,True,8.80360754456003,243.4844444444435,242.34666666666672,17.607215089120135,17.60721508911999
r569_svd_normalised_tr050_tid3_010,r569,3,10,False,100,circle,168.67482677882867,139.13000660207732,83.30209403452128,5.149357248336912,10.298714496673824,10.298714496673824,,0.0,1.0,83.44444444444444,False,circle,360.0,1.0,True,True,16.47794319467812,853.013442913498,854.4711111111112,32.95588638935624,32.95588638935624
r569_svd_normalised_tr050_tid3_010,r569,3,10,False,101,circle,215.51199494949495,120.44444444444446,58.66666666666668,4.32136320961905,8.642726419238114,8.642726419238086,,8.161702118890973e-08,1.0,59.0,False,circle,360.0,1.0,True,True,13.82836227078096,600.7466666666669,604.1600000000001,27.656724541561967,27.656724541561875
r569_svd_normalised_tr050_tid3_010,r569,3,10,False,102,ellipse,239.95495495495496,120.28009828009826,45.222222222222214,3.7940322097385577,7.993083022850958,7.20356856916488,-62.74809098559885,0.43335086914014764,1.0,45.0,False,ellipse,360.0,1.0,True,True,12.140903071163386,463.0755555555556,460.80000000000007,25.577865673123068,23.05141942132762
r569_svd_normalised_tr050_tid3_010,r569,3,10,False,103,ellipse,303.88963299021236,150.10996249035423,47.52057735907333,3.889250515273431,8.06860630758044,7.49882643615592,-82.12029612782288,0.3691165560256955,1.0,47.333333333333336,False,ellipse,360.0,1.0,True,True,12.44560164887498,486.610712156911,484.69333333333344,25.81954018425741,23.996244595698943
r569_svd_normalised_tr050_tid3_010,r569,3,10,False,104,circle,288.0876543209876,76.2,29.999999999999897,3.0901936161855112,6.180387232371049,6.180387232370997,,1.2990531157078367e-07,1.0,29.666666666666668,False,circle,360.0,1.0,True,True,9.888619571793637,307.199999999999,303.78666666666675,19.77723914358736,19.77723914358719
r569_svd_normalised_tr050_tid3_010,r569,3,10,False,105,ellipse,120.31350258936465,144.16508778577742,293.22222222222206,9.661031631358718,25.652875166253335,14.553617335634597,-88.71957057125968,0.8234913018843814,1.0,294.3333333333333,False,ellipse,360.0,1.0,True,True,30.9153012203479,3002.5955555555543,3013.973333333334,82.08920053201068,46.57157547403071
r569_svd_normalised_tr050_tid3_010,r569,3,10,False,106,circle,270.9890414364507,81.71530495320037,18.57700793295833,2.4317165296915966,4.863433059383205,4.8634330593831825,,9.541398640621973e-08,1.0,19.0,False,circle,360.0,1.0,True,True,7.781492895013109,190.22856123349334,194.56000000000003,15.562985790026255,15.562985790026184
r569_svd_normalised_tr050_tid3_010,r569,3,10,False,107,circle,220.85753889272837,113.12104160517893,38.75934171552207,3.5124751458233097,7.024950291646624,7.024950291646615,,4.9421560620597e-08,1.0,38.333333333333336,False,circle,360.0,1.0,True,True,11.239920466634592,396.8956591669461,392.5333333333334,22.479840933269198,22.47984093326917
r569_svd_normalised_tr050_tid3_010,r569,3,10,False,108,ellipse,209.28571428571428,115.47041847041848,25.666666666666607,2.8583130943589685,5.951781487455494,5.490761892118295,75.34131526272012,0.38589930653329,1.0,25.555555555555557,False,ellipse,360.0,1.0,True,True,9.1466019019487,262.8266666666661,261.688888888889,19.04570075985758,17.570438054778545
r569_svd_normalised_tr050_tid3_010,r569,3,10,False,109,ellipse,204.0909090909091,155.9981060606061,78.2222222222222,4.989880424679407,10.483473924663295,9.500250329815525,-66.91372102786494,0.4228235234049421,1.0,78.55555555555556,False,ellipse,360.0,1.0,True,True,15.967617358974103,800.9955555555555,804.408888888889,33.547116558922546,30.400801055409683
r569_svd_normalised_tr050_tid3_010,r569,3,10,False,110,ellipse,272.37091180940536,123.20242023409618,22.80228055280223,2.694103065491991,5.631134640621548,5.155757615976452,-84.1961424704044,0.40213451781745657,1.0,23.0,False,ellipse,360.0,1.0,True,True,8.621129809574372,233.49535286069488,235.52000000000004,18.019630849988953,16.49842437112465
r569_svd_normalised_tr050_tid3_010,r569,3,10,False,111,circle,276.78510998307956,149.54653130287647,21.888888888888793,2.6395927206506373,5.279185441301301,5.279185441301247,,1.4292691717483756e-07,1.0,22.11111111111111,False,circle,360.0,1.0,True,True,8.44669670608204,224.14222222222128,226.41777777777781,16.893393412164166,16.89339341216399
r569_svd_normalised_tr050_tid3_010,r569,3,10,False,112,circle,123.50303030303031,151.82727272727277,12.22222222222216,1.972423424234394,3.9448468484688006,3.9448468484687758,,1.1250129990683123e-07,1.0,12.444444444444445,False,circle,360.0,1.0,True,True,6.311754957550061,125.15555555555494,127.43111111111114,12.623509915100163,12.623509915100083
r569_svd_normalised_tr050_tid3_010,r569,3,10,False,113,circle,210.96651675840332,192.310396362773,40.310848607669925,3.5820862122901835,7.164172424580367,7.164172424580366,,1.4901161193847656e-08,1.0,40.111111111111114,False,circle,360.0,1.0,True,True,11.462675879328588,412.7830897425401,410.73777777777786,22.925351758657175,22.925351758657172
r569_svd_normalised_tr050_tid3_010,r569,3,10,False,114,circle,247.70473620958927,84.14449529267003,49.01110513076122,3.9497745879878265,7.899549175975654,7.899549175975651,,2.5809568279517847e-08,1.0,49.22222222222222,False,circle,360.0,1.0,True,True,12.639278681561045,501.87371653899504,504.0355555555556,25.278557363122093,25.278557363122086
r569_svd_normalised_tr050_tid3_010,r569,3,10,False,115,ellipse,331.693588383191,217.93749753860516,38.181955236995265,3.486214827827246,7.659252683499539,6.3471956484451635,-81.8622023603794,0.5596982789573615,1.0,38.55555555555556,False,ellipse,360.0,1.0,True,True,11.155887449047187,390.9832216268316,394.808888888889,24.509608587198528,20.311026075024525
r569_svd_normalised_tr050_tid3_010,r569,3,10,False,116,ellipse,236.5695792880259,227.02912621359224,68.6666666666665,4.675176879144457,9.88883790529261,8.84119208368808,73.92703910767102,0.44795173273449507,1.0,69.0,False,ellipse,360.0,1.0,True,True,14.960566013262264,703.146666666665,706.5600000000002,31.644281296936352,28.29181466780186
r569_svd_normalised_tr050_tid3_010,r569,3,10,False,117,circle,311.1918382913806,172.87681159420288,97.11111111111103,5.559804558162022,11.119609116324067,11.119609116324023,,8.940696716308594e-08,1.0,97.44444444444444,False,circle,360.0,1.0,True,True,17.791374586118472,994.4177777777771,997.8311111111113,35.582749172237016,35.58274917223687
r569_svd_normalised_tr050_tid3_010,r569,3,10,False,118,ellipse,174.7030965391621,232.3551912568306,40.66666666666667,3.5978607585815245,7.657694690077686,6.761618247806901,-73.9406382080611,0.4694039787572187,1.0,41.0,False,ellipse,360.0,1.0,True,True,11.51315442746088,416.4266666666668,419.8400000000001,24.504623008248597,21.637178392982083
r569_svd_normalised_tr050_tid3_010,r569,3,10,False,119,circle,235.91585760517796,150.68238557558945,80.11111111111109,5.04976817882116,10.099536357642322,10.09953635764232,,2.1073424255447017e-08,1.0,80.44444444444444,False,circle,360.0,1.0,True,True,16.159258172227712,820.3377777777777,823.7511111111113,32.31851634445543,32.318516344455425
r569_svd_normalised_tr050_tid3_010,r569,3,10,False,120,ellipse,344.3594623494974,106.65915191025601,870.2532034622157,16.643623347851186,40.00960827040996,27.694367440233744,-2.301665547885193,0.7217125232567054,1.0,869.3333333333334,False,ellipse,360.0,1.0,True,True,53.259594713123796,8911.39280345309,8901.973333333335,128.0307464653119,88.62197580874799
r569_svd_normalised_tr050_tid3_010,r569,3,10,False,121,circle,350.2392292652598,134.90805068708434,20.76401149167347,2.5708734186329565,5.141746837265941,5.1417468372658846,,1.4901161193847656e-07,1.0,20.555555555555557,False,circle,360.0,1.0,True,True,8.226794939625462,212.6234776747364,210.48888888888894,16.453589879251012,16.45358987925083
r569_svd_normalised_tr050_tid3_010,r569,3,10,False,122,ellipse,164.9837006106432,86.65372806220938,42.13109669685977,3.662068349222296,7.7113757336071425,6.9563434892324105,-83.97068467987475,0.4315510513402643,1.0,42.44444444444444,False,ellipse,360.0,1.0,True,True,11.718618717511347,431.4224301758441,434.6311111111112,24.676402347542858,22.260299165543714
r569_svd_normalised_tr050_tid3_010,r569,3,10,False,123,circle,246.24924924924926,105.49849849849852,12.333333333333263,1.9813687010751084,3.9627374021502173,3.962737402150217,,1.4901161193847656e-08,1.0,12.777777777777779,False,circle,360.0,1.0,True,True,6.340379843440347,126.29333333333264,130.8444444444445,12.680759686880696,12.680759686880695
r569_svd_normalised_tr050_tid3_010,r569,3,10,False,124,circle,253.44773175542406,70.0749506903353,18.777777777777754,2.4448215287069424,4.889643057413885,4.889643057413885,,0.0,1.0,18.555555555555557,False,circle,360.0,1.0,True,True,7.823428891862216,192.28444444444423,190.00888888888895,15.646857783724432,15.646857783724432
r569_svd_normalised_tr050_tid3_010,r569,3,10,False,125,circle,188.16235673478548,100.55800617145692,20.00811947505143,2.5236446328386464,5.047289265677307,5.0472892656772785,,1.0641557616804317e-07,1.0,20.0,False,circle,360.0,1.0,True,True,8.075662825083668,204.88314342452668,204.80000000000004,16.151325650167383,16.15132565016729
r569_svd_normalised_tr050_tid3_010,r569,3,10,False,126,ellipse,294.43445481104516,167.2468193384224,392.9999999999998,11.184622714702076,25.524732907584966,19.60385414776364,-85.62783349758979,0.6404094708490256,1.0,393.1111111111111,False,ellipse,360.0,1.0,True,True,35.79079268704665,4024.3199999999983,4025.457777777778,81.6791453042719,62.732333272843654
r569_svd_normalised_tr050_tid3_010,r569,3,10,False,127,circle,321.93691474112325,243.7811971727592,79.48136276080704,5.029881065604341,10.059762131208684,10.059762131208682,,2.1073424255447017e-08,1.0,79.33333333333333,False,circle,360.0,1.0,True,True,16.095619409933892,813.8891546706643,812.3733333333334,32.19123881986779,32.191238819867785
r569_svd_normalised_tr050_tid3_010,r569,3,10,False,128,circle,348.1533816425121,166.28582930756846,91.99999999999969,5.411516379806001,10.823032759612028,10.823032759611975,,9.8843121241194e-08,1.0,92.33333333333333,False,circle,360.0,1.0,True,True,17.316852415379202,942.079999999997,945.4933333333335,34.63370483075849,34.63370483075832
r569_svd_normalised_tr050_tid3_010,r569,3,10,False,129,circle,185.82597054886207,33.7710843373494,27.666666666666583,2.967587154196405,5.935174308392817,5.935174308392802,,7.146345858741878e-08,1.0,28.0,False,circle,360.0,1.0,True,True,9.496278893428496,283.3066666666659,286.72,18.992557786857017,18.992557786856967
r569_svd_normalised_tr050_tid3_010,r569,3,10,False,130,circle,281.2647058823529,129.97058823529412,22.66666666666677,2.6860796873571386,5.372159374714313,5.372159374714241,,1.6391277313232422e-07,1.0,22.666666666666668,False,circle,360.0,1.0,True,True,8.595454999542843,232.1066666666678,232.1066666666667,17.1909099990858,17.190909999085573
r569_svd_normalised_tr050_tid3_010,r569,3,10,False,131,ellipse,329.8502994011976,77.40319361277446,74.22222222222196,4.860624147973539,10.212847286908572,9.25331259506769,-63.04204677974863,0.42317854956842094,1.0,74.11111111111111,False,ellipse,360.0,1.0,True,True,15.553997273515325,760.035555555553,758.897777777778,32.68111131810743,29.61060030421661
r569_svd_normalised_tr050_tid3_010,r569,3,10,False,132,circle,381.0402561749274,143.5391896419509,24.729303153578623,2.8056339162870247,5.611267832574076,5.611267832574023,,1.3818768405162847e-07,1.0,24.77777777777778,False,circle,360.0,1.0,True,True,8.97802853211848,253.22806429264514,253.72444444444452,17.956057064237044,17.956057064236873
r569_svd_normalised_tr050_tid3_010,r569,3,10,False,133,circle,175.86167146974063,236.93852065321803,38.5555555555556,3.503229153315798,7.006458306631596,7.006458306631596,,0.0,1.0,38.888888888888886,False,circle,360.0,1.0,True,True,11.210333290610555,394.80888888888944,398.2222222222223,22.42066658122111,22.42066658122111
r569_svd_normalised_tr050_tid3_010,r569,3,10,False,134,circle,367.2762934567416,167.3903616956172,105.7387123705889,5.801523722256312,11.603047444512631,11.603047444512617,,4.9421560620597e-08,1.0,106.11111111111111,False,circle,360.0,1.0,True,True,18.5648759112202,1082.7644146748305,1086.577777777778,37.12975182244042,37.129751822440376
r569_svd_normalised_tr050_tid3_010,r569,3,10,False,135,circle,218.42901234567904,230.46296296296296,23.999999999999925,2.7639531957706795,5.527906391541359,5.527906391541359,,0.0,1.0,23.77777777777778,False,circle,360.0,1.0,True,True,8.844650226466175,245.75999999999928,243.4844444444445,17.68930045293235,17.68930045293235
r569_svd_normalised_tr050_tid3_010,r569,3,10,False,136,ellipse,319.7796052631579,85.40460526315789,33.777777777777665,3.2789938395772844,6.950133578313205,6.1879677441222585,-10.845772210688438,0.4553002514397714,1.0,33.77777777777778,False,ellipse,360.0,1.0,True,True,10.49278028664731,345.8844444444434,345.8844444444445,22.240427450602258,19.80149678119123
r569_svd_normalised_tr050_tid3_010,r569,3,10,False,137,circle,299.8859212679819,240.14155337240848,28.63655614951036,3.0191553336399193,6.038310667279868,6.03831066727981,,1.3818768405162847e-07,1.0,28.666666666666668,False,circle,360.0,1.0,True,True,9.661297067647743,293.2383349709861,293.54666666666674,19.322594135295578,19.322594135295393
r569_svd_normalised_tr050_tid3_010,r569,3,10,False,138,ellipse,326.8412121212121,202.9551515151515,30.555555555555536,3.118675265424628,6.51848076376045,5.968344934141041,-29.991011793586637,0.40208197265655116,1.0,30.555555555555557,False,ellipse,360.0,1.0,True,True,9.979760849358811,312.88888888888874,312.88888888888897,20.85913844403344,19.09870378925133
r569_svd_normalised_tr050_tid3_010,r569,3,10,False,139,circle,321.49539594843463,118.23572744014731,20.111111111111047,2.5301315161088613,5.060263032217741,5.060263032217704,,1.210576058124894e-07,1.0,20.0,False,circle,360.0,1.0,True,True,8.096420851548357,205.93777777777717,204.80000000000004,16.19284170309677,16.192841703096654
r569_svd_normalised_tr050_tid3_010,r569,3,10,False,140,ellipse,320.15328467153284,228.60340632603408,15.222222222222332,2.2012232560601297,4.584595693188539,4.227534244922737,4.932098008906451,0.3869108290894476,1.0,15.11111111111111,False,ellipse,360.0,1.0,True,True,7.043914419392415,155.8755555555567,154.7377777777778,14.670706218203325,13.528109583752759
r569_svd_normalised_tr050_tid3_010,r569,3,10,False,141,circle,246.58074410200547,32.54353344885539,32.4073846370298,3.2117893634743986,6.423578726948804,6.42357872694879,,6.664001874625056e-08,1.0,32.44444444444444,False,circle,360.0,1.0,True,True,10.277725963118076,331.8516186831852,332.23111111111115,20.555451926236174,20.55545192623613
r569_svd_normalised_tr050_tid3_010,r569,3,10,False,142,circle,391.551912568306,140.16393442622953,20.333333333333513,2.544071740157983,5.088143480315966,5.088143480315966,,0.0,1.0,20.22222222222222,False,circle,360.0,1.0,True,True,8.141029568505546,208.2133333333352,207.07555555555558,16.282059137011093,16.282059137011093
r569_svd_normalised_tr050_tid3_010,r569,3,10,False,143,circle,211.7698412698412,90.77777777777779,18.66666666666672,2.4375775971438207,4.875155194287663,4.875155194287621,,1.3075715880680267e-07,1.0,18.333333333333332,False,circle,360.0,1.0,True,True,7.800248310860226,191.14666666666727,187.73333333333335,15.600496621720522,15.600496621720389
r569_svd_normalised_tr050_tid3_010,r569,3,10,False,144,circle,303.1862275822144,130.3631182224381,38.92482617462462,3.5199654812751504,7.039930962550329,7.0399309625502715,,1.2818463544611077e-07,1.0,39.111111111111114,False,circle,360.0,1.0,True,True,11.263889540080482,398.5902200281562,400.4977777777779,22.527779080161054,22.52777908016087
r569_svd_normalised_tr050_tid3_010,r569,3,10,False,145,ellipse,256.8406177156177,179.84586247086247,127.11111111111103,6.360874413983735,13.301039679057803,12.167687424969477,-82.70401327040253,0.4039247709007271,1.0,126.77777777777777,False,ellipse,360.0,1.0,True,True,20.354798124747955,1301.6177777777773,1298.2044444444446,42.563326972984974,38.93659975990233
r569_svd_normalised_tr050_tid3_010,r569,3,10,False,146,circle,345.7048963332081,134.57437673115817,31.52438511870714,3.167731592030748,6.335463184061496,6.335463184061495,,1.4901161193847656e-08,1.0,31.555555555555557,False,circle,360.0,1.0,True,True,10.136741094498394,322.8097036155612,323.128888888889,20.273482188996788,20.273482188996784
r569_svd_normalised_tr050_tid3_010,r569,3,10,False,147,circle,269.022276464028,210.95251681040156,208.5088344744472,8.146804488256494,16.293608976513013,16.29360897651296,,8.024520884654677e-08,1.0,208.88888888888889,False,circle,360.0,1.0,True,True,26.069774362420784,2135.1304650183397,2139.022222222223,52.139548724841646,52.139548724841475
r569_svd_normalised_tr050_tid3_010,r569,3,10,False,148,circle,336.1197562298836,190.02512737217117,212.6026095746182,8.226391217057065,16.45278243411415,16.452782434114106,,7.450580596923828e-08,1.0,212.88888888888889,False,circle,360.0,1.0,True,True,26.32445189458261,2177.050722044091,2179.9822222222224,52.64890378916529,52.64890378916514
r569_svd_normalised_tr050_tid3_010,r569,3,10,False,149,circle,337.83809523809526,82.12936507936509,46.66666666666681,3.8541485901874113,7.708297180374826,7.708297180374819,,4.2146848510894035e-08,1.0,46.666666666666664,False,circle,360.0,1.0,True,True,12.333275488599718,477.86666666666827,477.86666666666673,24.666550977199446,24.66655097719942
r569_svd_normalised_tr050_tid3_010,r569,3,10,False,150,circle,144.63773801222044,147.03541880859257,68.52080398510739,4.670208701730723,9.340417403461446,9.340417403461446,,0.0,1.0,68.0,False,circle,360.0,1.0,True,True,14.944667845538314,701.6530328074998,696.3200000000002,29.889335691076628,29.889335691076628
r569_svd_normalised_tr050_tid3_010,r569,3,10,False,151,ellipse,335.16569502634945,154.17430485632988,11.777333097237477,1.936192541492259,4.028020052459982,3.7227635502368166,-70.30200222172792,0.38186833161492106,1.0,11.88888888888889,False,ellipse,360.0,1.0,True,True,6.195816132775229,120.5998909157118,121.74222222222225,12.889664167871942,11.912843360757813
r569_svd_normalised_tr050_tid3_010,r569,3,10,False,152,circle,228.2781690140845,219.73904538341156,94.66666666666704,5.489383926458928,10.978767852917859,10.978767852917855,,2.5809568279517847e-08,1.0,95.0,False,circle,360.0,1.0,True,True,17.56602856466857,969.3866666666706,972.8000000000002,35.13205712933715,35.132057129337134
r569_svd_normalised_tr050_tid3_010,r569,3,10,False,153,ellipse,178.83323007454175,132.9655288519571,177.65618912779112,7.519954876268419,15.792760149901826,14.322948187486965,67.72795108146585,0.42127859215561614,1.0,177.44444444444446,False,ellipse,360.0,1.0,True,True,24.063855604058944,1819.1993766685814,1817.0311111111116,50.53683247968584,45.83343419995829
r569_svd_normalised_tr050_tid3_010,r569,3,10,False,154,circle,275.6394557823129,94.22789115646259,10.888888888888951,1.8617306418733581,3.7234612837467336,3.7234612837466985,,1.3738191809196602e-07,1.0,10.88888888888889,False,circle,360.0,1.0,True,True,5.957538053994746,111.50222222222288,111.50222222222224,11.915076107989549,11.915076107989435
r569_svd_normalised_tr050_tid3_010,r569,3,10,False,155,circle,242.64921465968587,108.91797556719024,21.22222222222215,2.599085058270053,5.198170116540108,5.198170116540104,,4.2146848510894035e-08,1.0,20.88888888888889,False,circle,360.0,1.0,True,True,8.31707218646417,217.31555555555485,213.90222222222226,16.634144372928347,16.634144372928333
r569_svd_normalised_tr050_tid3_010,r569,3,10,False,156,ellipse,273.90807635792277,129.97921284504372,45.80735401687469,3.8184988730510305,8.088211291083907,7.210955855995195,-7.487764753284978,0.45294392645297304,1.0,45.888888888888886,False,ellipse,360.0,1.0,True,True,12.219196393763298,469.06730513279695,469.9022222222223,25.8822761314685,23.075058739184627
r569_svd_normalised_tr050_tid3_010,r569,3,10,False,157,circle,92.95265151515152,150.96780303030303,19.555555555555596,2.494940212339706,4.989880424679412,4.989880424679412,,0.0,1.0,19.88888888888889,False,circle,360.0,1.0,True,True,7.983808679487059,200.24888888888935,203.66222222222225,15.967617358974119,15.967617358974119
r569_svd_normalised_tr050_tid3_010,r569,3,10,False,158,circle,223.90743453357086,235.4068013360632,68.30784060120482,4.662945524797606,9.325891049595212,9.325891049595212,,0.0,1.0,68.44444444444444,False,circle,360.0,1.0,True,True,14.921425679352339,699.4722877563374,700.8711111111112,29.842851358704678,29.842851358704678
r569_svd_normalised_tr050_tid3_010,r569,3,10,False,159,circle,296.56582590397636,212.9559520268401,20.28094160587138,2.5407920446713117,5.081584089342623,5.0815840893426225,,2.1073424255447017e-08,1.0,20.333333333333332,False,circle,360.0,1.0,True,True,8.130534542948197,207.67684204412296,208.21333333333337,16.261069085896395,16.26106908589639
r569_svd_normalised_tr050_tid3_010,r569,3,10,False,160,circle,321.2737358380023,221.5268706450754,21.52182440915293,2.6173668978851623,5.234733795770353,5.234733795770295,,1.48264681861791e-07,1.0,21.666666666666668,False,circle,360.0,1.0,True,True,8.375574073232519,220.38348194972605,221.86666666666673,16.75114814646513,16.751148146464946
r569_svd_normalised_tr050_tid3_010,r569,3,10,False,161,ellipse,171.1485027108244,164.04708857151408,100.7772599947009,5.6637794941918,12.002293604458112,10.6907560224697,86.83306489685583,0.454540468136697,1.0,100.88888888888889,False,ellipse,360.0,1.0,True,True,18.124094381413762,1031.9591423457373,1033.1022222222223,38.40733953426596,34.21041927190304
r569_svd_normalised_tr050_tid3_010,r569,3,10,False,162,circle,231.72927025427447,95.12701208663101,68.98148569161813,4.685881865699108,9.371763731398236,9.371763731398197,,9.18569267238524e-08,1.0,69.44444444444444,False,circle,360.0,1.0,True,True,14.994821970237147,706.3704134821699,711.1111111111112,29.989643940474355,29.98964394047423
r569_svd_normalised_tr050_tid3_010,r569,3,10,False,163,circle,268.41774032102984,103.93189806103237,22.23114154080945,2.6601488931243673,5.320297786248767,5.320297786248703,,1.548574096771071e-07,1.0,22.333333333333332,False,circle,360.0,1.0,True,True,8.512476457997975,227.6468893778888,228.69333333333336,17.024952915996053,17.02495291599585
r569_svd_normalised_tr050_tid3_010,r569,3,10,False,164,ellipse,192.3148988373732,208.1830456674238,86.33293327309426,5.242196692615742,11.094025859515094,9.908261081076143,68.73998011538498,0.4498247973825725,1.0,86.66666666666667,False,ellipse,360.0,1.0,True,True,16.775029416370376,884.0492367164853,887.4666666666669,35.500882750448305,31.706435459443657
r569_svd_normalised_tr050_tid3_010,r569,3,10,False,165,ellipse,267.19372480854474,83.46580470784355,10.79370391519539,1.853575643114513,3.891682728184956,3.5313697489926454,48.58010784300538,0.4202365203571092,1.0,11.0,False,ellipse,360.0,1.0,True,True,5.931442057966442,110.52752809160081,112.64000000000001,12.45338473019186,11.300383196776465
r569_svd_normalised_tr050_tid3_010,r569,3,10,False,166,ellipse,337.8671568627451,238.63578431372548,75.55555555555596,4.904088120073098,10.683386373724902,9.004665542600502,-55.629865173726785,0.53812315209743,1.0,75.44444444444444,False,ellipse,360.0,1.0,True,True,15.693081984233913,773.6888888888931,772.5511111111113,34.18683639591969,28.81492973632161
r569_svd_normalised_tr050_tid3_010,r569,3,10,False,167,circle,251.29397074715587,171.28447124041506,65.53552535594896,4.5673411977918885,9.134682395583791,9.134682395583763,,7.884953353001448e-08,1.0,65.33333333333333,False,circle,360.0,1.0,True,True,14.615491832934044,671.0837796449175,669.0133333333334,29.230983665868134,29.23098366586804
r569_svd_normalised_tr050_tid3_010,r569,3,10,False,168,circle,260.65011286681715,226.14522197140707,49.2222222222223,3.9582723445044596,7.916544689008937,7.9165446890089015,,9.424321830774485e-08,1.0,49.333333333333336,False,circle,360.0,1.0,True,True,12.666471502414272,504.03555555555647,505.17333333333346,25.3329430048286,25.332943004828486
r569_svd_normalised_tr050_tid3_010,r569,3,10,False,169,ellipse,271.30957171532344,110.27349902213848,161.9486833503618,7.179823602628996,16.247491086504095,12.691157469275508,-68.39518774171552,0.6243873028502905,1.0,161.66666666666666,False,ellipse,360.0,1.0,True,True,22.97543552841279,1658.354517507705,1655.466666666667,51.991971476813106,40.61170390168163
r569_svd_normalised_tr050_tid3_010,r569,3,10,False,170,circle,280.8013375235052,165.35695025745338,321.23667837849337,10.112013179022128,20.224026358044256,20.224026358044256,,0.0,1.0,321.6666666666667,False,circle,360.0,1.0,True,True,32.35844217287081,3289.4635865957725,3293.8666666666677,64.71688434574162,64.71688434574162
r569_svd_normalised_tr050_tid3_010,r569,3,10,False,171,ellipse,225.56197858384468,211.57711047458878,67.28200389862485,4.627799369375107,9.714003004631115,8.818826592076773,-85.76008812927853,0.4193020135251473,1.0,66.66666666666667,False,ellipse,360.0,1.0,True,True,14.808957982000344,688.9677199219186,682.6666666666669,31.08480961481957,28.220245094645676
r569_svd_normalised_tr050_tid3_010,r569,3,10,False,172,circle,344.3170859190021,78.51460643094848,18.77806917593509,2.4448404983031606,4.889680996606341,4.889680996606302,,1.2644054553268208e-07,1.0,18.444444444444443,False,circle,360.0,1.0,True,True,7.823489594570114,192.28742836157537,188.87111111111113,15.646979189140291,15.646979189140167
r569_svd_normalised_tr050_tid3_010,r569,3,10,False,173,ellipse,283.9230769230769,191.57264957264954,13.000000000000009,2.0342144725641105,4.44543944601649,3.7233920926286146,88.18797887018462,0.5463212725982896,1.0,13.11111111111111,False,ellipse,360.0,1.0,True,True,6.509486312205154,133.12000000000012,134.2577777777778,14.225406227252769,11.914854696411567
r569_svd_normalised_tr050_tid3_010,r569,3,10,False,174,circle,193.48778877887787,144.20924092409243,56.11111111111112,4.226194670317946,8.452389340635893,8.452389340635891,,2.1073424255447017e-08,1.0,56.22222222222222,False,circle,360.0,1.0,True,True,13.523822945017427,574.577777777778,575.7155555555556,27.047645890034858,27.047645890034854
r569_svd_normalised_tr050_tid3_010,r569,3,10,False,175,ellipse,338.8709242791701,103.79223928860145,274.8888888888897,9.354135499094033,21.388061926371527,16.3642411802677,4.824145804046395,0.6438984212383826,1.0,275.44444444444446,False,ellipse,360.0,1.0,True,True,29.93323359710091,2814.862222222231,2820.551111111112,68.44179816438889,52.36557177685665
r569_svd_normalised_tr050_tid3_010,r569,3,10,False,176,ellipse,220.451179232726,128.62056147870976,44.48455046373042,3.7629605625155205,7.928874431650362,7.143446307346706,38.607774042495606,0.4339420614161993,1.0,44.55555555555556,False,ellipse,360.0,1.0,True,True,12.041473800049665,455.5217967485996,456.248888888889,25.37239818128116,22.859028183509462
r569_svd_normalised_tr050_tid3_010,r569,3,10,False,177,circle,288.69690172720044,243.18034742905243,36.974550498563886,3.4306508071931034,6.861301614386207,6.861301614386207,,0.0,1.0,36.888888888888886,False,circle,360.0,1.0,True,True,10.978082583017931,378.61939710529424,377.74222222222227,21.956165166035863,21.956165166035863
r569_svd_normalised_tr050_tid3_010,r569,3,10,False,178,circle,317.00333333333333,74.13000000000002,11.111111111111088,1.8806319451591857,3.761263890318372,3.7612638903183706,,2.5809568279517847e-08,1.0,11.222222222222221,False,circle,360.0,1.0,True,True,6.018022224509394,113.77777777777756,114.91555555555557,12.03604444901879,12.036044449018787
r569_svd_normalised_tr050_tid3_010,r569,3,10,False,179,ellipse,311.54200552836744,213.1004794657587,85.58214035139353,5.21935258002535,11.1667213362387,9.758152114430075,-50.0177490115496,0.4861774806670035,1.0,85.66666666666667,False,ellipse,360.0,1.0,True,True,16.70192825608112,876.36111719827,877.2266666666669,35.73350827596384,31.22608676617624
r569_svd_normalised_tr050_tid3_010,r569,3,10,False,180,circle,296.30208171914376,124.21812307442636,19.777941826681243,2.5090863699363837,5.018172739872796,5.018172739872739,,1.5049435106459375e-07,1.0,19.88888888888889,False,circle,360.0,1.0,True,True,8.029076383796427,202.52612430521597,203.66222222222225,16.058152767592947,16.058152767592766
r569_svd_normalised_tr050_tid3_010,r569,3,10,False,181,circle,337.7196652719665,69.9483960948396,26.555555555555806,2.907386432250845,5.814772864501701,5.81477286450168,,8.560065398421926e-08,1.0,26.333333333333332,False,circle,360.0,1.0,True,True,9.303636583202705,271.9288888888915,269.65333333333336,18.607273166405445,18.607273166405374
r569_svd_normalised_tr050_tid3_010,r569,3,10,False,182,ellipse,330.31681903727656,222.55393811191695,53.60815667073502,4.130860231039594,8.59486804275645,7.941486088441169,-7.605477969000617,0.382440816371884,1.0,53.22222222222222,False,ellipse,360.0,1.0,True,True,13.218752739326701,548.9475243083267,544.9955555555556,27.503577736820645,25.412755483011743
r569_svd_normalised_tr050_tid3_010,r569,3,10,False,183,circle,122.62059620596204,141.58401084010836,27.333333333333464,2.9496559498282147,5.899311899656446,5.8993118996564125,,1.0745380149674383e-07,1.0,27.22222222222222,False,circle,360.0,1.0,True,True,9.438899039450288,279.89333333333474,278.7555555555556,18.87779807890063,18.877798078900522
r569_svd_normalised_tr050_tid3_010,r569,3,10,False,184,circle,202.76113296521194,98.57866839840307,27.833940536434483,2.9765447156390676,5.9530894312781495,5.953089431278121,,9.771344846937061e-08,1.0,28.11111111111111,False,circle,360.0,1.0,True,True,9.524943090045017,285.01955109308915,287.8577777777778,19.04988618009008,19.049886180089988
r569_svd_normalised_tr050_tid3_010,r569,3,10,False,185,ellipse,265.77006245125494,49.15557036884465,77.3612493030433,4.96234324293348,10.32264020701558,9.54207449522527,-82.73970896719885,0.3814653633753842,1.0,77.33333333333333,False,ellipse,360.0,1.0,True,True,15.879498377387137,792.1791928631635,791.8933333333334,33.03244866244986,30.534638384720864
r569_svd_normalised_tr050_tid3_010,r569,3,10,False,186,circle,286.0044671915971,107.74984435335921,24.613372580254996,2.799049807456131,5.598099614912272,5.598099614912251,,8.560065398421926e-08,1.0,24.88888888888889,False,circle,360.0,1.0,True,True,8.956959383859619,252.0409352218112,254.86222222222227,17.91391876771927,17.913918767719206
r569_svd_normalised_tr050_tid3_010,r569,3,10,False,187,ellipse,170.25757575757578,100.68939393939395,19.555555555555546,2.494940212339703,5.2789984922961875,4.716596659183462,-83.49539950246839,0.449134229316647,1.0,19.666666666666668,False,ellipse,360.0,1.0,True,True,7.9838086794870495,200.24888888888884,201.3866666666667,16.8927951753478,15.093109309387078
r569_svd_normalised_tr050_tid3_010,r569,3,10,False,188,ellipse,287.5569812226751,139.96897011509333,15.951924895473358,2.2533653494030883,4.701100761546069,4.320396992487005,-65.7233258806759,0.39421518682290674,1.0,16.11111111111111,False,ellipse,360.0,1.0,True,True,7.210769118089883,163.3477109296472,164.97777777777782,15.043522436947422,13.825270375958418
r569_svd_normalised_tr050_tid3_010,r569,3,10,False,189,ellipse,226.88482576622894,247.06290132624687,95.16433788110277,5.503794105859122,11.857865325885882,10.218280854838962,-64.24883269396867,0.507366764699959,1.0,74.44444444444444,True,ellipse,235.0,0.6527777777777778,True,True,17.61214113874919,974.4828199024926,762.3111111111112,37.94516904283483,32.698498735484684
r569_svd_normalised_tr050_tid3_010,r569,3,10,False,190,circle,177.22619047619045,93.7431972789116,21.77777777777766,2.6328847232228556,5.265769446445711,5.265769446445711,,0.0,1.0,21.88888888888889,False,circle,360.0,1.0,True,True,8.425231114313139,223.0044444444433,224.14222222222227,16.850462228626277,16.850462228626277
r569_svd_normalised_tr050_tid3_010,r569,3,10,False,191,ellipse,179.14480408858603,42.32197614991482,65.2222222222224,4.556410663253425,9.872311523797716,8.411759731108301,-81.81983285810836,0.5234510585738554,1.0,65.66666666666667,False,ellipse,360.0,1.0,True,True,14.58051412241096,667.8755555555575,672.4266666666668,31.591396876152693,26.917631139546565
r569_svd_normalised_tr050_tid3_010,r569,3,10,False,192,ellipse,337.27469135802465,133.48456790123458,11.99999999999986,1.9544100476116681,4.129890678059591,3.6995832887277484,-24.62094244428681,0.4444440930674923,1.0,12.11111111111111,False,ellipse,360.0,1.0,True,True,6.254112152357338,122.87999999999859,124.0177777777778,13.215650169790692,11.838666523928795
r569_svd_normalised_tr050_tid3_010,r569,3,10,False,193,ellipse,314.55789704384983,159.76471482524838,19.96114587550767,2.5206804779128373,5.308088135891542,4.788036603061192,70.11963611498763,0.43168048798162434,1.0,19.666666666666668,False,ellipse,360.0,1.0,True,True,8.06617752932108,204.40213376519856,201.3866666666667,16.985882034852935,15.321717129795815
r569_svd_normalised_tr050_tid3_010,r569,3,10,False,194,ellipse,181.4259688384363,215.13827787664283,50.23983364673071,3.998979336028561,8.403313843546691,7.6121568360864345,-82.43027028881136,0.4235947893374692,1.0,50.111111111111114,False,ellipse,360.0,1.0,True,True,12.796733875291395,514.4558965425225,513.137777777778,26.890604299349413,24.35890187547659
r569_svd_normalised_tr050_tid3_010,r569,3,10,False,195,ellipse,305.5740022874275,220.41057813254804,27.10332770679303,2.9372192900005394,6.24129227669532,5.529147987358341,-77.2693878325486,0.4638801949003766,1.0,27.333333333333332,False,ellipse,360.0,1.0,True,True,9.399101728001726,277.5380757175607,279.8933333333334,19.972135285425026,17.693273559546693
r569_svd_normalised_tr050_tid3_010,r569,3,10,False,196,ellipse,209.78509244137933,149.3316401958986,27.637809905994192,2.966039130818448,6.189132106970828,5.685700659475498,-82.71386245864878,0.39505191256639377,1.0,27.555555555555557,False,ellipse,360.0,1.0,True,True,9.491325218619034,283.0111734373806,282.16888888888894,19.80522274230665,18.194242110321593
r569_svd_normalised_tr050_tid3_010,r569,3,10,False,197,circle,320.1320450885669,77.2721417069243,22.99999999999989,2.7057581899029985,5.41151637980601,5.411516379805984,,9.8843121241194e-08,1.0,23.0,False,circle,360.0,1.0,True,True,8.658426207689596,235.51999999999893,235.52000000000004,17.316852415379234,17.31685241537915
r569_svd_normalised_tr050_tid3_010,r569,3,10,False,198,ellipse,295.0503144654088,217.33805031446542,23.5555555555555,2.7382414444100487,5.744630717658329,5.220851662291851,-64.19710049318172,0.4171822466445412,1.0,23.22222222222222,False,ellipse,360.0,1.0,True,True,8.762372622112157,241.20888888888837,237.79555555555558,18.382818296506652,16.706725319333923
r569_svd_normalised_tr050_tid3_010,r569,3,10,False,199,circle,332.36481481481485,204.98148148148144,20.000000000000057,2.5231325220201635,5.046265044040355,5.046265044040299,,1.4901161193847656e-07,1.0,20.0,False,circle,360.0,1.0,True,True,8.074024070464523,204.8000000000006,204.80000000000004,16.148048140929138,16.14804814092896
r569_svd_normalised_tr050_tid3_010,r569,3,10,False,200,ellipse,154.15564652586264,162.95796569401261,45.07970702105143,3.788049156369214,7.971654655136966,7.2001696168926514,79.11704119435547,0.4291747667891181,1.0,45.111111111111114,False,ellipse,360.0,1.0,True,True,12.121757300381486,461.61619989556675,461.9377777777779,25.50929489643829,23.040542774056487
r569_svd_normalised_tr050_tid3_010,r569,3,10,False,201,circle,267.1314671964683,146.87337272438756,21.09998200685776,2.591588869995186,5.183177739990413,5.183177739990332,,1.7631291696726132e-07,1.0,21.333333333333332,False,circle,360.0,1.0,True,True,8.293084383984596,216.0638157502235,218.45333333333338,16.586168767969323,16.586168767969063
r569_svd_normalised_tr050_tid3_010,r569,3,10,False,202,circle,183.2983090684032,26.61697351820108,18.132031374463683,2.4024164591274464,4.804832918254896,4.804832918254888,,5.7711949142924205e-08,1.0,18.333333333333332,False,circle,360.0,1.0,True,True,7.687732669207829,185.67200127450815,187.73333333333335,15.375465338415669,15.375465338415644
r569_svd_normalised_tr050_tid3_010,r569,3,10,False,203,circle,372.5052838303516,180.40282158451598,21.212024251088806,2.598460510589277,5.196921021178582,5.196921021178525,,1.48264681861791e-07,1.0,21.333333333333332,False,circle,360.0,1.0,True,True,8.315073633885687,217.2111283311494,218.45333333333338,16.630147267771463,16.63014726777128
r569_svd_normalised_tr050_tid3_010,r569,3,10,False,204,circle,267.1991189778696,222.36485086108874,20.938336288122926,2.581642779462399,5.163285558924839,5.163285558924758,,1.769414855098414e-07,1.0,21.11111111111111,False,circle,360.0,1.0,True,True,8.261256894279677,214.4085635903788,216.1777777777778,16.522513788559486,16.522513788559227
r569_svd_normalised_tr050_tid3_010,r569,3,10,False,205,circle,268.8692307692308,192.43589743589743,14.444444444444578,2.144250327526905,4.28850065505384,4.288500655053782,,1.6391277313232422e-07,1.0,14.444444444444445,False,circle,360.0,1.0,True,True,6.861601048086097,147.91111111111252,147.91111111111115,13.723202096172287,13.723202096172102
r569_svd_normalised_tr050_tid3_010,r569,3,10,False,206,ellipse,289.484236317491,155.97144674427983,153.9762563673272,7.000868848885123,15.480236983135754,12.664448145770429,-87.53413828978927,0.5750698962022545,1.0,154.0,False,ellipse,360.0,1.0,True,True,22.402780316432395,1576.716865201431,1576.9600000000003,49.53675834603442,40.52623406646538
r569_svd_normalised_tr050_tid3_010,r569,3,10,False,207,ellipse,159.7869822485207,51.491124260355036,18.777777777777697,2.444821528706939,5.085470721043972,4.7013561851768255,-40.59412631317463,0.3812590545058919,1.0,18.444444444444443,False,ellipse,360.0,1.0,True,True,7.823428891862204,192.28444444444366,188.87111111111113,16.27350630734071,15.044339792565843
r569_svd_normalised_tr050_tid3_010,r569,3,10,False,208,ellipse,348.22376562259376,189.80057670419467,26.089178047173217,2.881743100074043,5.987582918894694,5.547776728815543,1.4167655867606754,0.376179130013783,1.0,26.0,False,ellipse,360.0,1.0,True,True,9.221577920236937,267.1531832030538,266.24000000000007,19.160265340463024,17.75288553220974
r569_svd_normalised_tr050_tid3_010,r569,3,10,False,209,circle,169.7029249689822,106.04053641310617,19.234360848526393,2.474366022340348,4.948732044680696,4.948732044680696,,0.0,1.0,19.555555555555557,False,circle,360.0,1.0,True,True,7.917971271489114,196.9598550889103,200.24888888888896,15.835942542978229,15.835942542978229
r569_svd_normalised_tr050_tid3_010,r569,3,10,False,210,circle,356.5245887602744,40.44914734865603,14.81771977120428,2.1717796144810224,4.343559228962078,4.343559228962013,,1.7249341164216735e-07,1.0,14.666666666666666,False,circle,360.0,1.0,True,True,6.949694766339272,151.73345045713185,150.1866666666667,13.899389532678649,13.899389532678441
r569_svd_normalised_tr050_tid3_010,r569,3,10,False,211,ellipse,298.6820175438597,132.1184210526316,33.77777777777804,3.2789938395773026,6.933435946580151,6.2028700822074345,-51.91300266793243,0.4468047782586786,1.0,33.55555555555556,False,ellipse,360.0,1.0,True,True,10.492780286647369,345.88444444444724,343.608888888889,22.186995029056487,19.84918426306379
r569_svd_normalised_tr050_tid3_010,r569,3,10,False,212,ellipse,244.7013888888889,136.68287037037035,15.99999999999998,2.256758334191024,4.879495362175311,4.174987617301614,-87.18917072681825,0.5176065991771664,1.0,16.444444444444443,False,ellipse,360.0,1.0,True,True,7.221626669411276,163.83999999999983,168.39111111111112,15.614385158960998,13.359960375365166
r569_svd_normalised_tr050_tid3_010,r569,3,10,False,213,ellipse,377.52360308285165,183.39547206165702,76.88888888888896,4.947170248841288,10.65799034059656,9.185406512444056,-12.973914584468275,0.5071923566023363,1.0,77.11111111111111,False,ellipse,360.0,1.0,True,True,15.830944796292123,787.3422222222231,789.617777777778,34.105569089909,29.39330083982098
r569_svd_normalised_tr050_tid3_010,r569,3,10,False,214,circle,314.35205992509367,138.7677902621723,9.888888888888811,1.7741846286974616,3.5483692573949632,3.5483692573948833,,2.12308866512403e-07,1.0,10.0,False,circle,360.0,1.0,True,True,5.677390811831877,101.26222222222144,102.40000000000002,11.354781623663882,11.354781623663627
r569_svd_normalised_tr050_tid3_010,r569,3,10,False,215,circle,132.91425668430966,149.64172110517092,24.247542788156373,2.7781707264195714,5.556341452839143,5.556341452839143,,0.0,1.0,24.555555555555557,False,circle,360.0,1.0,True,True,8.890146324542629,248.29483815072132,251.44888888888894,17.780292649085258,17.780292649085258
r569_svd_normalised_tr050_tid3_010,r569,3,10,False,216,ellipse,210.07064017660042,244.56512141280353,16.77777777777762,2.3109592239720125,4.7987638191190785,4.451590231287275,-81.49748425812481,0.3734419831869873,1.0,16.666666666666668,False,ellipse,360.0,1.0,True,True,7.39506951671044,171.80444444444285,170.6666666666667,15.356044221181051,14.24508874011928
r569_svd_normalised_tr050_tid3_010,r569,3,10,False,217,ellipse,144.59689922480618,162.2976744186047,47.77777777777776,3.8997614037988124,8.631408234058089,7.047813563747392,-84.14344855506948,0.5773013989639411,1.0,47.666666666666664,False,ellipse,360.0,1.0,True,True,12.4792364921562,489.24444444444435,488.10666666666674,27.620506348985884,22.553003403991656
r569_svd_normalised_tr050_tid3_010,r569,3,10,False,218,circle,182.3803418803419,182.94017094017096,17.333333333333233,2.348908546648636,4.697817093297272,4.697817093297272,,0.0,1.0,17.11111111111111,False,circle,360.0,1.0,True,True,7.516507349275635,177.49333333333234,175.2177777777778,15.03301469855127,15.03301469855127
r569_svd_normalised_tr050_tid3_010,r569,3,10,False,219,circle,208.65290319118844,63.07839230169396,13.596622364786745,2.0803699953179606,4.160739990635932,4.160739990635911,,1.0106459234841567e-07,1.0,13.777777777777779,False,circle,360.0,1.0,True,True,6.6571839850174745,139.2294130154163,141.08444444444447,13.314367970034983,13.314367970034915
r569_svd_normalised_tr050_tid3_010,r569,3,10,False,220,ellipse,152.5026697177727,141.65369946605645,48.55555555555561,3.9313755051482464,8.85782589358835,6.979461347808652,-85.75046204288441,0.6157482670919766,1.0,48.44444444444444,False,ellipse,360.0,1.0,True,True,12.58040161647439,497.20888888888953,496.0711111111112,28.34504285948272,22.334276312987686
r569_svd_normalised_tr050_tid3_010,r569,3,10,False,221,ellipse,318.7440860215053,140.71827956989245,17.22222222222247,2.3413678898002304,5.048075221906814,4.34383669371461,85.46279752457863,0.5094611577997823,1.0,17.0,False,ellipse,360.0,1.0,True,True,7.4923772473607375,176.35555555555814,174.08000000000004,16.153840710101804,13.900277419886752
r569_svd_normalised_tr050_tid3_010,r569,3,10,False,222,ellipse,341.94360692350637,173.96538246789504,66.33333333333314,4.59505775627736,9.934917758649336,8.501149701070206,-17.647061804314433,0.517498765671595,1.0,66.33333333333333,False,ellipse,360.0,1.0,True,True,14.704184820087551,679.2533333333315,679.2533333333334,31.791736827677877,27.20367904342466
r569_svd_normalised_tr050_tid3_010,r569,3,10,False,223,circle,313.55442887103914,245.80699107985674,46.405236695262936,3.843337821581784,7.686675643163596,7.6866756431635395,,1.219712610821791e-07,1.0,46.22222222222222,True,circle,327.0,0.9083333333333333,True,True,12.29868102906171,475.1896237594926,473.31555555555565,24.597362058123508,24.597362058123327
r569_svd_normalised_tr050_tid3_010,r569,3,10,False,224,ellipse,334.8352758352758,227.26340326340326,47.666666666666714,3.895224158046283,8.365894216327183,7.254584315357773,-80.25978577346328,0.49802642888519777,1.0,47.333333333333336,False,ellipse,360.0,1.0,True,True,12.464717305748106,488.10666666666725,484.69333333333344,26.770861492246986,23.214669809144876
r569_svd_normalised_tr050_tid3_010,r569,3,10,False,225,circle,273.66440832143314,200.42556779874695,13.708010686929331,2.0888741756177325,4.177748351235493,4.1777483512354365,,1.6526187220825877e-07,1.0,14.0,False,circle,360.0,1.0,True,True,6.684397361976744,140.37002943415638,143.36,13.36879472395358,13.368794723953398
r569_svd_normalised_tr050_tid3_010,r569,3,10,False,226,ellipse,222.45904346012253,104.05088283205905,193.9967776104988,7.858186317543001,19.23782226861371,12.839518182256262,71.55601267172807,0.7446903170738847,1.0,194.22222222222223,False,ellipse,360.0,1.0,True,True,25.146196216137604,1986.5270027315082,1988.835555555556,61.56103125956387,41.08645818322004
r569_svd_normalised_tr050_tid3_010,r569,3,10,False,227,ellipse,242.91845730027552,155.91294765840223,67.22222222222229,4.625742957036962,9.801649228922775,8.73220308330854,74.94851236107158,0.45421675721201993,1.0,66.88888888888889,False,ellipse,360.0,1.0,True,True,14.80237746251828,688.3555555555563,684.9422222222223,31.36527753255288,27.94304986658733
r569_svd_normalised_tr050_tid3_010,r569,3,10,False,228,circle,350.0010101997875,89.99895235014043,67.79869202212687,4.645534839065689,9.291069678131407,9.29106967813135,,1.1050996910178159e-07,1.0,67.66666666666667,False,circle,360.0,1.0,True,True,14.865711485010207,694.2586063065793,692.9066666666669,29.731422970020503,29.731422970020322
r569_svd_normalised_tr050_tid3_010,r569,3,10,False,229,circle,330.76190476190476,148.98866213151928,48.99999999999983,3.949327084834287,7.898654169668603,7.898654169668545,,1.219712610821791e-07,1.0,48.888888888888886,False,circle,360.0,1.0,True,True,12.637846671469719,501.75999999999834,500.62222222222226,25.275693342939533,25.275693342939345
r569_svd_normalised_tr050_tid3_010,r569,3,10,False,230,ellipse,306.0,59.7870855148342,21.222222222222346,2.599085058270065,5.432012019963566,4.974394839551932,89.33636713226491,0.4017360812602974,1.0,21.444444444444443,False,ellipse,360.0,1.0,True,True,8.317072186464207,217.31555555555687,219.59111111111113,17.382438463883414,15.918063486566183
r569_svd_normalised_tr050_tid3_010,r569,3,10,False,231,circle,311.5223880597015,154.0580431177446,44.666666666666636,3.7706553253878794,7.54131065077576,7.541310650775758,,2.1073424255447017e-08,1.0,44.888888888888886,False,circle,360.0,1.0,True,True,12.066097041241214,457.38666666666643,459.6622222222223,24.13219408248243,24.132194082482428
r569_svd_normalised_tr050_tid3_010,r569,3,10,False,232,circle,188.84974747474746,192.34848484848484,58.66666666666631,4.321363209619036,8.642726419238073,8.642726419238072,,2.1073424255447017e-08,1.0,58.333333333333336,False,circle,360.0,1.0,True,True,13.828362270780914,600.7466666666631,597.3333333333335,27.656724541561836,27.65672454156183
r569_svd_normalised_tr050_tid3_010,r569,3,10,False,233,circle,265.32872593434996,212.69690578970577,64.75463244069044,4.540048422877159,9.080096845754351,9.080096845754284,,1.219712610821791e-07,1.0,65.11111111111111,False,circle,360.0,1.0,True,True,14.528154953206908,663.0874361926702,666.737777777778,29.056309906413926,29.05630990641371
r569_svd_normalised_tr050_tid3_010,r569,3,10,False,234,circle,205.10989163498687,37.32342422719525,23.77089696220967,2.750729268126468,5.501458536252941,5.501458536252931,,5.960464477539063e-08,1.0,23.77777777777778,False,circle,360.0,1.0,True,True,8.802333658004697,243.41398489302705,243.4844444444445,17.60466731600941,17.60466731600938
r569_svd_normalised_tr050_tid3_010,r569,3,10,False,235,ellipse,309.89066277696617,237.87692786740877,41.76196786768183,3.645990570307736,7.589887323242647,7.005767897536387,-30.528810350033666,0.3847045245830706,1.0,41.666666666666664,False,ellipse,360.0,1.0,True,True,11.667169824984756,427.64255096506207,426.66666666666674,24.287639434376473,22.41845727211644
r569_svd_normalised_tr050_tid3_010,r569,3,10,False,236,circle,263.81426238370824,242.2633798258957,16.372838495167215,2.282900864668079,4.565801729336158,4.565801729336158,,0.0,1.0,16.666666666666668,False,circle,360.0,1.0,True,True,7.305282766937854,167.65786619051232,170.6666666666667,14.610565533875707,14.610565533875707
r569_svd_normalised_tr050_tid3_010,r569,3,10,False,237,circle,245.3962151837941,160.9017096372817,50.88206141023194,4.024458122069054,8.048916244138109,8.048916244138107,,2.1073424255447017e-08,1.0,50.888888888888886,False,circle,360.0,1.0,True,True,12.878265990620973,521.0323088407752,521.1022222222223,25.75653198124195,25.756531981241945
r569_svd_normalised_tr050_tid3_010,r569,3,10,False,238,circle,296.3333333333333,137.58035714285714,12.44444444444435,1.9902737738139413,3.9805475476279084,3.9805475476278565,,1.6186804311275803e-07,1.0,12.222222222222221,False,circle,360.0,1.0,True,True,6.368876076204613,127.43111111111017,125.15555555555557,12.737752152409307,12.737752152409142
r569_svd_normalised_tr050_tid3_010,r569,3,10,False,239,circle,178.0910394265233,195.43512544802869,51.66666666666634,4.0553681443442855,8.110736288688571,8.110736288688571,,0.0,1.0,51.77777777777778,False,circle,360.0,1.0,True,True,12.977178061901714,529.0666666666634,530.2044444444446,25.95435612380343,25.95435612380343
r569_svd_normalised_tr050_tid3_010,r569,3,10,False,240,ellipse,262.4526517108552,136.82989584207922,66.97429733700903,4.61720488635524,9.736691951711348,8.758038589825443,30.839610182021403,0.43694524768974735,1.0,66.77777777777777,False,ellipse,360.0,1.0,True,True,14.775055636336768,685.8168047309726,683.8044444444445,31.157414245476318,28.025723487441418
r569_svd_normalised_tr050_tid3_010,r569,3,10,False,241,circle,194.43238022381107,81.62991836065746,51.575320976876924,4.051781651328483,8.10356330265698,8.103563302656951,,8.429369702178807e-08,1.0,51.55555555555556,False,circle,360.0,1.0,True,True,12.965701284251146,528.1312868032198,527.928888888889,25.931402568502335,25.931402568502246
r569_svd_normalised_tr050_tid3_010,r569,3,10,False,242,ellipse,298.89876729373407,60.70473291848175,27.375742523153043,2.9519433407065256,6.540118382011004,5.329548474663646,-84.9656965297732,0.5796002877072032,1.0,27.666666666666668,False,ellipse,360.0,1.0,True,True,9.446218690260883,280.3276034370872,283.30666666666673,20.928378822435214,17.05455511892367
r569_svd_normalised_tr050_tid3_010,r569,3,10,False,243,ellipse,349.53047989623866,144.13748378728926,28.55555555555586,3.0148823590322555,6.316092700177648,5.756416867376404,-11.726133635718838,0.4115461666128472,1.0,28.555555555555557,False,ellipse,360.0,1.0,True,True,9.64762354890322,292.4088888888921,292.40888888888895,20.211496640568473,18.420533975604496
r569_svd_normalised_tr050_tid3_010,r569,3,10,False,244,ellipse,172.309243697479,116.7669467787115,66.11111111111101,4.587354384965444,9.672994972730251,8.702090846769856,12.167730885494137,0.43665848066249613,1.0,66.22222222222223,False,ellipse,360.0,1.0,True,True,14.679534031889421,676.977777777777,678.1155555555557,30.953583912736804,27.84669070966354
r569_svd_normalised_tr050_tid3_010,r569,3,10,False,245,ellipse,202.94777866509588,219.85883819891524,52.611038081995446,4.092262643561756,8.714876085447312,7.686449413483078,85.26865392299482,0.47126471404831094,1.0,52.22222222222222,False,ellipse,360.0,1.0,True,True,13.095240459397619,538.7370299596334,534.7555555555557,27.887603473431398,24.59663812314585
r569_svd_normalised_tr050_tid3_010,r569,3,10,False,246,ellipse,198.39237622641917,229.23357661394732,131.50846124128532,6.46996470855282,13.649669524269546,12.267093574826784,2.677788911276764,0.43854356395477506,1.0,131.44444444444446,False,ellipse,360.0,1.0,True,True,20.703887067369024,1346.646643110762,1345.9911111111114,43.67894247766255,39.254699439445716
r569_svd_normalised_tr050_tid3_010,r569,3,10,False,247,circle,58.26925976356465,149.68676550876543,12.22630209662557,1.9727526020323802,3.945505204064767,3.945505204064754,,8.161702118890973e-08,1.0,12.11111111111111,False,circle,360.0,1.0,True,True,6.3128083265036175,125.19733346944587,124.0177777777778,12.625616653007256,12.625616653007214
r569_svd_normalised_tr050_tid3_010,r569,3,10,False,248,circle,337.0929292929293,216.6909090909091,18.333333333333528,2.4157154730437296,4.831430946087488,4.831430946087432,,1.519626234052415e-07,1.0,18.22222222222222,False,circle,360.0,1.0,True,True,7.730289513739935,187.73333333333537,186.5955555555556,15.46057902747996,15.460579027479781
r569_svd_normalised_tr050_tid3_010,r569,3,10,False,249,ellipse,338.7505518763797,192.6341059602649,67.11111111111124,4.621918447944052,9.616025738567648,8.886053644289657,22.931395497849962,0.38217984669508703,1.0,67.77777777777777,False,ellipse,360.0,1.0,True,True,14.790139033420965,687.2177777777792,694.0444444444445,30.771282363416475,28.435371661726904
r569_svd_normalised_tr050_tid3_010,r569,3,10,False,250,circle,175.93500540816,226.647235896601,21.10272733481936,2.5917574608967406,5.183514921793481,5.18351492179348,,2.1073424255447017e-08,1.0,20.88888888888889,False,circle,360.0,1.0,True,True,8.29362387486957,216.09192790855028,213.90222222222226,16.58724774973914,16.587247749739138
r569_svd_normalised_tr050_tid3_010,r569,3,10,False,251,ellipse,290.48179263874374,148.03678524020356,58.26242224709061,4.306449232751197,8.96084774871347,8.278460036072364,59.16353774023969,0.3827598823338383,1.0,58.0,False,ellipse,360.0,1.0,True,True,13.780637544803831,596.607203810208,593.9200000000001,28.674712795883103,26.491072115431564
r569_svd_normalised_tr050_tid3_010,r569,3,10,False,252,ellipse,324.95081915380786,227.22864587310315,30.144350784901786,3.0976192257000132,6.753788114808887,5.682881786822456,69.95984504351867,0.5403564807974801,1.0,30.11111111111111,False,ellipse,360.0,1.0,True,True,9.912381522240043,308.67815203739434,308.33777777777783,21.61212196738844,18.185221717831862
r569_svd_normalised_tr050_tid3_010,r569,3,10,False,253,circle,68.29724385767842,162.22980223502665,23.640633089896777,2.74318195316275,5.48636390632552,5.486363906325479,,1.219712610821791e-07,1.0,23.666666666666668,False,circle,360.0,1.0,True,True,8.7781822501208,242.08008284054304,242.34666666666672,17.556364500241667,17.556364500241536
r569_svd_normalised_tr050_tid3_010,r569,3,10,False,254,ellipse,345.21448203961705,99.11648185006162,390.7777777777779,11.152956108924625,23.299394834204456,21.35479154763142,-55.37889553807315,0.399946552014105,1.0,391.0,False,ellipse,360.0,1.0,True,True,35.6894595485588,4001.5644444444465,4003.8400000000006,74.55806346945427,68.33533295242056
r569_svd_normalised_tr050_tid3_010,r569,3,10,False,255,ellipse,236.25531914893617,100.38297872340424,15.666666666666732,2.233126705663177,4.741365239494205,4.207104605236493,-65.99641064877636,0.46115568378981286,1.0,15.777777777777779,False,ellipse,360.0,1.0,True,True,7.1460054581221675,160.42666666666736,161.5644444444445,15.172368766381457,13.46273473675678
r569_svd_normalised_tr050_tid3_010,r569,3,10,False,256,circle,251.12687783991584,248.56648894642066,222.3497184420334,8.412854068048581,16.825708136097177,16.82570813609715,,5.7711949142924205e-08,1.0,126.77777777777777,True,circle,193.0,0.5361111111111111,True,True,26.921133017755462,2276.8611168464226,1298.2044444444446,53.84226603551097,53.842266035510875
r569_svd_normalised_tr050_tid3_010,r569,3,10,False,257,circle,376.24316939890707,129.75409836065572,13.555555555555483,2.0772258774738286,4.154451754947685,4.15445175494763,,1.625524776374655e-07,1.0,13.444444444444445,False,circle,360.0,1.0,True,True,6.647122807916252,138.80888888888816,137.67111111111114,13.294245615832592,13.294245615832416
r569_svd_normalised_tr050_tid3_010,r569,3,10,False,258,ellipse,322.374358974359,235.67948717948724,14.44444444444456,2.1442503275269043,4.7164802833656,3.899356461482601,77.74013825064276,0.5625675055271196,1.0,14.11111111111111,False,ellipse,360.0,1.0,True,True,6.861601048086094,147.91111111111232,144.4977777777778,15.092736906769922,12.477940676744325
r569_svd_normalised_tr050_tid3_010,r569,3,10,False,259,circle,316.52670491018193,202.75614325823375,19.608458873286658,2.4983126930381263,4.996625386076293,4.9966253860762135,,1.7756782901008404e-07,1.0,19.444444444444443,False,circle,360.0,1.0,True,True,7.994600617722004,200.7906188624554,199.11111111111114,15.989201235444137,15.989201235443884
r569_svd_normalised_tr050_tid3_010,r569,3,10,False,260,ellipse,156.41133390823205,150.85921420495552,164.0292536325551,7.22579636127332,16.320742602367268,12.79650916056174,-82.22856122405284,0.6206797968017961,1.0,163.77777777777777,False,ellipse,360.0,1.0,True,True,23.122548356074624,1679.6595571973646,1677.0844444444447,52.22637632757526,40.948829313797575
r569_svd_normalised_tr050_tid3_010,r569,3,10,False,261,circle,281.28930817610063,172.57232704402514,11.777777777777615,1.936229093868381,3.872458187736803,3.872458187736721,,2.05938144938428e-07,1.0,11.777777777777779,False,circle,360.0,1.0,True,True,6.19593310037882,120.6044444444428,120.60444444444448,12.39186620075777,12.391866200757507
r569_svd_normalised_tr050_tid3_010,r569,3,10,False,262,ellipse,395.3604018981576,184.1625861159803,16.427598400370194,2.2867153248917664,4.787699549608436,4.368751148991811,-89.43560392948459,0.4090882074134824,1.0,16.444444444444443,False,ellipse,360.0,1.0,True,True,7.317489039653653,168.21860761979082,168.39111111111112,15.320638558746996,13.980003676773798
r569_svd_normalised_tr050_tid3_010,r569,3,10,False,263,ellipse,295.0988074054397,226.98230486491897,38.201557980547136,3.487109630171016,7.482335231532109,6.500608805436551,-59.99072275638167,0.4951734929339661,1.0,38.55555555555556,False,ellipse,360.0,1.0,True,True,11.158750816547252,391.1839537208028,394.808888888889,23.94347274090275,20.801948177396966
r569_svd_normalised_tr050_tid3_010,r569,3,10,False,264,circle,324.61290322580646,177.95400238948628,62.00000000000045,4.442433223290494,8.884866446581002,8.884866446580972,,8.296615425989064e-08,1.0,62.22222222222222,False,circle,360.0,1.0,True,True,14.21578631452958,634.8800000000047,637.1555555555557,28.431572629059207,28.43157262905911
r569_svd_normalised_tr050_tid3_010,r569,3,10,False,265,circle,358.62091503267976,95.93790849673198,11.333333333333336,1.8993451617376698,3.798690323475353,3.7986903234753266,,1.1733186057227569e-07,1.0,11.333333333333334,False,circle,360.0,1.0,True,True,6.077904517560544,116.05333333333338,116.05333333333336,12.15580903512113,12.155809035121045
r569_svd_normalised_tr050_tid3_010,r569,3,10,False,266,circle,281.6876190476191,97.89142857142859,19.444444444444667,2.4878422172674504,4.975684434534928,4.975684434534872,,1.4975481660844222e-07,1.0,19.666666666666668,False,circle,360.0,1.0,True,True,7.961095095255842,199.11111111111342,201.3866666666667,15.92219019051177,15.922190190511593
r569_svd_normalised_tr050_tid3_010,r569,3,10,False,267,ellipse,331.51621585948175,244.16850874619735,15.48020237214924,2.219797615815656,4.616226462634637,4.269722462765467,4.795627092567912,0.38011842944235125,1.0,15.444444444444445,False,ellipse,360.0,1.0,True,True,7.1033523706101,158.51727229080825,158.15111111111113,14.77192468043084,13.663111880849494
r569_svd_normalised_tr050_tid3_010,r569,3,10,False,268,circle,227.02053472665912,83.41512967583918,13.341207916934454,2.0607373373609974,4.121474674721995,4.121474674721995,,0.0,1.0,13.333333333333334,False,circle,360.0,1.0,True,True,6.594359479555192,136.61396906940885,136.53333333333336,13.188718959110384,13.188718959110384
r569_svd_normalised_tr050_tid3_010,r569,3,10,False,269,ellipse,196.69953051643193,90.21596244131455,31.555555555555532,3.1692972876262595,6.581185074092849,6.104946257716171,-20.136560405104518,0.37348476633865985,1.0,31.88888888888889,False,ellipse,360.0,1.0,True,True,10.141751320404031,323.1288888888887,326.5422222222223,21.059792237097117,19.53582802469175
r569_svd_normalised_tr050_tid3_010,r569,3,10,False,270,circle,246.47481433230485,115.60059354385407,12.555504591315906,1.9991351223571225,3.998270244714245,3.998270244714245,,0.0,1.0,12.777777777777779,False,circle,360.0,1.0,True,True,6.397232391542793,128.5683670150749,130.8444444444445,12.794464783085585,12.794464783085585
r569_svd_normalised_tr050_tid3_010,r569,3,10,False,271,ellipse,239.10322580645158,141.86236559139783,17.22222222222221,2.341367889800213,4.8998113059157005,4.475277314266288,-79.45259532202539,0.4071594977259025,1.0,17.333333333333332,False,ellipse,360.0,1.0,True,True,7.4923772473606824,176.35555555555547,177.49333333333337,15.679396178930242,14.320887405652122
r569_svd_normalised_tr050_tid3_010,r569,3,10,False,272,circle,196.93906810035838,143.5268817204301,20.666666666666547,2.5648400173236867,5.129680034647373,5.1296800346473725,,2.1073424255447017e-08,1.0,20.88888888888889,False,circle,360.0,1.0,True,True,8.207488055435798,211.62666666666547,213.90222222222226,16.414976110871596,16.414976110871592
r569_svd_normalised_tr050_tid3_010,r569,3,10,False,273,ellipse,315.55100261551877,167.05347282766638,254.88888888888883,9.00742211799442,19.513308753456748,16.63144969145479,58.37580438896043,0.5230318257682671,1.0,254.88888888888889,False,ellipse,360.0,1.0,True,True,28.823750777582145,2610.0622222222223,2610.0622222222228,62.442588011061595,53.22063901265533
r569_svd_normalised_tr050_tid3_010,r569,3,10,False,274,ellipse,173.9330422125182,189.71470160116448,25.444444444444443,2.845912545234111,5.987942792573078,5.410351097653411,67.10355980761454,0.4285019007363646,1.0,25.666666666666668,False,ellipse,360.0,1.0,True,True,9.106920144749155,260.55111111111114,262.8266666666667,19.16141693623385,17.313123512490915
r569_svd_normalised_tr050_tid3_010,r569,3,10,False,275,ellipse,172.75280898876406,96.49438202247191,9.888888888888912,1.7741846286974707,3.7076381588577414,3.3959420653671804,85.94958749806915,0.4013349495430108,1.0,10.0,False,ellipse,360.0,1.0,True,True,5.6773908118319065,101.26222222222248,102.40000000000002,11.864442108344774,10.867014609174978
r569_svd_normalised_tr050_tid3_010,r569,3,10,False,276,ellipse,211.83878659412267,243.55739137073954,371.4293860236402,10.87334564844235,22.87440630747111,20.67457297055787,-56.07382127202129,0.42789188359487146,1.0,309.55555555555554,True,ellipse,248.0,0.6888888888888889,True,True,34.79470607501552,3803.4369128820763,3169.848888888889,73.19810018390756,66.15863350578518
r569_svd_normalised_tr050_tid3_010,r569,3,10,False,277,circle,273.099846390169,157.38863287250382,24.111111111111114,2.770343847529131,5.54068769505829,5.540687695058234,,1.4214801809444213e-07,1.0,24.22222222222222,False,circle,360.0,1.0,True,True,8.865100312093219,246.89777777777786,248.0355555555556,17.73020062418653,17.73020062418635
r569_svd_normalised_tr050_tid3_010,r569,3,10,False,278,circle,190.35200000000003,119.09333333333333,13.888888888888818,2.102610435016795,4.2052208700336005,4.205220870033578,,1.0323827311807139e-07,1.0,14.11111111111111,False,circle,360.0,1.0,True,True,6.728353392053744,142.22222222222152,144.4977777777778,13.456706784107523,13.456706784107451
r569_svd_normalised_tr050_tid3_010,r569,3,10,False,279,ellipse,154.68171131384742,156.86997616967636,54.42253699568505,4.162118638017139,8.926334465180371,7.762752616767246,70.6690949260844,0.4936755329140671,1.0,54.77777777777778,False,ellipse,360.0,1.0,True,True,13.318779641654846,557.286778835815,560.9244444444446,28.56427028857719,24.84080837365519
r569_svd_normalised_tr050_tid3_010,r569,3,10,False,280,circle,168.77070063694268,93.26539278131634,17.444444444444425,2.3564250732095355,4.712850146419087,4.712850146419055,,1.1638178938488147e-07,1.0,17.444444444444443,False,circle,360.0,1.0,True,True,7.540560234270514,178.63111111111095,178.63111111111112,15.08112046854108,15.081120468540977
r569_svd_normalised_tr050_tid3_010,r569,3,10,False,281,ellipse,268.35668789808915,58.9384288747346,17.44444444444448,2.356425073209539,4.935996884750797,4.499791434476095,-64.78162752496351,0.41101697785765207,1.0,17.555555555555557,False,ellipse,360.0,1.0,True,True,7.540560234270526,178.6311111111115,179.76888888888894,15.795190031202551,14.399332590323505
r569_svd_normalised_tr050_tid3_010,r569,3,10,False,282,ellipse,234.56101564468543,209.31985115871285,30.905521990114945,3.1364842080144655,6.729467195259074,5.847436595904468,79.60792781909012,0.49493482715055365,1.0,30.666666666666668,False,ellipse,360.0,1.0,True,True,10.03674946564629,316.4725451787771,314.02666666666676,21.53429502482904,18.7117971068943
r569_svd_normalised_tr050_tid3_010,r569,3,10,False,283,circle,258.4610866372981,209.0367107195301,100.88888888888884,5.666915451939556,11.333830903879115,11.333830903879113,,1.4901161193847656e-08,1.0,101.0,False,circle,360.0,1.0,True,True,18.134129446206583,1033.102222222222,1034.2400000000002,36.268258892413165,36.268258892413165
r569_svd_normalised_tr050_tid3_010,r569,3,10,False,284,ellipse,181.23053652794275,104.89568151704384,85.49646901336745,5.21673952970253,11.106321166131643,9.80139901005215,74.74946746808723,0.4703004713390275,1.0,85.77777777777777,False,ellipse,360.0,1.0,True,True,16.6935664950481,875.4838426968828,878.3644444444445,35.54022773162126,31.36447683216688
r569_svd_normalised_tr050_tid3_010,r569,3,10,False,285,circle,175.37032526486257,85.9812380312516,35.19026843400477,3.3468508093437777,6.693701618687555,6.693701618687555,,0.0,1.0,35.111111111111114,False,circle,360.0,1.0,True,True,10.709922589900088,360.34834876420894,359.5377777777779,21.419845179800177,21.419845179800177
r569_svd_normalised_tr050_tid3_010,r569,3,10,False,286,circle,191.57695468404793,104.48244167693395,15.298530372337696,2.2067336634940964,4.413467326988194,4.413467326988193,,2.1073424255447017e-08,1.0,15.333333333333334,False,circle,360.0,1.0,True,True,7.061547723181109,156.65695101273803,157.01333333333338,14.123095446362221,14.123095446362218
r569_svd_normalised_tr050_tid3_010,r569,3,10,False,287,ellipse,251.54570854388243,56.095896484023015,180.20691832943453,7.57374700283644,18.301159837121325,12.537269588045223,89.64362354470873,0.728492966696687,1.0,180.11111111111111,False,ellipse,360.0,1.0,True,True,24.23599040907661,1845.31884369341,1844.3377777777782,58.56371147878824,40.119262681744715
r569_svd_normalised_tr050_tid3_010,r569,3,10,False,288,ellipse,379.87245299440485,170.29865098963828,49.03841475541234,3.950874867599431,8.789716442871825,7.103488409839455,-87.75987633327776,0.5889643777367399,1.0,49.333333333333336,False,ellipse,360.0,1.0,True,True,12.64279957631818,502.1533670954225,505.17333333333346,28.12709261718984,22.73116291148626
r569_svd_normalised_tr050_tid3_010,r569,3,10,False,289,ellipse,236.74734351908754,48.754551180339924,43.60672317936417,3.7256477412755324,7.748186711090661,7.165780386888802,82.88040253064139,0.3803728879324957,1.0,43.55555555555556,False,ellipse,360.0,1.0,True,True,11.922072772081705,446.53284535668917,446.008888888889,24.794197475490115,22.93049723804417
r569_svd_normalised_tr050_tid3_010,r569,3,10,False,290,circle,228.76635694876705,147.5003818327417,35.77477606812246,3.3745318043388868,6.7490636086777736,6.749063608677773,,1.4901161193847656e-08,1.0,36.0,False,circle,360.0,1.0,True,True,10.798501773884439,366.3337069375741,368.6400000000001,21.597003547768878,21.597003547768875
r569_svd_normalised_tr050_tid3_010,r569,3,10,False,291,circle,264.9592592592593,201.7111111111111,9.999999999999922,1.7841241161527641,3.568248232305569,3.5682482323054874,,2.13871897673716e-07,1.0,10.333333333333334,False,circle,360.0,1.0,True,True,5.709197171688846,102.39999999999922,105.81333333333336,11.418394343377821,11.41839434337756
r569_svd_normalised_tr050_tid3_010,r569,3,10,False,292,circle,247.19130434782608,72.04637681159421,12.77777777777775,2.016753081099966,4.033506162199936,4.033506162199927,,6.664001874625056e-08,1.0,12.777777777777779,False,circle,360.0,1.0,True,True,6.453609859519891,130.84444444444418,130.8444444444445,12.907219719039796,12.907219719039768
r569_svd_normalised_tr050_tid3_010,r569,3,10,False,293,circle,305.66056672023745,73.61790470381182,16.51611632273638,2.2928678782015472,4.585735756403134,4.585735756403055,,1.8491854736195292e-07,1.0,16.22222222222222,False,circle,360.0,1.0,True,True,7.337177210244952,169.12503114482055,166.11555555555557,14.674354420490028,14.674354420489777
r569_svd_normalised_tr050_tid3_010,r569,3,10,False,294,ellipse,381.7387387387388,136.9159159159159,12.333333333333256,1.981368701075108,4.187149779120319,3.7503525182467574,-67.68329600229683,0.44469616970055925,1.0,12.222222222222221,False,ellipse,360.0,1.0,True,True,6.3403798434403456,126.29333333333257,125.15555555555557,13.398879293185022,12.001128058389625
r569_svd_normalised_tr050_tid3_010,r569,3,10,False,295,circle,337.22621607717787,127.30347747210331,26.59186373163004,2.909373320464397,5.818746640928794,5.818746640928794,,0.0,1.0,26.555555555555557,False,circle,360.0,1.0,True,True,9.30999462548607,272.30068461189165,271.92888888888893,18.61998925097214,18.61998925097214
r569_svd_normalised_tr050_tid3_010,r569,3,10,False,296,ellipse,325.1932323997916,210.9982447305789,20.44942666051832,2.551324101879916,5.348006964144514,4.868546145488877,86.32161797022061,0.41384412632809797,1.0,20.77777777777778,False,ellipse,360.0,1.0,True,True,8.164237126015733,209.40212900370764,212.7644444444445,17.113622285262448,15.579347665564407
r569_svd_normalised_tr050_tid3_010,r569,3,10,False,297,circle,212.7361111111111,137.98263888888889,10.66666666666665,1.8426354638471212,3.6852709276942424,3.6852709276942424,,0.0,1.0,10.666666666666666,False,circle,360.0,1.0,True,True,5.896433484310788,109.22666666666652,109.22666666666669,11.792866968621576,11.792866968621576
r569_svd_normalised_tr050_tid3_010,r569,3,10,False,298,ellipse,330.5536676447384,239.57520148489226,17.760742096103687,2.377692115298031,4.965169077687105,4.554463065965861,-88.98432226890668,0.3982369666896086,1.0,17.77777777777778,False,ellipse,360.0,1.0,True,True,7.608614768953699,181.8699990641018,182.04444444444448,15.888541048598738,14.574281811090756
r569_svd_normalised_tr050_tid3_010,r569,3,10,False,299,ellipse,245.42318732060403,172.3508049419693,296.7777777777776,9.719429029851637,22.076929869606946,17.1160213352627,-73.10547374418513,0.6316055176422414,1.0,297.3333333333333,False,ellipse,360.0,1.0,True,True,31.102172895525243,3039.0044444444434,3044.6933333333336,70.64617558274223,54.77126827284064
r569_svd_normalised_tr050_tid3_010,r569,3,10,False,300,ellipse,303.4115942028986,245.3101449275362,12.7777777777779,2.016753081099978,4.264612170215329,3.814924150461154,31.404865681653064,0.44696069704357677,1.0,13.0,False,ellipse,360.0,1.0,True,True,6.453609859519929,130.8444444444457,133.12000000000003,13.646758944689052,12.207757281475693
r569_svd_normalised_tr050_tid3_010,r569,3,10,False,301,ellipse,283.515406162465,101.67787114845942,13.222222222222163,2.0515272483328912,4.395891265873477,3.8297253467810974,-79.76376494575632,0.4909182211769665,1.0,13.222222222222221,False,ellipse,360.0,1.0,True,True,6.5648871946652525,135.39555555555498,135.39555555555557,14.066852050795127,12.255121109699513
r569_svd_normalised_tr050_tid3_010,r569,3,10,False,302,ellipse,130.74882057929474,142.9741160357005,74.5137723722827,4.870161229666446,10.476317915736182,9.056033080981381,-83.94273583173702,0.5027549043286712,1.0,74.66666666666667,False,ellipse,360.0,1.0,True,True,15.584515934932629,763.021029092175,764.5866666666668,33.52421733035578,28.97930585914042
r569_svd_normalised_tr050_tid3_010,r569,3,10,False,303,circle,236.19394625954982,81.60443640878862,11.446211516597792,1.9087803134682204,3.817560626936455,3.8175606269364266,,1.219712610821791e-07,1.0,11.555555555555555,False,circle,360.0,1.0,True,True,6.1080970030983055,117.20920592996141,118.32888888888891,12.216194006196657,12.216194006196567
r569_svd_normalised_tr050_tid3_010,r569,3,10,False,304,ellipse,179.38667436516914,160.90704012514442,94.58033919690715,5.4868804438398175,11.527991680167368,10.446175826717717,38.371806706105616,0.4229404585109754,1.0,94.55555555555556,False,ellipse,360.0,1.0,True,True,17.558017420287417,968.5026733763294,968.248888888889,36.88957337653558,33.42776264549669
r569_svd_normalised_tr050_tid3_010,r569,3,10,False,305,circle,202.39135802469139,59.62222222222221,29.999999999999922,3.0901936161855126,6.180387232371033,6.180387232371018,,6.989264130329236e-08,1.0,30.333333333333332,False,circle,360.0,1.0,True,True,9.88861957179364,307.19999999999925,310.6133333333334,19.77723914358731,19.77723914358726
r569_svd_normalised_tr050_tid3_010,r569,3,10,False,306,ellipse,197.911838790932,64.93115029387069,44.11111111111114,3.747132604701671,7.858617007578416,7.146805980583079,76.17636116972267,0.41587264362238313,1.0,43.77777777777778,False,ellipse,360.0,1.0,True,True,11.990824335045348,451.6977777777782,448.28444444444455,25.147574424250934,22.869779137865855
r569_svd_normalised_tr050_tid3_010,r569,3,10,False,307,ellipse,178.86018755328217,104.42199488491049,43.444444444444265,3.718708938116705,8.426155843800466,6.564699928546227,-7.798986174152162,0.6269170817436536,1.0,44.0,False,ellipse,360.0,1.0,True,True,11.899868601973457,444.87111111110937,450.56000000000006,26.96369870016149,21.007039771347927
r569_svd_normalised_tr050_tid3_010,r569,3,10,False,308,ellipse,269.3281710914454,138.9646017699115,50.22222222222249,3.9982783594258025,8.467980168939917,7.551378024284607,8.124702367711535,0.4525151861064929,1.0,50.44444444444444,False,ellipse,360.0,1.0,True,True,12.794490750162568,514.2755555555584,516.5511111111111,27.097536540607734,24.164409677710744
r569_svd_normalised_tr050_tid3_010,r569,3,10,False,309,circle,323.5603674540683,73.35958005249343,28.22222222222222,2.9972341155487343,5.994468231097472,5.994468231097465,,4.9421560620597e-08,1.0,28.22222222222222,False,circle,360.0,1.0,True,True,9.59114916975595,288.9955555555556,288.9955555555556,19.182298339511913,19.18229833951189
r569_svd_normalised_tr050_tid3_010,r569,3,10,False,310,ellipse,198.05541393337992,242.5493961873546,43.0447349980054,3.701562467124732,7.76592972491891,7.057269474927987,41.57904084061309,0.4173462857301097,1.0,43.22222222222222,False,ellipse,360.0,1.0,True,True,11.844999894799143,440.7780863795754,442.5955555555556,24.85097511974051,22.58326231976956
r569_svd_normalised_tr050_tid3_010,r569,3,10,False,311,ellipse,240.7299238305217,169.48109844380662,901.5974408316621,16.940701838316006,40.23192596678875,28.533297561904437,75.13239106977198,0.7049869522194092,1.0,901.7777777777778,False,ellipse,360.0,1.0,True,True,54.21024588261122,9232.357794116222,9234.204444444447,128.742163093724,91.30655219809421
r569_svd_normalised_tr050_tid3_010,r569,3,10,False,312,circle,319.62004662004665,217.30536130536132,15.888888888888665,2.248908716201938,4.497817432403899,4.497817432403852,,1.444721179430583e-07,1.0,15.777777777777779,False,circle,360.0,1.0,True,True,7.196507891846202,162.70222222221997,161.5644444444445,14.393015783692476,14.393015783692327
r569_svd_normalised_tr050_tid3_010,r569,3,10,False,313,circle,167.11805555555554,154.03055555555554,26.666666666666885,2.913462481578889,5.826924963157779,5.826924963157778,,1.4901161193847656e-08,1.0,26.555555555555557,False,circle,360.0,1.0,True,True,9.323079941052447,273.06666666666894,271.92888888888893,18.646159882104893,18.646159882104893
r569_svd_normalised_tr050_tid3_010,r569,3,10,False,314,ellipse,177.70522790957,35.60492246064166,12.825065922106658,2.020481446082934,4.273935131032931,3.8206899719404546,78.05686186060473,0.4481640649592373,1.0,13.0,False,ellipse,360.0,1.0,True,True,6.465540627465389,131.3286750423722,133.12000000000003,13.67659241930538,12.226207910209455
r569_svd_normalised_tr050_tid3_010,r569,3,10,False,315,ellipse,217.7542483660131,162.50718954248367,28.33333333333337,3.003128386955967,6.417203853194699,5.621626063227458,81.74573099670528,0.48226709273131746,1.0,28.11111111111111,False,ellipse,360.0,1.0,True,True,9.610010838259095,290.1333333333338,287.8577777777778,20.53505233022304,17.989203402327867
r569_svd_normalised_tr050_tid3_010,r569,3,10,False,316,ellipse,378.1082981715893,185.94233473980307,26.33333333333319,2.8951960790545965,6.361547137465347,5.2705168444372115,-79.539959622163,0.5599948670065823,1.0,26.333333333333332,False,ellipse,360.0,1.0,True,True,9.26462745297471,269.65333333333194,269.65333333333336,20.356950839889112,16.865653902199078
r569_svd_normalised_tr050_tid3_010,r569,3,10,False,317,ellipse,213.9973388639321,112.16062819528467,40.41705293145986,3.5868018510223325,7.532594530146336,6.831721775018892,-79.16020602215013,0.42122823895085815,1.0,40.22222222222222,False,ellipse,360.0,1.0,True,True,11.477765923271464,413.870622018149,411.87555555555565,24.10430249646828,21.861509680060454
r569_svd_normalised_tr050_tid3_010,r569,3,10,False,318,ellipse,254.54262617094741,137.19801554982433,44.0427253712135,3.744226876156801,8.11513410863963,6.910167946681051,-76.94379989437925,0.524328337616078,1.0,44.333333333333336,False,ellipse,360.0,1.0,True,True,11.981526003701765,450.99750780122633,453.97333333333347,25.968429147646816,22.112537429379366
r569_svd_normalised_tr050_tid3_010,r569,3,10,False,319,ellipse,269.326860841424,217.81229773462775,11.444444444444496,1.9086329685269097,4.08164491960548,3.5700114834094423,88.54197138787404,0.4847546329314728,1.0,11.333333333333334,False,ellipse,360.0,1.0,True,True,6.107625499286112,117.19111111111167,116.05333333333336,13.061263742737536,11.424036746910216
r569_svd_normalised_tr050_tid3_010,r569,3,10,False,320,circle,377.4391926004233,165.544379445592,21.104118770659444,2.5918429049419274,5.183685809883855,5.183685809883855,,0.0,1.0,21.22222222222222,False,circle,360.0,1.0,True,True,8.293897295814167,216.10617621155274,217.3155555555556,16.587794591628334,16.587794591628334
r569_svd_normalised_tr050_tid3_010,r569,3,10,False,321,ellipse,283.3847874720358,245.89261744966444,16.55555555555538,2.2956038431310954,4.899258605287994,4.302526099692164,-83.10386769109027,0.47829464400863086,1.0,16.666666666666668,False,ellipse,360.0,1.0,True,True,7.345932298019505,169.5288888888871,170.6666666666667,15.67762753692158,13.768083519014926
r569_svd_normalised_tr050_tid3_010,r569,3,10,False,322,ellipse,280.0740740740741,66.74074074074073,10.00000000000005,1.7841241161527757,3.8858188716790556,3.276631224411663,-81.56584694781708,0.537556101444966,1.0,9.777777777777779,False,ellipse,360.0,1.0,True,True,5.709197171688882,102.40000000000053,100.12444444444448,12.434620389372979,10.485219918117323
r569_svd_normalised_tr050_tid3_010,r569,3,10,False,323,ellipse,230.64468864468867,245.96703296703296,20.222222222222143,2.5371112025173144,5.416170406250979,4.75386316982182,80.44823118991744,0.4791799342441613,1.0,20.333333333333332,False,ellipse,360.0,1.0,True,True,8.118755848055406,207.07555555555479,208.21333333333337,17.33174530000313,15.212362143429823
r569_svd_normalised_tr050_tid3_010,r569,3,10,False,324,ellipse,291.42175066312996,155.20645446507515,83.77777777777783,5.164038623904296,10.954759659239407,9.737245083851302,68.74902769197573,0.4581793537374629,1.0,83.66666666666667,False,ellipse,360.0,1.0,True,True,16.524923596493746,857.8844444444451,856.7466666666669,35.055230909566106,31.159184268324168
r569_svd_normalised_tr050_tid3_010,r569,3,10,False,325,ellipse,247.0224561403509,233.05263157894734,105.55555555555546,5.7964969485850375,12.49202001162832,10.758668924218611,44.72646415117805,0.5081928029959679,1.0,105.55555555555556,False,ellipse,360.0,1.0,True,True,18.548790235472122,1080.888888888888,1080.8888888888891,39.97446403721062,34.427740557499554
r569_svd_normalised_tr050_tid3_010,r569,3,10,False,326,circle,185.32539106404747,148.10967604836512,46.80784082263036,3.8599738969014368,7.7199477938028735,7.719947793802873,,1.4901161193847656e-08,1.0,46.888888888888886,False,circle,360.0,1.0,True,True,12.351916470084598,479.312290023735,480.1422222222223,24.703832940169196,24.703832940169193
r569_svd_normalised_tr050_tid3_010,r569,3,10,False,327,ellipse,172.706219629101,51.16448830350364,190.62244691892056,7.789544876489081,18.71409813862136,12.969261769043447,-4.875137568634159,0.7209174607278632,1.0,191.11111111111111,False,ellipse,360.0,1.0,True,True,24.926543604765058,1951.973856449747,1956.977777777778,59.88511404358835,41.50163766093903
r569_svd_normalised_tr050_tid3_010,r569,3,10,False,328,ellipse,203.92361111111111,129.35590277777777,21.333333333333307,2.605880063482238,5.414042108254695,5.017035899961448,-35.811293246734806,0.37587342085229514,1.0,21.11111111111111,False,ellipse,360.0,1.0,True,True,8.338816203143162,218.45333333333312,216.1777777777778,17.324934746415025,16.054514879876635
r569_svd_normalised_tr050_tid3_010,r569,3,10,False,329,circle,320.74143579668805,239.81817034619513,13.783098674783515,2.094587446355558,4.1891748927111445,4.189174892711087,,1.6593230851978128e-07,1.0,13.777777777777779,False,circle,360.0,1.0,True,True,6.702679828337786,141.13893042978322,141.08444444444447,13.405359656675664,13.40535965667548
r569_svd_normalised_tr050_tid3_010,r569,3,10,False,330,ellipse,121.56326034063258,164.58515815085158,30.444444444444365,3.1129997825312845,6.59438046254102,5.878197475009302,81.85978007755773,0.45322735395865543,1.0,30.333333333333332,False,ellipse,360.0,1.0,True,True,9.961599304100112,311.75111111111033,310.6133333333334,21.102017480131266,18.810231920029768
r569_svd_normalised_tr050_tid3_010,r569,3,10,False,331,ellipse,250.4294294294294,103.51051051051053,12.333333333333385,1.9813687010751184,4.1673366258168745,3.768183165506164,-88.57430127962544,0.4270699910232401,1.0,12.333333333333334,False,ellipse,360.0,1.0,True,True,6.340379843440379,126.29333333333389,126.29333333333336,13.335477202614,12.058186129619726
r569_svd_normalised_tr050_tid3_010,r569,3,10,False,332,circle,171.80076681439937,197.58646301995086,20.304167457217474,2.5422464932345803,5.084492986469161,5.084492986469161,,0.0,1.0,20.11111111111111,False,circle,360.0,1.0,True,True,8.135188778350658,207.91467476190698,205.93777777777782,16.270377556701316,16.270377556701316
r569_svd_normalised_tr050_tid3_010,r569,3,10,False,333,circle,368.6374458874459,197.94264069264068,34.2222222222221,3.300495668912763,6.60099133782555,6.600991337825503,,1.1920928955078125e-07,1.0,33.888888888888886,False,circle,360.0,1.0,True,True,10.561586140520843,350.4355555555544,347.02222222222224,21.12317228104176,21.12317228104161
r569_svd_normalised_tr050_tid3_010,r569,3,10,False,334,circle,342.934472934473,70.09686609686611,12.999999999999897,2.0342144725641016,4.068428945128223,4.068428945128184,,1.3898877878619456e-07,1.0,13.0,False,circle,360.0,1.0,True,True,6.509486312205126,133.11999999999898,133.12000000000003,13.018972624410313,13.018972624410189
r569_svd_normalised_tr050_tid3_010,r569,3,10,False,335,ellipse,364.9018088607568,89.6812530290229,14.026101835393284,2.112971102222246,4.455795338714172,4.007946092169194,88.67590262332743,0.436940078801485,1.0,13.88888888888889,False,ellipse,360.0,1.0,True,True,6.761507527111188,143.62728279442726,142.22222222222226,14.258545083885352,12.82542749494142
r569_svd_normalised_tr050_tid3_010,r569,3,10,False,336,circle,173.18604431748156,210.24939558509723,65.41274137609749,4.563060624448828,9.126121248897656,9.126121248897656,,0.0,1.0,65.44444444444444,False,circle,360.0,1.0,True,True,14.60179399823625,669.8264716912383,670.1511111111113,29.2035879964725,29.2035879964725
r569_svd_normalised_tr050_tid3_010,r569,3,10,False,337,ellipse,222.60795454545453,135.0757575757576,19.55555555555548,2.494940212339699,5.245378122685996,4.7468277920541375,-78.38956404827132,0.4255086482547479,1.0,19.333333333333332,False,ellipse,360.0,1.0,True,True,7.983808679487037,200.24888888888813,197.97333333333336,16.78520999259519,15.189848934573241
r569_svd_normalised_tr050_tid3_010,r569,3,10,False,338,ellipse,359.75980637038583,175.84954467619443,42.35246852037424,3.671676651656965,7.755414598288933,6.9531856812902015,82.20780830473473,0.4429246077972384,1.0,41.77777777777778,False,ellipse,360.0,1.0,True,True,11.74936528530229,433.6892776486323,427.8044444444445,24.817326714524587,22.250194180128645
r569_svd_normalised_tr050_tid3_010,r569,3,10,False,339,circle,249.52770252316276,249.02326067076763,46.8360939971622,3.8611386597129638,7.7222773194259275,7.7222773194259275,,0.0,1.0,26.77777777777778,True,circle,195.0,0.5416666666666666,True,True,12.355643711081484,479.601602530941,274.2044444444445,24.711287422162968,24.711287422162968
r569_svd_normalised_tr050_tid3_010,r569,3,10,False,340,circle,263.0546172779517,117.28592910461293,25.875592313297417,2.8699227941155265,5.739845588231093,5.739845588231012,,1.6792755826688772e-07,1.0,25.77777777777778,False,circle,360.0,1.0,True,True,9.183752941169685,264.9660652881656,263.9644444444445,18.367505882339497,18.36750588233924
r569_svd_normalised_tr050_tid3_010,r569,3,10,False,341,ellipse,225.99507389162562,104.07717569786533,45.111111111111164,3.7893683699796368,8.56286445666319,6.707714557937881,-53.96242919343945,0.6215816517622261,1.0,44.888888888888886,False,ellipse,360.0,1.0,True,True,12.125978783934839,461.9377777777784,459.6622222222223,27.40116626132221,21.46468658540122
r569_svd_normalised_tr050_tid3_010,r569,3,10,False,342,circle,392.0337876232062,190.44255093676196,13.831942487552894,2.098295508004938,4.196591016009904,4.196591016009847,,1.645887049613485e-07,1.0,13.88888888888889,False,circle,360.0,1.0,True,True,6.714545625615802,141.63909107254165,142.22222222222226,13.429091251231695,13.429091251231512
r569_svd_normalised_tr050_tid3_010,r569,3,10,False,343,ellipse,297.969683765552,248.21093142773378,14.764283839494686,2.1678601219946674,5.262425551160703,3.5722063621389686,85.4969092639717,0.7343105688820394,1.0,13.333333333333334,True,ellipse,272.0,0.7555555555555555,True,True,6.937152390382936,151.1862665164256,136.53333333333336,16.83976176371425,11.4310603588447
r569_svd_normalised_tr050_tid3_010,r569,3,10,False,344,ellipse,238.42018779342726,109.1173708920188,15.777777777777734,2.2410316036766575,4.825828188753727,4.162786118562223,5.639562154289564,0.5058771458596013,1.0,15.777777777777779,False,ellipse,360.0,1.0,True,True,7.171301131765304,161.56444444444404,161.5644444444445,15.442650204011926,13.320915579399113
r569_svd_normalised_tr050_tid3_010,r569,3,10,False,345,circle,269.7575386934849,141.83424306140716,21.184990793164964,2.5968041913430806,5.193608382686202,5.193608382686121,,1.7631291696726132e-07,1.0,21.555555555555557,False,circle,360.0,1.0,True,True,8.309773412297858,216.93430572200927,220.72888888888895,16.619546824595847,16.619546824595588
r569_svd_normalised_tr050_tid3_010,r569,3,10,False,346,circle,126.49824787524648,38.97918994131477,16.345463413746046,2.2809915823717586,4.561983164743524,4.56198316474351,,7.884953353001448e-08,1.0,16.666666666666668,False,circle,360.0,1.0,True,True,7.2991730635896275,167.37754535675955,170.6666666666667,14.598346127179278,14.598346127179234
r569_svd_normalised_tr050_tid3_010,r569,3,10,False,347,ellipse,311.4877344877345,188.46897546897551,25.666666666666686,2.8583130943589725,6.242644683759911,5.234931128877415,-79.86828500142923,0.5447848460610694,1.0,25.77777777777778,False,ellipse,360.0,1.0,True,True,9.146601901948712,262.82666666666694,263.9644444444445,19.976462988031717,16.751779612407727
r569_svd_normalised_tr050_tid3_010,r569,3,10,False,348,ellipse,234.51149425287355,213.4568965517241,12.888888888888896,2.0255025932488335,4.267820726026529,3.845204396931125,-89.24995989060818,0.4338687583192589,1.0,12.666666666666666,False,ellipse,360.0,1.0,True,True,6.481608298396267,131.98222222222233,129.70666666666668,13.657026323284894,12.304654070179602
r569_svd_normalised_tr050_tid3_010,r569,3,10,False,349,ellipse,183.0632183908046,141.98946360153258,38.666666666666856,3.508273402369505,7.334589223071723,6.71229534003472,49.78800505511941,0.4030992375635941,1.0,38.888888888888886,False,ellipse,360.0,1.0,True,True,11.226474887582416,395.9466666666687,398.2222222222223,23.470685513829515,21.479345088111103
r569_svd_normalised_tr050_tid3_010,r569,3,10,False,350,circle,312.3921568627451,130.05882352941174,13.222222222222234,2.051527248332897,4.1030544966657985,4.103054496665789,,6.828569911354542e-08,1.0,13.0,False,circle,360.0,1.0,True,True,6.564887194665271,135.3955555555557,133.12000000000003,13.129774389330557,13.129774389330525
r569_svd_normalised_tr050_tid3_010,r569,3,10,False,351,circle,219.6354536730709,212.85527834257596,28.10461249187584,2.990982447880385,5.98196489576077,5.98196489576077,,0.0,1.0,28.11111111111111,False,circle,360.0,1.0,True,True,9.571143833217233,287.79123191680867,287.8577777777778,19.142287666434466,19.142287666434466
r569_svd_normalised_tr050_tid3_010,r569,3,10,False,352,ellipse,386.2997281683556,149.9174527426111,13.916381262274355,2.1046904132638575,4.543548041494414,3.8997908200638833,-1.9357330105359551,0.5131248436980289,1.0,13.777777777777779,False,ellipse,360.0,1.0,True,True,6.735009322444345,142.50374412568942,141.08444444444447,14.539353732782125,12.479330624204428
r569_svd_normalised_tr050_tid3_010,r569,3,10,False,353,ellipse,299.9684418145957,131.24063116370806,18.77777777777778,2.444821528706944,5.1179098609286715,4.671557311206238,21.427512589193526,0.4084377777052251,1.0,18.77777777777778,False,ellipse,360.0,1.0,True,True,7.823428891862221,192.2844444444445,192.2844444444445,16.37731155497175,14.948983395859962
r569_svd_normalised_tr050_tid3_010,r569,3,10,False,354,circle,172.64816468098616,70.46496085408404,10.844889443470425,1.8579654260579943,3.715930852116003,3.7159308521159744,,1.2377834115800373e-07,1.0,10.88888888888889,False,circle,360.0,1.0,True,True,5.945489363385582,111.05166790113718,111.50222222222224,11.890978726771209,11.890978726771118
r569_svd_normalised_tr050_tid3_010,r569,3,10,False,355,ellipse,198.5525824186696,191.98719934834548,67.52362565515222,4.636101551628091,9.95972088135667,8.632144556276218,-42.59893611608837,0.4988202383958874,1.0,67.33333333333333,False,ellipse,360.0,1.0,True,True,14.835524965209892,691.4419267087588,689.4933333333335,31.871106820341346,27.6228625800839
r569_svd_normalised_tr050_tid3_010,r569,3,10,False,356,circle,320.04772926084985,98.18653631434842,13.04544780988436,2.0377671622589446,4.075534324517889,4.075534324517889,,0.0,1.0,13.0,False,circle,360.0,1.0,True,True,6.520854919228623,133.58538557321586,133.12000000000003,13.041709838457246,13.041709838457246
r569_svd_normalised_tr050_tid3_010,r569,3,10,False,357,ellipse,186.16244725738397,108.02742616033757,17.555555555555625,2.3639176996634474,5.01968940850598,4.4529503210401415,-9.20927557983157,0.4615834695096836,1.0,17.666666666666668,False,ellipse,360.0,1.0,True,True,7.564536638923032,179.76888888888962,180.90666666666672,16.063006107219135,14.249441027328453
r569_svd_normalised_tr050_tid3_010,r569,3,10,False,358,circle,198.63874345549738,123.25828970331585,21.222222222222175,2.5990850582700546,5.198170116540109,5.198170116540109,,0.0,1.0,21.0,False,circle,360.0,1.0,True,True,8.317072186464175,217.3155555555551,215.04000000000005,16.63414437292835,16.63414437292835
r569_svd_normalised_tr050_tid3_010,r569,3,10,False,359,ellipse,259.8585704597242,132.99662913507686,55.69309975353076,4.210423285581733,9.316846091287928,7.6110151740494265,56.97141962382693,0.5767666161269185,1.0,55.666666666666664,False,ellipse,360.0,1.0,True,True,13.473354513861546,570.2973414761551,570.0266666666668,29.813907492121373,24.355248556958166
r569_svd_normalised_tr050_tid3_010,r569,3,10,False,360,ellipse,186.60470241155008,122.59655395137968,35.44872338991234,3.3591187992691887,7.025808433705939,6.424131380224277,69.99254521427918,0.4048979619891165,1.0,35.22222222222222,False,ellipse,360.0,1.0,True,True,10.749180157661405,362.9949275127024,360.6755555555556,22.48258698785901,20.557220416717687
r569_svd_normalised_tr050_tid3_010,r569,3,10,False,361,ellipse,248.03984755015819,223.84109941206387,46.893928612484835,3.863521849213597,8.25326333719331,7.2343752862377535,-78.42516753044407,0.48131581894076136,1.0,47.333333333333336,False,ellipse,360.0,1.0,True,True,12.363269917483512,480.1938289918448,484.69333333333344,26.410442679018594,23.150000915960813
r569_svd_normalised_tr050_tid3_010,r569,3,10,False,362,ellipse,183.25388888888887,209.725,66.66666666666666,4.606588659617806,9.71306461887723,8.739016947412155,40.41842926277644,0.4364721230706467,1.0,66.55555555555556,False,ellipse,360.0,1.0,True,True,14.74108371077698,682.6666666666667,681.528888888889,31.081806780407135,27.9648542317189
r569_svd_normalised_tr050_tid3_010,r569,3,10,False,363,circle,223.07778549862155,88.32606523669736,55.55684944658618,4.205269839626565,8.410539679253144,8.410539679253118,,8.024520884654677e-08,1.0,55.55555555555556,False,circle,360.0,1.0,True,True,13.456863486805009,568.9021383330426,568.888888888889,26.913726973610064,26.91372697360998
r569_svd_normalised_tr050_tid3_010,r569,3,10,False,364,ellipse,186.66014897579146,223.90782122905028,39.77777777777756,3.558322626897186,7.638996363841043,6.630012275969694,60.34387474378491,0.49670983105980687,1.0,40.0,False,ellipse,360.0,1.0,True,True,11.386632406070996,407.3244444444423,409.6000000000001,24.44478836429134,21.216039283103022
r569_svd_normalised_tr050_tid3_010,r569,3,10,False,365,ellipse,316.50477959378844,193.74929956810445,25.097328925393096,2.8264337801829065,5.884730563587167,5.4301401414642365,42.68031811228468,0.3853970226850084,1.0,24.88888888888889,False,ellipse,360.0,1.0,True,True,9.0445880965853,256.9966481960254,254.86222222222227,18.831137803478935,17.37644845268556
r569_svd_normalised_tr050_tid3_010,r569,3,10,False,366,ellipse,288.9922480620155,135.91860465116284,9.555555555555484,1.744026318984824,3.659553306191151,3.3245891471683136,78.96204149237559,0.41795318296899153,1.0,9.666666666666666,False,ellipse,360.0,1.0,True,True,5.580884220751437,97.84888888888818,98.98666666666668,11.710570579811684,10.638685270938604
r569_svd_normalised_tr050_tid3_010,r569,3,10,False,367,circle,369.024723765178,186.212973597603,19.499780543310866,2.4913797232357373,4.982759446471514,4.982759446471435,,1.781919709310144e-07,1.0,19.444444444444443,False,circle,360.0,1.0,True,True,7.97241511435436,199.6777527635033,199.11111111111114,15.944830228708845,15.944830228708591
r569_svd_normalised_tr050_tid3_010,r569,3,10,False,368,circle,213.96764346764346,217.76373626373626,60.66666666666697,4.39440550721218,8.788811014424368,8.788811014424349,,6.664001874625056e-08,1.0,60.44444444444444,False,circle,360.0,1.0,True,True,14.062097623078976,621.2266666666699,618.9511111111112,28.12419524615798,28.124195246157917
r569_svd_normalised_tr050_tid3_010,r569,3,10,False,369,circle,347.6413181242078,159.7173637515843,29.222222222222214,3.049872493989379,6.099744987978785,6.099744987978729,,1.3575603930867164e-07,1.0,29.22222222222222,False,circle,360.0,1.0,True,True,9.759591980766013,299.23555555555555,299.2355555555556,19.519183961532114,19.519183961531937
r569_svd_normalised_tr050_tid3_010,r569,3,10,False,370,ellipse,341.77054263565896,176.54263565891475,23.888888888889095,2.7575477336357226,5.7454632450284455,5.293964423049312,-83.38290584153395,0.3885765062705842,1.0,24.0,False,ellipse,360.0,1.0,True,True,8.824152747634313,244.6222222222244,245.76000000000005,18.385482384091027,16.9406861537578
r569_svd_normalised_tr050_tid3_010,r569,3,10,False,371,circle,361.41568627450977,105.7686274509804,18.88888888888894,2.4520440600365454,4.904088120073094,4.904088120073088,,4.9421560620597e-08,1.0,18.88888888888889,False,circle,360.0,1.0,True,True,7.846540992116946,193.42222222222279,193.42222222222227,15.693081984233903,15.693081984233883
r569_svd_normalised_tr050_tid3_010,r569,3,10,False,372,circle,182.88860468750713,229.30034551614304,40.31361987735199,3.5822093398929824,7.164418679785965,7.164418679785964,,1.4901161193847656e-08,1.0,40.333333333333336,False,circle,360.0,1.0,True,True,11.463069887657545,412.81146754408445,413.01333333333343,22.92613977531509,22.926139775315086
r569_svd_normalised_tr050_tid3_010,r569,3,10,False,373,circle,252.01716738197425,137.47925608011442,25.888888888889074,2.870660076645628,5.741320153291257,5.741320153291256,,1.4901161193847656e-08,1.0,25.77777777777778,False,circle,360.0,1.0,True,True,9.18611224526601,265.10222222222416,263.9644444444445,18.372224490532023,18.37222449053202
r569_svd_normalised_tr050_tid3_010,r569,3,10,False,374,ellipse,317.7426324099078,225.14211172347856,11.621065529778779,1.9233044600682068,4.071732761495952,3.633932050844328,88.7423283852466,0.4510908538608243,1.0,11.444444444444445,False,ellipse,360.0,1.0,True,True,6.154574272218262,118.99971102493471,117.19111111111114,13.029544836787048,11.628582562701851
r569_svd_normalised_tr050_tid3_010,r569,3,10,False,375,circle,226.57209067496697,106.2087809000123,108.1132791410848,5.866304252112662,11.732608504225334,11.732608504225313,,5.960464477539063e-08,1.0,108.0,False,circle,360.0,1.0,True,True,18.772173606760518,1107.0799784047085,1105.9200000000003,37.54434721352107,37.544347213521
r569_svd_normalised_tr050_tid3_010,r569,3,10,False,376,circle,287.5136612021858,169.75800156128025,47.44444444444441,3.8861337742239757,7.772267548447991,7.7722675484479105,,1.444721179430583e-07,1.0,47.44444444444444,False,circle,360.0,1.0,True,True,12.435628077516723,485.83111111111083,485.83111111111117,24.871256155033574,24.871256155033315
r569_svd_normalised_tr050_tid3_010,r569,3,10,False,377,ellipse,183.060400511727,97.49005750993784,16.561189836151637,2.295994436363812,4.8967934811297384,4.306157057370833,86.17251691381864,0.47611500481253877,1.0,16.11111111111111,False,ellipse,360.0,1.0,True,True,7.347182196364199,169.5865839221928,164.97777777777782,15.669739139615164,13.779702583586667
r569_svd_normalised_tr050_tid3_010,r569,3,10,False,378,ellipse,178.97586726998497,122.33484162895928,24.555555555555543,2.79576037851398,5.955697568762086,5.249612495480207,-73.60567175821063,0.4722889867347513,1.0,24.11111111111111,False,ellipse,360.0,1.0,True,True,8.946433211244736,251.4488888888888,246.89777777777783,19.058232220038676,16.798759985536662
r569_svd_normalised_tr050_tid3_010,r569,3,10,False,379,circle,345.5208270802439,153.000648187196,17.036541080739756,2.328711972824408,4.657423945648816,4.657423945648816,,0.0,1.0,17.11111111111111,False,circle,360.0,1.0,True,True,7.451878313038105,174.45418066677513,175.2177777777778,14.90375662607621,14.90375662607621
r569_svd_normalised_tr050_tid3_010,r569,3,10,False,380,ellipse,171.76211782252048,147.6428038777032,49.66666666666673,3.9761024903534565,8.284001584942924,7.6336977252782034,-88.77576469268729,0.3883811476723736,1.0,49.77777777777778,False,ellipse,360.0,1.0,True,True,12.723527969131062,508.5866666666674,509.72444444444454,26.50880507181736,24.42783272089025
r569_svd_normalised_tr050_tid3_010,r569,3,10,False,381,circle,179.81052853162078,171.48376745945723,65.7799813342375,4.575851655339475,9.15170331067895,9.15170331067895,,0.0,1.0,66.44444444444444,False,circle,360.0,1.0,True,True,14.642725297086322,673.5870088625921,680.3911111111112,29.285450594172644,29.285450594172644
r569_svd_normalised_tr050_tid3_010,r569,3,10,False,382,ellipse,179.70833333333334,190.75757575757578,9.777777777777759,1.7641891428004075,3.698224685951217,3.3663323306429214,-77.39117000474408,0.41404524230889284,1.0,9.777777777777779,False,ellipse,360.0,1.0,True,True,5.645405256961304,100.12444444444426,100.12444444444448,11.834318995043894,10.772263458057349
r569_svd_normalised_tr050_tid3_010,r569,3,10,False,383,ellipse,230.61891073401023,165.03417526868165,312.46829451638445,9.973051050884756,22.785520531791967,17.460517897719733,-54.03863274160034,0.6424843122492488,1.0,313.0,False,ellipse,360.0,1.0,True,True,31.91376336283122,3199.675335847777,3205.120000000001,72.9136657017343,55.87365727270315
r569_svd_normalised_tr050_tid3_010,r569,3,10,False,384,ellipse,194.22977346278319,122.73462783171522,11.44444444444441,1.9086329685269023,4.017526403066181,3.626987796040435,-8.813074681143917,0.4300789558550185,1.0,11.222222222222221,False,ellipse,360.0,1.0,True,True,6.107625499286088,117.19111111111077,114.91555555555557,12.856084489811778,11.606360947329392
r569_svd_normalised_tr050_tid3_010,r569,3,10,False,385,circle,316.4645141453667,229.45856296468688,9.166264527476393,1.70813132354381,3.4162626470876485,3.416262647087592,,1.8189185285171422e-07,1.0,9.333333333333334,False,circle,360.0,1.0,True,True,5.466020235340192,93.86254876135828,95.57333333333335,10.932040470680477,10.932040470680295
r569_svd_normalised_tr050_tid3_010,r569,3,10,False,386,circle,307.8852444172949,248.00444093145683,16.027459318822324,2.2586940367366424,4.517388073473285,4.517388073473285,,0.0,1.0,14.333333333333334,True,circle,263.0,0.7305555555555555,True,True,7.227820917557256,164.12118342474062,146.77333333333337,14.455641835114513,14.455641835114513
r569_svd_normalised_tr050_tid3_010,r569,3,10,False,387,ellipse,325.18515797207937,129.5099191770757,151.22222222222248,6.937977251621365,14.593548748711335,13.193645815111584,-75.72409408811006,0.427376265335901,1.0,151.66666666666666,False,ellipse,360.0,1.0,True,True,22.20152720518837,1548.5155555555586,1553.0666666666668,46.699355995876275,42.21966660835707
r569_svd_normalised_tr050_tid3_010,r569,3,10,False,388,circle,249.71156462585034,150.94285714285715,27.222222222222378,2.9436546090235285,5.887309218047057,5.887309218047057,,0.0,1.0,27.11111111111111,False,circle,360.0,1.0,True,True,9.419694748875292,278.7555555555572,277.6177777777778,18.839389497750584,18.839389497750584
r569_svd_normalised_tr050_tid3_010,r569,3,10,False,389,circle,99.65581947979044,153.87908504997407,14.727588622644445,2.1651644413844515,4.3303288827689235,4.330328882768883,,1.3738191809196602e-07,1.0,14.777777777777779,False,circle,360.0,1.0,True,True,6.928526212430246,150.81050749587914,151.32444444444448,13.857052424860555,13.857052424860425
r569_svd_normalised_tr050_tid3_010,r569,3,10,False,390,circle,198.164547943216,151.95189410815053,27.57483031208887,2.962657776081866,5.925315552163733,5.925315552163732,,1.4901161193847656e-08,1.0,27.555555555555557,False,circle,360.0,1.0,True,True,9.480504883461972,282.3662623957901,282.16888888888894,18.961009766923947,18.961009766923944
r569_svd_normalised_tr050_tid3_010,r569,3,10,False,391,circle,181.74709562109024,165.89740840035748,207.22222222222277,8.1216304994938,16.2432609989876,16.243260998987598,,2.1073424255447017e-08,1.0,207.33333333333334,False,circle,360.0,1.0,True,True,25.989217598380165,2121.9555555555617,2123.0933333333337,51.97843519676033,51.978435196760316
r569_svd_normalised_tr050_tid3_010,r569,3,10,False,392,circle,204.51577588330875,241.7665396174076,20.73989988397275,2.5693803088547593,5.1387606177095195,5.138760617709519,,2.1073424255447017e-08,1.0,20.666666666666668,False,circle,360.0,1.0,True,True,8.22201698833523,212.376574811881,211.62666666666672,16.444033976670465,16.44403397667046
r569_svd_normalised_tr050_tid3_010,r569,3,10,False,393,ellipse,175.8990990990991,177.29849849849847,61.666666666666835,4.4304751040944215,9.316080854446055,8.428054652888754,86.0112999715509,0.42609561374994676,1.0,61.77777777777778,False,ellipse,360.0,1.0,True,True,14.17752033310215,631.4666666666685,632.6044444444445,29.811458734227376,26.969774889244015
r569_svd_normalised_tr050_tid3_010,r569,3,10,False,394,ellipse,251.9074074074074,241.7195767195767,41.99999999999991,3.6563663957157218,7.957993594296872,6.719791897947813,81.13988229573934,0.5357009053213385,1.0,42.0,False,ellipse,360.0,1.0,True,True,11.700372466290311,430.07999999999913,430.0800000000001,25.465579501749993,21.503334073433003
r569_svd_normalised_tr050_tid3_010,r569,3,10,False,395,ellipse,194.5980271270037,160.088368269626,90.1111111111112,5.35567526290315,11.168963734683166,10.272486580864125,75.3804273071845,0.3925399034909283,1.0,89.88888888888889,False,ellipse,360.0,1.0,True,True,17.13816084129008,922.7377777777789,920.4622222222224,35.74068395098613,32.871957058765204
r569_svd_normalised_tr050_tid3_010,r569,3,10,False,396,circle,240.14415742510965,247.3833063107803,23.080053611391488,2.7104629195319774,5.420925839063955,5.420925839063955,,0.0,1.0,21.555555555555557,True,circle,283.0,0.7861111111111111,True,True,8.673481342502328,236.3397489806489,220.72888888888895,17.346962685004655,17.346962685004655
r569_svd_normalised_tr050_tid3_010,r569,3,10,False,397,ellipse,267.25585809709725,205.6352316869521,30.752383369193865,3.1287038290845612,6.633478797020961,5.902657082147881,-63.80056574022956,0.4562955376555801,1.0,30.666666666666668,False,ellipse,360.0,1.0,True,True,10.011852253070597,314.9044057005452,314.02666666666676,21.227132150467078,18.88850266287322
r569_svd_normalised_tr050_tid3_010,r569,3,10,False,398,circle,195.44365361803082,71.71293001186241,31.222222222222282,3.1525136005988292,6.305027201197667,6.30502720119765,,7.450580596923828e-08,1.0,31.11111111111111,False,circle,360.0,1.0,True,True,10.088043521916255,319.71555555555625,318.57777777777784,20.17608704383254,20.17608704383248
r569_svd_normalised_tr050_tid3_010,r569,3,10,False,399,ellipse,176.19626168224298,184.70404984423675,11.888888888888827,1.9453408105198267,4.1252298674321475,3.669469087238622,-70.42849943310696,0.4568987761890706,1.0,12.0,False,ellipse,360.0,1.0,True,True,6.225090593663445,121.74222222222161,122.88000000000002,13.200735575782872,11.74230107916359
r569_svd_normalised_tr050_tid3_010,r569,3,10,False,400,circle,171.77280265339965,82.56053067993365,22.333333333333414,2.666255950098943,5.3325119001979,5.332511900197872,,1.021572142899192e-07,1.0,22.333333333333332,False,circle,360.0,1.0,True,True,8.532019040316618,228.6933333333342,228.69333333333336,17.064038080633278,17.064038080633193
r569_svd_normalised_tr050_tid4_010,r569,4,10,False,0,circle,389.801048836447,169.93903638151426,113.00000000000038,5.997417539138697,11.994835078277395,11.994835078277394,,1.4901161193847656e-08,1.0,112.88888888888889,False,circle,360.0,1.0,True,True,19.191736125243832,1157.1200000000042,1155.9822222222224,38.383472250487664,38.383472250487664
r569_svd_normalised_tr050_tid4_010,r569,4,10,False,1,circle,340.5731414868105,99.4232613908873,61.77777777777766,4.4344647267885575,8.868929453577119,8.868929453577113,,3.332000937312528e-08,1.0,61.77777777777778,False,circle,360.0,1.0,True,True,14.190287125723385,632.6044444444433,632.6044444444445,28.38057425144678,28.380574251446763
r569_svd_normalised_tr050_tid4_010,r569,4,10,False,2,ellipse,160.91459074733095,83.854883353104,187.3333333333333,7.722049728651289,16.05030188693081,14.860792633518766,48.594760248198924,0.3777964725222604,1.0,187.66666666666666,False,ellipse,360.0,1.0,True,True,24.710559131684125,1918.2933333333333,1921.706666666667,51.360966038178596,47.554536427260054
r569_svd_normalised_tr050_tid4_010,r569,4,10,False,3,circle,258.73542626886433,137.49071511850664,185.39096273322482,7.681912278014907,15.363824556029815,15.36382455602981,,2.5809568279517847e-08,1.0,185.44444444444446,False,circle,360.0,1.0,True,True,24.582119289647704,1898.4034583882226,1898.9511111111117,49.164238579295414,49.16423857929539
r569_svd_normalised_tr050_tid4_010,r569,4,10,False,4,ellipse,175.54981951494435,231.97515638682813,44.4645751725516,3.7621156099175774,7.999156825133003,7.077502877761206,85.97000058859925,0.46600684792059066,1.0,44.55555555555556,False,ellipse,360.0,1.0,True,True,12.03876995173625,455.31724976692846,456.248888888889,25.59730184042561,22.64800920883586
r569_svd_normalised_tr050_tid4_010,r569,4,10,False,5,ellipse,362.55012169283475,188.00509175657254,291.8582562006921,9.638535589654785,20.17199685878469,18.421848657503503,85.23342348553476,0.4074248817705247,1.0,291.8888888888889,False,ellipse,360.0,1.0,True,True,30.843313886895313,2988.628543495088,2988.942222222223,64.55038994811102,58.94991570401121
r569_svd_normalised_tr050_tid4_010,r569,4,10,False,6,circle,320.03125,78.15625,17.777777777777956,2.3788321548703735,4.757664309740764,4.75766430974073,,1.1920928955078125e-07,1.0,17.88888888888889,False,circle,360.0,1.0,True,True,7.612262895585196,182.0444444444463,183.18222222222226,15.224525791170445,15.224525791170336
r569_svd_normalised_tr050_tid4_010,r569,4,10,False,7,ellipse,379.7193757361602,182.51531213191993,251.5555555555557,8.948330584963275,19.882564141875676,16.109113429518715,84.57840686167847,0.5861354564634235,1.0,251.0,False,ellipse,360.0,1.0,True,True,28.63465787188248,2575.928888888891,2570.2400000000007,63.62420525400216,51.54916297445989
r569_svd_normalised_tr050_tid4_010,r569,4,10,False,8,circle,303.8199881376038,123.69602609727167,124.88888888888879,6.30502720119765,12.610054402395308,12.610054402395292,,4.9421560620597e-08,1.0,125.0,False,circle,360.0,1.0,True,True,20.17608704383248,1278.8622222222214,1280.0000000000002,40.35217408766499,40.352174087664935
r569_svd_normalised_tr050_tid4_010,r569,4,10,False,9,ellipse,292.6466951973371,179.95114122681883,311.55555555555566,9.95847445288768,21.474036498104432,18.472766112243626,-88.73330171966873,0.5098939821318064,1.0,311.8888888888889,False,ellipse,360.0,1.0,True,True,31.867118249240576,3190.3288888888906,3193.742222222223,68.71691679393419,59.1128515591796
r569_svd_normalised_tr050_tid4_010,r569,4,10,False,10,circle,164.824484863415,87.15901509456693,39.90833361505836,3.564157281994437,7.128314563988875,7.128314563988874,,1.4901161193847656e-08,1.0,40.22222222222222,False,circle,360.0,1.0,True,True,11.4053033023822,408.6613362181977,411.87555555555565,22.810606604764402,22.8106066047644
r569_svd_normalised_tr050_tid4_010,r569,4,10,False,11,circle,191.15800290458688,224.86142254174322,225.44443891002564,8.471197889921992,16.942395779843984,16.942395779843984,,0.0,1.0,224.33333333333334,False,circle,360.0,1.0,True,True,27.107833247750378,2308.551054438663,2297.173333333334,54.215666495500756,54.215666495500756
r569_svd_normalised_tr050_tid4_010,r569,4,10,False,12,circle,351.42784877529283,106.31682641107562,139.11111111111103,6.654355111104187,13.308710222208392,13.308710222208356,,7.300048299977713e-08,1.0,138.66666666666666,False,circle,360.0,1.0,True,True,21.2939363555334,1424.4977777777772,1419.946666666667,42.58787271106686,42.587872711066744
r569_svd_normalised_tr050_tid4_010,r569,4,10,False,13,ellipse,226.05781169088903,163.60331864195874,446.2708537554897,11.918574774949102,27.37360084381479,20.75757960767526,88.70426033990361,0.6518981847083477,1.0,445.44444444444446,False,ellipse,360.0,1.0,True,True,38.13943927983713,4569.813542456216,4561.351111111112,87.59552270020733,66.42425474456084
r569_svd_normalised_tr050_tid4_010,r569,4,10,False,14,ellipse,329.3419509783146,168.60365896729533,524.3333333333331,12.918997006567531,27.58248210683402,24.203838220106878,88.5121410804839,0.47956269381292166,1.0,525.0,False,ellipse,360.0,1.0,True,True,41.3407904210161,5369.173333333332,5376.000000000001,88.26394274186887,77.45228230434202
r569_svd_normalised_tr050_tid4_010,r569,4,10,False,15,circle,350.21253822629967,90.94699286442405,72.66666666666674,4.809419756688134,9.618839513376294,9.61883951337624,,1.0536712127723508e-07,1.0,72.66666666666667,False,circle,360.0,1.0,True,True,15.390143221402028,744.1066666666676,744.1066666666669,30.78028644280414,30.78028644280397
r569_svd_normalised_tr050_tid4_010,r569,4,10,False,16,circle,330.1661918328585,224.60351377018037,78.0000000000002,4.982787485166885,9.965574970333805,9.965574970333737,,1.1638178938488147e-07,1.0,78.44444444444444,False,circle,360.0,1.0,True,True,15.944919952534034,798.7200000000022,803.2711111111113,31.889839905068175,31.88983990506796
r569_svd_normalised_tr050_tid4_010,r569,4,10,False,17,circle,211.0611854282297,192.66430116216162,27.967768995487013,2.9836919019510075,5.967383803902015,5.967383803902015,,0.0,1.0,27.555555555555557,False,circle,360.0,1.0,True,True,9.547814086243225,286.3899545137871,282.16888888888894,19.09562817248645,19.09562817248645
r569_svd_normalised_tr050_tid4_010,r569,4,10,False,18,circle,144.12171819935392,159.74359198527264,143.73444464783907,6.764029473364528,13.528058946729056,13.528058946729056,,0.0,1.0,143.77777777777777,False,circle,360.0,1.0,True,True,21.64489431476649,1471.8407131938723,1472.2844444444447,43.28978862953298,43.28978862953298
r569_svd_normalised_tr050_tid4_010,r569,4,10,False,19,circle,321.30026311162084,68.31641378627042,28.410445311569973,3.0072122661289886,6.0144245322580066,6.014424532257948,,1.3978528260658472e-07,1.0,28.11111111111111,False,circle,360.0,1.0,True,True,9.623079251612765,290.92295999047656,287.8577777777778,19.246158503225622,19.246158503225434
r569_svd_normalised_tr050_tid4_010,r569,4,10,False,20,ellipse,343.13395501433655,224.25640528603589,44.22951333644159,3.752158226419453,7.88906913894066,7.138328291024537,-84.78148461786532,0.4257563629733359,1.0,44.22222222222222,False,ellipse,360.0,1.0,True,True,12.00690632454225,452.910216565162,452.83555555555563,25.245021244610115,22.842650531278522
r569_svd_normalised_tr050_tid4_010,r569,4,10,False,21,circle,313.5895765920959,86.6116382416241,211.29577450089536,8.201069072535354,16.402138145070715,16.402138145070705,,3.650024149988857e-08,1.0,211.44444444444446,False,circle,360.0,1.0,True,True,26.243421032113133,2163.6687308891687,2165.1911111111117,52.486842064226295,52.48684206422626
r569_svd_normalised_tr050_tid4_010,r569,4,10,False,22,circle,347.27332363859995,123.57658575618281,171.92126272243846,7.397583224929137,14.795166449858288,14.79516644985826,,6.143906154658885e-08,1.0,171.55555555555554,False,circle,360.0,1.0,True,True,23.67226631977324,1760.47373027777,1756.728888888889,47.34453263954652,47.34453263954643
r569_svd_normalised_tr050_tid4_010,r569,4,10,False,23,circle,315.4157429529628,147.34116905025732,82.55600808051001,5.126245559461158,10.252491118922352,10.252491118922283,,1.1638178938488147e-07,1.0,82.66666666666667,False,circle,360.0,1.0,True,True,16.40398579027571,845.3735227444226,846.5066666666669,32.80797158055153,32.8079715805513
r569_svd_normalised_tr050_tid4_010,r569,4,10,False,24,circle,282.52412502272983,141.18081480412354,158.2594701170253,7.097573805213818,14.195147610427655,14.195147610427615,,7.598131170262075e-08,1.0,158.0,False,circle,360.0,1.0,True,True,22.71223617668422,1620.5769739983393,1617.9200000000003,45.4244723533685,45.42447235336837
r569_svd_normalised_tr050_tid4_010,r569,4,10,False,25,ellipse,197.70567183750944,65.17192332458619,49.53996858685289,3.971027796733449,8.260783047679313,7.635625664741157,-87.00169071661358,0.3816128374576621,1.0,49.333333333333336,False,ellipse,360.0,1.0,True,True,12.707288949547037,507.2892783293737,505.17333333333346,26.434505752573802,24.434002127171706
r569_svd_normalised_tr050_tid4_010,r569,4,10,False,26,circle,303.6256038647343,138.77294685990336,15.333333333333409,2.2092423108730017,4.418484621746003,4.418484621746003,,0.0,1.0,15.222222222222221,False,circle,360.0,1.0,True,True,7.069575394793606,157.01333333333415,155.87555555555556,14.139150789587212,14.139150789587212
r569_svd_normalised_tr050_tid4_010,r569,4,10,False,27,circle,367.16035856573706,168.69654714475433,111.5555555555551,5.958962677518486,11.917925355037001,11.917925355036944,,9.771344846937061e-08,1.0,111.11111111111111,False,circle,360.0,1.0,True,True,19.068680568059158,1142.3288888888844,1137.777777777778,38.13736113611841,38.13736113611822
r569_svd_normalised_tr050_tid4_010,r569,4,10,False,28,ellipse,336.1446406277867,190.7959693240592,207.66666666666688,8.130335357833276,17.00522863790775,15.54871256090724,64.52773833446753,0.40492720263134413,1.0,207.88888888888889,False,ellipse,360.0,1.0,True,True,26.017073145066487,2126.5066666666694,2128.7822222222226,54.4167316413048,49.75588019490317
r569_svd_normalised_tr050_tid4_010,r569,4,10,False,29,ellipse,328.4637535740972,176.3481541287788,270.85333716927755,9.285219164179843,19.973968820808587,17.265531092055134,71.33588754819831,0.5028019808428473,1.0,271.22222222222223,False,ellipse,360.0,1.0,True,True,29.712701325375498,2773.538172613403,2777.3155555555563,63.91670022658748,55.24969949457643
r569_svd_normalised_tr050_tid4_010,r569,4,10,False,30,circle,350.64408341005367,153.21334818514194,79.03847567750705,5.015847704730236,10.031695409460482,10.031695409460463,,6.322027276634104e-08,1.0,78.77777777777777,False,circle,360.0,1.0,True,True,16.050712655136756,809.3539909376724,806.6844444444446,32.10142531027355,32.101425310273484
r569_svd_normalised_tr050_tid4_010,r569,4,10,False,31,ellipse,213.09914486149643,239.26708534929207,344.7506695301043,10.475569024158695,22.18644113747529,19.78461452198471,85.8938861451432,0.45254120509099593,1.0,344.22222222222223,False,ellipse,360.0,1.0,True,True,33.521820877307825,3530.2468559882686,3524.8355555555563,70.99661163992093,63.310766470351076
r569_svd_normalised_tr050_tid4_010,r569,4,10,False,32,ellipse,280.96007910023485,166.41577060931897,299.6666666666669,9.766619812388658,20.37584500243397,18.725478633813395,78.2223876131649,0.3942487124960858,1.0,299.6666666666667,False,ellipse,360.0,1.0,True,True,31.253183399643707,3068.5866666666698,3068.5866666666675,65.20270400778871,59.92153162820287
r569_svd_normalised_tr050_tid4_010,r569,4,10,False,33,ellipse,175.05496015388846,148.7419620774938,134.77777777777771,6.5498930605429475,13.78048276671654,12.452712965373319,-79.88446173265004,0.4282748394343804,1.0,134.66666666666666,False,ellipse,360.0,1.0,True,True,20.959657793737435,1380.124444444444,1378.986666666667,44.097544853492934,39.848681489194625
r569_svd_normalised_tr050_tid4_010,r569,4,10,False,34,circle,351.50543501863444,85.23188084462008,95.81296427043625,5.522518786917268,11.04503757383456,11.045037573834511,,9.30577218293905e-08,1.0,95.66666666666667,False,circle,360.0,1.0,True,True,17.67206011813526,981.1247541292674,979.6266666666669,35.34412023627059,35.344120236270435
r569_svd_normalised_tr050_tid4_010,r569,4,10,False,35,circle,344.52208835341366,135.6532797858099,27.666666666666494,2.9675871541963996,5.935174308392826,5.9351743083927735,,1.3328003749250113e-07,1.0,27.444444444444443,False,circle,360.0,1.0,True,True,9.49627889342848,283.30666666666497,281.03111111111116,18.992557786857045,18.992557786856874
r569_svd_normalised_tr050_tid4_010,r569,4,10,False,36,ellipse,356.7918634217217,170.40489163336963,305.8888888888881,9.867494991491416,21.180358976620795,18.388254422804422,75.24286266515043,0.49625847629925596,1.0,305.77777777777777,False,ellipse,360.0,1.0,True,True,31.575983972772534,3132.302222222215,3131.164444444445,67.77714872518655,58.84241415297416
r569_svd_normalised_tr050_tid4_010,r569,4,10,False,37,circle,330.76675006950234,69.1223241590214,133.22222222222214,6.511985134558217,13.023970269116436,13.023970269116434,,1.4901161193847656e-08,1.0,133.0,False,circle,360.0,1.0,True,True,20.838352430586298,1364.195555555555,1361.9200000000003,41.676704861172595,41.676704861172595
r569_svd_normalised_tr050_tid4_010,r569,4,10,False,38,circle,326.17783683412085,131.54253448447497,91.10160712057238,5.3850294515174015,10.770058903034803,10.770058903034803,,0.0,1.0,90.88888888888889,False,circle,360.0,1.0,True,True,17.232094244855684,932.8804569146614,930.7022222222224,34.46418848971137,34.46418848971137
r569_svd_normalised_tr050_tid4_010,r569,4,10,False,39,ellipse,191.0036548803222,48.18834735878472,264.5613850710107,9.176737130951253,19.234900211373763,17.512439044686875,-70.00863140634937,0.41361638212772567,1.0,264.55555555555554,False,ellipse,360.0,1.0,True,True,29.36555881904401,2709.1085831271503,2709.0488888888895,61.551680676396046,56.039804942998
r569_svd_normalised_tr050_tid4_010,r569,4,10,False,40,circle,342.55390962720116,208.16241011548894,184.11947424189196,7.6555240767798525,15.311048153559726,15.311048153559684,,7.450580596923828e-08,1.0,184.55555555555554,False,circle,360.0,1.0,True,True,24.49767704569553,1885.383416236974,1889.8488888888892,48.99535409139113,48.99535409139099
r569_svd_normalised_tr050_tid4_010,r569,4,10,False,41,circle,348.0302450084997,179.30517564585836,44.70637449649692,3.7723309740357958,7.544661948071617,7.544661948071566,,1.1733186057227569e-07,1.0,45.22222222222222,False,circle,360.0,1.0,True,True,12.071459116914546,457.7932748441286,463.07555555555564,24.142918233829178,24.14291823382901
r569_svd_normalised_tr050_tid4_010,r569,4,10,False,42,circle,337.777207977208,83.35612535612536,64.99999999999964,4.548641841467218,9.097283682934464,9.097283682934407,,1.1151007970493857e-07,1.0,64.77777777777777,False,circle,360.0,1.0,True,True,14.555653892695098,665.5999999999965,663.3244444444445,29.111307785390284,29.111307785390103
r569_svd_normalised_tr050_tid4_010,r569,4,10,False,43,ellipse,209.66603989834354,125.27728863098869,115.0651504676073,6.051972814633657,12.884473731414896,11.370701112847932,80.48127518242595,0.47029010702426244,1.0,115.22222222222223,False,ellipse,360.0,1.0,True,True,19.366313006827703,1178.267140788299,1179.8755555555558,41.230315940527674,36.38624356111338
r569_svd_normalised_tr050_tid4_010,r569,4,10,False,44,circle,323.65372841193795,130.00832195900404,224.21917688938004,8.448146582291395,16.8962931645828,16.896293164582783,,4.470348358154297e-08,1.0,224.66666666666666,False,circle,360.0,1.0,True,True,27.034069063332467,2296.004371347252,2300.586666666667,54.06813812666496,54.068138126664905
r569_svd_normalised_tr050_tid4_010,r569,4,10,False,45,circle,356.89350372736953,122.72843450479233,34.777777777777594,3.3271775555520855,6.654355111104199,6.654355111104143,,1.3075715880680267e-07,1.0,35.0,False,circle,360.0,1.0,True,True,10.646968177766674,356.12444444444264,358.4000000000001,21.29393635553344,21.29393635553326
r569_svd_normalised_tr050_tid4_010,r569,4,10,False,46,circle,229.10288065843616,129.9604938271605,44.999999999999936,3.784698783030237,7.5693975660604815,7.569397566060468,,5.960464477539063e-08,1.0,44.888888888888886,False,circle,360.0,1.0,True,True,12.11103610569676,460.79999999999944,459.6622222222223,24.22207221139354,24.2220722113935
r569_svd_normalised_tr050_tid4_010,r569,4,10,False,47,circle,347.2878787878788,167.12187088274044,112.44444444444488,5.982656459559651,11.965312919119302,11.965312919119302,,0.0,1.0,112.44444444444444,False,circle,360.0,1.0,True,True,19.144500670590883,1151.4311111111158,1151.4311111111112,38.289001341181766,38.289001341181766
r569_svd_normalised_tr050_tid4_010,r569,4,10,False,48,circle,329.6957353222413,116.33734939759036,193.66666666666603,7.8514976039135735,15.70299520782716,15.702995207827135,,5.5755039852469285e-08,1.0,194.33333333333334,False,circle,360.0,1.0,True,True,25.124792332523437,1983.1466666666606,1989.9733333333338,50.24958466504691,50.24958466504683
r569_svd_normalised_tr050_tid4_010,r569,4,10,False,49,circle,306.0591194968553,221.72201257861633,29.44444444444455,3.0614470042540494,6.122894008508139,6.122894008508059,,1.6186804311275803e-07,1.0,29.22222222222222,False,circle,360.0,1.0,True,True,9.79663041361296,301.51111111111226,299.2355555555556,19.593260827226047,19.59326082722579
r569_svd_normalised_tr050_tid4_010,r569,4,10,False,50,circle,322.5533044057096,155.10767178448393,183.4120234247196,7.640802333594375,15.281604667188779,15.28160466718872,,8.815645848363066e-08,1.0,183.66666666666666,False,circle,360.0,1.0,True,True,24.450567467502,1878.139119869129,1880.746666666667,48.901134935004094,48.90113493500391
r569_svd_normalised_tr050_tid4_010,r569,4,10,False,51,circle,261.57594608605496,125.74027993779163,71.44444444444467,4.768802048688469,9.53760409737694,9.537604097376935,,3.332000937312528e-08,1.0,71.66666666666667,False,circle,360.0,1.0,True,True,15.260166555803103,731.5911111111136,733.8666666666669,30.52033311160621,30.520333111606192
r569_svd_normalised_tr050_tid4_010,r569,4,10,False,52,circle,297.45917210285046,147.1581913403058,67.26840092499316,4.627331524993663,9.254663049987325,9.254663049987325,,0.0,1.0,67.77777777777777,False,circle,360.0,1.0,True,True,14.807460879979722,688.8284254719301,694.0444444444445,29.614921759959444,29.614921759959444
r569_svd_normalised_tr050_tid4_010,r569,4,10,False,53,circle,258.8924242424242,77.00050505050504,73.33333333333346,4.831430946087438,9.662861892174888,9.662861892174863,,7.146345858741878e-08,1.0,73.66666666666667,False,circle,360.0,1.0,True,True,15.460579027479803,750.9333333333348,754.3466666666668,30.921158054959644,30.921158054959562
r569_svd_normalised_tr050_tid4_010,r569,4,10,False,54,ellipse,352.16799824832555,195.3415179034208,47.60099337577456,3.892539888514718,8.076573640692423,7.504106299403057,-24.33337978209704,0.3697782848696014,1.0,47.333333333333336,False,ellipse,360.0,1.0,True,True,12.456127643247099,487.43417216793154,484.69333333333344,25.845035650215756,24.013140158089783
r569_svd_normalised_tr050_tid4_010,r569,4,10,False,55,ellipse,297.42890322580644,55.043182795698925,430.55555555555577,11.706839449001073,28.028892156917852,19.558402682121304,80.91117232757335,0.716298150364338,1.0,430.22222222222223,False,ellipse,360.0,1.0,True,True,37.46188623680344,4408.888888888892,4405.475555555557,89.69245490213713,62.58688858278818
r569_svd_normalised_tr050_tid4_010,r569,4,10,False,56,ellipse,233.4942065491184,133.63459277917715,220.5555555555552,8.378843224818775,19.0362827355604,14.751832542378926,70.86004169879936,0.6320441068771167,1.0,220.22222222222223,False,ellipse,360.0,1.0,True,True,26.81229831942008,2258.488888888886,2255.075555555556,60.91610475379328,47.205864135612565
r569_svd_normalised_tr050_tid4_010,r569,4,10,False,57,ellipse,344.62314252677,108.20907354003145,865.3267258201643,16.596446957334233,39.758942943382124,27.71120469674922,-2.910548203566009,0.717090158943704,1.0,864.8888888888889,False,ellipse,360.0,1.0,True,True,53.10863026346955,8860.945672398484,8856.462222222224,127.22861741882281,88.67585502959751
r569_svd_normalised_tr050_tid4_010,r569,4,10,False,58,circle,312.55531374682624,194.4036996735582,102.11111111111131,5.701138145658132,11.402276291316303,11.402276291316225,,1.1733186057227569e-07,1.0,102.22222222222223,False,circle,360.0,1.0,True,True,18.243642066106023,1045.61777777778,1046.755555555556,36.487284132212174,36.48728413221192
r569_svd_normalised_tr050_tid4_010,r569,4,10,False,59,circle,144.4514106693202,147.8267710674864,70.6472103785167,4.742120358530345,9.484240717060691,9.48424071706069,,2.1073424255447017e-08,1.0,70.44444444444444,False,circle,360.0,1.0,True,True,15.174785147297104,723.4274342760112,721.3511111111112,30.349570294594216,30.34957029459421
r569_svd_normalised_tr050_tid4_010,r569,4,10,False,60,circle,348.46061479346787,54.80547550432276,77.11111111111147,4.954314180720025,9.908628361440057,9.908628361440043,,5.3726900748371916e-08,1.0,77.44444444444444,False,circle,360.0,1.0,True,True,15.85380537830408,789.6177777777816,793.0311111111113,31.707610756608183,31.707610756608137
r569_svd_normalised_tr050_tid4_010,r569,4,10,False,61,circle,239.75547866205304,122.13956170703577,32.111111111111036,3.1970743067706153,6.394148613541235,6.394148613541226,,5.3726900748371916e-08,1.0,32.22222222222222,False,circle,360.0,1.0,True,True,10.230637781665969,328.81777777777705,329.95555555555563,20.461275563331952,20.461275563331924
r569_svd_normalised_tr050_tid4_010,r569,4,10,False,62,circle,274.3331930037068,130.71153028683202,28.836031015930015,3.0296524141678267,6.059304828335693,6.0593048283356135,,1.625524776374655e-07,1.0,28.88888888888889,False,circle,360.0,1.0,True,True,9.694887725337047,295.2809576031234,295.8222222222223,19.38977545067422,19.389775450673966
r569_svd_normalised_tr050_tid4_010,r569,4,10,False,63,ellipse,349.91587301587305,136.53492063492064,23.333333333333442,2.7252946038220927,5.658991090867272,5.249862074961176,9.553756259158035,0.37331950258070457,1.0,23.333333333333332,False,ellipse,360.0,1.0,True,True,8.720942732230696,238.9333333333345,238.93333333333337,18.108771490775272,16.799558639875766
r569_svd_normalised_tr050_tid4_010,r569,4,10,False,64,circle,209.67750910761666,101.22414495871013,53.21799229821874,4.115800416854036,8.231600833708082,8.231600833708061,,7.146345858741878e-08,1.0,53.111111111111114,False,circle,360.0,1.0,True,True,13.170561333932916,544.95224113376,543.8577777777779,26.341122667865864,26.341122667865797
r569_svd_normalised_tr050_tid4_010,r569,4,10,False,65,ellipse,98.1305329719964,146.04787714543812,81.9999999999997,5.1089539699502815,10.804382265318075,9.663268116995797,-79.07245851273564,0.44729969150893656,1.0,81.66666666666667,False,ellipse,360.0,1.0,True,True,16.3486527038409,839.6799999999971,836.2666666666669,34.57402324901784,30.92245797438655
r569_svd_normalised_tr050_tid4_010,r569,4,10,False,66,circle,269.3807008276105,211.32417679168864,210.33333333333334,8.182370035264272,16.364740070528583,16.364740070528505,,9.771344846937061e-08,1.0,210.33333333333334,False,circle,360.0,1.0,True,True,26.183584112845672,2153.813333333334,2153.813333333334,52.36716822569147,52.367168225691216
r569_svd_normalised_tr050_tid4_010,r569,4,10,False,67,circle,262.9845679012346,65.93132716049382,96.00000000000038,5.527906391541379,11.055812783082775,11.05581278308274,,8.024520884654677e-08,1.0,96.33333333333333,False,circle,360.0,1.0,True,True,17.68930045293241,983.0400000000042,986.4533333333335,35.37860090586488,35.378600905864765
r569_svd_normalised_tr050_tid4_010,r569,4,10,False,68,circle,212.18421052631578,37.20701754385965,21.1111111111111,2.59227224168125,5.184544483362508,5.184544483362492,,7.884953353001448e-08,1.0,21.22222222222222,False,circle,360.0,1.0,True,True,8.29527117338,216.17777777777772,217.3155555555556,16.590542346760028,16.590542346759975
r569_svd_normalised_tr050_tid4_010,r569,4,10,False,69,circle,199.77864740665999,228.53382577679045,128.82488138834822,6.403610960416432,12.807221920832866,12.807221920832863,,2.1073424255447017e-08,1.0,128.77777777777777,False,circle,360.0,1.0,True,True,20.491555073332584,1319.166785416686,1318.6844444444446,40.983110146665176,40.98311014666516
r569_svd_normalised_tr050_tid4_010,r569,4,10,False,70,circle,245.85468575806922,33.27188351071467,20.834926926009793,2.5752598351362086,5.150519670272417,5.150519670272417,,0.0,1.0,21.11111111111111,False,circle,360.0,1.0,True,True,8.240831472435868,213.34965172234033,216.1777777777778,16.481662944871736,16.481662944871736
r569_svd_normalised_tr050_tid4_010,r569,4,10,False,71,ellipse,294.72172172172174,229.68268268268264,74.00000000000013,4.853342309955125,10.19106395685696,9.245327740977169,-10.72483835204639,0.42070076749566065,1.0,74.11111111111111,False,ellipse,360.0,1.0,True,True,15.530695391856401,757.7600000000015,758.897777777778,32.611404661942274,29.585048771126942
r569_svd_normalised_tr050_tid4_010,r569,4,10,False,72,circle,157.52199850857568,43.07606263982104,49.6666666666666,3.976102490353451,7.952204980706904,7.9522049807069,,3.332000937312528e-08,1.0,50.0,False,circle,360.0,1.0,True,True,12.723527969131045,508.5866666666661,512.0000000000001,25.447055938262096,25.447055938262082
r569_svd_normalised_tr050_tid4_010,r569,4,10,False,73,circle,302.8871923244843,132.29183555119388,49.049466705438526,3.951320053397822,7.902640106795673,7.902640106795616,,1.2013700229374393e-07,1.0,49.0,False,circle,360.0,1.0,True,True,12.64422417087303,502.26653906369063,501.7600000000001,25.288448341746154,25.288448341745973
r569_svd_normalised_tr050_tid4_010,r569,4,10,False,74,ellipse,319.6516203703703,86.34259259259258,31.999999999999876,3.191538243211455,6.906199711733061,5.89957822423017,-4.310821195585731,0.5198726240837362,1.0,32.111111111111114,False,ellipse,360.0,1.0,True,True,10.212922378276657,327.6799999999988,328.81777777777785,22.099839077545795,18.878650317536547
r569_svd_normalised_tr050_tid4_010,r569,4,10,False,75,ellipse,285.81876905021073,122.08332442834033,201.88952175177164,8.0164475106188,18.38844987220354,13.979086032183417,-80.07306881686395,0.6496772619212006,1.0,201.11111111111111,False,ellipse,360.0,1.0,True,True,25.65263203398016,2067.348702738142,2059.377777777778,58.84303959105134,44.73307530298694
r569_svd_normalised_tr050_tid4_010,r569,4,10,False,76,circle,277.53392330383485,74.84955752212389,62.777777777777814,4.470211102321205,8.94042220464243,8.940422204642388,,9.771344846937061e-08,1.0,62.44444444444444,False,circle,360.0,1.0,True,True,14.304675527427856,642.8444444444449,639.4311111111112,28.60935105485578,28.609351054855644
r569_svd_normalised_tr050_tid4_010,r569,4,10,False,77,circle,366.0434782608696,157.16356107660457,17.88888888888885,2.3862544261198737,4.772508852239776,4.772508852239719,,1.5413880993110838e-07,1.0,18.0,False,circle,360.0,1.0,True,True,7.636014163583596,183.18222222222187,184.32000000000005,15.272028327167284,15.272028327167101
r569_svd_normalised_tr050_tid4_010,r569,4,10,False,78,circle,231.19234642497483,95.69536757301108,73.5555555555556,4.8387457586728395,9.67749151734568,9.677491517345677,,2.5809568279517847e-08,1.0,73.44444444444444,False,circle,360.0,1.0,True,True,15.483986427753088,753.2088888888895,752.0711111111112,30.96797285550618,30.96797285550617
r569_svd_normalised_tr050_tid4_010,r569,4,10,False,79,ellipse,228.9819639278557,45.49799599198397,110.88888888888904,5.9411303302712755,12.717007732614002,11.102306562493194,73.57360467655138,0.4876696992856668,1.0,110.55555555555556,False,ellipse,360.0,1.0,True,True,19.011617056868083,1135.502222222224,1132.0888888888892,40.69442474436481,35.52738099997822
r569_svd_normalised_tr050_tid4_010,r569,4,10,False,80,ellipse,294.37740116167384,168.8805928100575,354.12350241587137,10.617015199621848,24.683943865536264,18.26628878481327,-85.3956879630735,0.6725992771675984,1.0,354.1111111111111,False,ellipse,360.0,1.0,True,True,33.974448638789916,3626.2246647385236,3626.0977777777784,78.98862036971605,58.45212411140247
r569_svd_normalised_tr050_tid4_010,r569,4,10,False,81,circle,396.26016714914624,177.64975928049353,59.860959462800686,4.365127168073869,8.730254336147766,8.73025433614771,,1.1445799094242763e-07,1.0,55.333333333333336,True,circle,275.0,0.7638888888888888,True,True,13.96840693783638,612.9762248990792,566.6133333333335,27.936813875672854,27.93681387567267
r569_svd_normalised_tr050_tid4_010,r569,4,10,False,82,ellipse,261.44976787747686,160.58423825491562,214.23534603111648,8.25791914538461,17.2806591592198,15.784867459833297,73.4062791711682,0.40697054433261337,1.0,214.33333333333334,False,ellipse,360.0,1.0,True,True,26.425341265230756,2193.769943358633,2194.773333333334,55.29810930950336,50.511575871466555
r569_svd_normalised_tr050_tid4_010,r569,4,10,False,83,ellipse,329.6485002405748,78.02803918344043,72.37742605333042,4.79983856492188,10.110479937424895,9.114681159311672,-67.27689234014935,0.4327618977625916,1.0,71.66666666666667,False,ellipse,360.0,1.0,True,True,15.359483407750018,741.1448427861037,733.8666666666669,32.35353579975966,29.166979709797353
r569_svd_normalised_tr050_tid4_010,r569,4,10,False,84,circle,345.54897406116913,240.67053813395273,95.66666666666644,5.518300986558203,11.03660197311641,11.036601973116403,,3.650024149988857e-08,1.0,95.66666666666667,False,circle,360.0,1.0,True,True,17.65856315698625,979.6266666666646,979.6266666666669,35.317126313972516,35.31712631397249
r569_svd_normalised_tr050_tid4_010,r569,4,10,False,85,circle,294.25694444444446,82.25694444444444,15.999999999999785,2.25675833419101,4.5135166683820405,4.513516668382,,1.3493575361575808e-07,1.0,15.777777777777779,False,circle,360.0,1.0,True,True,7.221626669411233,163.83999999999784,161.5644444444445,14.44325333882253,14.4432533388224
r569_svd_normalised_tr050_tid4_010,r569,4,10,False,86,circle,357.1518354804436,45.524186278132106,12.098057842548851,1.9623790191771417,3.924758038354298,3.9247580383542693,,1.210576058124894e-07,1.0,12.444444444444445,False,circle,360.0,1.0,True,True,6.279612861366854,123.88411230770026,127.43111111111114,12.559225722733755,12.559225722733663
r569_svd_normalised_tr050_tid4_010,r569,4,10,False,87,circle,165.09510242464705,126.73173219369878,164.0954235293127,7.227253668365076,14.45450733673016,14.454507336730146,,4.470348358154297e-08,1.0,164.0,False,circle,360.0,1.0,True,True,23.127211738768246,1680.3371369401625,1679.3600000000004,46.25442347753651,46.25442347753647
r569_svd_normalised_tr050_tid4_010,r569,4,10,False,88,ellipse,354.54622871046223,132.17092457420924,60.88888888888909,4.402446512120251,9.284510565774527,8.350051477576375,58.82982780350929,0.43722347383534604,1.0,60.77777777777778,False,ellipse,360.0,1.0,True,True,14.087828838784805,623.5022222222244,622.3644444444445,29.710433810478488,26.720164728244402
r569_svd_normalised_tr050_tid4_010,r569,4,10,False,89,circle,247.61221122112212,84.44059405940594,44.88888888888888,3.780023427591295,7.560046855182591,7.56004685518259,,1.4901161193847656e-08,1.0,44.888888888888886,False,circle,360.0,1.0,True,True,12.096074968292145,459.6622222222222,459.6622222222223,24.192149936584293,24.19214993658429
r569_svd_normalised_tr050_tid4_010,r569,4,10,False,90,circle,242.55555555555554,109.24305555555557,26.66666666666668,2.913462481578878,5.826924963157756,5.826924963157756,,0.0,1.0,26.666666666666668,False,circle,360.0,1.0,True,True,9.323079941052411,273.06666666666683,273.0666666666667,18.646159882104822,18.646159882104822
r569_svd_normalised_tr050_tid4_010,r569,4,10,False,91,ellipse,168.57396380201695,139.777286795993,92.66326313980802,5.4309881921664065,11.386452381397378,10.36165848869291,71.79802666720036,0.414610789076338,1.0,92.66666666666667,False,ellipse,360.0,1.0,True,True,17.379162214932503,948.8718145516343,948.9066666666669,36.43664762047161,33.157307163817315
r569_svd_normalised_tr050_tid4_010,r569,4,10,False,92,circle,202.05847953216377,108.14202172096907,44.33333333333314,3.756559368289196,7.5131187365783925,7.513118736578392,,1.4901161193847656e-08,1.0,44.55555555555556,False,circle,360.0,1.0,True,True,12.020989978525428,453.9733333333314,456.248888888889,24.041979957050856,24.041979957050856
r569_svd_normalised_tr050_tid4_010,r569,4,10,False,93,circle,215.59027777777777,120.76325757575758,58.66666666666669,4.321363209619051,8.642726419238102,8.6427264192381,,2.1073424255447017e-08,1.0,58.77777777777778,False,circle,360.0,1.0,True,True,13.828362270780964,600.746666666667,601.8844444444446,27.65672454156193,27.65672454156192
r569_svd_normalised_tr050_tid4_010,r569,4,10,False,94,ellipse,176.43994601889338,236.77597840755732,27.444444444444557,2.9556451051316213,6.298970148029626,5.547470638654264,83.82280055493561,0.47368403170707724,1.0,27.666666666666668,False,ellipse,360.0,1.0,True,True,9.458064336421188,281.0311111111123,283.30666666666673,20.156704473694802,17.751906043693648
r569_svd_normalised_tr050_tid4_010,r569,4,10,False,95,ellipse,290.9530174159579,156.7991089509923,91.44444444444434,5.395152518998054,11.478940808379308,10.142981374031741,69.74901539606924,0.4682113843611657,1.0,91.44444444444444,False,ellipse,360.0,1.0,True,True,17.264488060793774,936.3911111111103,936.3911111111113,36.732610586813784,32.45754039690157
r569_svd_normalised_tr050_tid4_010,r569,4,10,False,96,circle,169.3307957284997,107.0109964494285,21.870524915827357,2.6384852276896993,5.276970455379399,5.276970455379399,,0.0,1.0,21.444444444444443,False,circle,360.0,1.0,True,True,8.443152728607037,223.95417513807217,219.59111111111113,16.886305457214075,16.886305457214075
r569_svd_normalised_tr050_tid4_010,r569,4,10,False,97,ellipse,193.3257142857143,93.91857142857143,233.33333333333348,8.61813824304402,18.652998164314482,15.927156829578225,48.612759284084774,0.5204932559609162,1.0,233.33333333333334,False,ellipse,360.0,1.0,True,True,27.578042377740868,2389.3333333333353,2389.333333333334,59.689594125806344,50.966901854650324
r569_svd_normalised_tr050_tid4_010,r569,4,10,False,98,circle,255.22545134302072,120.45794804051076,84.11111111111133,5.1743017117839205,10.348603423567843,10.348603423567841,,2.1073424255447017e-08,1.0,83.77777777777777,False,circle,360.0,1.0,True,True,16.557765477708546,861.2977777777802,857.8844444444445,33.1155309554171,33.11553095541709
r569_svd_normalised_tr050_tid4_010,r569,4,10,False,99,ellipse,381.0712365591397,171.16599462365593,55.111111111111065,4.18836620954281,9.020768697386206,7.778677003578629,71.41428788187363,0.5063849127308618,1.0,55.44444444444444,False,ellipse,360.0,1.0,True,True,13.402771870536993,564.3377777777774,567.7511111111112,28.86645983163586,24.891766411451613
r569_svd_normalised_tr050_tid4_010,r569,4,10,False,100,circle,304.109440267335,151.63074352548037,44.33333333333306,3.7565593682891927,7.513118736578387,7.5131187365783845,,2.5809568279517847e-08,1.0,44.44444444444444,False,circle,360.0,1.0,True,True,12.020989978525417,453.97333333333063,455.1111111111112,24.04197995705084,24.04197995705083
r569_svd_normalised_tr050_tid4_010,r569,4,10,False,101,ellipse,281.6754484208445,132.5970255614328,17.543226259282843,2.363087462175027,4.903753051731341,4.555027380032715,-74.56181585776528,0.37036585442947284,1.0,17.444444444444443,False,ellipse,360.0,1.0,True,True,7.561879878960086,179.64263689505634,178.63111111111112,15.692009765540291,14.576087616104687
r569_svd_normalised_tr050_tid4_010,r569,4,10,False,102,ellipse,391.81680688584765,167.51019619846227,679.0087678255674,14.70153745716251,37.67244495486413,22.948890507457833,84.16861640080447,0.7930403340310646,1.0,511.6666666666667,True,ellipse,228.0,0.6333333333333333,True,True,47.04491986292004,6953.049782533811,5239.466666666668,120.55182385556523,73.43644962386507
r569_svd_normalised_tr050_tid4_010,r569,4,10,False,103,ellipse,195.066324347454,162.85836542575953,259.66666666666674,9.09145022053088,20.51925590400398,16.112566166936375,88.33898290911736,0.6191899372525447,1.0,259.55555555555554,False,ellipse,360.0,1.0,True,True,29.09264070569882,2658.986666666668,2657.848888888889,65.66161889281274,51.5602117341964
r569_svd_normalised_tr050_tid4_010,r569,4,10,False,104,circle,241.1936430106317,86.78918860089748,44.35063155150358,3.7572921740714205,7.514584348142849,7.514584348142833,,6.495265578539184e-08,1.0,43.888888888888886,False,circle,360.0,1.0,True,True,12.023334957028545,454.15046708739675,449.4222222222223,24.04666991405712,24.046669914057066
r569_svd_normalised_tr050_tid4_010,r569,4,10,False,105,ellipse,128.18786401900738,143.60797476187003,34.78081778723692,3.3273229706829706,6.986043642741797,6.338968788285157,-57.41327728102007,0.42031973214743484,1.0,34.44444444444444,False,ellipse,360.0,1.0,True,True,10.647433506185507,356.15557414130615,352.71111111111117,22.35533965677375,20.284700122512504
r569_svd_normalised_tr050_tid4_010,r569,4,10,False,106,ellipse,282.94783715012727,64.01399491094148,29.111111111111324,3.0440687351736213,6.4245661287622795,5.769326226078855,-85.21587632287611,0.4399745373421906,1.0,29.0,False,ellipse,360.0,1.0,True,True,9.74101995255559,298.09777777778004,296.96000000000004,20.558611612039297,18.461843923452335
r569_svd_normalised_tr050_tid4_010,r569,4,10,False,107,circle,321.25039612329016,243.57994855861284,101.3513359539713,5.679888397854638,11.359776795709317,11.359776795709237,,1.1827430029502171e-07,1.0,101.33333333333333,False,circle,360.0,1.0,True,True,18.175642873134844,1037.8376801686663,1037.6533333333334,36.35128574626982,36.35128574626956
r569_svd_normalised_tr050_tid4_010,r569,4,10,False,108,circle,233.50292397660814,77.05263157894736,19.000000000000075,2.4592453796829723,4.918490759365947,4.918490759365942,,4.712160915387242e-08,1.0,19.0,False,circle,360.0,1.0,True,True,7.869585214985512,194.5600000000008,194.56000000000003,15.739170429971033,15.739170429971015
r569_svd_normalised_tr050_tid4_010,r569,4,10,False,109,circle,287.8712416077316,76.83657397137563,21.37619942120801,2.6084968094300467,5.216993618860132,5.216993618860055,,1.7120130796843852e-07,1.0,21.555555555555557,False,circle,360.0,1.0,True,True,8.34718979017615,218.89228207317007,220.72888888888895,16.69437958035242,16.694379580352177
r569_svd_normalised_tr050_tid4_010,r569,4,10,False,110,circle,309.84525359198005,164.1285755184505,47.87894893389091,3.9038881625561896,7.807776325112397,7.807776325112361,,9.657056180250437e-08,1.0,48.22222222222222,False,circle,360.0,1.0,True,True,12.492442120179808,490.280437083043,493.79555555555567,24.984884240359673,24.984884240359555
r569_svd_normalised_tr050_tid4_010,r569,4,10,False,111,ellipse,178.4144143828897,133.94190558171644,162.46253075611622,7.1912050223943655,15.142385735520218,13.66057649761313,57.931401793588236,0.4314400139152434,1.0,162.0,False,ellipse,360.0,1.0,True,True,23.01185607166197,1663.6163149426304,1658.8800000000003,48.4556343536647,43.71384479236202
r569_svd_normalised_tr050_tid4_010,r569,4,10,False,112,ellipse,251.40178571428572,171.71547619047618,62.222222222222264,4.4503874520830315,9.291628846365368,8.526362299288632,88.5066458025363,0.39741465703567136,1.0,62.0,False,ellipse,360.0,1.0,True,True,14.241239846665701,637.1555555555561,634.8800000000001,29.73321230836918,27.284359357723623
r569_svd_normalised_tr050_tid4_010,r569,4,10,False,113,circle,165.8323773103888,154.3065646908859,58.1111111111114,4.300853538984033,8.601707077968067,8.601707077968067,,0.0,1.0,58.0,False,circle,360.0,1.0,True,True,13.762731324748907,595.0577777777809,593.9200000000001,27.525462649497815,27.525462649497815
r569_svd_normalised_tr050_tid4_010,r569,4,10,False,114,circle,213.786471388498,112.50016486083592,30.58251048034469,3.120050549304146,6.2401010986083065,6.240101098608278,,9.541398640621973e-08,1.0,30.22222222222222,False,circle,360.0,1.0,True,True,9.984161757773268,313.1649073187297,309.4755555555556,19.968323515546583,19.96832351554649
r569_svd_normalised_tr050_tid4_010,r569,4,10,False,115,circle,222.9189900314783,182.13085419416012,44.83466651862641,3.7777397470752514,7.555479494150504,7.555479494150503,,1.4901161193847656e-08,1.0,44.77777777777778,False,circle,360.0,1.0,True,True,12.088767190640805,459.10698515073454,458.52444444444455,24.177534381281614,24.17753438128161
r569_svd_normalised_tr050_tid4_010,r569,4,10,False,116,circle,154.09642265586484,158.85182182753303,80.9158293338815,5.075067332138053,10.150134664276106,10.150134664276106,,0.0,1.0,80.66666666666667,False,circle,360.0,1.0,True,True,16.24021546284177,828.5780923789467,826.0266666666669,32.48043092568354,32.48043092568354
r569_svd_normalised_tr050_tid4_010,r569,4,10,False,117,circle,189.68970534148548,193.05194101215193,64.47330471732711,4.530175524906872,9.060351049813743,9.060351049813743,,0.0,1.0,64.77777777777777,False,circle,360.0,1.0,True,True,14.49656167970199,660.2066403054297,663.3244444444445,28.99312335940398,28.99312335940398
r569_svd_normalised_tr050_tid4_010,r569,4,10,False,118,circle,271.1015625,82.53645833333333,14.22222222222218,2.1276921621409715,4.255384324281944,4.255384324281941,,3.650024149988857e-08,1.0,14.0,False,circle,360.0,1.0,True,True,6.808614918851109,145.63555555555516,143.36,13.61722983770222,13.617229837702212
r569_svd_normalised_tr050_tid4_010,r569,4,10,False,119,circle,225.70276953511373,211.91839762611275,74.88888888888889,4.882404499696104,9.764808999392235,9.764808999392182,,1.043081283569336e-07,1.0,74.88888888888889,False,circle,360.0,1.0,True,True,15.623694399027535,766.8622222222224,766.8622222222224,31.247388798055155,31.247388798054985
r569_svd_normalised_tr050_tid4_010,r569,4,10,False,120,circle,254.2505335296804,49.58159434638824,126.06293957302321,6.334593905490951,12.669187810981912,12.669187810981892,,5.5755039852469285e-08,1.0,126.33333333333333,False,circle,360.0,1.0,True,True,20.270700497571042,1290.884501227758,1293.6533333333336,40.54140099514212,40.541400995142055
r569_svd_normalised_tr050_tid4_010,r569,4,10,False,121,circle,57.391176470588235,140.5578431372549,75.5555555555555,4.904088120073083,9.808176240146166,9.808176240146166,,0.0,1.0,75.55555555555556,False,circle,360.0,1.0,True,True,15.693081984233865,773.6888888888885,773.6888888888891,31.38616396846773,31.38616396846773
r569_svd_normalised_tr050_tid4_010,r569,4,10,False,122,circle,222.48747591522164,137.07514450867055,19.222222222222065,2.473585124420633,4.947170248841266,4.947170248841266,,0.0,1.0,19.11111111111111,False,circle,360.0,1.0,True,True,7.915472398146026,196.83555555555398,195.69777777777782,15.830944796292052,15.830944796292052
r569_svd_normalised_tr050_tid4_010,r569,4,10,False,123,circle,236.39338422391862,152.1256997455471,72.77777777777797,4.813095278628268,9.626190557256535,9.626190557256534,,2.1073424255447017e-08,1.0,72.77777777777777,False,circle,360.0,1.0,True,True,15.401904891610457,745.2444444444466,745.2444444444445,30.803809783220913,30.80380978322091
r569_svd_normalised_tr050_tid4_010,r569,4,10,False,124,circle,303.2144032921811,232.6909465020576,90.00000000000009,5.352372348458315,10.704744696916642,10.704744696916622,,5.960464477539063e-08,1.0,89.77777777777777,False,circle,360.0,1.0,True,True,17.12759151506661,921.600000000001,919.3244444444446,34.25518303013325,34.25518303013319
r569_svd_normalised_tr050_tid4_010,r569,4,10,False,125,ellipse,371.6045197740113,157.78154425612053,19.666666666666423,2.5020180711340076,5.2333025604440735,4.784813685796097,80.63445467125152,0.40503544145586456,1.0,19.333333333333332,False,ellipse,360.0,1.0,True,True,8.006457827628825,201.3866666666642,197.97333333333336,16.746568193421037,15.31140379454751
r569_svd_normalised_tr050_tid4_010,r569,4,10,False,126,circle,318.72780102198095,217.72331578624872,13.179649446399948,2.0482218422880436,4.096443684576116,4.096443684576059,,1.666000468656264e-07,1.0,13.0,False,circle,360.0,1.0,True,True,6.55430989532174,134.95961033113548,133.12000000000003,13.108619790643571,13.108619790643388
r569_svd_normalised_tr050_tid4_010,r569,4,10,False,127,ellipse,216.12665142122376,61.326509104050075,28.088391750811873,2.990119191819392,6.205297733998475,5.763341689344217,-67.52923764669538,0.3706374563300272,1.0,27.88888888888889,False,ellipse,360.0,1.0,True,True,9.568381413822054,287.62513152831366,285.5822222222223,19.856952748795123,18.442693405901494
r569_svd_normalised_tr050_tid4_010,r569,4,10,False,128,ellipse,290.29122807017546,149.29684210526315,52.777777777777594,4.098742299471605,8.531765625460864,7.876300955733442,76.07014769485755,0.38438323026271454,1.0,52.111111111111114,False,ellipse,360.0,1.0,True,True,13.115975358309138,540.4444444444426,533.6177777777779,27.301650001474766,25.204163058347017
r569_svd_normalised_tr050_tid4_010,r569,4,10,False,129,ellipse,211.7014922643856,90.78614761389876,15.46422716917954,2.2186519308223684,4.661613567546618,4.223787595274625,88.12416949833062,0.42310972884428333,1.0,15.222222222222221,False,ellipse,360.0,1.0,True,True,7.099686178631579,158.35368621239851,155.87555555555556,14.917163416149178,13.5161203048788
r569_svd_normalised_tr050_tid4_010,r569,4,10,False,130,ellipse,170.25904761904758,101.02476190476192,19.444444444444322,2.487842217267428,5.197742698796639,4.763112956284695,-84.36128784078988,0.4003070765915234,1.0,19.666666666666668,False,ellipse,360.0,1.0,True,True,7.961095095255771,199.1111111111099,201.3866666666667,16.632776636149245,15.241961460111026
r569_svd_normalised_tr050_tid4_010,r569,4,10,False,131,circle,311.2266883846694,174.3201318503066,84.22003318566654,5.177650932394399,10.355301864788835,10.35530186478876,,1.2013700229374393e-07,1.0,84.55555555555556,False,circle,360.0,1.0,True,True,16.568482983662076,862.4131398212255,865.8488888888891,33.13696596732427,33.13696596732404
r569_svd_normalised_tr050_tid4_010,r569,4,10,False,132,ellipse,171.62229102167183,71.34649122807018,143.5555555555555,6.759818973163387,14.203913157267516,12.868327775310147,73.79101093112888,0.42334060232108006,1.0,143.77777777777777,False,ellipse,360.0,1.0,True,True,21.63142071412284,1470.0088888888884,1472.2844444444447,45.45252210325606,41.178648880992476
r569_svd_normalised_tr050_tid4_010,r569,4,10,False,133,circle,203.894858463316,157.526863084922,64.11111111111076,4.51743295256211,9.03486590512422,9.034865905124219,,2.1073424255447017e-08,1.0,64.0,False,circle,360.0,1.0,True,True,14.455785448198753,656.4977777777743,655.3600000000001,28.911570896397507,28.911570896397503
r569_svd_normalised_tr050_tid4_010,r569,4,10,False,134,circle,209.51377275481775,116.11071920031546,29.510606007166714,3.0648846045741958,6.129769209148406,6.129769209148378,,9.424321830774485e-08,1.0,29.444444444444443,False,circle,360.0,1.0,True,True,9.807630734637428,302.1886055133872,301.5111111111112,19.6152614692749,19.615261469274813
r569_svd_normalised_tr050_tid4_010,r569,4,10,False,135,ellipse,258.46740331491714,209.36353591160224,100.55555555555544,5.657546062034024,11.981664809825125,10.685602694473593,66.77681024283575,0.4523715948959321,1.0,100.88888888888889,False,ellipse,360.0,1.0,True,True,18.10414739850888,1029.688888888888,1033.1022222222223,38.3413273914404,34.1939286223155
r569_svd_normalised_tr050_tid4_010,r569,4,10,False,136,circle,293.4910457423272,208.85937688159188,18.44901755640923,2.423325128533804,4.846650257067608,4.846650257067608,,0.0,1.0,18.22222222222222,False,circle,360.0,1.0,True,True,7.7546404113081735,188.91793977763055,186.5955555555556,15.509280822616347,15.509280822616347
r569_svd_normalised_tr050_tid4_010,r569,4,10,False,137,ellipse,206.80119581464876,215.7428998505231,24.777777777777686,2.8083823857038546,5.82775336281613,5.413414832998665,-56.49019146356022,0.3703243077728656,1.0,24.88888888888889,False,ellipse,360.0,1.0,True,True,8.986823634252335,253.72444444444355,254.86222222222227,18.648810761011617,17.32292746559573
r569_svd_normalised_tr050_tid4_010,r569,4,10,False,138,circle,194.05535279805355,144.8059610705596,60.88888888888869,4.402446512120236,8.804893024240473,8.804893024240473,,0.0,1.0,60.888888888888886,False,circle,360.0,1.0,True,True,14.087828838784757,623.5022222222203,623.5022222222223,28.175657677569514,28.175657677569514
r569_svd_normalised_tr050_tid4_010,r569,4,10,False,139,circle,257.0951515151515,181.31757575757575,122.22222222222271,6.237350530849271,12.474701061698543,12.474701061698543,,0.0,1.0,122.22222222222223,False,circle,360.0,1.0,True,True,19.95952169871767,1251.5555555555609,1251.5555555555559,39.91904339743534,39.91904339743534
r569_svd_normalised_tr050_tid4_010,r569,4,10,False,140,circle,183.0778267254038,228.575624082232,25.222222222222367,2.833457725969787,5.666915451939575,5.666915451939574,,1.4901161193847656e-08,1.0,25.22222222222222,False,circle,360.0,1.0,True,True,9.06706472310332,258.2755555555571,258.27555555555557,18.13412944620664,18.13412944620664
r569_svd_normalised_tr050_tid4_010,r569,4,10,False,141,circle,323.45147679324896,74.55696202531645,26.333333333333478,2.895196079054612,5.790392158109256,5.790392158109193,,1.475139697881291e-07,1.0,26.444444444444443,False,circle,360.0,1.0,True,True,9.264627452974759,269.65333333333484,270.79111111111115,18.52925490594962,18.52925490594942
r569_svd_normalised_tr050_tid4_010,r569,4,10,False,142,ellipse,198.46432752302624,242.08129089578316,50.62588303881172,4.014314271209725,8.381048429369454,7.6910277771777285,86.78443282335056,0.3973458540709761,1.0,50.77777777777778,False,ellipse,360.0,1.0,True,True,12.845805667871119,518.4090423174322,519.9644444444446,26.819354973982254,24.611288886968733
r569_svd_normalised_tr050_tid4_010,r569,4,10,False,143,circle,258.01240720098303,246.72886262572484,57.71633124356734,4.2862196431221165,8.572439286244247,8.572439286244219,,8.161702118890973e-08,1.0,50.44444444444444,True,circle,261.0,0.725,True,True,13.715902857990773,591.0152319341297,516.5511111111111,27.431805715981593,27.4318057159815
r569_svd_normalised_tr050_tid4_010,r569,4,10,False,144,ellipse,152.3187803187803,142.62785862785861,53.44444444444433,4.124547857434436,8.680178503387134,7.839421745360976,-88.74602235136717,0.4293448857149444,1.0,53.333333333333336,False,ellipse,360.0,1.0,True,True,13.198553143790196,547.27111111111,546.1333333333334,27.77657121083883,25.086149585155127
r569_svd_normalised_tr050_tid4_010,r569,4,10,False,145,ellipse,262.52288025381984,249.09163716811662,997.3470287187706,17.817559294056345,40.455957625199716,31.388743496158583,84.92784879651066,0.630887353051793,1.0,514.8888888888889,True,ellipse,183.0,0.5083333333333333,True,True,57.01618974098031,10212.833574080212,5272.462222222223,129.4590644006391,100.44397918770747
r569_svd_normalised_tr050_tid4_010,r569,4,10,False,146,ellipse,254.115233277122,243.60089938167508,65.88888888888887,4.579638055894663,9.985403702364765,8.401496964226597,62.029239166933564,0.5404474105425976,1.0,65.44444444444444,False,ellipse,360.0,1.0,True,True,14.654841778862924,674.7022222222222,670.1511111111113,31.95329184756725,26.884790285525114
r569_svd_normalised_tr050_tid4_010,r569,4,10,False,147,ellipse,254.47154471544718,107.55934959349594,22.777777777777615,2.69265516766705,5.609405477568375,5.170167769798696,85.35969864110996,0.387912485257138,1.0,22.77777777777778,False,ellipse,360.0,1.0,True,True,8.61649653653456,233.24444444444282,233.2444444444445,17.9500975282188,16.544536863355827
r569_svd_normalised_tr050_tid4_010,r569,4,10,False,148,circle,188.495018115942,177.9542572463768,81.77777777777764,5.102026571550537,10.204053143101074,10.204053143101074,,0.0,1.0,81.66666666666667,False,circle,360.0,1.0,True,True,16.32648502896172,837.4044444444432,836.2666666666669,32.65297005792344,32.65297005792344
r569_svd_normalised_tr050_tid4_010,r569,4,10,False,149,circle,309.21221351254644,237.3740612329543,44.9153811859794,3.78113870060471,7.56227740120942,7.56227740120942,,0.0,1.0,44.77777777777778,False,circle,360.0,1.0,True,True,12.099643841935073,459.93350334442914,458.52444444444455,24.199287683870146,24.199287683870146
r569_svd_normalised_tr050_tid4_010,r569,4,10,False,150,circle,349.1661504655474,144.25519742650005,15.000023429830316,2.185098567731781,4.370197135463562,4.370197135463562,,0.0,1.0,15.0,False,circle,360.0,1.0,True,True,6.9923154167417,153.60023992146247,153.60000000000002,13.9846308334834,13.9846308334834
r569_svd_normalised_tr050_tid4_010,r569,4,10,False,151,circle,301.069033530572,206.42998027613416,18.7777777777776,2.4448215287069326,4.889643057413893,4.889643057413837,,1.5123026915031998e-07,1.0,18.88888888888889,False,circle,360.0,1.0,True,True,7.823428891862185,192.28444444444267,193.42222222222227,15.646857783724457,15.646857783724279
r569_svd_normalised_tr050_tid4_010,r569,4,10,False,152,circle,249.6836718766293,152.97714276010896,30.421990918374092,3.111851613864641,6.223703227729283,6.223703227729281,,2.5809568279517847e-08,1.0,30.77777777777778,False,circle,360.0,1.0,True,True,9.957925164366852,311.52118700415076,315.16444444444454,19.915850328733708,19.9158503287337
r569_svd_normalised_tr050_tid4_010,r569,4,10,False,153,ellipse,326.1984848484849,202.69848484848484,48.88888888888849,3.944846848468782,8.348709358681345,7.455914915371794,-81.19529812472678,0.44993366043810956,1.0,48.888888888888886,False,ellipse,360.0,1.0,True,True,12.623509915100103,500.6222222222182,500.62222222222226,26.715869947780305,23.858927729189745
r569_svd_normalised_tr050_tid4_010,r569,4,10,False,154,ellipse,132.80362975305417,149.06043282648517,16.875872464704987,2.3177051243616846,4.862215787146739,4.419184403697297,4.3431214449791185,0.41705157553653804,1.0,17.0,False,ellipse,360.0,1.0,True,True,7.416656397957391,172.8089340385791,174.08000000000004,15.559090518869565,14.141390091831353
r569_svd_normalised_tr050_tid4_010,r569,4,10,False,155,circle,331.40020360613477,219.21296864057192,42.94760384316691,3.6973837900852256,7.394767580170452,7.394767580170451,,1.4901161193847656e-08,1.0,42.888888888888886,False,circle,360.0,1.0,True,True,11.831628128272722,439.78346335402927,439.18222222222226,23.66325625654545,23.663256256545445
r569_svd_normalised_tr050_tid4_010,r569,4,10,False,156,ellipse,298.0,201.4221014492754,20.44444444444442,2.5510132857752694,5.355746239997158,4.860326455052799,69.11294986070882,0.4200574280846089,1.0,20.0,False,ellipse,360.0,1.0,True,True,8.163242514480862,209.35111111111092,204.80000000000004,17.138387967990905,15.553044656168957
r569_svd_normalised_tr050_tid4_010,r569,4,10,False,157,circle,228.63972366148528,217.95854922279793,107.2222222222226,5.842079540020727,11.684159080041455,11.684159080041452,,2.5809568279517847e-08,1.0,107.11111111111111,False,circle,360.0,1.0,True,True,18.694654528066327,1097.9555555555596,1096.817777777778,37.38930905613266,37.389309056132646
r569_svd_normalised_tr050_tid4_010,r569,4,10,False,158,ellipse,220.81076968834248,112.96093434332784,38.41661921953025,3.4969114503136476,7.285529228453039,6.713796243423318,-71.63738582505448,0.38831938824916357,1.0,38.55555555555556,False,ellipse,360.0,1.0,True,True,11.190116641003673,393.38618080798983,394.808888888889,23.313693531049726,21.48414797895462
r569_svd_normalised_tr050_tid4_010,r569,4,10,False,159,circle,208.33714285714285,81.30984126984127,58.33333333333333,4.3090691215220085,8.618138243044033,8.618138243044001,,8.560065398421926e-08,1.0,57.44444444444444,False,circle,360.0,1.0,True,True,13.789021188870429,597.3333333333334,588.2311111111112,27.578042377740907,27.578042377740804
r569_svd_normalised_tr050_tid4_010,r569,4,10,False,160,ellipse,336.6953125,217.2421875,14.222222222222221,2.127692162140974,4.46915527143323,4.05183857967354,-10.63724272449548,0.4219418088289291,1.0,14.11111111111111,False,ellipse,360.0,1.0,True,True,6.808614918851117,145.63555555555558,144.4977777777778,14.301296868586338,12.96588345495533
r569_svd_normalised_tr050_tid4_010,r569,4,10,False,161,ellipse,222.5935508051761,106.99000197238435,200.50348588955015,7.988882385725552,19.552897967043297,13.056323800293816,67.38792587866556,0.7443912911966066,1.0,200.33333333333334,False,ellipse,360.0,1.0,True,True,25.56442363432177,2053.155695508994,2051.413333333334,62.56927349453855,41.78023616094021
r569_svd_normalised_tr050_tid4_010,r569,4,10,False,162,circle,257.33781494426904,148.03896141603218,19.95271961622294,2.5201483904915225,5.040296780983059,5.040296780983031,,1.0641557616804317e-07,1.0,20.0,False,circle,360.0,1.0,True,True,8.064474849572873,204.31584887012295,204.80000000000004,16.12894969914579,16.1289496991457
r569_svd_normalised_tr050_tid4_010,r569,4,10,False,163,circle,191.9176046457628,208.32635638149537,62.63117989672607,4.464988661181952,8.929977322363904,8.929977322363902,,2.1073424255447017e-08,1.0,63.111111111111114,False,circle,360.0,1.0,True,True,14.287963715782247,641.343282142475,646.257777777778,28.575927431564494,28.575927431564487
r569_svd_normalised_tr050_tid4_010,r569,4,10,False,164,ellipse,156.74552113227085,151.61979361188855,161.95230038670888,7.179903780921886,16.113221288824022,12.797197377051276,-85.71536437616265,0.6076502008639205,1.0,161.88888888888889,False,ellipse,360.0,1.0,True,True,22.975692098950034,1658.3915559598993,1657.7422222222226,51.56230812423687,40.95103160656409
r569_svd_normalised_tr050_tid4_010,r569,4,10,False,165,ellipse,179.36857825567503,160.17861409796893,61.99999999999982,4.442433223290471,9.451243833650661,8.352429919595881,-79.88309114047627,0.4679806766722635,1.0,61.888888888888886,False,ellipse,360.0,1.0,True,True,14.215786314529508,634.8799999999983,633.7422222222223,30.24398026768212,26.72777574270682
r569_svd_normalised_tr050_tid4_010,r569,4,10,False,166,circle,183.6905347212904,210.41772699276473,81.12847257604052,5.081731483652422,10.163462967304843,10.163462967304843,,0.0,1.0,81.11111111111111,False,circle,360.0,1.0,True,True,16.26154074768775,830.7555591786551,830.577777777778,32.5230814953755,32.5230814953755
r569_svd_normalised_tr050_tid4_010,r569,4,10,False,167,ellipse,284.1090009343011,213.48752347042534,20.79535425277863,2.572813021840797,5.352425488432987,4.946816623348459,76.91608260635309,0.3818613669326402,1.0,20.444444444444443,False,ellipse,360.0,1.0,True,True,8.233001669890552,212.9444275484532,209.35111111111112,17.127761562985558,15.82981319471507
r569_svd_normalised_tr050_tid4_010,r569,4,10,False,168,ellipse,311.91636363636366,155.60606060606062,30.555555555555824,3.1186752654246432,6.572675102374031,5.919133539802335,-2.6886042761062754,0.43471747898452956,1.0,30.333333333333332,False,ellipse,360.0,1.0,True,True,9.97976084935886,312.8888888888917,310.6133333333334,21.0325603275969,18.94122732736747
r569_svd_normalised_tr050_tid4_010,r569,4,10,False,169,circle,275.7599361930085,204.922767181055,17.74173374902808,2.376419418022889,4.752838836045802,4.752838836045754,,1.4214801809444213e-07,1.0,17.77777777777778,False,circle,360.0,1.0,True,True,7.604542137673246,181.67535359004756,182.04444444444448,15.209084275346568,15.209084275346413
r569_svd_normalised_tr050_tid4_010,r569,4,10,False,170,circle,175.35185185185185,86.88271604938271,29.999999999999925,3.0901936161855126,6.180387232371039,6.180387232371012,,9.424321830774485e-08,1.0,30.11111111111111,False,circle,360.0,1.0,True,True,9.88861957179364,307.1999999999993,308.33777777777783,19.777239143587327,19.777239143587238
r569_svd_normalised_tr050_tid4_010,r569,4,10,False,171,ellipse,189.26486530686776,228.99357622618555,61.51941905528729,4.425182400487173,9.288903350185901,8.432530101495573,59.95273578301871,0.41938850830964297,1.0,61.0,False,ellipse,360.0,1.0,True,True,14.160583681558954,629.9588511261419,624.6400000000001,29.724490720594886,26.984096324785835
r569_svd_normalised_tr050_tid4_010,r569,4,10,False,172,circle,293.5564196949027,87.5763805190957,11.659780002708489,1.9265054491462457,3.8530108982924913,3.8530108982924913,,0.0,1.0,11.777777777777779,False,circle,360.0,1.0,True,True,6.1648174372679865,119.39614722773496,120.60444444444448,12.329634874535973,12.329634874535973
r569_svd_normalised_tr050_tid4_010,r569,4,10,False,173,circle,215.9078947368421,29.07456140350877,25.333333333333226,2.839691963926603,5.67938392785322,5.679383927853193,,9.657056180250437e-08,1.0,25.333333333333332,False,circle,360.0,1.0,True,True,9.08701428456513,259.4133333333323,259.41333333333336,18.174028569130304,18.17402856913022
r569_svd_normalised_tr050_tid4_010,r569,4,10,False,174,ellipse,307.38967136150234,228.04381846635366,23.66666666666657,2.744691963229453,5.695605356625367,5.290629179041177,72.67731734393107,0.37033885691570867,1.0,23.666666666666668,False,ellipse,360.0,1.0,True,True,8.78301428233425,242.3466666666657,242.34666666666672,18.225937141201175,16.930013372931764
r569_svd_normalised_tr050_tid4_010,r569,4,10,False,175,ellipse,188.0440251572327,102.02725366876312,17.66666666666674,2.3713866525545044,4.932116408543039,4.560699050957598,-47.36716440728412,0.3807108891656884,1.0,17.88888888888889,False,ellipse,360.0,1.0,True,True,7.588437288174415,180.90666666666743,183.18222222222226,15.782772507337725,14.594236963064313
r569_svd_normalised_tr050_tid4_010,r569,4,10,False,176,circle,337.0335613873534,133.77325274039072,10.620881693394114,1.8386766009812021,3.6773532019624326,3.677353201962376,,1.756820994995772e-07,1.0,10.777777777777779,False,circle,360.0,1.0,True,True,5.883765123139847,108.75782854035575,110.36444444444447,11.767530246279785,11.767530246279604
r569_svd_normalised_tr050_tid4_010,r569,4,10,False,177,ellipse,300.0657894736842,239.9766081871345,50.66666666666708,4.015930888346918,8.803376566717636,7.327961391973998,85.72879798634074,0.5541700345363898,1.0,50.22222222222222,False,ellipse,360.0,1.0,True,True,12.850978842710138,518.826666666671,514.2755555555557,28.170805013496437,23.449476454316795
r569_svd_normalised_tr050_tid4_010,r569,4,10,False,178,ellipse,272.6252250519153,126.09998304934865,15.673416351483095,2.2336077039067868,4.701797189890082,4.244337365872967,-78.89194359634126,0.430259333552338,1.0,15.777777777777779,False,ellipse,360.0,1.0,True,True,7.147544652501718,160.4957834391869,161.5644444444445,15.045751007648263,13.581879570793497
r569_svd_normalised_tr050_tid4_010,r569,4,10,False,179,circle,126.3562005827358,54.599382085138004,24.909939886154902,2.815862235622871,5.63172447124575,5.631724471245735,,7.300048299977713e-08,1.0,25.22222222222222,False,circle,360.0,1.0,True,True,9.010759153993188,255.07778443422626,258.27555555555557,18.0215183079864,18.02151830798635
r569_svd_normalised_tr050_tid4_010,r569,4,10,False,180,circle,202.4158878504673,100.27414330218068,23.777777777777874,2.751127357675021,5.502254715350056,5.502254715350028,,1.021572142899192e-07,1.0,23.77777777777778,False,circle,360.0,1.0,True,True,8.803607544560068,243.48444444444547,243.4844444444445,17.60721508912018,17.60721508912009
r569_svd_normalised_tr050_tid4_010,r569,4,10,False,181,ellipse,295.64783715012726,219.2697201017812,72.77777777777739,4.813095278628248,10.088479694540242,9.185085111958195,70.38889343940224,0.41361286727400975,1.0,72.66666666666667,False,ellipse,360.0,1.0,True,True,15.401904891610394,745.2444444444405,744.1066666666669,32.283135022528775,29.392272358266226
r569_svd_normalised_tr050_tid4_010,r569,4,10,False,182,ellipse,202.68843190615198,219.47886729326714,27.01960172417921,2.932679039641883,6.115425446407217,5.625516278418636,89.84514783036974,0.39217740959271,1.0,26.555555555555557,False,ellipse,360.0,1.0,True,True,9.384572926854025,276.68072165559516,271.92888888888893,19.569361428503097,18.001652090939636
r569_svd_normalised_tr050_tid4_010,r569,4,10,False,183,circle,261.8669992288496,137.04837449041474,60.92294460503005,4.403677504451081,8.807355008902167,8.807355008902157,,4.9421560620597e-08,1.0,61.0,False,circle,360.0,1.0,True,True,14.09176801424346,623.8509527555078,624.6400000000001,28.183536028486937,28.183536028486902
r569_svd_normalised_tr050_tid4_010,r569,4,10,False,184,circle,288.6979166666667,242.21875,31.999999999999762,3.191538243211449,6.383076486422899,6.383076486422898,,1.4901161193847656e-08,1.0,31.88888888888889,False,circle,360.0,1.0,True,True,10.212922378276637,327.6799999999976,326.5422222222223,20.42584475655328,20.425844756553275
r569_svd_normalised_tr050_tid4_010,r569,4,10,False,185,ellipse,144.7753164556962,163.1993670886076,35.111111111111285,3.3430844711978582,7.752018012192455,5.766866776618009,-86.18880835440945,0.6682707606004199,1.0,35.111111111111114,False,ellipse,360.0,1.0,True,True,10.697870307833147,359.53777777777964,359.5377777777779,24.806457639015857,18.45397368517763
r569_svd_normalised_tr050_tid4_010,r569,4,10,False,186,ellipse,225.2607400409544,105.23092174640267,33.2471444145608,3.2531361414079956,6.805692853210979,6.22002490138344,-69.63110146716815,0.4058394086729816,1.0,33.22222222222222,False,ellipse,360.0,1.0,True,True,10.410035652505586,340.4507588051027,340.1955555555556,21.778217130275134,19.90407968442701
r569_svd_normalised_tr050_tid4_010,r569,4,10,False,187,ellipse,330.59270527766154,150.56513599550584,47.59968311932228,3.892486315466758,8.22109960891933,7.371982064130541,75.11350183175063,0.4426087281017649,1.0,47.77777777777778,False,ellipse,360.0,1.0,True,True,12.455956209493626,487.42075514186024,489.2444444444445,26.307518748541856,23.59034260521773
r569_svd_normalised_tr050_tid4_010,r569,4,10,False,188,ellipse,181.94291539245668,215.35270132517832,36.33333333333348,3.4007733235267397,7.123335871092463,6.494293913583166,83.15095096156219,0.41087256797701566,1.0,36.333333333333336,False,ellipse,360.0,1.0,True,True,10.882474635285568,372.0533333333349,372.05333333333346,22.794674787495882,20.781740523466134
r569_svd_normalised_tr050_tid4_010,r569,4,10,False,189,circle,318.45454545454544,142.1074380165289,13.44444444444426,2.0686951396750923,4.137390279350224,4.137390279350145,,1.9542689693874122e-07,1.0,13.222222222222221,False,circle,360.0,1.0,True,True,6.619824446960296,137.67111111110924,135.39555555555557,13.239648893920716,13.239648893920464
r569_svd_normalised_tr050_tid4_010,r569,4,10,False,190,ellipse,254.2564841498559,139.1882804995197,38.55555555555563,3.503229153315799,7.525906689166345,6.522862962576106,-64.99752742671384,0.4987928845681794,1.0,38.666666666666664,False,ellipse,360.0,1.0,True,True,11.210333290610556,394.8088888888897,395.9466666666667,24.082901405332308,20.87316148024354
r569_svd_normalised_tr050_tid4_010,r569,4,10,False,191,ellipse,185.7077493613624,34.738251389331744,16.084570957803287,2.262714730339083,4.803172563143855,4.263746832816116,87.08347718485953,0.4604341387601668,1.0,16.22222222222222,False,ellipse,360.0,1.0,True,True,7.240687137085065,164.7060066079057,166.11555555555557,15.370152202060337,13.643989865011571
r569_svd_normalised_tr050_tid4_010,r569,4,10,False,192,ellipse,178.34860736747527,43.961365678346816,82.44444444444456,5.122780663623713,11.240093192479424,9.339026386420255,-76.30740820250742,0.5564705340838412,1.0,82.11111111111111,False,ellipse,360.0,1.0,True,True,16.39289812359588,844.2311111111125,840.817777777778,35.96829821593416,29.884884436544816
r569_svd_normalised_tr050_tid4_010,r569,4,10,False,193,ellipse,224.4744476149339,249.01538722739687,175.17039270580514,7.467159283486241,20.223205316894163,11.028611318775459,82.05273080978469,0.8382120911223764,1.0,97.0,True,ellipse,190.0,0.5277777777777778,True,True,23.894909707155975,1793.744821307445,993.2800000000002,64.71425701406132,35.29155622008147
r569_svd_normalised_tr050_tid4_010,r569,4,10,False,194,circle,150.8887407459691,167.58355929136238,38.738551327081595,3.5115329791770824,7.023065958354165,7.023065958354165,,0.0,1.0,38.666666666666664,False,circle,360.0,1.0,True,True,11.236905533366665,396.68276558931564,395.9466666666667,22.47381106673333,22.47381106673333
r569_svd_normalised_tr050_tid4_010,r569,4,10,False,195,ellipse,305.5546718156508,100.62329583810326,42.374553859379525,3.6726338527095246,7.709862332039922,6.997914533448851,-82.46217615558766,0.4197115963673063,1.0,42.333333333333336,False,ellipse,360.0,1.0,True,True,11.75242832867048,433.9154315200464,433.49333333333345,24.671559462527753,22.393326507036324
r569_svd_normalised_tr050_tid4_010,r569,4,10,False,196,ellipse,369.44463751510966,197.71872227312767,20.079815136952366,2.5281621132425163,5.292202374895962,4.830959376122132,82.65887271160221,0.4083067299500531,1.0,20.555555555555557,False,ellipse,360.0,1.0,True,True,8.090118762376052,205.61730700239227,210.48888888888894,16.93504759966708,15.459070003590822
r569_svd_normalised_tr050_tid4_010,r569,4,10,False,197,ellipse,159.6448087431694,52.433515482695825,20.3333333333333,2.5440717401579693,5.362024905468417,4.828251366359509,-68.64728044159193,0.43495334254191786,1.0,20.11111111111111,False,ellipse,360.0,1.0,True,True,8.141029568505502,208.21333333333303,205.93777777777782,17.158479697498933,15.450404372350429
r569_svd_normalised_tr050_tid4_010,r569,4,10,False,198,circle,241.48723980384685,62.79461758239508,69.92212165824802,4.7177221820245085,9.435444364049019,9.435444364049015,,2.5809568279517847e-08,1.0,69.66666666666667,False,circle,360.0,1.0,True,True,15.096710982478427,716.0025257804598,713.3866666666669,30.193421964956862,30.19342196495685
r569_svd_normalised_tr050_tid4_010,r569,4,10,False,199,circle,166.61904761904762,110.62585034013605,16.33333333333327,2.2801450555469556,4.560290111093919,4.560290111093902,,8.560065398421926e-08,1.0,15.88888888888889,False,circle,360.0,1.0,True,True,7.296464177750258,167.25333333333273,162.70222222222225,14.592928355500542,14.592928355500488
r569_svd_normalised_tr050_tid4_010,r569,4,10,False,200,ellipse,267.0917431192661,83.96330275229356,12.111111111111265,1.96343739379107,4.0734411359562746,3.7855820380544722,67.56648064218768,0.36924346681056697,1.0,12.222222222222221,False,ellipse,360.0,1.0,True,True,6.282999660131424,124.01777777777939,125.15555555555557,13.03501163506008,12.113862521774312
r569_svd_normalised_tr050_tid4_010,r569,4,10,False,201,ellipse,298.70383661549346,133.80761695264022,30.011832206886083,3.090802952946197,6.521926184876775,5.859043861056167,38.14232401251155,0.4392579966229514,1.0,29.666666666666668,False,ellipse,360.0,1.0,True,True,9.890569449427831,307.3211617985136,303.78666666666675,20.87016379160568,18.748940355379734
r569_svd_normalised_tr050_tid4_010,r569,4,10,False,202,ellipse,334.6757281553398,227.57346278317155,57.222222222222015,4.267833061723369,8.925938245087616,8.162458015105964,-50.18242533282657,0.4046650277864376,1.0,56.666666666666664,False,ellipse,360.0,1.0,True,True,13.657065797514782,585.9555555555536,580.2666666666668,28.563002384280374,26.119865648339086
r569_svd_normalised_tr050_tid4_010,r569,4,10,False,203,ellipse,270.72160934458145,112.97425913908718,171.2222222222221,7.382528433246379,17.092814112618374,12.754301476304382,-74.48397142967215,0.6657452055166664,1.0,171.55555555555554,False,ellipse,360.0,1.0,True,True,23.624090986388413,1753.3155555555545,1756.728888888889,54.6970051603788,40.81376472417403
r569_svd_normalised_tr050_tid4_010,r569,4,10,False,204,ellipse,198.15436241610738,153.56823266219237,16.555555555555575,2.2956038431311097,4.8072471067904345,4.384877155288742,-85.85208112991523,0.40988120422605623,1.0,16.555555555555557,False,ellipse,360.0,1.0,True,True,7.345932298019552,169.52888888888913,169.52888888888893,15.383190741729392,14.031606896923975
r569_svd_normalised_tr050_tid4_010,r569,4,10,False,205,circle,270.0764050402541,138.45908284427477,30.62797567660769,3.122368884622844,6.244737769245717,6.24473776924566,,1.3493575361575808e-07,1.0,30.333333333333332,False,circle,360.0,1.0,True,True,9.991580430793102,313.6304709284628,310.6133333333334,19.983160861586295,19.983160861586114
r569_svd_normalised_tr050_tid4_010,r569,4,10,False,206,ellipse,267.6767149758454,171.39555555555555,191.66666666666686,7.8108510965126765,16.45832089005798,14.827610971845221,51.89522701055981,0.4339876573515024,1.0,191.33333333333334,False,ellipse,360.0,1.0,True,True,24.994723508840565,1962.666666666669,1959.2533333333338,52.66662684818554,47.44835510990471
r569_svd_normalised_tr050_tid4_010,r569,4,10,False,207,circle,176.34249180095264,177.53509015949732,64.05024765683508,4.515288146031301,9.030576292062603,9.0305762920626,,2.9802322387695312e-08,1.0,63.888888888888886,False,circle,360.0,1.0,True,True,14.448922067300163,655.8745360059913,654.2222222222223,28.897844134600334,28.89784413460032
r569_svd_normalised_tr050_tid4_010,r569,4,10,False,208,ellipse,295.13590844062946,105.11731044349071,25.888888888888758,2.8706600766456107,6.173289630580541,5.339577287820868,-80.26993015720353,0.5018607192428616,1.0,25.77777777777778,False,ellipse,360.0,1.0,True,True,9.186112245265955,265.1022222222209,263.9644444444445,19.754526817857734,17.086647321026778
r569_svd_normalised_tr050_tid4_010,r569,4,10,False,209,circle,276.7221555298022,151.29324789509892,17.840542536219893,2.3830277094824623,4.766055418964925,4.766055418964925,,0.0,1.0,17.77777777777778,False,circle,360.0,1.0,True,True,7.62568867034388,182.68715557089175,182.04444444444448,15.25137734068776,15.25137734068776
r569_svd_normalised_tr050_tid4_010,r569,4,10,False,210,circle,183.21038601584354,27.53277077077607,20.80071658915323,2.5731447161080254,5.146289432216065,5.146289432216037,,1.0536712127723508e-07,1.0,20.555555555555557,False,circle,360.0,1.0,True,True,8.234063091545682,212.99933787292912,210.48888888888894,16.46812618309141,16.468126183091318
r569_svd_normalised_tr050_tid4_010,r569,4,10,False,211,ellipse,378.29272419627745,182.50930626057527,43.777777777777395,3.7329478246854193,7.9567605466753015,7.005312968804242,88.45802797129198,0.47418961243280516,1.0,43.666666666666664,False,ellipse,360.0,1.0,True,True,11.945433038993343,448.2844444444406,447.1466666666667,25.461633749360967,22.417001500173576
r569_svd_normalised_tr050_tid4_010,r569,4,10,False,212,circle,284.0187183358329,222.70182345555773,51.0864182036676,4.032531706502376,8.065063413004781,8.065063413004724,,1.1827430029502171e-07,1.0,51.111111111111114,False,circle,360.0,1.0,True,True,12.904101460807604,523.1249224055563,523.377777777778,25.8082029216153,25.80820292161512
r569_svd_normalised_tr050_tid4_010,r569,4,10,False,213,ellipse,119.31149287521639,145.1206552137435,278.1111111111115,9.408799930077452,23.71012361069849,14.934635951755384,-85.84897756485753,0.7766889322669098,1.0,277.8888888888889,False,ellipse,360.0,1.0,True,True,30.108159776247845,2847.8577777777823,2845.582222222223,75.87239555423517,47.79083504561723
r569_svd_normalised_tr050_tid4_010,r569,4,10,False,214,ellipse,314.5893807709762,161.1634609378041,20.693987115789245,2.566534761797647,5.427193799424907,4.854885177834415,64.58608449211187,0.4469719626341416,1.0,20.444444444444443,False,ellipse,360.0,1.0,True,True,8.21291123775247,211.9064280656819,209.35111111111112,17.3670201581597,15.53563256907013
r569_svd_normalised_tr050_tid4_010,r569,4,10,False,215,ellipse,220.49732620320856,240.8565062388592,41.5555555555555,3.63696908966698,7.545926774407732,7.011753256898664,-52.583004759366816,0.3695512494910406,1.0,41.77777777777778,False,ellipse,360.0,1.0,True,True,11.638301086934337,425.5288888888884,427.8044444444445,24.146965678104745,22.437610422075725
r569_svd_normalised_tr050_tid4_010,r569,4,10,False,216,ellipse,311.6740740740741,231.77777777777777,9.99999999999993,1.784124116152765,3.799776377949989,3.3508275700742085,-71.79334731977002,0.47153261234178956,1.0,9.88888888888889,False,ellipse,360.0,1.0,True,True,5.7091971716888485,102.39999999999931,101.26222222222225,12.159284409439966,10.722648224237467
r569_svd_normalised_tr050_tid4_010,r569,4,10,False,217,circle,313.1443298969072,243.61786941580755,53.888888888889014,4.141662237410627,8.28332447482126,8.28332447482125,,5.1619136559035694e-08,1.0,53.77777777777778,False,circle,360.0,1.0,True,True,13.253319159714009,551.8222222222236,550.6844444444446,26.506638319428035,26.506638319428
r569_svd_normalised_tr050_tid4_010,r569,4,10,False,218,circle,208.0753623188406,224.71594202898552,12.777777777777724,2.0167530810999637,4.033506162199927,4.033506162199927,,0.0,1.0,12.555555555555555,False,circle,360.0,1.0,True,True,6.453609859519884,130.84444444444392,128.56888888888892,12.907219719039768,12.907219719039768
r569_svd_normalised_tr050_tid4_010,r569,4,10,False,219,circle,321.5081821036242,221.30846109033382,12.276118728734517,1.9767675521725323,3.9535351043450646,3.9535351043450646,,0.0,1.0,12.0,False,circle,360.0,1.0,True,True,6.325656166952104,125.70745578224147,122.88000000000002,12.651312333904208,12.651312333904208
r569_svd_normalised_tr050_tid4_010,r569,4,10,False,220,ellipse,337.8805237315876,238.53627932351336,67.88888888888924,4.648623935678852,9.643038862220994,8.96385664482915,-62.81648140686826,0.3686516615163344,1.0,67.66666666666667,False,ellipse,360.0,1.0,True,True,14.875596594172329,695.182222222226,692.9066666666669,30.85772435910718,28.68434126345328
r569_svd_normalised_tr050_tid4_010,r569,4,10,False,221,ellipse,334.6149343872536,155.1827895934044,10.92101728066332,1.8644751989820492,3.9449170144145,3.5248069907854283,73.5027094209832,0.44905126884378715,1.0,10.666666666666666,False,ellipse,360.0,1.0,True,True,5.966320636742558,111.83121695399241,109.22666666666669,12.6237344461264,11.279382370513371
r569_svd_normalised_tr050_tid4_010,r569,4,10,False,222,circle,273.64890710382514,160.7235883424408,81.33333333333292,5.088143480315931,10.176286960631863,10.176286960631858,,3.332000937312528e-08,1.0,81.66666666666667,False,circle,360.0,1.0,True,True,16.28205913701098,832.8533333333293,836.2666666666669,32.564118274021965,32.56411827402194
r569_svd_normalised_tr050_tid4_010,r569,4,10,False,223,circle,337.7426738362148,128.601736415955,23.84991116344398,2.7552971723444593,5.510594344688926,5.510594344688911,,7.146345858741878e-08,1.0,23.77777777777778,False,circle,360.0,1.0,True,True,8.81695095150227,244.2230903136664,243.4844444444445,17.633901903004563,17.633901903004517
r569_svd_normalised_tr050_tid4_010,r569,4,10,False,224,circle,347.40904467999746,160.00255044219716,18.121692648119303,2.4017314429970082,4.803462885994046,4.803462885993988,,1.548574096771071e-07,1.0,18.0,False,circle,360.0,1.0,True,True,7.685540617590426,185.5661327167417,184.32000000000005,15.371081235180947,15.371081235180762
r569_svd_normalised_tr050_tid4_010,r569,4,10,False,225,circle,344.422090729783,154.4102564102564,18.777777777777768,2.4448215287069437,4.889643057413909,4.889643057413865,,1.3328003749250113e-07,1.0,18.88888888888889,False,circle,360.0,1.0,True,True,7.82342889186222,192.28444444444438,193.42222222222227,15.646857783724508,15.64685778372437
r569_svd_normalised_tr050_tid4_010,r569,4,10,False,226,ellipse,201.5994318181818,60.19507575757575,39.11111111111116,3.52837828560082,7.3544814628662785,6.771084209897474,-43.15658713214944,0.39033101109709417,1.0,39.111111111111114,False,ellipse,360.0,1.0,True,True,11.290810513922624,400.4977777777783,400.4977777777779,23.534340681172093,21.667469471671918
r569_svd_normalised_tr050_tid4_010,r569,4,10,False,227,ellipse,171.4169054189145,165.08022089301392,87.53162322278415,5.278463888815275,11.344624876326513,9.8239232515016,84.59379259620903,0.5001236604929543,1.0,87.55555555555556,False,ellipse,360.0,1.0,True,True,16.891084444208882,896.3238218013098,896.5688888888891,36.302799604244846,31.436554404805122
r569_svd_normalised_tr050_tid4_010,r569,4,10,False,228,ellipse,177.16899367377897,94.25023617379843,29.011505402220482,3.0388565255044915,6.684556594058875,5.5259605346501735,7.147445834345234,0.5626786639377465,1.0,28.77777777777778,False,ellipse,360.0,1.0,True,True,9.724340881614374,297.0778153187378,294.6844444444445,21.3905811009884,17.683073710880556
r569_svd_normalised_tr050_tid4_010,r569,4,10,False,229,ellipse,172.65897166841552,212.5547394193774,105.8888888888892,5.805642098024161,12.62902227771664,10.67556282003627,-31.93866390481176,0.5342606146788219,1.0,105.55555555555556,False,ellipse,360.0,1.0,True,True,18.578054713677314,1084.3022222222255,1080.8888888888891,40.41287128869325,34.161801024116066
r569_svd_normalised_tr050_tid4_010,r569,4,10,False,230,ellipse,204.91711693719793,37.70252246552679,14.13075307475972,2.120839079920496,4.499858256843376,3.9983111877602195,80.38215832776615,0.45879608950570006,1.0,14.11111111111111,False,ellipse,360.0,1.0,True,True,6.786685055745588,144.69891148553955,144.4977777777778,14.399546421898803,12.794595800832703
r569_svd_normalised_tr050_tid4_010,r569,4,10,False,231,ellipse,262.97203897454057,118.3847010958077,31.741017494577907,3.1785971223256344,6.6985863100464815,6.033201155237004,-83.20449978069246,0.4345083094118161,1.0,31.555555555555557,False,ellipse,360.0,1.0,True,True,10.171510791442032,325.0280191444778,323.128888888889,21.43547619214874,19.306243696758415
r569_svd_normalised_tr050_tid4_010,r569,4,10,False,232,ellipse,264.70443349753697,241.9326765188834,22.555555555555753,2.6794880708264257,5.559214106753504,5.165950570588064,-54.4465939883504,0.36942852324457615,1.0,22.666666666666668,False,ellipse,360.0,1.0,True,True,8.574361826644562,230.96888888889094,232.1066666666667,17.789485141611213,16.531041825881807
r569_svd_normalised_tr050_tid4_010,r569,4,10,False,233,circle,284.63837638376384,153.81549815498153,30.11111111111105,3.095910908060055,6.191821816120149,6.19182181612007,,1.597971513087095e-07,1.0,30.22222222222222,False,circle,360.0,1.0,True,True,9.906914905792178,308.3377777777772,309.4755555555556,19.81382981158448,19.813829811584228
r569_svd_normalised_tr050_tid4_010,r569,4,10,False,234,ellipse,296.3733115796046,213.30803079283828,17.392911926666184,2.3529419490888017,4.915357288975398,4.5053374477572135,71.09151550358871,0.3998423679753286,1.0,17.333333333333332,False,ellipse,360.0,1.0,True,True,7.529414237084166,178.10341812906177,177.49333333333337,15.729143324721273,14.417079832823084
r569_svd_normalised_tr050_tid4_010,r569,4,10,False,235,circle,228.44816159459108,199.3554154783483,14.65986924137991,2.1601808511541094,4.320361702308219,4.320361702308219,,0.0,1.0,14.666666666666666,False,circle,360.0,1.0,True,True,6.912578723693151,150.11706103173032,150.1866666666667,13.825157447386301,13.825157447386301
r569_svd_normalised_tr050_tid4_010,r569,4,10,False,236,ellipse,167.47808498898456,74.81698536193072,73.64506581410575,4.841689014929168,10.851167512158383,8.641264634803518,67.08994427140345,0.6048436720992348,1.0,73.66666666666667,False,ellipse,360.0,1.0,True,True,15.493404847773338,754.125473936443,754.3466666666668,34.72373603890683,27.65204683137126
r569_svd_normalised_tr050_tid4_010,r569,4,10,False,237,circle,316.30602409638556,169.86104417670677,92.2222222222225,5.418048085719791,10.836096171439605,10.83609617143956,,9.06402249678704e-08,1.0,92.44444444444444,False,circle,360.0,1.0,True,True,17.33775387430333,944.3555555555586,946.6311111111113,34.67550774860674,34.6755077486066
r569_svd_normalised_tr050_tid4_010,r569,4,10,False,238,ellipse,181.43606138107418,106.46845694799659,86.88888888888906,5.259048614802711,11.235646864939083,9.846372946862196,78.2924819358206,0.4816726296529937,1.0,87.0,False,ellipse,360.0,1.0,True,True,16.828955567368677,889.7422222222241,890.8800000000002,35.95406996780507,31.50839342995903
r569_svd_normalised_tr050_tid4_010,r569,4,10,False,239,circle,217.76092120783102,89.00469564244821,40.71127154516664,3.599833358912519,7.199666717825038,7.199666717825038,,0.0,1.0,40.44444444444444,False,circle,360.0,1.0,True,True,11.519466748520061,416.8834206225065,414.15111111111116,23.038933497040123,23.038933497040123
r569_svd_normalised_tr050_tid4_010,r569,4,10,False,240,ellipse,174.6609442060086,189.75965665236052,25.888888888888953,2.870660076645622,6.076538483024689,5.424594478365004,86.74350660991303,0.4506290729515395,1.0,25.88888888888889,False,ellipse,360.0,1.0,True,True,9.18611224526599,265.1022222222229,265.1022222222223,19.444923145679006,17.358702330768015
r569_svd_normalised_tr050_tid4_010,r569,4,10,False,241,ellipse,269.93617021276594,143.81323877068556,15.666666666666645,2.233126705663171,4.6664686541321005,4.274628420898315,-61.47151213567241,0.40110822288821885,1.0,15.444444444444445,False,ellipse,360.0,1.0,True,True,7.146005458122147,160.42666666666648,158.15111111111113,14.932699693222723,13.67881094687461
r569_svd_normalised_tr050_tid4_010,r569,4,10,False,242,circle,323.61217948717945,227.2051282051282,11.555555555555642,1.917875797250538,3.835751594501116,3.8357515945010356,,2.0485709734063626e-07,1.0,11.555555555555555,False,circle,360.0,1.0,True,True,6.137202551201722,118.32888888888981,118.32888888888891,12.274405102403572,12.274405102403314
r569_svd_normalised_tr050_tid4_010,r569,4,10,False,243,ellipse,171.62587284086732,55.71995589856671,100.77777777777793,5.663794044128004,11.874424766762106,10.805934133025616,34.766307433907826,0.4145698752274412,1.0,100.88888888888889,False,ellipse,360.0,1.0,True,True,18.124140941209614,1031.9644444444461,1033.1022222222223,37.99815925363874,34.57898922568197
r569_svd_normalised_tr050_tid4_010,r569,4,10,False,244,ellipse,241.6175449509181,172.09493803275768,916.7399074196838,17.082370315354318,42.28327820669089,27.60499071661127,74.44746663459773,0.7574800268510499,1.0,916.7777777777778,False,ellipse,360.0,1.0,True,True,54.66358500913382,9387.416651977564,9387.804444444448,135.30649026141086,88.33597029315607
r569_svd_normalised_tr050_tid4_010,r569,4,10,False,245,circle,295.7927170868347,124.70588235294116,13.22222222222231,2.051527248332903,4.1030544966658375,4.103054496665774,,1.7631291696726132e-07,1.0,13.444444444444445,False,circle,360.0,1.0,True,True,6.564887194665289,135.39555555555648,137.67111111111114,13.12977438933068,13.129774389330477
r569_svd_normalised_tr050_tid4_010,r569,4,10,False,246,circle,190.27884615384616,120.34935897435896,11.555555555555538,1.9178757972505291,3.8357515945010667,3.8357515945010503,,9.30577218293905e-08,1.0,11.444444444444445,False,circle,360.0,1.0,True,True,6.1372025512016934,118.32888888888873,117.19111111111114,12.274405102403414,12.274405102403362
r569_svd_normalised_tr050_tid4_010,r569,4,10,False,247,circle,179.284877829741,249.2288546639386,39.91596009790879,3.564497820967503,7.128995641935035,7.128995641934977,,1.2731557704981462e-07,1.0,21.77777777777778,True,circle,189.0,0.525,True,True,11.40639302709601,408.73943140258604,223.0044444444445,22.812786054192113,22.81278605419193
r569_svd_normalised_tr050_tid4_010,r569,4,10,False,248,circle,260.44646010712574,225.48685294597436,49.98589680908564,3.9888601284194904,7.977720256838982,7.977720256838981,,1.4901161193847656e-08,1.0,50.22222222222222,False,circle,360.0,1.0,True,True,12.76435241094237,511.85558332503706,514.2755555555557,25.528704821884745,25.52870482188474
r569_svd_normalised_tr050_tid4_010,r569,4,10,False,249,circle,281.9137017365116,97.83682646939377,15.53964165034908,2.224055207286795,4.448110414573619,4.448110414573562,,1.597971513087095e-07,1.0,15.555555555555555,False,circle,360.0,1.0,True,True,7.116976663317745,159.12593049957462,159.28888888888892,14.23395332663558,14.2339533266354
r569_svd_normalised_tr050_tid4_010,r569,4,10,False,250,ellipse,307.2166666666667,146.3466666666667,11.111111111111123,1.8806319451591886,3.951231337908947,3.58042970475624,85.5092803201481,0.4229448536065296,1.0,11.444444444444445,False,ellipse,360.0,1.0,True,True,6.018022224509404,113.77777777777793,117.19111111111114,12.64394028130863,11.45737505521997
r569_svd_normalised_tr050_tid4_010,r569,4,10,False,251,ellipse,245.09909630240128,162.73801072691248,41.263887623333716,3.6241831318083366,7.633496842362409,6.882666565075392,80.03366853127977,0.43248722393624545,1.0,41.55555555555556,False,ellipse,360.0,1.0,True,True,11.597386021786678,422.5422092629373,425.528888888889,24.42718989555971,22.024533008241256
r569_svd_normalised_tr050_tid4_010,r569,4,10,False,252,circle,266.7610280263463,182.34725442462323,51.889087933943,4.064087803484824,8.128175606969648,8.128175606969648,,0.0,1.0,51.77777777777778,False,circle,360.0,1.0,True,True,13.005080971151438,531.3442604435764,530.2044444444446,26.010161942302876,26.010161942302876
r569_svd_normalised_tr050_tid4_010,r569,4,10,False,253,circle,197.3787087755719,246.18517425414865,181.9970862014581,7.611272679031259,15.222545358062519,15.222545358062517,,1.4901161193847656e-08,1.0,139.66666666666666,True,circle,231.00000000000003,0.6416666666666667,True,True,24.356072572900032,1863.6501627029313,1430.186666666667,48.712145145800065,48.71214514580006
r569_svd_normalised_tr050_tid4_010,r569,4,10,False,254,ellipse,207.16317440152693,169.90272901705285,232.223504025212,8.597618108259187,18.475440023050467,16.003740542740605,-78.68065830825537,0.49966796938300556,1.0,232.22222222222223,False,ellipse,360.0,1.0,True,True,27.5123779464294,2377.9686812181712,2377.955555555556,59.1214080737615,51.21196973676994
r569_svd_normalised_tr050_tid4_010,r569,4,10,False,255,circle,300.7501249049016,247.7044140337889,42.29001455506337,3.6689684817034163,7.3379369634068325,7.3379369634068325,,0.0,1.0,33.666666666666664,True,circle,239.0,0.6638888888888889,True,True,11.740699141450932,433.04974904384903,344.7466666666667,23.481398282901864,23.481398282901864
r569_svd_normalised_tr050_tid4_010,r569,4,10,False,256,circle,318.69382716049387,208.44691358024693,14.999999999999984,2.185096861184157,4.37019372236834,4.370193722368288,,1.5341684432308377e-07,1.0,14.88888888888889,False,circle,360.0,1.0,True,True,6.9923099557893025,153.59999999999985,152.46222222222227,13.984619911578688,13.984619911578523
r569_svd_normalised_tr050_tid4_010,r569,4,10,False,257,circle,250.33684210526314,103.72280701754389,10.555555555555506,1.8330132807744608,3.666026561548922,3.6660265615489216,,1.4901161193847656e-08,1.0,10.555555555555555,False,circle,360.0,1.0,True,True,5.865642498478275,108.0888888888884,108.0888888888889,11.731284996956552,11.73128499695655
r569_svd_normalised_tr050_tid4_010,r569,4,10,False,258,circle,226.90269749518308,229.0481695568401,38.44444444444431,3.498177630640007,6.996355261280014,6.996355261280014,,0.0,1.0,38.44444444444444,False,circle,360.0,1.0,True,True,11.194168418048022,393.6711111111098,393.67111111111114,22.388336836096045,22.388336836096045
r569_svd_normalised_tr050_tid4_010,r569,4,10,False,259,circle,360.7170868347339,135.11764705882354,13.222222222222094,2.051527248332886,4.1030544966658,4.103054496665743,,1.666000468656264e-07,1.0,13.222222222222221,False,circle,360.0,1.0,True,True,6.564887194665236,135.39555555555427,135.39555555555557,13.129774389330562,13.129774389330379
r569_svd_normalised_tr050_tid4_010,r569,4,10,False,260,ellipse,317.8090049287038,169.20882169879886,135.6561475701277,6.571201784542829,14.11304444313011,12.238519638248055,-35.810892598273,0.4979985582761936,1.0,135.0,False,ellipse,360.0,1.0,True,True,21.027845710537054,1389.1189511181078,1382.4000000000003,45.16174221801636,39.16326284239378
r569_svd_normalised_tr050_tid4_010,r569,4,10,False,261,circle,204.93333333333334,47.06118143459915,87.77777777777803,5.285880669662397,10.571761339324802,10.571761339324787,,5.1619136559035694e-08,1.0,87.44444444444444,False,circle,360.0,1.0,True,True,16.91481814291967,898.8444444444472,895.4311111111112,33.82963628583936,33.82963628583932
r569_svd_normalised_tr050_tid4_010,r569,4,10,False,262,circle,337.66588200884127,70.56277402542868,20.62585749299615,2.5623064514297837,5.124612902859582,5.124612902859553,,1.0536712127723508e-07,1.0,20.555555555555557,False,circle,360.0,1.0,True,True,8.199380644575308,211.20878072828063,210.48888888888894,16.398761289150663,16.39876128915057
r569_svd_normalised_tr050_tid4_010,r569,4,10,False,263,ellipse,359.73556797020484,176.43947858473,39.777777777777736,3.558322626897194,7.513093051970735,6.741117049664285,-80.53718112663205,0.44152440118837505,1.0,39.666666666666664,False,ellipse,360.0,1.0,True,True,11.386632406071023,407.3244444444441,406.1866666666667,24.041897766306352,21.571574558925715
r569_svd_normalised_tr050_tid4_010,r569,4,10,False,264,circle,165.19118579127507,172.3698664753287,25.53758980973103,2.8511168523481842,5.7022337046963685,5.7022337046963685,,0.0,1.0,25.555555555555557,False,circle,360.0,1.0,True,True,9.12357392751419,261.5049196516458,261.688888888889,18.24714785502838,18.24714785502838
r569_svd_normalised_tr050_tid4_010,r569,4,10,False,265,ellipse,14.110104020182701,200.6205944787153,218.62929278208165,8.342173895448779,17.607094964565,15.80995966500176,5.121502065590079,0.4401358711354936,1.0,219.22222222222223,False,ellipse,360.0,1.0,True,True,26.694956465436093,2238.7639580885166,2244.835555555556,56.34270388660801,50.59187092800563
r569_svd_normalised_tr050_tid4_010,r569,4,10,False,266,circle,222.48457711442788,88.50746268656717,37.22222222222223,3.4421216304865405,6.884243260973101,6.884243260973062,,1.0536712127723508e-07,1.0,36.888888888888886,False,circle,360.0,1.0,True,True,11.014789217556931,381.1555555555557,377.74222222222227,22.029578435113923,22.0295784351138
r569_svd_normalised_tr050_tid4_010,r569,4,10,False,267,circle,266.8125,221.81845238095238,24.888888888888953,2.814672163763172,5.629344327526372,5.629344327526316,,1.4136482746161726e-07,1.0,24.22222222222222,False,circle,360.0,1.0,True,True,9.006950924042151,254.86222222222293,248.0355555555556,18.01390184808439,18.013901848084213
r569_svd_normalised_tr050_tid4_010,r569,4,10,False,268,circle,330.28373709016483,87.48039774618937,53.73956426247612,4.135920040807762,8.271840081615537,8.271840081615512,,7.742870483855355e-08,1.0,53.44444444444444,False,circle,360.0,1.0,True,True,13.23494413058484,550.2931380477556,547.2711111111112,26.469888261169718,26.46988826116964
r569_svd_normalised_tr050_tid4_010,r569,4,10,False,269,circle,191.48236331569663,59.53174603174603,41.99999999999987,3.6563663957157204,7.312732791431449,7.312732791431433,,6.664001874625056e-08,1.0,42.22222222222222,False,circle,360.0,1.0,True,True,11.700372466290306,430.0799999999988,432.3555555555556,23.400744932580636,23.400744932580587
r569_svd_normalised_tr050_tid4_010,r569,4,10,False,270,circle,185.27261904761903,148.9,31.111111111110887,3.146899146275421,6.293798292550842,6.293798292550841,,1.4901161193847656e-08,1.0,31.11111111111111,False,circle,360.0,1.0,True,True,10.070077268081349,318.57777777777557,318.57777777777784,20.140154536162697,20.140154536162694
r569_svd_normalised_tr050_tid4_010,r569,4,10,False,271,ellipse,246.21614845923054,106.27044382260189,10.619329713943246,1.8385422574946222,3.841886323901611,3.519352055331648,-89.00559727191734,0.4010687850959643,1.0,10.777777777777779,False,ellipse,360.0,1.0,True,True,5.883335223982791,108.74193627077887,110.36444444444447,12.294036236485155,11.261926577061274
r569_svd_normalised_tr050_tid4_010,r569,4,10,False,272,ellipse,183.54574132492115,98.26077812828602,35.222222222222264,3.3483699835435976,6.972194389892462,6.4321680777857235,-52.7633306718098,0.38588780577086174,1.0,35.111111111111114,False,ellipse,360.0,1.0,True,True,10.714783947339512,360.67555555555606,359.5377777777779,22.311022047655882,20.582937848914316
r569_svd_normalised_tr050_tid4_010,r569,4,10,False,273,circle,184.13471502590673,142.86960276338516,42.88888888888899,3.694855523666859,7.389711047333718,7.389711047333718,,0.0,1.0,42.888888888888886,False,circle,360.0,1.0,True,True,11.82353767573395,439.18222222222334,439.18222222222226,23.6470753514679,23.6470753514679
r569_svd_normalised_tr050_tid4_010,r569,4,10,False,274,ellipse,309.69042145593863,212.70804597701152,48.33333333333312,3.922368905676324,8.680152796495241,7.089726733118536,33.4339329503415,0.576957150052799,1.0,49.0,False,ellipse,360.0,1.0,True,True,12.551580498164236,494.9333333333313,501.7600000000001,27.776488948784774,22.687125545979317
r569_svd_normalised_tr050_tid4_010,r569,4,10,False,275,circle,265.2356225572306,213.0396426577331,66.33333333333314,4.59505775627736,9.190115512554758,9.19011551255468,,1.3075715880680267e-07,1.0,66.33333333333333,False,circle,360.0,1.0,True,True,14.704184820087551,679.2533333333315,679.2533333333334,29.408369640175227,29.40836964017498
r569_svd_normalised_tr050_tid4_010,r569,4,10,False,276,ellipse,222.78571428571428,98.6309523809524,15.555555555555584,2.225193726041517,4.759566910538646,4.1612921608064255,89.00797002654113,0.485384875439118,1.0,15.555555555555555,False,ellipse,360.0,1.0,True,True,7.120619923332855,159.2888888888892,159.28888888888892,15.230614113723668,13.316134914580562
r569_svd_normalised_tr050_tid4_010,r569,4,10,False,277,ellipse,171.71464267866065,53.715142428785605,148.22222222222234,6.868813484544774,16.01539909557254,11.783808421859986,5.024107067655024,0.677220767879608,1.0,147.88888888888889,False,ellipse,360.0,1.0,True,True,21.98020315054328,1517.795555555557,1514.3822222222225,51.249277105832135,37.70818694995196
r569_svd_normalised_tr050_tid4_010,r569,4,10,False,278,circle,171.07409366091292,207.88222702759543,41.218657534258384,3.6221963210707444,7.244392642141489,7.244392642141488,,1.4901161193847656e-08,1.0,41.55555555555556,False,circle,360.0,1.0,True,True,11.591028227426383,422.0790531508059,425.528888888889,23.182056454852766,23.182056454852763
r569_svd_normalised_tr050_tid4_010,r569,4,10,False,279,ellipse,236.8624483180545,49.314216927130154,31.19380083547367,3.1510784175547677,6.699615598848207,5.928277553886224,85.61077009148886,0.4658412479971369,1.0,30.88888888888889,False,ellipse,360.0,1.0,True,True,10.083450936175257,319.42452055525047,316.30222222222227,21.438769916314264,18.970488172435918
r569_svd_normalised_tr050_tid4_010,r569,4,10,False,280,circle,253.8584634191236,247.67410563947928,209.21986713099633,8.16068331047439,16.321366620948794,16.321366620948766,,5.960464477539063e-08,1.0,133.88888888888889,True,circle,205.0,0.5694444444444444,True,True,26.11418659351805,2142.411439421403,1371.0222222222224,52.22837318703614,52.228373187036055
r569_svd_normalised_tr050_tid4_010,r569,4,10,False,281,ellipse,194.19293924466336,81.88916256157636,45.11111111111117,3.789368369979637,7.964185957423602,7.211942423327011,-12.82498542994415,0.42424656602876176,1.0,45.55555555555556,False,ellipse,360.0,1.0,True,True,12.12597878393484,461.9377777777785,466.488888888889,25.48539506375553,23.078215754646436
r569_svd_normalised_tr050_tid4_010,r569,4,10,False,282,circle,317.51724137931035,75.06513409961686,9.66666666666667,1.7541367011847484,3.5082734023695066,3.5082734023694866,,1.0641557616804317e-07,1.0,9.666666666666666,False,circle,360.0,1.0,True,True,5.613237443791196,98.98666666666672,98.98666666666668,11.226474887582421,11.226474887582357
r569_svd_normalised_tr050_tid4_010,r569,4,10,False,283,ellipse,225.04259555038502,233.7373141188519,75.66663399273598,4.9076916828727475,10.355116244796227,9.303782626773325,32.458793669139936,0.43903070156694207,1.0,75.88888888888889,False,ellipse,360.0,1.0,True,True,15.704613385192793,774.8263320856166,777.1022222222224,33.13637198334793,29.77210440567464
r569_svd_normalised_tr050_tid4_010,r569,4,10,False,284,circle,346.85460992907804,191.43498817966903,31.333333333333254,3.1581180736464054,6.316236147292812,6.316236147292811,,1.4901161193847656e-08,1.0,31.444444444444443,False,circle,360.0,1.0,True,True,10.105977835668497,320.85333333333256,321.99111111111114,20.211955671336998,20.211955671336995
r569_svd_normalised_tr050_tid4_010,r569,4,10,False,285,ellipse,268.22851669859773,59.336448579536814,13.44004933668235,2.0683569746694817,4.447731386741087,3.8474450929452484,-78.65074283679749,0.5017108322414525,1.0,13.333333333333334,False,ellipse,360.0,1.0,True,True,6.618742318942342,137.6261052076273,136.53333333333336,14.23274043757148,12.311824297424796
r569_svd_normalised_tr050_tid4_010,r569,4,10,False,286,ellipse,296.88110403397025,245.2675159235669,17.444444444444574,2.3564250732095453,4.92900238570149,4.506176861880624,-8.139012046252333,0.4052253882514995,1.0,17.77777777777778,False,ellipse,360.0,1.0,True,True,7.540560234270545,178.6311111111125,182.04444444444448,15.772807634244769,14.419765958017997
r569_svd_normalised_tr050_tid4_010,r569,4,10,False,287,circle,368.63847429519075,176.5240464344942,22.333333333333332,2.6662559500989382,5.3325119001979,5.3325119001978525,,1.3328003749250113e-07,1.0,22.11111111111111,False,circle,360.0,1.0,True,True,8.532019040316603,228.69333333333336,226.41777777777781,17.064038080633278,17.06403808063313
r569_svd_normalised_tr050_tid4_010,r569,4,10,False,288,ellipse,199.13194444444443,192.46924603174597,74.66666666666688,4.875155194287642,10.265677255411758,9.260816437945369,-45.902020626413076,0.43149670383845545,1.0,75.0,False,ellipse,360.0,1.0,True,True,15.600496621720456,764.5866666666691,768.0000000000001,32.850167217317626,29.634612601425182
r569_svd_normalised_tr050_tid4_010,r569,4,10,False,289,ellipse,355.2912550866404,133.20576387917802,57.46183046518769,4.276759136926718,8.933686721593523,8.189527699052164,20.69345608438769,0.3995717764094993,1.0,57.55555555555556,False,ellipse,360.0,1.0,True,True,13.685629238165498,588.4091439635221,589.368888888889,28.587797509099275,26.206488636966924
r569_svd_normalised_tr050_tid4_010,r569,4,10,False,290,circle,249.34424982740012,248.8483533858398,42.088817264504335,3.660230407102091,7.320460814204182,7.320460814204182,,0.0,1.0,25.555555555555557,True,circle,201.0,0.5583333333333333,True,True,11.712737302726692,430.98948878852445,261.688888888889,23.425474605453385,23.425474605453385
r569_svd_normalised_tr050_tid4_010,r569,4,10,False,291,circle,147.4432692115531,115.08097753055182,24.067328937722323,2.7678274395117635,5.5356548790235385,5.535654879023515,,9.18569267238524e-08,1.0,24.0,False,circle,360.0,1.0,True,True,8.857047806437643,246.44944832227662,245.76000000000005,17.714095612875322,17.71409561287525
r569_svd_normalised_tr050_tid4_010,r569,4,10,False,292,circle,208.01699387147664,39.477019732383695,14.138731687549726,2.1214377375372364,4.242875475074473,4.242875475074472,,2.1073424255447017e-08,1.0,14.222222222222221,False,circle,360.0,1.0,True,True,6.788600760119157,144.7806124805092,145.63555555555558,13.577201520238313,13.577201520238312
r569_svd_normalised_tr050_tid4_010,r569,4,10,False,293,ellipse,155.04598174416122,164.71085486030853,26.29910443564832,2.8933138335906188,6.20500610157258,5.3964587964065025,87.76938751728034,0.4935906442384546,1.0,26.444444444444443,False,ellipse,360.0,1.0,True,True,9.25860426748998,269.30282942103884,270.79111111111115,19.856019525032256,17.268668148500808
r569_svd_normalised_tr050_tid4_010,r569,4,10,False,294,ellipse,272.11011904761904,233.97321428571428,12.44444444444443,1.9902737738139478,4.16978716934527,3.799896286172889,79.36258259820187,0.41175934183150786,1.0,12.333333333333334,False,ellipse,360.0,1.0,True,True,6.368876076204633,127.431111111111,126.29333333333336,13.343318941904863,12.159668115753245
r569_svd_normalised_tr050_tid4_010,r569,4,10,False,295,ellipse,209.54779494067606,142.5603313185583,165.4444444444442,7.256900321821399,19.134204670735613,11.009101906680275,-82.42819129591624,0.8178985936864208,1.0,165.77777777777777,False,ellipse,360.0,1.0,True,True,23.222081029828477,1694.151111111109,1697.5644444444447,61.22945494635397,35.229126101376885
r569_svd_normalised_tr050_tid4_010,r569,4,10,False,296,circle,372.79233502720564,180.79435889980013,14.554134819046444,2.1523765929210015,4.304753185842003,4.304753185842003,,0.0,1.0,14.333333333333334,False,circle,360.0,1.0,True,True,6.887605097347205,149.0343405470356,146.77333333333337,13.77521019469441,13.77521019469441
r569_svd_normalised_tr050_tid4_010,r569,4,10,False,297,circle,209.86395111599222,149.3457938534138,13.15628584676249,2.0464055928589486,4.092811185717897,4.092811185717896,,2.1073424255447017e-08,1.0,13.333333333333334,False,circle,360.0,1.0,True,True,6.548497897148636,134.7203670708479,136.53333333333336,13.096995794297271,13.09699579429727
r569_svd_normalised_tr050_tid4_010,r569,4,10,False,298,circle,240.9599644013,248.8388596364424,63.46087726101851,4.494465999212622,8.988931998425244,8.988931998425244,,0.0,1.0,37.55555555555556,True,circle,197.00000000000003,0.5472222222222223,True,True,14.382291197480392,649.8393831528297,384.568888888889,28.764582394960783,28.764582394960783
r569_svd_normalised_tr050_tid4_010,r569,4,10,False,299,circle,296.72847682119203,163.2693156732892,16.777777777777825,2.3109592239720267,4.621918447944079,4.621918447944028,,1.4901161193847656e-07,1.0,16.666666666666668,False,circle,360.0,1.0,True,True,7.395069516710485,171.80444444444495,170.6666666666667,14.790139033421054,14.790139033420889
r569_svd_normalised_tr050_tid4_010,r569,4,10,False,300,ellipse,322.36427566807316,91.79465541490859,26.33333333333348,2.8951960790546125,6.125511506742539,5.473606784965925,-85.73434689011654,0.4489130101635618,1.0,26.22222222222222,False,ellipse,360.0,1.0,True,True,9.26462745297476,269.6533333333349,268.5155555555556,19.601636821576125,17.51554171189096
r569_svd_normalised_tr050_tid4_010,r569,4,10,False,301,ellipse,172.33156966490301,198.28218694885368,20.99999999999989,2.5854414729131987,5.362480093590257,4.986131411732064,69.48180930134293,0.36801926054336964,1.0,20.77777777777778,False,ellipse,360.0,1.0,True,True,8.273412713322235,215.0399999999989,212.7644444444445,17.159936299488823,15.955620517542606
r569_svd_normalised_tr050_tid4_010,r569,4,10,False,302,ellipse,343.41894353369764,126.59380692167579,40.66666666666686,3.597860758581533,7.867464657970258,6.581333428693399,58.61962594157063,0.5479282625468298,1.0,41.0,False,ellipse,360.0,1.0,True,True,11.513154427460906,416.4266666666688,419.8400000000001,25.175886905504825,21.060266971818876
r569_svd_normalised_tr050_tid4_010,r569,4,10,False,303,circle,196.46433465613538,145.17962533640394,17.417496985953772,2.3546043156346803,4.7092086312693615,4.709208631269361,,2.1073424255447017e-08,1.0,17.555555555555557,False,circle,360.0,1.0,True,True,7.5347338100309775,178.35516913616667,179.76888888888894,15.069467620061957,15.069467620061955
r569_svd_normalised_tr050_tid4_010,r569,4,10,False,304,ellipse,172.1186296058092,117.87371246738753,58.93175783982173,4.331115460317857,9.622678715119953,7.797646242154737,14.994680172216135,0.5859592824259029,1.0,59.22222222222222,False,ellipse,360.0,1.0,True,True,13.859569473017144,603.4612002797746,606.4355555555557,30.79257188838385,24.952467974895157
r569_svd_normalised_tr050_tid4_010,r569,4,10,False,305,circle,202.34684991942686,60.002780051083704,28.764829265872603,3.0259097028358397,6.051819405671694,6.051819405671665,,9.657056180250437e-08,1.0,28.77777777777778,False,circle,360.0,1.0,True,True,9.682911049074688,294.5518516825355,294.6844444444445,19.365822098149422,19.36582209814933
r569_svd_normalised_tr050_tid4_010,r569,4,10,False,306,circle,210.04044978891872,206.6536848800035,59.41133666226806,4.348702773355914,8.697405546711828,8.697405546711828,,0.0,1.0,59.44444444444444,False,circle,360.0,1.0,True,True,13.915848874738925,608.3720874216251,608.7111111111112,27.83169774947785,27.83169774947785
r569_svd_normalised_tr050_tid4_010,r569,4,10,False,307,ellipse,199.95899236927536,74.5210528024347,122.33103344774688,6.240126387622113,13.994010476989386,11.13024101204618,71.30909389051942,0.6061406331777907,1.0,122.44444444444444,False,ellipse,360.0,1.0,True,True,19.968404440390763,1252.6697825049282,1253.8311111111113,44.78083352636604,35.61677123854778
r569_svd_normalised_tr050_tid4_010,r569,4,10,False,308,ellipse,266.2572178477691,157.99475065616804,14.11111111111091,2.119364567908159,4.546352612388418,3.9519206314662236,-78.49162748085979,0.49437137055844954,1.0,13.88888888888889,False,ellipse,360.0,1.0,True,True,6.78196661730611,144.49777777777575,142.22222222222226,14.548328359642937,12.646146020691916
r569_svd_normalised_tr050_tid4_010,r569,4,10,False,309,circle,217.7959401709402,164.64423076923077,34.66666666666665,3.3218583234445855,6.643716646889171,6.64371664688917,,1.4901161193847656e-08,1.0,34.666666666666664,False,circle,360.0,1.0,True,True,10.629946635022675,354.98666666666657,354.98666666666674,21.25989327004535,21.259893270045346
r569_svd_normalised_tr050_tid4_010,r569,4,10,False,310,circle,214.28801966796772,222.1304642575965,61.32857718649131,4.418313300802227,8.836626601604454,8.836626601604454,,0.0,1.0,61.22222222222222,False,circle,360.0,1.0,True,True,14.138602562567128,628.0046303896711,626.9155555555557,28.277205125134255,28.277205125134255
r569_svd_normalised_tr050_tid4_010,r569,4,10,False,311,circle,198.36308679107736,124.93179401353083,16.500267878759356,2.291767525402598,4.58353505080521,4.583535050805182,,1.1151007970493857e-07,1.0,16.22222222222222,False,circle,360.0,1.0,True,True,7.333656081288314,168.96274307849583,166.11555555555557,14.667312162576673,14.667312162576582
r569_svd_normalised_tr050_tid4_010,r569,4,10,False,312,circle,177.4517279046142,121.48157385068735,52.61094052880593,4.09225884955319,8.18451769910638,8.18451769910638,,0.0,1.0,52.666666666666664,False,circle,360.0,1.0,True,True,13.095228318570207,538.7360310149728,539.3066666666667,26.190456637140414,26.190456637140414
r569_svd_normalised_tr050_tid4_010,r569,4,10,False,313,ellipse,336.8747195540069,239.79541641227277,46.76094492420793,3.858039794594028,8.207721072170946,7.253887370582481,66.36167390317149,0.4678871068193003,1.0,46.77777777777778,False,ellipse,360.0,1.0,True,True,12.34572734270089,478.8320760238893,479.0044444444446,26.264707430947027,23.21243958586394
r569_svd_normalised_tr050_tid4_010,r569,4,10,False,314,ellipse,252.34916201117318,57.397811918063304,159.1111111111112,7.1166452537943945,16.6629032656189,12.157938832389457,-81.73341451936483,0.6838303048401401,1.0,159.0,False,ellipse,360.0,1.0,True,True,22.773264812142063,1629.297777777779,1628.1600000000003,53.32129044998049,38.90540426364626
r569_svd_normalised_tr050_tid4_010,r569,4,10,False,315,ellipse,243.20118662351672,157.9913700107875,68.66666666666646,4.675176879144456,10.392016256881753,8.413104179590816,3.973468795749568,0.5870180989636133,1.0,68.88888888888889,False,ellipse,360.0,1.0,True,True,14.96056601326226,703.1466666666647,705.4222222222223,33.25445202202161,26.92193337469061
r569_svd_normalised_tr050_tid4_010,r569,4,10,False,316,circle,248.24409229055107,222.04473055050065,58.58157939113248,4.318228325188246,8.636456650376491,8.63645665037649,,2.1073424255447017e-08,1.0,58.666666666666664,False,circle,360.0,1.0,True,True,13.818330640602387,599.8753729651967,600.7466666666668,27.636661281204773,27.636661281204766
r569_svd_normalised_tr050_tid4_010,r569,4,10,False,317,ellipse,322.2009803921569,236.8627450980392,7.555555555555548,1.5508088305604253,3.477573335821704,2.7663060378002617,89.37236271959199,0.605992676464852,1.0,7.555555555555555,False,ellipse,360.0,1.0,True,True,4.962588257793361,77.36888888888883,77.3688888888889,11.128234674629454,8.852179320960838
r569_svd_normalised_tr050_tid4_010,r569,4,10,False,318,ellipse,188.87382297551792,195.14312617702444,19.666666666666547,2.502018071134015,5.284976386768012,4.738030197413611,57.56274633169542,0.4430250232561563,1.0,19.555555555555557,False,ellipse,360.0,1.0,True,True,8.006457827628848,201.3866666666655,200.24888888888896,16.91192443765764,15.161696631723556
r569_svd_normalised_tr050_tid4_010,r569,4,10,False,319,circle,340.3130285287313,178.35178487956497,12.355668722049687,1.983161996570189,3.9663239931404064,3.9663239931403496,,1.6924465733171325e-07,1.0,12.333333333333334,False,circle,360.0,1.0,True,True,6.346118389024605,126.52204771378882,126.29333333333336,12.6922367780493,12.69223677804912
r569_svd_normalised_tr050_tid4_010,r569,4,10,False,320,ellipse,215.6023491724506,64.4872753158925,1040.555555555555,18.19942637713617,44.8232575425331,29.55779107687599,89.45974691153873,0.7517661597015906,1.0,1039.4444444444443,False,ellipse,360.0,1.0,True,True,58.23816440683575,10655.288888888885,10643.911111111112,143.43442413610592,94.58493144600317
r569_svd_normalised_tr050_tid4_010,r569,4,10,False,321,circle,327.6048575280622,194.17856099777254,16.03832617513264,2.259459621100802,4.518919242201605,4.518919242201604,,2.1073424255447017e-08,1.0,16.0,False,circle,360.0,1.0,True,True,7.230270787522567,164.23246003335825,163.84000000000003,14.460541575045136,14.460541575045134
r569_svd_normalised_tr050_tid4_010,r569,4,10,False,322,ellipse,329.69019607843137,239.89803921568617,9.444444444444521,1.73385698262004,3.6681127622650886,3.278263489723124,-85.54014643374626,0.4486264115195259,1.0,9.555555555555555,False,ellipse,360.0,1.0,True,True,5.548342344384128,96.71111111111192,97.84888888888891,11.737960839248284,10.490443167113998
r569_svd_normalised_tr050_tid4_010,r569,4,10,False,323,ellipse,352.5606016708157,202.45769816420747,15.423235622956,2.2157094520105542,4.662103242139754,4.212148998635792,83.80878756570613,0.4286157974130037,1.0,15.444444444444445,False,ellipse,360.0,1.0,True,True,7.090270246433774,157.93393277906947,158.15111111111113,14.918730374847213,13.478876795634534
r569_svd_normalised_tr050_tid4_010,r569,4,10,False,324,circle,331.3809523809524,244.7380952380953,14.000000000000083,2.1110041228223824,4.222008245644793,4.222008245644736,,1.6391277313232422e-07,1.0,14.222222222222221,False,circle,360.0,1.0,True,True,6.755213193031624,143.3600000000009,145.63555555555558,13.510426386063338,13.510426386063157
r569_svd_normalised_tr050_tid4_010,r569,4,10,False,325,ellipse,181.92106549364615,169.08088954056694,151.55555555555557,6.945619600828285,15.054791230615828,12.817615575114608,-59.81295919830541,0.5245205899475349,1.0,151.55555555555554,False,ellipse,360.0,1.0,True,True,22.225982722650514,1551.9288888888893,1551.928888888889,48.175331937970654,41.01636984036675
r569_svd_normalised_tr050_tid4_010,r569,4,10,False,326,ellipse,126.1081081081081,48.617117117117104,16.44444444444444,2.2878875058592323,4.9014422441265495,4.27174613410104,60.539801515090886,0.4903450232346186,1.0,16.22222222222222,False,ellipse,360.0,1.0,True,True,7.321240018749544,168.3911111111111,166.11555555555557,15.68461518120496,13.669587629123328
r569_svd_normalised_tr050_tid4_010,r569,4,10,False,327,ellipse,3.250350762510125,235.49681350487936,77.49799505650985,4.966727089936553,11.480464370891154,8.594905986017977,-0.3351678700131515,0.6629599009067291,1.0,75.11111111111111,True,ellipse,302.0,0.8388888888888889,True,True,15.893526687796971,793.579469378661,769.137777777778,36.737485986851695,27.50369915525753
r569_svd_normalised_tr050_tid4_010,r569,4,10,False,328,circle,172.07488584474885,147.9963470319635,40.55555555555573,3.5929422863454605,7.185884572690921,7.18588457269092,,1.4901161193847656e-08,1.0,40.333333333333336,False,circle,360.0,1.0,True,True,11.497415316305474,415.2888888888907,413.01333333333343,22.99483063261095,22.994830632610945
r569_svd_normalised_tr050_tid4_010,r569,4,10,False,329,ellipse,176.2680652680653,194.80186480186478,15.888888888888934,2.2489087162019565,4.822802331217595,4.1947316655064,-49.9641429311508,0.49345628745727566,1.0,16.11111111111111,False,ellipse,360.0,1.0,True,True,7.196507891846261,162.7022222222227,164.97777777777782,15.432967459896304,13.423141329620481
r569_svd_normalised_tr050_tid4_010,r569,4,10,False,330,ellipse,277.50302530253026,183.41446644664467,134.66666666666654,6.547192630388777,15.269089690525712,11.229413726219653,77.27825491401597,0.6775959355384833,1.0,134.55555555555554,False,ellipse,360.0,1.0,True,True,20.951016417244087,1378.9866666666658,1377.848888888889,48.86108700968228,35.93412392390289
r569_svd_normalised_tr050_tid4_010,r569,4,10,False,331,ellipse,235.95283018867926,163.22327044025158,70.66666666666652,4.742773305108994,10.06754339380415,8.937194603997582,67.42124597626608,0.4603770545249906,1.0,70.44444444444444,False,ellipse,360.0,1.0,True,True,15.17687457634878,723.6266666666653,721.3511111111112,32.21613886017328,28.599022732792264
r569_svd_normalised_tr050_tid4_010,r569,4,10,False,332,circle,236.83307223339264,226.63510416037215,66.0383949726389,4.58483085702198,9.16966171404396,9.16966171404396,,0.0,1.0,65.77777777777777,False,circle,360.0,1.0,True,True,14.671458742470335,676.2331645198225,673.5644444444445,29.34291748494067,29.34291748494067
r569_svd_normalised_tr050_tid4_010,r569,4,10,False,333,ellipse,261.46666666666664,239.98333333333335,28.888888888888737,3.032427894311479,6.292753125766618,5.845211944861154,-45.57495859620613,0.37038104219276113,1.0,28.77777777777778,False,ellipse,360.0,1.0,True,True,9.703769261796733,295.8222222222207,294.6844444444445,20.136810002453178,18.704678223555693
r569_svd_normalised_tr050_tid4_010,r569,4,10,False,334,circle,53.158767123013774,245.3576466909948,70.50920076843144,4.737486218608922,9.474972437217843,9.474972437217843,,0.0,1.0,68.77777777777777,True,circle,301.0,0.8361111111111111,True,True,15.15995589954855,722.0142158687381,704.2844444444445,30.3199117990971,30.3199117990971
r569_svd_normalised_tr050_tid4_010,r569,4,10,False,335,ellipse,199.75864197530862,60.42098765432098,59.999999999999936,4.370193722368314,9.426952173464786,8.103825210776652,-81.45277569281095,0.5108931073326998,1.0,59.888888888888886,False,ellipse,360.0,1.0,True,True,13.984619911578605,614.3999999999994,613.2622222222224,30.166246955087317,25.932240674485286
r569_svd_normalised_tr050_tid4_010,r569,4,10,False,336,ellipse,311.51833592732646,215.90086146062836,18.760591020809503,2.4437024353579795,5.2362188298497205,4.561827369423296,-55.42261645693583,0.4909169015769731,1.0,18.555555555555557,False,ellipse,360.0,1.0,True,True,7.819847793145534,192.10845205308934,190.00888888888895,16.755900255519105,14.597847582154547
r569_svd_normalised_tr050_tid4_010,r569,4,10,False,337,ellipse,311.47192353643965,189.72640382317803,30.999999999999762,3.141274657157097,6.776657028533335,5.824468572129035,-87.86560338000601,0.511152653923474,1.0,30.88888888888889,False,ellipse,360.0,1.0,True,True,10.05207890290271,317.4399999999976,316.30222222222227,21.685302491306672,18.638299430812914
r569_svd_normalised_tr050_tid4_010,r569,4,10,False,338,circle,271.2607002994055,248.9209911241908,35.00315599618241,3.337941072160845,6.67588214432169,6.67588214432169,,0.0,1.0,21.666666666666668,True,circle,199.0,0.5527777777777778,True,True,10.681411430914705,358.43231740090795,221.86666666666673,21.36282286182941,21.36282286182941
r569_svd_normalised_tr050_tid4_010,r569,4,10,False,339,ellipse,286.48975791433895,107.94785847299815,19.88888888888881,2.516114059128532,5.243378343801006,4.829580887313915,20.254438303820052,0.38936889128051416,1.0,19.666666666666668,False,ellipse,360.0,1.0,True,True,8.051564989211302,203.66222222222146,201.3866666666667,16.77881070016322,15.454658839404528
r569_svd_normalised_tr050_tid4_010,r569,4,10,False,340,circle,350.11779571956873,248.02991167701842,17.918444394664835,2.3882248629172977,4.7764497258345955,4.7764497258345955,,0.0,1.0,15.555555555555555,True,circle,255.0,0.7083333333333334,True,True,7.642319561335353,183.48487060136796,159.28888888888892,15.284639122670706,15.284639122670706
r569_svd_normalised_tr050_tid4_010,r569,4,10,False,341,ellipse,273.099173553719,174.50413223140495,13.444444444444184,2.0686951396750866,4.355279946113759,3.9304013830237907,-37.2094292382688,0.4308047144880735,1.0,13.444444444444445,False,ellipse,360.0,1.0,True,True,6.619824446960277,137.67111111110847,137.67111111111114,13.93689582756403,12.577284425676131
r569_svd_normalised_tr050_tid4_010,r569,4,10,False,342,ellipse,183.8253968253968,203.82086167800452,16.33333333333334,2.28014505554696,4.980625126328665,4.175428860808562,-79.06842622145734,0.5451564981862013,1.0,16.0,False,ellipse,360.0,1.0,True,True,7.296464177750273,167.25333333333342,163.84000000000003,15.938000404251728,13.3613723545874
r569_svd_normalised_tr050_tid4_010,r569,4,10,False,343,circle,208.2158273381295,63.570743405275785,15.444444444444398,2.217232363394278,4.434464726788561,4.43446472678855,,6.989264130329236e-08,1.0,15.333333333333334,False,circle,360.0,1.0,True,True,7.09514356286169,158.15111111111068,157.01333333333338,14.190287125723396,14.190287125723362
r569_svd_normalised_tr050_tid4_010,r569,4,10,False,344,circle,155.60520094562648,173.90307328605203,15.66666666666663,2.23312670566317,4.46625341132634,4.46625341132634,,0.0,1.0,15.444444444444445,False,circle,360.0,1.0,True,True,7.146005458122144,160.42666666666634,158.15111111111113,14.292010916244289,14.292010916244289
r569_svd_normalised_tr050_tid4_010,r569,4,10,False,345,ellipse,178.94990366088632,196.0038535645472,38.44444444444435,3.4981776306400088,7.754487981869589,6.312342872474101,87.36602463621693,0.5808305971838179,1.0,38.44444444444444,False,ellipse,360.0,1.0,True,True,11.19416841804803,393.67111111111024,393.67111111111114,24.814361541982688,20.199497191917125
r569_svd_normalised_tr050_tid4_010,r569,4,10,False,346,ellipse,7.380455755782538,241.5065880109859,142.65221963303014,6.738517032348804,14.21660255003042,12.775939015094089,66.52661912953312,0.4386391074347217,1.0,142.33333333333334,False,ellipse,360.0,1.0,True,True,21.563254503516177,1460.7587290422289,1457.4933333333338,45.49312816009734,40.883004848301084
r569_svd_normalised_tr050_tid4_010,r569,4,10,False,347,ellipse,6.359895883128239,221.35337197096888,161.19943621431324,7.1631958087343435,14.876560197758536,13.796569505899729,-34.664311748424296,0.37406324055304807,1.0,160.66666666666666,True,ellipse,332.0,0.9222222222222223,True,True,22.9222265879499,1650.682226834568,1645.226666666667,47.60499263282732,44.149022418879134
r569_svd_normalised_tr050_tid4_010,r569,4,10,False,348,circle,186.31547619047618,123.75476190476189,31.11111111111102,3.146899146275427,6.293798292550865,6.293798292550845,,8.024520884654677e-08,1.0,31.22222222222222,False,circle,360.0,1.0,True,True,10.070077268081368,318.5777777777769,319.7155555555556,20.14015453616277,20.140154536162704
r569_svd_normalised_tr050_tid4_010,r569,4,10,False,349,circle,253.52759181922792,70.11601637407388,11.995695153899229,1.9540594563966351,3.908118912793281,3.908118912793259,,1.0536712127723508e-07,1.0,12.222222222222221,False,circle,360.0,1.0,True,True,6.2529902604692325,122.83591837592813,125.15555555555557,12.5059805209385,12.50598052093843
r569_svd_normalised_tr050_tid4_010,r569,4,10,False,350,ellipse,200.44342031740607,201.0276489755028,153.99878122329457,7.001380901195804,15.722339119299518,12.47125740048618,59.461737575677404,0.6089365238036233,1.0,153.66666666666666,False,ellipse,360.0,1.0,True,True,22.404418883826576,1576.9475197265367,1573.5466666666669,50.31148518175846,39.90802368155578
r569_svd_normalised_tr050_tid4_010,r569,4,10,False,351,circle,284.9144736842105,114.24342105263158,16.88888888888883,2.3185987794340117,4.637197558868036,4.637197558868012,,1.021572142899192e-07,1.0,17.0,False,circle,360.0,1.0,True,True,7.419516094188838,172.94222222222163,174.08000000000004,14.839032188377715,14.839032188377638
r569_svd_normalised_tr050_tid4_010,r569,4,10,False,352,ellipse,175.93374741200824,226.6024844720497,17.888888888888857,2.386254426119874,5.116690715648687,4.451478897297223,-76.89327829092153,0.49306621382021415,1.0,17.88888888888889,False,ellipse,360.0,1.0,True,True,7.636014163583598,183.18222222222192,183.18222222222226,16.3734102900758,14.244732471351114
r569_svd_normalised_tr050_tid4_010,r569,4,10,False,353,ellipse,253.42587696104357,54.75251189846642,210.11111111111106,8.178046457665031,18.301378131612495,14.617575437819745,-45.62502359348218,0.6017102324751715,1.0,210.11111111111111,False,ellipse,360.0,1.0,True,True,26.1697486645281,2151.5377777777776,2151.537777777778,58.564410021159986,46.776241401023185
r569_svd_normalised_tr050_tid4_010,r569,4,10,False,354,ellipse,177.815873015873,105.74285714285712,23.333333333333478,2.725294603822095,6.2009110337154345,4.791057725059225,-11.167139630747215,0.634847196647562,1.0,23.333333333333332,False,ellipse,360.0,1.0,True,True,8.720942732230704,238.93333333333487,238.93333333333337,19.842915307889392,15.331384720189519
r569_svd_normalised_tr050_tid4_010,r569,4,10,False,355,ellipse,166.08089570096266,80.22056155839047,59.10219554746724,4.337373991014198,9.756867357094583,7.712644827234199,-82.22578437168553,0.6124830484571568,1.0,58.888888888888886,False,ellipse,360.0,1.0,True,True,13.879596771245435,605.2064824060647,603.0222222222224,31.221975542702666,24.68046344714944
r569_svd_normalised_tr050_tid4_010,r569,4,10,False,356,ellipse,339.67840298343754,103.99780629593067,337.66666666666697,10.367383384187486,23.22011054135444,18.515439544235218,-21.765041534008418,0.6034668485965001,1.0,336.44444444444446,False,ellipse,360.0,1.0,True,True,33.17562682939995,3457.7066666666706,3445.1911111111117,74.3043537323342,59.2494065415527
r569_svd_normalised_tr050_tid4_010,r569,4,10,False,357,ellipse,168.239898989899,75.81376262626262,117.33333333333331,6.111330458983388,13.06752085080084,11.432424070433902,35.35387866167247,0.48435198503606836,1.0,117.77777777777777,False,ellipse,360.0,1.0,True,True,19.556257468746843,1201.4933333333333,1206.0444444444447,41.81606672256269,36.583757025388486
r569_svd_normalised_tr050_tid4_010,r569,4,10,False,358,ellipse,192.30526834071884,161.84244214672577,150.44444444444412,6.92011228146586,15.608788657187857,12.272048789908421,-68.97314216332194,0.6179379702976555,1.0,150.22222222222223,False,ellipse,360.0,1.0,True,True,22.144359300690752,1540.551111111108,1538.275555555556,49.948123703001144,39.27055612770695
r569_svd_normalised_tr050_tid4_010,r569,4,10,False,359,circle,282.89622641509436,92.47798742138367,11.777777777777665,1.9362290938683853,3.8724581877367843,3.8724581877367563,,1.2013700229374393e-07,1.0,11.777777777777779,False,circle,360.0,1.0,True,True,6.195933100378833,120.60444444444332,120.60444444444448,12.391866200757711,12.39186620075762
r569_svd_normalised_tr050_tid4_010,r569,4,10,False,360,ellipse,180.48411633061866,191.11176797554123,11.103194860029863,1.8799618858297513,3.9588815801062043,3.570964799687433,-84.87419148101685,0.4317077351221556,1.0,11.222222222222221,False,ellipse,360.0,1.0,True,True,6.015878034655205,113.69671536670582,114.91555555555557,12.668421056339854,11.427087358999787
r569_svd_normalised_tr050_tid4_010,r569,4,10,False,361,ellipse,259.0986097639832,135.80213385063047,114.5555555555556,6.0385566032463265,12.578788574653533,11.59544597930065,69.94947173482973,0.38760553862532776,1.0,114.44444444444444,False,ellipse,360.0,1.0,True,True,19.323381130388245,1173.0488888888897,1171.9111111111113,40.25212343889131,37.10542713376208
r569_svd_normalised_tr050_tid4_010,r569,4,10,False,362,circle,230.40432959523116,242.064546452982,41.537015120533816,3.636157663720251,7.272315327440502,7.272315327440501,,1.4901161193847656e-08,1.0,41.55555555555556,False,circle,360.0,1.0,True,True,11.635704523904804,425.3390348342664,425.528888888889,23.27140904780961,23.271409047809605
r569_svd_normalised_tr050_tid5_010,r569,5,10,False,0,ellipse,389.6797431607536,170.99934258920686,116.35357880678029,6.085761614380155,12.668941346989449,11.69363513893417,-78.09030178662908,0.3847616483248083,1.0,116.33333333333333,False,ellipse,360.0,1.0,True,True,19.4744371660165,1191.4606469814305,1191.2533333333336,40.54061231036624,37.41963244458935
r569_svd_normalised_tr050_tid5_010,r569,5,10,False,1,ellipse,319.2930214970321,78.52243460582741,17.86619596405267,2.3847404059676824,4.97038531623551,4.576696929534742,-12.631707338133992,0.3900511622248785,1.0,17.555555555555557,False,ellipse,360.0,1.0,True,True,7.631169299096584,182.9498466718994,179.76888888888894,15.905233011953634,14.645430174511175
r569_svd_normalised_tr050_tid5_010,r569,5,10,False,2,ellipse,328.5556026864616,169.6041710851891,523.8888888888878,12.913520534508567,27.617778031075503,24.152415506785132,89.87286027408803,0.48498186215325007,1.0,524.2222222222222,False,ellipse,360.0,1.0,True,True,41.32326571042742,5364.622222222212,5368.035555555556,88.37688969944162,77.28772962171243
r569_svd_normalised_tr050_tid5_010,r569,5,10,False,3,ellipse,362.40066348298274,189.35730012867367,285.749154847296,9.537126451744108,19.87899221171793,18.30209096876481,82.34379207209366,0.39033006748319427,1.0,285.6666666666667,False,ellipse,360.0,1.0,True,True,30.518804645581145,2926.0713456363114,2925.2266666666674,63.612775077497375,58.56669110004739
r569_svd_normalised_tr050_tid5_010,r569,5,10,False,4,circle,346.7081641858366,124.49526387009472,164.22222222222223,7.230045426164675,14.460090852329358,14.460090852329342,,4.712160915387242e-08,1.0,164.55555555555554,False,circle,360.0,1.0,True,True,23.13614536372696,1681.635555555556,1685.048888888889,46.27229072745395,46.2722907274539
r569_svd_normalised_tr050_tid5_010,r569,5,10,False,5,ellipse,292.0239738467127,180.5426807119506,305.88888888888835,9.86749499149142,21.142162324613178,18.42147570568134,84.50514005117341,0.4907247555162278,1.0,305.44444444444446,False,ellipse,360.0,1.0,True,True,31.575983972772544,3132.302222222217,3127.7511111111116,67.65491943876218,58.94872225818028
r569_svd_normalised_tr050_tid5_010,r569,5,10,False,6,ellipse,164.51462967411513,87.48210199782054,39.49383106107166,3.545599648862175,7.398296063235958,6.796849848970763,73.73571000120586,0.39494500132563254,1.0,40.0,False,ellipse,360.0,1.0,True,True,11.34591887635896,404.41683006537386,409.6000000000001,23.674547402355067,21.74991951670644
r569_svd_normalised_tr050_tid5_010,r569,5,10,False,7,circle,329.39477503628444,225.17416545718433,76.55555555555593,4.936434966210522,9.87286993242107,9.872869932421015,,1.0536712127723508e-07,1.0,76.44444444444444,False,circle,360.0,1.0,True,True,15.79659189187367,783.9288888888929,782.7911111111113,31.593183783747424,31.59318378374725
r569_svd_normalised_tr050_tid5_010,r569,5,10,False,8,circle,321.4259259259259,68.72376543209877,24.000000000000107,2.7639531957706898,5.5279063915413875,5.527906391541372,,7.450580596923828e-08,1.0,24.11111111111111,False,circle,360.0,1.0,True,True,8.844650226466207,245.76000000000113,246.89777777777783,17.68930045293244,17.689300452932393
r569_svd_normalised_tr050_tid5_010,r569,5,10,False,9,ellipse,301.026455807623,133.67499315240073,77.0560776883386,4.952545943123031,10.577331698317217,9.275576116288985,-68.271645678744,0.4806186990495915,1.0,76.88888888888889,False,ellipse,360.0,1.0,True,True,15.8481470179937,789.0542355285875,787.3422222222223,33.84746143461509,29.68184357212475
r569_svd_normalised_tr050_tid5_010,r569,5,10,False,10,circle,258.32955756211595,137.7313130445427,182.95872460137528,7.631354454105462,15.262708908210932,15.262708908210916,,4.470348358154297e-08,1.0,182.33333333333334,False,circle,360.0,1.0,True,True,24.42033425313748,1873.4973399180833,1867.0933333333337,48.84066850627499,48.84066850627494
r569_svd_normalised_tr050_tid5_010,r569,5,10,False,11,circle,350.9864,107.18639999999999,138.88888888888906,6.649038006690549,13.298076013381104,13.298076013381092,,4.2146848510894035e-08,1.0,138.44444444444446,False,circle,360.0,1.0,True,True,21.276921621409755,1422.2222222222242,1417.6711111111115,42.55384324281954,42.5538432428195
r569_svd_normalised_tr050_tid5_010,r569,5,10,False,12,circle,255.38513143134057,244.03806888106152,78.82410979895567,5.009041167593275,10.018082335186564,10.018082335186536,,7.598131170262075e-08,1.0,78.66666666666667,False,circle,360.0,1.0,True,True,16.028931736298482,807.1588843413062,805.5466666666669,32.057863472597006,32.057863472596914
r569_svd_normalised_tr050_tid5_010,r569,5,10,False,13,circle,312.9956355701037,87.23731587561375,203.6666666666661,8.051652841876537,16.103305683753085,16.103305683753064,,5.1619136559035694e-08,1.0,203.88888888888889,False,circle,360.0,1.0,True,True,25.76528909400492,2085.546666666661,2087.8222222222225,51.530578188009876,51.530578188009805
r569_svd_normalised_tr050_tid5_010,r569,5,10,False,14,circle,228.63324538258576,130.93491644678977,42.11111111111114,3.6611996647070137,7.3223993294140275,7.3223993294140275,,0.0,1.0,42.0,False,circle,360.0,1.0,True,True,11.715838927062444,431.21777777777817,430.0800000000001,23.43167785412489,23.43167785412489
r569_svd_normalised_tr050_tid5_010,r569,5,10,False,15,circle,268.8657943298104,210.85052843482637,220.77777777777817,8.38306324182007,16.766126483640168,16.766126483640107,,8.429369702178807e-08,1.0,220.66666666666666,False,circle,360.0,1.0,True,True,26.825802373824224,2260.764444444449,2259.626666666667,53.65160474764854,53.65160474764835
r569_svd_normalised_tr050_tid5_010,r569,5,10,False,16,circle,366.4867668097281,169.6981402002861,103.55555555555563,5.7413201532912375,11.482640306582477,11.482640306582475,,1.4901161193847656e-08,1.0,103.22222222222223,False,circle,360.0,1.0,True,True,18.37222449053196,1060.4088888888898,1056.995555555556,36.744448981063925,36.74444898106392
r569_svd_normalised_tr050_tid5_010,r569,5,10,False,17,ellipse,296.8699009240353,55.67151116298201,422.6481866217005,11.598840294587172,27.13721353149838,19.830053077952957,80.3758983128121,0.6826635470442559,1.0,423.1111111111111,False,ellipse,360.0,1.0,True,True,37.11628894267895,4327.917431006214,4332.657777777778,86.83908330079481,63.456169849449466
r569_svd_normalised_tr050_tid5_010,r569,5,10,False,18,ellipse,160.56965336821452,84.4706780030521,169.8888888888893,7.353727822411774,15.415627482895754,14.031816206278705,49.5239501974645,0.4140959906059196,1.0,170.22222222222223,False,ellipse,360.0,1.0,True,True,23.53192903171768,1739.662222222227,1743.0755555555559,49.330007945266416,44.90181186009186
r569_svd_normalised_tr050_tid5_010,r569,5,10,False,19,circle,213.7652071351309,237.22167742169785,351.8792449736932,10.58331906435852,21.16663812871704,21.166638128717036,,2.1073424255447017e-08,1.0,351.77777777777777,False,circle,360.0,1.0,True,True,33.866621005947266,3603.243468530619,3602.204444444445,67.73324201189453,67.73324201189452
r569_svd_normalised_tr050_tid5_010,r569,5,10,False,20,ellipse,261.0380208333333,126.14114583333334,71.111111111111,4.757664309740719,9.872858893102215,9.170745750248733,-20.233273632067664,0.37036948676563397,1.0,70.88888888888889,False,ellipse,360.0,1.0,True,True,15.224525791170302,728.1777777777768,725.9022222222223,31.59314845792709,29.346386400795947
r569_svd_normalised_tr050_tid5_010,r569,5,10,False,21,circle,209.38974358974357,101.2775641025641,57.77777777777796,4.288500655053798,8.577001310107596,8.577001310107596,,0.0,1.0,58.0,False,circle,360.0,1.0,True,True,13.723202096172153,591.6444444444464,593.9200000000001,27.446404192344307,27.446404192344307
r569_svd_normalised_tr050_tid5_010,r569,5,10,False,22,circle,340.18206157965193,99.76305220883535,55.33333333333324,4.196802000988735,8.39360400197748,8.393604001977463,,6.143906154658885e-08,1.0,55.55555555555556,False,circle,360.0,1.0,True,True,13.429766403163953,566.6133333333325,568.888888888889,26.859532806327934,26.859532806327884
r569_svd_normalised_tr050_tid5_010,r569,5,10,False,23,ellipse,190.35062640171714,48.37961040631261,251.67302257509823,8.950419608678137,18.793353203163335,17.0507115585793,-69.11012349502522,0.4205410501240495,1.0,251.11111111111111,False,ellipse,360.0,1.0,True,True,28.64134274777004,2577.1317511690063,2571.377777777778,60.13873025012268,54.56227698745377
r569_svd_normalised_tr050_tid5_010,r569,5,10,False,24,ellipse,328.0021660097052,177.03511702491485,275.44644794448266,9.363617222790436,20.090594268503065,17.456393041074634,73.26699936929396,0.49501600249924926,1.0,275.8888888888889,False,ellipse,360.0,1.0,True,True,29.963575112929398,2820.571626951503,2825.102222222223,64.2899016592098,55.86045773143883
r569_svd_normalised_tr050_tid5_010,r569,5,10,False,25,circle,323.249581239531,74.96984924623115,22.11111111111114,2.652957832528617,5.305915665057247,5.305915665057221,,9.996002811937585e-08,1.0,22.11111111111111,False,circle,360.0,1.0,True,True,8.489465064091574,226.4177777777781,226.41777777777781,16.97893012818319,16.978930128183105
r569_svd_normalised_tr050_tid5_010,r569,5,10,False,26,circle,337.27926587301585,84.51091269841271,74.66666666666714,4.875155194287649,9.75031038857531,9.75031038857529,,6.322027276634104e-08,1.0,74.66666666666667,False,circle,360.0,1.0,True,True,15.60049662172048,764.5866666666717,764.5866666666668,31.20099324344099,31.20099324344093
r569_svd_normalised_tr050_tid5_010,r569,5,10,False,27,circle,322.11997447351627,155.9493724739417,174.11111111111128,7.44454753232936,14.889095064658749,14.889095064658692,,8.688795409866125e-08,1.0,174.0,False,circle,360.0,1.0,True,True,23.822552103453955,1782.89777777778,1781.7600000000004,47.645104206908,47.64510420690782
r569_svd_normalised_tr050_tid5_010,r569,5,10,False,28,ellipse,209.1611519607843,126.62561274509802,120.88888888888927,6.2032353222417145,13.236371007436128,11.628603774097693,77.86058365345298,0.4776795692858498,1.0,121.11111111111111,False,ellipse,360.0,1.0,True,True,19.850353031173487,1237.9022222222263,1240.1777777777781,42.356387223795615,37.211532077112615
r569_svd_normalised_tr050_tid5_010,r569,5,10,False,29,circle,246.86410703379607,84.73552900854494,41.949414821054475,3.6541638519867266,7.30832770397347,7.308327703973437,,9.541398640621973e-08,1.0,42.22222222222222,False,circle,360.0,1.0,True,True,11.693324326357526,429.5620077675979,432.3555555555556,23.386648652715106,23.386648652715
r569_svd_normalised_tr050_tid5_010,r569,5,10,False,30,ellipse,379.19069912609234,183.1198501872659,237.3333333333333,8.69169409959606,20.02546981624717,15.089892424828097,85.75905656168575,0.657407789545357,1.0,237.77777777777777,False,ellipse,360.0,1.0,True,True,27.813421118707392,2430.2933333333335,2434.844444444445,64.08150341199095,48.28765575944991
r569_svd_normalised_tr050_tid5_010,r569,5,10,False,31,circle,330.2765892453345,69.97963024061593,124.16615085331536,6.286756981624007,12.573513963248041,12.573513963247986,,9.30577218293905e-08,1.0,123.66666666666667,False,circle,360.0,1.0,True,True,20.117622341196824,1271.4613847379494,1266.346666666667,40.235244682393734,40.23524468239356
r569_svd_normalised_tr050_tid5_010,r569,5,10,False,32,ellipse,294.21275967315944,169.55563003896003,343.4192969537372,10.455321961884364,23.76462048941296,18.399411406609307,-85.21556083621158,0.6328976876921005,1.0,343.1111111111111,False,ellipse,360.0,1.0,True,True,33.45703027802997,3516.61360080627,3513.457777777778,76.04678556612147,58.87811650114978
r569_svd_normalised_tr050_tid5_010,r569,5,10,False,33,circle,350.8440251572327,86.01886792452831,88.333333333333,5.302581756047527,10.605163512095071,10.605163512095036,,8.161702118890973e-08,1.0,87.66666666666667,False,circle,360.0,1.0,True,True,16.968261619352088,904.5333333333301,897.7066666666669,33.93652323870423,33.93652323870412
r569_svd_normalised_tr050_tid5_010,r569,5,10,False,34,ellipse,303.17158279120906,125.13602856658007,125.4227918294959,6.318489898076922,13.350862796692065,11.961268780918605,84.06924601889187,0.44422090696398364,1.0,125.88888888888889,False,ellipse,360.0,1.0,True,True,20.21916767384615,1284.3293883340384,1289.1022222222225,42.72276094941461,38.27606009893954
r569_svd_normalised_tr050_tid5_010,r569,5,10,False,35,circle,341.3369789192242,209.20748541057418,193.2419281369035,7.842883152973402,15.685766305946833,15.685766305946776,,8.560065398421926e-08,1.0,192.77777777777777,False,circle,360.0,1.0,True,True,25.09722608951489,1978.7973441218924,1974.0444444444447,50.19445217902987,50.19445217902969
r569_svd_normalised_tr050_tid5_010,r569,5,10,False,36,circle,281.9478455765062,142.3097009196997,152.71871033849354,6.972221690822888,13.944443381645815,13.944443381645737,,1.0536712127723508e-07,1.0,152.22222222222223,False,circle,360.0,1.0,True,True,22.311109410633243,1563.839593866174,1558.755555555556,44.622218821266614,44.62221882126636
r569_svd_normalised_tr050_tid5_010,r569,5,10,False,37,circle,329.8234876788451,117.70280423757579,201.4370774638906,8.007459846963108,16.01491969392623,16.014919693926203,,5.960464477539063e-08,1.0,201.44444444444446,False,circle,360.0,1.0,True,True,25.623871510281948,2062.71567323024,2062.7911111111116,51.247743020563945,51.24774302056385
r569_svd_normalised_tr050_tid5_010,r569,5,10,False,38,circle,345.9248278206228,167.99111618936547,103.45244237044639,5.738461044249752,11.476922088499506,11.476922088499501,,2.9802322387695312e-08,1.0,103.55555555555556,False,circle,360.0,1.0,True,True,18.36307534159921,1059.3530098733713,1060.4088888888891,36.72615068319842,36.726150683198405
r569_svd_normalised_tr050_tid5_010,r569,5,10,False,39,ellipse,341.8044280442804,224.87207872078724,30.111111111111242,3.095910908060065,6.497556703045789,5.900472924631743,-87.33278609658356,0.4187394641310082,1.0,30.444444444444443,False,ellipse,360.0,1.0,True,True,9.906914905792208,308.3377777777792,311.75111111111113,20.792181449746526,18.88151335882158
r569_svd_normalised_tr050_tid5_010,r569,5,10,False,40,ellipse,349.6040519056299,91.83509832132421,73.28699566386365,4.829904269084057,10.170488837136936,9.174770503984305,-81.038750373558,0.4315326918250158,1.0,73.55555555555556,False,ellipse,360.0,1.0,True,True,15.455693661068985,750.4588355979639,753.2088888888891,32.5455642788382,29.35926561274978
r569_svd_normalised_tr050_tid5_010,r569,5,10,False,41,ellipse,356.5440455227761,171.29723891539697,276.6683737859161,9.38436351440253,20.298191275462564,17.354507576624957,71.28542017997825,0.5186642163110576,1.0,277.0,False,ellipse,360.0,1.0,True,True,30.029963246088098,2833.0841475677817,2836.4800000000005,64.95421208148021,55.534424245199865
r569_svd_normalised_tr050_tid5_010,r569,5,10,False,42,circle,230.59777611242058,96.11490217817177,76.5050317517713,4.934805766126324,9.869611532252662,9.869611532252634,,7.598131170262075e-08,1.0,76.55555555555556,False,circle,360.0,1.0,True,True,15.791378451604238,783.4115251381382,783.9288888888891,31.58275690320852,31.58275690320843
r569_svd_normalised_tr050_tid5_010,r569,5,10,False,43,circle,175.24844236760126,231.8294392523364,47.555555555555415,3.8906816210396578,7.781363242079317,7.781363242079315,,2.5809568279517847e-08,1.0,47.77777777777778,False,circle,360.0,1.0,True,True,12.450181187326905,486.96888888888753,489.2444444444445,24.900362374653817,24.90036237465381
r569_svd_normalised_tr050_tid5_010,r569,5,10,False,44,circle,143.80150416330915,160.4590384098845,137.88888888888877,6.6250582282898876,13.250116456579775,13.250116456579775,,0.0,1.0,138.0,False,circle,360.0,1.0,True,True,21.200186330527643,1411.9822222222213,1413.1200000000003,42.400372661055286,42.400372661055286
r569_svd_normalised_tr050_tid5_010,r569,5,10,False,45,ellipse,352.2937293729373,196.53905390539052,33.66666666666668,3.2735963151943905,6.894690012707905,6.217209368428379,-76.49093040638226,0.43228135580896,1.0,33.55555555555556,False,ellipse,360.0,1.0,True,True,10.47550820862205,344.74666666666684,343.608888888889,22.063008040665295,19.895069978970813
r569_svd_normalised_tr050_tid5_010,r569,5,10,False,46,circle,233.49855601485285,77.05941462136478,19.04312915572494,2.4620349863765205,4.924069972753054,4.924069972753027,,1.0536712127723508e-07,1.0,19.11111111111111,False,circle,360.0,1.0,True,True,7.878511956404866,195.00164255462343,195.69777777777782,15.757023912809775,15.757023912809686
r569_svd_normalised_tr050_tid5_010,r569,5,10,False,47,circle,262.65248939597024,66.22681933540986,94.29652709543768,5.478641876165616,10.95728375233125,10.957283752331215,,8.024520884654677e-08,1.0,94.11111111111111,False,circle,360.0,1.0,True,True,17.531654003729972,965.596437457282,963.697777777778,35.06330800746,35.06330800745989
r569_svd_normalised_tr050_tid5_010,r569,5,10,False,48,ellipse,314.82840673050833,148.53940427212635,76.21682609822292,4.925501927785137,10.256074720801784,9.46193154829843,-80.75128422099871,0.38583331752413413,1.0,75.88888888888889,False,ellipse,360.0,1.0,True,True,15.76160616891244,780.4602992458028,777.1022222222224,32.81943910656571,30.27818095455498
r569_svd_normalised_tr050_tid5_010,r569,5,10,False,49,circle,260.5913990592836,161.81927668041558,227.6404907913329,8.51235682491115,17.0247136498223,17.0247136498223,,0.0,1.0,227.44444444444446,False,circle,360.0,1.0,True,True,27.23954183971568,2331.038625703249,2329.031111111112,54.47908367943136,54.47908367943136
r569_svd_normalised_tr050_tid5_010,r569,5,10,False,50,ellipse,172.71571841340943,212.92206980360262,101.54993549774329,5.685450589905602,12.003640251043041,10.771515218460223,-22.940405284137398,0.44131134734326255,1.0,101.55555555555556,False,ellipse,360.0,1.0,True,True,18.193441887697926,1039.8713394968916,1039.928888888889,38.411648803337734,34.468848699072716
r569_svd_normalised_tr050_tid5_010,r569,5,10,False,51,circle,336.1076894363568,191.4639790966779,198.44444444444494,7.947756194355539,15.895512388711078,15.895512388711078,,0.0,1.0,198.66666666666666,False,circle,360.0,1.0,True,True,25.432819821937727,2032.0711111111166,2034.346666666667,50.865639643875454,50.865639643875454
r569_svd_normalised_tr050_tid5_010,r569,5,10,False,52,circle,258.41259842519685,76.84566929133857,70.55555555555604,4.739043242947163,9.478086485894368,9.478086485894286,,1.3160349229466688e-07,1.0,70.33333333333333,False,circle,360.0,1.0,True,True,15.164938377430923,722.4888888888939,720.2133333333335,30.329876754861978,30.329876754861715
r569_svd_normalised_tr050_tid5_010,r569,5,10,False,53,ellipse,281.0078966259871,167.24778655180666,309.55555555555515,9.926459270880471,20.76576230627834,18.98020254747071,77.86818171908038,0.4056820931560868,1.0,309.44444444444446,False,ellipse,360.0,1.0,True,True,31.76466966681751,3169.848888888885,3168.7111111111117,66.45043938009069,60.73664815190628
r569_svd_normalised_tr050_tid5_010,r569,5,10,False,54,ellipse,225.1585067917522,164.01583113456465,378.9999999999999,10.983598994121035,24.965436232734486,19.3290348686918,84.50333804448837,0.6329021292458644,1.0,378.0,False,ellipse,360.0,1.0,True,True,35.14751678118731,3880.9599999999996,3870.7200000000007,79.88939594475036,61.852911579813764
r569_svd_normalised_tr050_tid5_010,r569,5,10,False,55,ellipse,197.127281604321,65.10711283836064,46.16204850980288,3.8332540233026533,7.957067075259432,7.386559026429673,-59.96285435737212,0.3718278131595334,1.0,46.0,False,ellipse,360.0,1.0,True,True,12.266412874568491,472.6993767403816,471.0400000000001,25.462614640830182,23.636988884574954
r569_svd_normalised_tr050_tid5_010,r569,5,10,False,56,circle,347.8957501922782,55.17753698225725,65.67406556292174,4.572166262786211,9.144332525572427,9.144332525572416,,4.712160915387242e-08,1.0,66.0,False,circle,360.0,1.0,True,True,14.630932040915875,672.5024313643188,675.8400000000001,29.261864081831767,29.26186408183173
r569_svd_normalised_tr050_tid5_010,r569,5,10,False,57,circle,349.8924914675768,154.0034129692833,65.11111111111106,4.55252790953311,9.10505581906626,9.10505581906618,,1.3244441773467643e-07,1.0,64.66666666666667,False,circle,360.0,1.0,True,True,14.568089310505952,666.7377777777774,662.1866666666668,29.136178621012036,29.13617862101178
r569_svd_normalised_tr050_tid5_010,r569,5,10,False,58,circle,201.91759259259263,109.2962962962963,39.99999999999985,3.568248232305536,7.136496464611083,7.13649646461106,,8.024520884654677e-08,1.0,39.77777777777778,False,circle,360.0,1.0,True,True,11.418394343377715,409.59999999999854,407.3244444444445,22.83678868675547,22.836788686755394
r569_svd_normalised_tr050_tid5_010,r569,5,10,False,59,circle,349.1910955934933,137.27571718514957,21.258529057257746,2.6013073568208966,5.202614713641822,5.202614713641765,,1.475139697881291e-07,1.0,21.444444444444443,False,circle,360.0,1.0,True,True,8.32418354182687,217.68733754631936,219.59111111111113,16.64836708365383,16.64836708365365
r569_svd_normalised_tr050_tid5_010,r569,5,10,False,60,ellipse,329.1490641189761,78.86976761332714,79.49607592388924,5.030346596348124,10.55286327771363,9.591477199493701,-63.53238139037052,0.4170183153894802,1.0,79.22222222222223,False,ellipse,360.0,1.0,True,True,16.097109108313997,814.039817460626,811.2355555555558,33.76916248868362,30.692727038379843
r569_svd_normalised_tr050_tid5_010,r569,5,10,False,61,circle,251.09393611925395,172.50186310992223,66.08934355587921,4.58659911320287,9.173198226405741,9.173198226405738,,2.5809568279517847e-08,1.0,66.44444444444444,False,circle,360.0,1.0,True,True,14.677117162249184,676.7548780122032,680.3911111111112,29.354234324498375,29.354234324498364
r569_svd_normalised_tr050_tid5_010,r569,5,10,False,62,circle,326.49557522123894,131.76290560471972,100.4444444444448,5.654419482042813,11.30883896408564,11.308838964085611,,7.146345858741878e-08,1.0,100.66666666666667,False,circle,360.0,1.0,True,True,18.094142342537,1028.551111111115,1030.8266666666668,36.188284685074045,36.18828468507396
r569_svd_normalised_tr050_tid5_010,r569,5,10,False,63,ellipse,174.62245909600904,149.63481274734565,134.99676516614684,6.555212045023114,14.300294652152585,12.019557918339212,-88.91251648184726,0.5417941591883255,1.0,135.11111111111111,False,ellipse,360.0,1.0,True,True,20.976678544073966,1382.366875301344,1383.537777777778,45.76094288688827,38.46258533868548
r569_svd_normalised_tr050_tid5_010,r569,5,10,False,64,circle,319.2198137250793,86.84636394505443,26.8408947171669,2.922964615333635,5.845929230667302,5.845929230667238,,1.48264681861791e-07,1.0,27.11111111111111,False,circle,360.0,1.0,True,True,9.353486769067633,274.85076190378913,277.6177777777778,18.70697353813537,18.706973538135163
r569_svd_normalised_tr050_tid5_010,r569,5,10,False,65,circle,344.05333333333334,135.9111111111111,25.00000000000013,2.8209479177387893,5.641895835477607,5.641895835477549,,1.4292691717483756e-07,1.0,25.0,False,circle,360.0,1.0,True,True,9.027033336764125,256.0000000000014,256.00000000000006,18.054066673528343,18.05406667352816
r569_svd_normalised_tr050_tid5_010,r569,5,10,False,66,circle,296.8886138942261,148.13610907021334,65.27958593429598,4.558413931278151,9.116827862556304,9.116827862556303,,2.1073424255447017e-08,1.0,65.55555555555556,False,circle,360.0,1.0,True,True,14.586924580090084,668.462959967191,671.288888888889,29.173849160180175,29.17384916018017
r569_svd_normalised_tr050_tid5_010,r569,5,10,False,67,circle,325.72934472934475,202.82692307692307,51.99999999999954,4.068428945128201,8.136857890256403,8.136857890256403,,0.0,1.0,52.0,False,circle,360.0,1.0,True,True,13.018972624410246,532.4799999999954,532.4800000000001,26.037945248820492,26.037945248820492
r569_svd_normalised_tr050_tid5_010,r569,5,10,False,68,circle,209.45025809563845,116.22837963143371,20.748426111442335,2.5699083940922876,5.139816788184589,5.139816788184561,,1.0536712127723508e-07,1.0,20.88888888888889,False,circle,360.0,1.0,True,True,8.223706861095321,212.46388338116955,213.90222222222226,16.447413722190685,16.447413722190596
r569_svd_normalised_tr050_tid5_010,r569,5,10,False,69,ellipse,232.93311099608314,134.9443208555086,220.9968181804554,8.387220757915022,18.9074568293575,14.882059004947854,68.15275423082551,0.6168254308149087,1.0,221.11111111111111,False,ellipse,360.0,1.0,True,True,26.839106425328072,2263.0074181678638,2264.1777777777784,60.503861853944,47.62258881583313
r569_svd_normalised_tr050_tid5_010,r569,5,10,False,70,ellipse,344.4432250195425,241.30906627636554,105.51722080242202,5.795444292204771,12.172400422611513,11.037157299445113,-83.01232228960146,0.4216980976016662,1.0,105.77777777777777,False,ellipse,360.0,1.0,True,True,18.545421735055267,1080.4963410168016,1083.1644444444446,38.95168135235684,35.31890335822436
r569_svd_normalised_tr050_tid5_010,r569,5,10,False,71,ellipse,253.9225645295587,50.15376075492645,133.4444444444445,6.5174140518284025,13.93212309950031,12.195323173535204,75.85227488353303,0.48351068350351506,1.0,132.77777777777777,False,ellipse,360.0,1.0,True,True,20.85572496585089,1366.4711111111121,1359.6444444444446,44.582793918400995,39.02503415531265
r569_svd_normalised_tr050_tid5_010,r569,5,10,False,72,ellipse,285.40091530473126,123.62153206933195,205.36431141395866,8.085140109632594,18.419066803318266,14.196048321104556,-76.29879922430752,0.6371670750176552,1.0,205.55555555555554,False,ellipse,360.0,1.0,True,True,25.8724483508243,2102.930548878937,2104.888888888889,58.941013770618454,45.427354627534584
r569_svd_normalised_tr050_tid5_010,r569,5,10,False,73,circle,57.22867210481561,140.2991980033636,77.38503982632393,4.963106206746465,9.926212413492935,9.926212413492923,,4.9421560620597e-08,1.0,77.11111111111111,False,circle,360.0,1.0,True,True,15.88193986158869,792.4228078215572,789.617777777778,31.763879723177396,31.763879723177354
r569_svd_normalised_tr050_tid5_010,r569,5,10,False,74,ellipse,194.42055853733675,164.7458404781378,293.0834284993525,9.658744885749083,20.600047292388503,18.114784193229347,-86.35245264443728,0.4761641065339176,1.0,293.44444444444446,False,ellipse,360.0,1.0,True,True,30.90798363439707,3001.17430783337,3004.871111111112,65.92015133564321,57.96730941833391
r569_svd_normalised_tr050_tid5_010,r569,5,10,False,75,circle,356.38745566330874,123.65300169565117,27.787153169106144,2.974041957106479,5.948083914212987,5.94808391421293,,1.3818768405162847e-07,1.0,27.555555555555557,False,circle,360.0,1.0,True,True,9.516934262740733,284.54044845164697,282.16888888888894,19.03386852548156,19.033868525481378
r569_svd_normalised_tr050_tid5_010,r569,5,10,False,76,ellipse,192.4809584937955,209.2173727000428,86.55555555555533,5.248951232147579,11.203798632521137,9.836481336781688,53.56522384606998,0.47873493020675256,1.0,86.22222222222223,False,ellipse,360.0,1.0,True,True,16.796643942872254,886.3288888888867,882.9155555555558,35.85215562406764,31.476740277701403
r569_svd_normalised_tr050_tid5_010,r569,5,10,False,77,circle,199.4309080654258,228.05386350817815,131.333333333333,6.465655294358884,12.93131058871777,12.931310588717768,,1.4901161193847656e-08,1.0,131.33333333333334,False,circle,360.0,1.0,True,True,20.69009694194843,1344.8533333333303,1344.8533333333337,41.380193883896865,41.38019388389686
r569_svd_normalised_tr050_tid5_010,r569,5,10,False,78,circle,239.55501893195168,123.56768716741658,27.553654745598486,2.9615199992603323,5.9230399985206645,5.9230399985206645,,0.0,1.0,27.77777777777778,False,circle,360.0,1.0,True,True,9.476863997633064,282.1494245949286,284.4444444444445,18.953727995266128,18.953727995266128
r569_svd_normalised_tr050_tid5_010,r569,5,10,False,79,circle,302.7174925878865,232.36806437950023,87.4444444444442,5.2758346409374735,10.551669281874986,10.551669281874908,,1.219712610821791e-07,1.0,87.22222222222223,False,circle,360.0,1.0,True,True,16.882670850999915,895.4311111111087,893.1555555555558,33.76534170199996,33.76534170199971
r569_svd_normalised_tr050_tid5_010,r569,5,10,False,80,circle,191.23470048253716,224.16246154953993,204.39773203689643,8.066090677700657,16.132181355401315,16.132181355401315,,0.0,1.0,204.55555555555554,False,circle,360.0,1.0,True,True,25.811490168642106,2093.03277605782,2094.6488888888894,51.62298033728421,51.62298033728421
r569_svd_normalised_tr050_tid5_010,r569,5,10,False,81,ellipse,171.38834721907622,165.746072354447,88.67140139658949,5.312719048312796,11.055210675613985,10.212372975782502,79.0851497631709,0.38296935931296167,1.0,89.11111111111111,False,ellipse,360.0,1.0,True,True,17.000700954600948,907.9951503010765,912.497777777778,35.37667416196475,32.67959352250401
r569_svd_normalised_tr050_tid5_010,r569,5,10,False,82,ellipse,391.4834681285936,168.4920225222947,635.6671042010928,14.22459572673437,36.28044697779224,22.308338561857767,85.45007881732806,0.7886160150268299,1.0,491.3333333333333,True,ellipse,233.0,0.6472222222222223,True,True,45.518706325549985,6509.231147019192,5031.253333333334,116.09743032893516,71.38668339794485
r569_svd_normalised_tr050_tid5_010,r569,5,10,False,83,circle,165.12034544542894,126.79061952691661,158.0857970259294,7.093678316543359,14.187356633086722,14.187356633086715,,3.332000937312528e-08,1.0,157.33333333333334,False,circle,360.0,1.0,True,True,22.69977061293875,1618.7985615455173,1611.0933333333337,45.39954122587751,45.39954122587749
r569_svd_normalised_tr050_tid5_010,r569,5,10,False,84,circle,311.6547619047619,194.44354838709677,96.44444444444439,5.540687695058261,11.081375390116532,11.08137539011651,,6.495265578539184e-08,1.0,96.22222222222223,False,circle,360.0,1.0,True,True,17.730200624186434,987.5911111111106,985.3155555555558,35.460401248372904,35.46040124837283
r569_svd_normalised_tr050_tid5_010,r569,5,10,False,85,circle,242.2657856093979,109.12481644640235,25.222222222222243,2.8334577259697804,5.666915451939563,5.666915451939559,,3.650024149988857e-08,1.0,25.22222222222222,False,circle,360.0,1.0,True,True,9.067064723103298,258.2755555555558,258.27555555555557,18.1341294462066,18.13412944620659
r569_svd_normalised_tr050_tid5_010,r569,5,10,False,86,circle,323.4264191664553,131.5731246250512,228.46113100664996,8.527686474545535,17.05537294909109,17.055372949091048,,7.146345858741878e-08,1.0,228.44444444444446,False,circle,360.0,1.0,True,True,27.288596718545712,2339.441981508096,2339.2711111111116,54.577193437091495,54.57719343709135
r569_svd_normalised_tr050_tid5_010,r569,5,10,False,87,circle,320.46620847651775,243.47040855288282,97.00000000000044,5.556622981616427,11.113245963232856,11.113245963232854,,1.4901161193847656e-08,1.0,97.22222222222223,False,circle,360.0,1.0,True,True,17.781193541172566,993.2800000000047,995.5555555555558,35.56238708234514,35.56238708234513
r569_svd_normalised_tr050_tid5_010,r569,5,10,False,88,circle,396.0478160007877,178.1255368596112,51.37562477539419,4.043929929521141,8.087859859042283,8.087859859042283,,0.0,1.0,49.666666666666664,True,circle,297.0,0.825,True,True,12.940575774467654,526.0863977000366,508.58666666666676,25.881151548935307,25.881151548935307
r569_svd_normalised_tr050_tid5_010,r569,5,10,False,89,circle,144.24871179457293,148.36202893473825,57.66955813658487,4.284482522630455,8.56896504526091,8.56896504526091,,0.0,1.0,57.55555555555556,False,circle,360.0,1.0,True,True,13.710344072417456,590.5362753186291,589.368888888889,27.420688144834912,27.420688144834912
r569_svd_normalised_tr050_tid5_010,r569,5,10,False,90,ellipse,290.30090312093455,157.54008052032464,93.88508243375558,5.466676312334996,11.725875755913414,10.194394184595936,77.90139367568639,0.49412126934705114,1.0,93.88888888888889,False,ellipse,360.0,1.0,True,True,17.493364199471987,961.3832441216574,961.4222222222223,37.52280241892293,32.622061390706996
r569_svd_normalised_tr050_tid5_010,r569,5,10,False,91,circle,309.23333333333335,164.88425925925927,39.99999999999989,3.5682482323055376,7.136496464611094,7.136496464611056,,1.0323827311807139e-07,1.0,40.0,False,circle,360.0,1.0,True,True,11.41839434337772,409.599999999999,409.6000000000001,22.8367886867555,22.83678868675538
r569_svd_normalised_tr050_tid5_010,r569,5,10,False,92,circle,231.08093216379507,238.9602824478515,29.805627978341388,3.0801665619609366,6.160333123921873,6.160333123921872,,1.4901161193847656e-08,1.0,29.88888888888889,False,circle,360.0,1.0,True,True,9.856532998274998,305.20963049821586,306.06222222222226,19.713065996549997,19.713065996549993
r569_svd_normalised_tr050_tid5_010,r569,5,10,False,93,circle,215.82938279743385,61.70198718043202,32.25500303665941,3.2042294464436973,6.408458892887399,6.408458892887389,,5.5755039852469285e-08,1.0,32.22222222222222,False,circle,360.0,1.0,True,True,10.253534228619833,330.29123109539245,329.95555555555563,20.50706845723968,20.507068457239647
r569_svd_normalised_tr050_tid5_010,r569,5,10,False,94,circle,241.08638049814522,63.02119766825648,69.88888888888879,4.716600923094277,9.43320184618856,9.433201846188547,,5.1619136559035694e-08,1.0,70.11111111111111,False,circle,360.0,1.0,True,True,15.093122953901688,715.6622222222213,717.9377777777779,30.186245907803393,30.186245907803354
r569_svd_normalised_tr050_tid5_010,r569,5,10,False,95,ellipse,228.55559121350433,45.896130531861786,101.8557456768492,5.69400481327185,12.450350176580928,10.41631451444574,80.99084872949715,0.5477711142143509,1.0,102.11111111111111,False,ellipse,360.0,1.0,True,True,18.22081540246992,1043.0028357309359,1045.617777777778,39.84112056505897,33.332206446226365
r569_svd_normalised_tr050_tid5_010,r569,5,10,False,96,ellipse,303.529737937776,152.550440539631,44.520695020498955,3.764488991191006,7.865118932218829,7.207203088434616,-86.12127613700417,0.40037777384277956,1.0,44.888888888888886,False,ellipse,360.0,1.0,True,True,12.04636477181122,455.8919170099094,459.6622222222223,25.168380583100255,23.06304988299077
r569_svd_normalised_tr050_tid5_010,r569,5,10,False,97,ellipse,241.87677725118482,87.46761453396523,23.44444444444426,2.7317756940776188,5.672530248937317,5.262271413467588,3.886852295808808,0.37338563538462705,1.0,23.333333333333332,False,ellipse,360.0,1.0,True,True,8.74168222104838,240.07111111110927,238.93333333333337,18.152096796599416,16.839268523096283
r569_svd_normalised_tr050_tid5_010,r569,5,10,False,98,ellipse,258.5122921185828,209.38756326825742,102.44444444444433,5.710436012361293,11.984986330794678,10.883309684713026,54.20640686541509,0.4187997667630308,1.0,102.22222222222223,False,ellipse,360.0,1.0,True,True,18.273395239556137,1049.03111111111,1046.755555555556,38.35195625854297,34.82659099108169
r569_svd_normalised_tr050_tid5_010,r569,5,10,False,99,circle,294.38379204892965,229.86697247706422,72.66666666666654,4.809419756688127,9.618839513376264,9.618839513376244,,6.322027276634104e-08,1.0,72.44444444444444,False,circle,360.0,1.0,True,True,15.390143221402008,744.1066666666655,741.8311111111112,30.780286442804044,30.780286442803984
r569_svd_normalised_tr050_tid5_010,r569,5,10,False,100,ellipse,192.48950752343808,95.20228043433181,234.55822052273606,8.640729163563952,18.821548933998802,15.867387055099712,58.796067315896835,0.5378451702916144,1.0,234.66666666666666,False,ellipse,360.0,1.0,True,True,27.65033332340465,2401.876178152818,2402.986666666667,60.228956588796166,50.77563857631908
r569_svd_normalised_tr050_tid5_010,r569,5,10,False,101,ellipse,380.7313432835821,171.88805970149255,44.666666666666806,3.7706553253878865,7.950792997898407,7.152917494712368,72.59533862765079,0.4366152949981606,1.0,44.666666666666664,False,ellipse,360.0,1.0,True,True,12.066097041241237,457.3866666666682,457.3866666666667,25.442537593274906,22.88933598307958
r569_svd_normalised_tr050_tid5_010,r569,5,10,False,102,circle,214.72994200273192,121.2190932277679,71.15283838630477,4.759059979491572,9.518119958983146,9.518119958983142,,2.5809568279517847e-08,1.0,70.88888888888889,False,circle,360.0,1.0,True,True,15.228991934373031,728.605065075761,725.9022222222223,30.45798386874607,30.457983868746055
r569_svd_normalised_tr050_tid5_010,r569,5,10,False,103,ellipse,254.9108910891089,121.96558227251298,78.55555555555571,5.000500969702275,10.376999738305296,9.638627957439668,-42.06500503269956,0.37046769784344996,1.0,78.55555555555556,False,ellipse,360.0,1.0,True,True,16.00160310304728,804.4088888888907,804.408888888889,33.20639916257695,30.843609463806942
r569_svd_normalised_tr050_tid5_010,r569,5,10,False,104,circle,201.8117443868739,101.31433506044904,21.444444444444375,2.612657396289401,5.225314792578816,5.2253147925787875,,1.043081283569336e-07,1.0,21.444444444444443,False,circle,360.0,1.0,True,True,8.360503668126084,219.59111111111045,219.59111111111113,16.72100733625221,16.72100733625212
r569_svd_normalised_tr050_tid5_010,r569,5,10,False,105,ellipse,377.99342135060544,183.14523695782992,43.154914479613474,3.7062967927942556,8.065058163754466,6.8129135028493195,74.41335780034117,0.5351698184425775,1.0,42.333333333333336,False,ellipse,360.0,1.0,True,True,11.860149736941619,441.90632427124206,433.49333333333345,25.808186124014295,21.801323209117825
r569_svd_normalised_tr050_tid5_010,r569,5,10,False,106,circle,189.44098360655738,228.90765027322402,67.77777777777771,4.64481826665314,9.28963653330628,9.28963653330628,,0.0,1.0,68.0,False,circle,360.0,1.0,True,True,14.86341845329005,694.0444444444439,696.3200000000002,29.7268369065801,29.7268369065801
r569_svd_normalised_tr050_tid5_010,r569,5,10,False,107,ellipse,193.732300639738,144.8847509027064,63.18881936073711,4.484821724305698,9.37382225490126,8.582891952442385,81.5001693584781,0.40203681932455426,1.0,63.666666666666664,False,ellipse,360.0,1.0,True,True,14.351429517778236,647.053510253948,651.9466666666667,29.996231215684034,27.465254247815633
r569_svd_normalised_tr050_tid5_010,r569,5,10,False,108,circle,276.93912397921304,75.43726800296955,49.888888888888495,3.984987646663146,7.969975293326332,7.969975293326251,,1.4214801809444213e-07,1.0,50.0,False,circle,360.0,1.0,True,True,12.751960469322068,510.8622222222183,512.0000000000001,25.503920938644264,25.503920938644004
r569_svd_normalised_tr050_tid5_010,r569,5,10,False,109,circle,203.22817080943275,158.18228170809434,58.111111111111214,4.300853538984026,8.601707077968053,8.601707077968053,,0.0,1.0,58.44444444444444,False,circle,360.0,1.0,True,True,13.762731324748884,595.0577777777789,598.4711111111112,27.52546264949777,27.52546264949777
r569_svd_normalised_tr050_tid5_010,r569,5,10,False,110,circle,175.96432552954292,237.08249721293203,33.222222222222065,3.2519166309006304,6.503833261801261,6.50383326180126,,1.4901161193847656e-08,1.0,33.111111111111114,False,circle,360.0,1.0,True,True,10.406133218882019,340.195555555554,339.05777777777786,20.812266437764038,20.812266437764034
r569_svd_normalised_tr050_tid5_010,r569,5,10,False,111,circle,304.656836773161,100.77701790511178,37.89564863158023,3.4731195779557065,6.946239155911445,6.946239155911381,,1.3575603930867164e-07,1.0,38.0,False,circle,360.0,1.0,True,True,11.113982649458261,388.0514419873816,389.12000000000006,22.227965298916626,22.22796529891642
r569_svd_normalised_tr050_tid5_010,r569,5,10,False,112,ellipse,261.58336400122886,249.02167784524642,1174.2380955617853,19.333173421633163,42.957479980268175,34.80386602963013,-86.88532856615399,0.5861626755183732,1.0,608.2222222222222,True,ellipse,183.0,0.5083333333333333,True,True,61.86615494922612,12024.198098552682,6228.195555555556,137.46393593685818,111.37237129481642
r569_svd_normalised_tr050_tid5_010,r569,5,10,False,113,ellipse,336.24715909090907,239.49621212121212,78.22222222222199,4.9898804246793995,10.602833847944707,9.393302586713705,-46.82550663824847,0.46383085834132204,1.0,78.22222222222223,False,ellipse,360.0,1.0,True,True,15.96761735897408,800.9955555555533,800.9955555555558,33.929068313423066,30.058568277483857
r569_svd_normalised_tr050_tid5_010,r569,5,10,False,114,ellipse,277.0011019283747,183.45316804407713,134.44444444444431,6.5417884258934915,14.31972371426867,11.954140083446337,80.75729388602002,0.5505496444878138,1.0,134.77777777777777,False,ellipse,360.0,1.0,True,True,20.933722962859175,1376.71111111111,1380.1244444444446,45.823115885659746,38.253248267028276
r569_svd_normalised_tr050_tid5_010,r569,5,10,False,115,circle,211.35390774679007,37.976757265893724,19.97231604426873,2.5213856600841287,5.042771320168263,5.042771320168251,,6.828569911354542e-08,1.0,19.88888888888889,False,circle,360.0,1.0,True,True,8.068434112269212,204.51651629331184,203.66222222222225,16.136868224538443,16.136868224538404
r569_svd_normalised_tr050_tid5_010,r569,5,10,False,116,circle,348.03169510227076,179.66758658737172,28.473289099351938,3.0105363994632057,6.0210727989264115,6.0210727989264115,,0.0,1.0,28.22222222222222,False,circle,360.0,1.0,True,True,9.63371647828226,291.5664803773639,288.9955555555556,19.26743295656452,19.26743295656452
r569_svd_normalised_tr050_tid5_010,r569,5,10,False,117,ellipse,333.82397003745314,227.99250936329585,49.44444444444458,3.967197434402769,8.259657675174193,7.621940812795243,-73.1817184338945,0.3852999993079601,1.0,49.22222222222222,False,ellipse,360.0,1.0,True,True,12.695031790088862,506.31111111111255,504.0355555555556,26.43090456055742,24.39021060094478
r569_svd_normalised_tr050_tid5_010,r569,5,10,False,118,circle,282.1655672204148,64.60385226271165,21.292340280912246,2.603375196049105,5.206750392098229,5.206750392098193,,1.1827430029502171e-07,1.0,21.444444444444443,False,circle,360.0,1.0,True,True,8.330800627357137,218.03356447654144,219.59111111111113,16.661601254714334,16.661601254714217
r569_svd_normalised_tr050_tid5_010,r569,5,10,False,119,circle,168.34517250307235,140.21283860501953,85.74151263965658,5.224210096230351,10.448420192460702,10.448420192460702,,0.0,1.0,86.0,False,circle,360.0,1.0,True,True,16.717472307937125,877.9930894300835,880.6400000000002,33.43494461587425,33.43494461587425
r569_svd_normalised_tr050_tid5_010,r569,5,10,False,120,ellipse,151.64220824598186,143.33053808525509,53.00000000000003,4.107362166615079,8.638850455691431,7.811420769126232,-86.96919193727027,0.42706710841798196,1.0,52.77777777777778,False,ellipse,360.0,1.0,True,True,13.143558933168254,542.7200000000004,540.4444444444446,27.64432145821258,24.996546461203945
r569_svd_normalised_tr050_tid5_010,r569,5,10,False,121,ellipse,97.83235532824452,146.319614899293,69.87537247983148,4.716144809174666,9.814316025443835,9.065133750917415,-78.67762526138227,0.3832025363490728,1.0,69.77777777777777,False,ellipse,360.0,1.0,True,True,15.091663389358931,715.5238141934745,714.5244444444445,31.405811281420274,29.00842800293573
r569_svd_normalised_tr050_tid5_010,r569,5,10,False,122,circle,359.1992945326279,177.1992945326279,21.00000000000002,2.5854414729132067,5.170882945826413,5.1708829458264125,,2.1073424255447017e-08,1.0,20.77777777777778,False,circle,360.0,1.0,True,True,8.273412713322262,215.04000000000025,212.7644444444445,16.546825426644524,16.54682542664452
r569_svd_normalised_tr050_tid5_010,r569,5,10,False,123,ellipse,220.6700223713646,112.83557046979865,33.11111111111095,3.246474088791804,6.760425828858447,6.236053335105532,58.99464398962738,0.3861524159347298,1.0,32.44444444444444,False,ellipse,360.0,1.0,True,True,10.388717084133773,339.0577777777762,332.23111111111115,21.63336265234703,19.955370672337704
r569_svd_normalised_tr050_tid5_010,r569,5,10,False,124,ellipse,354.828125,134.85221354166666,56.888888888889085,4.255384324281956,8.825670592284537,8.20710247816183,46.161092931572824,0.36778052711252185,1.0,57.333333333333336,False,ellipse,360.0,1.0,True,True,13.617229837702261,582.5422222222244,587.0933333333335,28.242145895310518,26.262727930117855
r569_svd_normalised_tr050_tid5_010,r569,5,10,False,125,ellipse,343.8988500061828,109.66625448250278,898.5555555555566,16.912099710523883,41.26148587067456,27.727466481955467,-2.4646771126514295,0.7405566886126718,1.0,898.1111111111111,False,ellipse,360.0,1.0,True,True,54.11871907367643,9201.208888888901,9196.65777777778,132.0367547861586,88.7278927422575
r569_svd_normalised_tr050_tid5_010,r569,5,10,False,126,ellipse,171.1247848537005,71.83189902467011,129.11111111111106,6.410720948757676,13.61462747698307,12.074467157421621,57.420674802595386,0.46201024032318716,1.0,129.11111111111111,False,ellipse,360.0,1.0,True,True,20.514307036024565,1322.0977777777775,1322.097777777778,43.56680792634583,38.63829490374919
r569_svd_normalised_tr050_tid5_010,r569,5,10,False,127,circle,157.1887445887446,43.114285714285714,42.77777777777787,3.6900663375662996,7.380132675132602,7.380132675132597,,3.942476676500724e-08,1.0,42.77777777777778,False,circle,360.0,1.0,True,True,11.80821228021216,438.0444444444455,438.04444444444454,23.616424560424328,23.61642456042431
r569_svd_normalised_tr050_tid5_010,r569,5,10,False,128,ellipse,126.19121447028425,54.03875968992248,14.333333333333355,2.1359872897486243,4.441393335517132,4.109018370863518,77.74146671033424,0.37956698387923443,1.0,14.444444444444445,False,ellipse,360.0,1.0,True,True,6.835159327195598,146.7733333333336,147.91111111111115,14.212458673654822,13.14885878676326
r569_svd_normalised_tr050_tid5_010,r569,5,10,False,129,ellipse,273.7491408934708,131.08934707903782,21.555555555555465,2.619417193865314,5.615250855443385,4.887650872349466,-86.66631703990407,0.4923022588241543,1.0,21.88888888888889,False,ellipse,360.0,1.0,True,True,8.382135020369004,220.728888888888,224.14222222222227,17.968802737418834,15.640482791518293
r569_svd_normalised_tr050_tid5_010,r569,5,10,False,130,ellipse,118.44182124789208,145.63996627318718,263.5555555555557,9.15927611178933,22.21138472409272,15.107988976661419,-85.27377089455734,0.7330347180786277,1.0,263.1111111111111,False,ellipse,360.0,1.0,True,True,29.309683557725858,2698.808888888891,2694.257777777778,71.0764311170967,48.34556472531654
r569_svd_normalised_tr050_tid5_010,r569,5,10,False,131,ellipse,221.8401788332784,108.34542958793519,207.45148125465087,8.126121915577363,19.18898872249474,13.764947875427529,65.97744701441411,0.6967276386436358,1.0,208.22222222222223,False,ellipse,360.0,1.0,True,True,26.003590129847563,2124.303168047625,2132.195555555556,61.404763911983174,44.04783320136809
r569_svd_normalised_tr050_tid5_010,r569,5,10,False,132,ellipse,236.1540616246499,152.9294117647059,66.1111111111111,4.587354384965447,9.821687959354788,8.570347720411242,-81.09337133871355,0.4884459053823035,1.0,66.22222222222223,False,ellipse,360.0,1.0,True,True,14.67953403188943,676.9777777777778,678.1155555555557,31.429401469935325,27.425112705315975
r569_svd_normalised_tr050_tid5_010,r569,5,10,False,133,circle,297.6357495168287,201.94880725791177,16.507700615137228,2.2922836438714174,4.584567287742835,4.584567287742835,,0.0,1.0,16.11111111111111,False,circle,360.0,1.0,True,True,7.335307660388536,169.03885429900524,164.97777777777782,14.670615320777072,14.670615320777072
r569_svd_normalised_tr050_tid5_010,r569,5,10,False,134,ellipse,261.4275966614553,137.53707032798536,68.16391171234389,4.658030375491141,9.717976597046034,8.930767330966175,-23.381328745930517,0.39427028122828695,1.0,68.0,False,ellipse,360.0,1.0,True,True,14.905697201571654,697.9984559344016,696.3200000000002,31.09752511054731,28.57845545909176
r569_svd_normalised_tr050_tid5_010,r569,5,10,False,135,ellipse,270.14100778769676,114.60603420759976,173.16277936411993,7.4242457253691345,17.468546534890226,12.621410597743985,-73.29885801243654,0.6913478445714843,1.0,173.55555555555554,False,ellipse,360.0,1.0,True,True,23.757586321181233,1773.1868606885885,1777.208888888889,55.89934891164873,40.38851391278075
r569_svd_normalised_tr050_tid5_010,r569,5,10,False,136,circle,317.4704491725769,207.90307328605203,15.66666666666645,2.233126705663157,4.466253411326314,4.466253411326314,,0.0,1.0,15.555555555555555,False,circle,360.0,1.0,True,True,7.1460054581221035,160.42666666666446,159.28888888888892,14.292010916244207,14.292010916244207
r569_svd_normalised_tr050_tid5_010,r569,5,10,False,137,circle,175.0398405817156,86.9825643337876,31.389440607072306,3.1609443631626992,6.321888726325415,6.3218887263253825,,1.021572142899192e-07,1.0,31.77777777777778,False,circle,360.0,1.0,True,True,10.115021962120638,321.42787181642046,325.4044444444445,20.23004392424133,20.230043924241226
r569_svd_normalised_tr050_tid5_010,r569,5,10,False,138,circle,176.48982785602504,177.68022952529992,71.00000000000031,4.753945931439401,9.507891862878804,9.507891862878802,,2.1073424255447017e-08,1.0,71.0,False,circle,360.0,1.0,True,True,15.212626980606084,727.0400000000034,727.0400000000002,30.425253961212174,30.425253961212167
r569_svd_normalised_tr050_tid5_010,r569,5,10,False,139,ellipse,311.5013065788356,156.544363183837,24.530337352898183,2.794324406873871,5.9584257387921795,5.24182005996356,-1.6648594960416858,0.4754691772136983,1.0,24.666666666666668,False,ellipse,360.0,1.0,True,True,8.941838101996387,251.19065449367744,252.58666666666673,19.066962364134977,16.773824191883392
r569_svd_normalised_tr050_tid5_010,r569,5,10,False,140,circle,311.6194510471361,174.66691738882298,89.08663365602092,5.3251437745421555,10.65028754908434,10.650287549084283,,1.0323827311807139e-07,1.0,88.44444444444444,False,circle,360.0,1.0,True,True,17.0404600785349,912.2471286376544,905.6711111111113,34.08092015706989,34.080920157069706
r569_svd_normalised_tr050_tid5_010,r569,5,10,False,141,circle,314.23765432098764,209.86728395061732,12.000000000000007,1.9544100476116804,3.9088200952233607,3.9088200952233607,,0.0,1.0,12.222222222222221,False,circle,360.0,1.0,True,True,6.2541121523573775,122.8800000000001,125.15555555555557,12.508224304714755,12.508224304714755
r569_svd_normalised_tr050_tid5_010,r569,5,10,False,142,ellipse,321.2174688057041,92.1283422459893,20.777777777777892,2.571725506269395,5.38854661528744,4.909503472296698,-2.8530791359494287,0.4121859363726801,1.0,20.555555555555557,False,ellipse,360.0,1.0,True,True,8.229521620062064,212.76444444444564,210.48888888888894,17.24334916891981,15.710411111349433
r569_svd_normalised_tr050_tid5_010,r569,5,10,False,143,circle,329.6328320802005,87.72681704260651,29.555555555555785,3.067217880260166,6.134435760520358,6.134435760520305,,1.3075715880680267e-07,1.0,29.666666666666668,False,circle,360.0,1.0,True,True,9.815097216832532,302.6488888888913,303.78666666666675,19.630194433665146,19.63019443366498
r569_svd_normalised_tr050_tid5_010,r569,5,10,False,144,ellipse,289.9860649911753,149.987009259873,48.13349468153387,3.914251807652024,8.275487495866965,7.405662673701872,87.1401196431963,0.44628395029303386,1.0,48.55555555555556,False,ellipse,360.0,1.0,True,True,12.525605784486478,492.8869855389069,497.208888888889,26.48155998677429,23.69812055584599
r569_svd_normalised_tr050_tid5_010,r569,5,10,False,145,ellipse,305.22344322344327,221.67032967032972,20.222222222222467,2.537111202517335,5.3671081745039935,4.7973195580570405,-72.81848213765625,0.44839215105123426,1.0,20.555555555555557,False,ellipse,360.0,1.0,True,True,8.118755848055471,207.0755555555581,210.48888888888894,17.17474615841278,15.35142258578253
r569_svd_normalised_tr050_tid5_010,r569,5,10,False,146,circle,189.59133630769009,192.58743602376546,61.421508465260274,4.421659571791312,8.843319143582626,8.843319143582624,,2.1073424255447017e-08,1.0,61.22222222222222,False,circle,360.0,1.0,True,True,14.149310629732199,628.9562466842654,626.9155555555557,28.298621259464404,28.298621259464397
r569_svd_normalised_tr050_tid5_010,r569,5,10,False,147,ellipse,206.42392105210496,215.70868515928078,24.964456240849138,2.8189418625904494,5.870483410378094,5.4145000806011065,-49.49161667394324,0.3864124242518292,1.0,25.333333333333332,False,ellipse,360.0,1.0,True,True,9.020613960289438,255.63603190629522,259.41333333333336,18.785546913209902,17.32640025792354
r569_svd_normalised_tr050_tid5_010,r569,5,10,False,148,circle,153.55729166666666,159.5151909722222,85.33333333333337,5.211760126964481,10.423520253928961,10.423520253928961,,0.0,1.0,85.33333333333333,False,circle,360.0,1.0,True,True,16.67763240628634,873.8133333333338,873.8133333333335,33.35526481257268,33.35526481257268
r569_svd_normalised_tr050_tid5_010,r569,5,10,False,149,ellipse,353.801751094434,133.6810506566604,59.22222222222241,4.341775997803984,9.662497802220825,7.803787054222797,58.37329428339069,0.5896804998987245,1.0,59.44444444444444,False,ellipse,360.0,1.0,True,True,13.893683192972748,606.4355555555576,608.7111111111112,30.91999296710664,24.97211857351295
r569_svd_normalised_tr050_tid5_010,r569,5,10,False,150,circle,294.0360600889597,104.8048728833877,29.9243222558763,3.086293507007242,6.172587014014494,6.172587014014474,,8.024520884654677e-08,1.0,30.0,False,circle,360.0,1.0,True,True,9.876139222423175,306.4250599001734,307.20000000000005,19.752278444846382,19.75227844484632
r569_svd_normalised_tr050_tid5_010,r569,5,10,False,151,circle,267.23473570658035,173.07486515641853,171.666666666667,7.3921037011271356,14.7842074022543,14.784207402254244,,8.688795409866125e-08,1.0,171.33333333333334,False,circle,360.0,1.0,True,True,23.654731843606836,1757.8666666666704,1754.4533333333338,47.309463687213764,47.30946368721359
r569_svd_normalised_tr050_tid5_010,r569,5,10,False,152,circle,183.147504456328,210.0739750445633,83.11111111111089,5.143451012538769,10.286902025077538,10.286902025077538,,0.0,1.0,82.88888888888889,False,circle,360.0,1.0,True,True,16.45904324012406,851.0577777777756,848.7822222222223,32.91808648024812,32.91808648024812
r569_svd_normalised_tr050_tid5_010,r569,5,10,False,153,circle,214.10422976165404,222.49233539876144,71.65687720111663,4.775886559181792,9.551773118363585,9.551773118363585,,0.0,1.0,71.55555555555556,False,circle,360.0,1.0,True,True,15.282836989381735,733.7664225394344,732.7288888888891,30.56567397876347,30.56567397876347
r569_svd_normalised_tr050_tid5_010,r569,5,10,False,154,ellipse,167.25915221579962,75.2519267822736,76.88888888888907,4.947170248841291,10.493284947252791,9.329583097780256,34.52174088415012,0.45771236072526233,1.0,76.44444444444444,False,ellipse,360.0,1.0,True,True,15.830944796292133,787.3422222222242,782.7911111111113,33.578511831208935,29.85466591289682
r569_svd_normalised_tr050_tid5_010,r569,5,10,False,155,circle,312.0158292311928,242.98123344450443,59.66237035413975,4.357880484465056,8.715760968930113,8.715760968930113,,0.0,1.0,59.888888888888886,False,circle,360.0,1.0,True,True,13.94521755028818,610.9426724263911,613.2622222222224,27.89043510057636,27.89043510057636
r569_svd_normalised_tr050_tid5_010,r569,5,10,False,156,circle,197.68664321122,244.57203143468814,190.98241570415956,7.796896241832158,15.593792483664345,15.593792483664288,,8.560065398421926e-08,1.0,167.11111111111111,True,circle,259.0,0.7194444444444444,True,True,24.950067973862907,1955.6599368105942,1711.217777777778,49.90013594772591,49.90013594772572
r569_svd_normalised_tr050_tid5_010,r569,5,10,False,157,circle,213.1780049025264,112.91366483580362,33.19140241174043,3.250407901165866,6.500815802331752,6.5008158023317115,,1.1250129990683123e-07,1.0,33.111111111111114,False,circle,360.0,1.0,True,True,10.401305283730771,339.87996069622204,339.05777777777786,20.80261056746161,20.80261056746148
r569_svd_normalised_tr050_tid5_010,r569,5,10,False,158,circle,188.9362363919129,177.58579574909277,71.4444444444446,4.768802048688467,9.537604097376933,9.537604097376933,,0.0,1.0,71.77777777777777,False,circle,360.0,1.0,True,True,15.260166555803094,731.5911111111128,735.0044444444445,30.52033311160619,30.52033311160619
r569_svd_normalised_tr050_tid5_010,r569,5,10,False,159,ellipse,298.0028162980512,244.64226832743716,57.14942290178307,4.265117384004324,8.986177694219418,8.097425587761457,-55.30951266816817,0.4336157597058127,1.0,57.111111111111114,False,ellipse,360.0,1.0,True,True,13.648375628813838,585.2100905142587,584.8177777777779,28.75576862150214,25.911761880836664
r569_svd_normalised_tr050_tid5_010,r569,5,10,False,160,ellipse,269.73255266612597,144.83485871427789,17.594001834858755,2.366504747844655,4.9458249943047266,4.52935130379281,-81.48132130611845,0.4016508499687798,1.0,18.0,False,ellipse,360.0,1.0,True,True,7.572815193102897,180.16257878895368,184.32000000000005,15.826639981775125,14.493924172136992
r569_svd_normalised_tr050_tid5_010,r569,5,10,False,161,circle,177.39556363177013,121.42752361994707,64.92697384404391,4.5460859708716,9.092171941743212,9.092171941743187,,7.450580596923828e-08,1.0,64.88888888888889,False,circle,360.0,1.0,True,True,14.54747510678912,664.8522121630098,664.4622222222223,29.09495021357828,29.0949502135782
r569_svd_normalised_tr050_tid5_010,r569,5,10,False,162,ellipse,177.8895053166898,44.23948220064726,80.11111111111113,5.049768178821162,11.203254708258228,9.104553747595482,-75.97102360348896,0.5827235904578929,1.0,79.77777777777777,False,ellipse,360.0,1.0,True,True,16.15925817222772,820.3377777777781,816.9244444444446,35.85041506642633,29.134571992305542
r569_svd_normalised_tr050_tid5_010,r569,5,10,False,163,circle,207.7021276595745,81.50709219858156,62.666666666666615,4.466253411326344,8.932506822652707,8.932506822652666,,9.541398640621973e-08,1.0,62.666666666666664,False,circle,360.0,1.0,True,True,14.292010916244301,641.7066666666663,641.7066666666668,28.584021832488663,28.58402183248853
r569_svd_normalised_tr050_tid5_010,r569,5,10,False,164,ellipse,330.85424588086187,219.6210392902408,29.222222222222072,3.0498724939893713,6.342442950496519,5.866334030715884,-80.92075461724346,0.38013045874278273,1.0,29.0,False,ellipse,360.0,1.0,True,True,9.75959198076599,299.2355555555541,296.96000000000004,20.295817441588863,18.77226889829083
r569_svd_normalised_tr050_tid5_010,r569,5,10,False,165,circle,298.7790339248945,236.76434133634388,54.30380610317151,4.157576017350394,8.315152034700809,8.315152034700766,,1.0106459234841567e-07,1.0,54.111111111111114,False,circle,360.0,1.0,True,True,13.30424325552126,556.0709744964764,554.0977777777779,26.60848651104259,26.608486511042454
r569_svd_normalised_tr050_tid5_010,r569,5,10,False,166,ellipse,309.3757700205339,214.83299110198496,54.11111111111152,4.1501929616653195,8.941186234684222,7.705510730664103,-46.843630753202575,0.5072489009305194,1.0,53.77777777777778,False,ellipse,360.0,1.0,True,True,13.280617477329024,554.0977777777821,550.6844444444446,28.611795950989514,24.65763433812513
r569_svd_normalised_tr050_tid5_010,r569,5,10,False,167,ellipse,221.9792085139572,89.12249112983203,34.78389272825342,3.327470050257332,6.951506578067776,6.371025797654984,20.321865965394807,0.4000445669232796,1.0,34.55555555555556,False,ellipse,360.0,1.0,True,True,10.647904160823463,356.1870615373151,353.84888888888895,22.244821049816885,20.38728255249595
r569_svd_normalised_tr050_tid5_010,r569,5,10,False,168,circle,166.1607843137255,110.3529411764706,9.444444444444501,1.7338569826200383,3.4677139652400966,3.467713965240056,,1.5269146510898468e-07,1.0,9.333333333333334,False,circle,360.0,1.0,True,True,5.548342344384123,96.71111111111172,95.57333333333335,11.09668468876831,11.09668468876818
r569_svd_normalised_tr050_tid5_010,r569,5,10,False,169,ellipse,156.26805356288858,152.12984218077474,154.8888888888888,7.021585618174573,15.792823215780011,12.487359332710906,-85.22950572043501,0.6122059391104877,1.0,155.55555555555554,False,ellipse,360.0,1.0,True,True,22.469073978158633,1586.0622222222216,1592.8888888888891,50.53703429049604,39.9595498646749
r569_svd_normalised_tr050_tid5_010,r569,5,10,False,170,circle,210.83451536643028,191.88652482269504,15.666666666666499,2.2331267056631607,4.4662534113263215,4.4662534113263215,,0.0,1.0,16.0,False,circle,360.0,1.0,True,True,7.146005458122115,160.42666666666497,163.84000000000003,14.29201091624423,14.29201091624423
r569_svd_normalised_tr050_tid5_010,r569,5,10,False,171,circle,268.72186368975537,138.76511329597957,35.706108804249546,3.371291655960178,6.742583311920384,6.742583311920328,,1.2990531157078367e-07,1.0,35.55555555555556,False,circle,360.0,1.0,True,True,10.78813329907257,365.6305541555154,364.08888888888896,21.57626659814523,21.57626659814505
r569_svd_normalised_tr050_tid5_010,r569,5,10,False,172,circle,256.6014601500856,180.59261241202594,126.21250052339518,6.338350469686379,12.676700939372772,12.676700939372745,,6.495265578539184e-08,1.0,126.11111111111111,False,circle,360.0,1.0,True,True,20.282721502996413,1292.416005359567,1291.377777777778,40.565443005992876,40.56544300599279
r569_svd_normalised_tr050_tid5_010,r569,5,10,False,173,ellipse,198.3820956486448,192.04752737811782,66.45205651162094,4.599168027468978,9.871287582236638,8.57126139570951,87.09429887787286,0.49603545376391284,1.0,66.11111111111111,False,ellipse,360.0,1.0,True,True,14.71733768790073,680.4690586789985,676.977777777778,31.588120263157244,27.42803646627043
r569_svd_normalised_tr050_tid5_010,r569,5,10,False,174,circle,147.4251497005988,114.74251497005989,18.55555555555544,2.4303120739867663,4.860624147973552,4.860624147973513,,1.2644054553268208e-07,1.0,18.555555555555557,False,circle,360.0,1.0,True,True,7.776998636757653,190.00888888888775,190.00888888888895,15.553997273515368,15.553997273515243
r569_svd_normalised_tr050_tid5_010,r569,5,10,False,175,circle,337.23243243243246,129.85405405405405,20.55555555555541,2.557935993986837,5.115871987973703,5.115871987973645,,1.5049435106459375e-07,1.0,20.333333333333332,False,circle,360.0,1.0,True,True,8.185395180757878,210.48888888888746,208.21333333333337,16.37079036151585,16.370790361515667
r569_svd_normalised_tr050_tid5_010,r569,5,10,False,176,ellipse,178.27385970411595,134.42030083208238,153.12492368369863,6.981488167264896,14.488618447353526,13.456404337450893,63.3916981299148,0.37068938868189927,1.0,153.11111111111111,False,ellipse,360.0,1.0,True,True,22.34076213524767,1567.9992185210742,1567.8577777777782,46.36357903153129,43.06049387984286
r569_svd_normalised_tr050_tid5_010,r569,5,10,False,177,ellipse,181.50380710659897,107.48054145516073,87.55555555555544,5.279185441301282,10.9726050373058,10.159774758644016,62.996061847457895,0.37771514022536373,1.0,87.33333333333333,False,ellipse,360.0,1.0,True,True,16.8933934121641,896.568888888888,894.2933333333334,35.11233611937856,32.51127922766085
r569_svd_normalised_tr050_tid5_010,r569,5,10,False,178,circle,273.593837535014,161.61484593837534,79.33333333333366,5.025194951831637,10.0503899036633,10.050389903663246,,1.0323827311807139e-07,1.0,79.22222222222223,False,circle,360.0,1.0,True,True,16.080623845861236,812.3733333333367,811.2355555555558,32.16124769172256,32.16124769172239
r569_svd_normalised_tr050_tid5_010,r569,5,10,False,179,ellipse,308.190350877193,236.77807017543856,42.22222222222224,3.6660265615489314,7.7604267791276325,6.927325587881173,-78.61295590126815,0.4507554049523211,1.0,42.44444444444444,False,ellipse,360.0,1.0,True,True,11.731284996956582,432.35555555555584,434.6311111111112,24.833365693208425,22.167441881219755
r569_svd_normalised_tr050_tid5_010,r569,5,10,False,180,ellipse,306.2164179104478,225.38557213930352,14.888888888888722,2.1769888671339768,4.558459838378031,4.158668230637813,-86.20680326657384,0.4095297130509456,1.0,14.88888888888889,False,ellipse,360.0,1.0,True,True,6.966364374828726,152.46222222222053,152.46222222222227,14.5870714828097,13.307738338041004
r569_svd_normalised_tr050_tid5_010,r569,5,10,False,181,ellipse,176.99694189602445,94.51834862385321,24.222222222222257,2.776719791169799,5.778919820801789,5.336757067243278,14.430038606819437,0.3836298272383515,1.0,24.22222222222222,False,ellipse,360.0,1.0,True,True,8.885503331743356,248.03555555555596,248.0355555555556,18.492543426565728,17.07762261517849
r569_svd_normalised_tr050_tid5_010,r569,5,10,False,182,circle,181.42602698312663,215.2801433707611,37.59434808652147,3.459284992679045,6.91856998535809,6.91856998535809,,0.0,1.0,37.888888888888886,False,circle,360.0,1.0,True,True,11.069711976572945,384.96612440597994,387.9822222222223,22.13942395314589,22.13942395314589
r569_svd_normalised_tr050_tid5_010,r569,5,10,False,183,ellipse,317.9292524823249,143.40716087942758,10.31484228739132,1.8119923494604722,3.821392426013488,3.436774775762528,87.99958281455338,0.4372264743828048,1.0,10.222222222222221,False,ellipse,360.0,1.0,True,True,5.798375518273511,105.62398502288714,104.67555555555556,12.228455763243161,10.99767928244009
r569_svd_normalised_tr050_tid5_010,r569,5,10,False,184,ellipse,179.47410993418876,195.59133430068297,22.971273577912875,2.704067949975031,5.7438710391025305,5.092024823192862,-64.08483185771402,0.46270085825281804,1.0,22.77777777777778,False,ellipse,360.0,1.0,True,True,8.653017439920099,235.22584143782788,233.2444444444445,18.380387325128098,16.29447943421716
r569_svd_normalised_tr050_tid5_010,r569,5,10,False,185,circle,169.91827586099134,101.48110539028978,15.475157004157865,2.2194358437832307,4.438871687566461,4.438871687566461,,0.0,1.0,15.333333333333334,False,circle,360.0,1.0,True,True,7.102194700106338,158.46560772257655,157.01333333333338,14.204389400212676,14.204389400212676
r569_svd_normalised_tr050_tid5_010,r569,5,10,False,186,circle,224.2041870195189,255.31197943166322,557.5039053273465,13.321373977625825,26.64274795525165,26.64274795525165,,0.0,1.0,128.88888888888889,True,circle,129.0,0.35833333333333334,False,True,42.62839672840264,5708.839990552029,1319.8222222222225,85.25679345680528,85.25679345680528
r569_svd_normalised_tr050_tid5_010,r569,5,10,False,187,ellipse,270.76018103907575,236.4364303415077,27.69050907087805,2.9688655730299436,6.394990761516927,5.513166864142051,84.20859130710986,0.5067261277709053,1.0,27.77777777777778,False,ellipse,360.0,1.0,True,True,9.500369833695819,283.5508128857913,284.4444444444445,20.46397043685417,17.642133965254565
r569_svd_normalised_tr050_tid5_010,r569,5,10,False,188,ellipse,336.31159420289856,134.42028985507247,10.222222222222047,1.8038387932686546,3.81179893531583,3.41448691005662,-80.49639747068136,0.4445221833971479,1.0,10.222222222222221,False,ellipse,360.0,1.0,True,True,5.772284138459695,104.67555555555379,104.67555555555556,12.197756593010658,10.926358112181184
r569_svd_normalised_tr050_tid5_010,r569,5,10,False,189,circle,222.59164603650277,182.48829502905897,20.73395867010254,2.5690122663038726,5.138024532607745,5.138024532607744,,2.1073424255447017e-08,1.0,21.0,False,circle,360.0,1.0,True,True,8.220839252172393,212.31573678185003,215.04000000000005,16.441678504344786,16.441678504344782
r569_svd_normalised_tr050_tid5_010,r569,5,10,False,190,circle,150.41249066349454,167.40049642848342,29.45946922355557,3.0622279953629934,6.124455990725988,6.124455990725987,,1.4901161193847656e-08,1.0,29.11111111111111,False,circle,360.0,1.0,True,True,9.79912958516158,301.66496484920907,298.0977777777778,19.59825917032316,19.59825917032316
r569_svd_normalised_tr050_tid5_010,r569,5,10,False,191,ellipse,241.68425771251611,173.1347933447314,874.4104265391956,16.683329504316912,41.981052090674694,26.51991500817463,74.50861340707092,0.7752035423047255,1.0,874.8888888888889,False,ellipse,360.0,1.0,True,True,53.38665441381412,8953.962767761364,8958.862222222224,134.33936669015904,84.86372802615882
r569_svd_normalised_tr050_tid5_010,r569,5,10,False,192,circle,224.88316256123355,105.35621169943308,25.89342333921476,2.870911464328735,5.741822928657484,5.741822928657455,,1.0106459234841567e-07,1.0,25.88888888888889,False,circle,360.0,1.0,True,True,9.186916685851953,265.1486549935592,265.1022222222223,18.37383337170395,18.373833371703856
r569_svd_normalised_tr050_tid5_010,r569,5,10,False,193,circle,169.09866666666667,107.77599999999997,13.88888888888889,2.1026104350168002,4.205220870033611,4.20522087003359,,1.0106459234841567e-07,1.0,13.777777777777779,False,circle,360.0,1.0,True,True,6.728353392053761,142.22222222222226,141.08444444444447,13.456706784107556,13.456706784107489
r569_svd_normalised_tr050_tid5_010,r569,5,10,False,194,ellipse,190.88058841220075,59.80776864491979,45.54196831298833,3.8074215356712364,8.059720178028488,7.194522107510258,76.47904326321463,0.4507472929657365,1.0,45.55555555555556,False,ellipse,360.0,1.0,True,True,12.183748914147957,466.3497555250006,466.488888888889,25.791104569691164,23.022470744032827
r569_svd_normalised_tr050_tid5_010,r569,5,10,False,195,ellipse,266.78438780034605,84.35360932884781,12.932345612589273,2.028914355026534,4.255912938811649,3.868963974796118,72.05021605907513,0.4166222922983101,1.0,12.666666666666666,False,ellipse,360.0,1.0,True,True,6.492525936084909,132.4272190729142,129.70666666666668,13.618921404197279,12.380684719347578
r569_svd_normalised_tr050_tid5_010,r569,5,10,False,196,ellipse,283.82872928176795,153.56169429097605,20.11111111111118,2.5301315161088698,5.316325863421186,4.8165335634169,31.268011982753507,0.4233009042650544,1.0,20.0,False,ellipse,360.0,1.0,True,True,8.096420851548384,205.93777777777854,204.80000000000004,17.012242762947796,15.412907402934081
r569_svd_normalised_tr050_tid5_010,r569,5,10,False,197,ellipse,193.7941990389993,82.16889582328817,35.48312048083044,3.3607481372008334,7.250797470647174,6.23083355309372,-7.848581965757148,0.5114201650086337,1.0,35.333333333333336,False,ellipse,360.0,1.0,True,True,10.754394039042667,363.3471537237038,361.81333333333345,23.20255190607096,19.938667369899903
r569_svd_normalised_tr050_tid5_010,r569,5,10,False,198,circle,342.76104417670683,127.0261044176707,36.88888888888881,3.4266744846379407,6.853348969275896,6.853348969275867,,9.30577218293905e-08,1.0,37.0,False,circle,360.0,1.0,True,True,10.965358350841411,377.74222222222147,378.88000000000005,21.93071670168287,21.930716701682776
r569_svd_normalised_tr050_tid5_010,r569,5,10,False,199,ellipse,267.9769230769231,59.47948717948718,14.444444444444468,2.144250327526897,4.453731153176725,4.129400099796966,-80.87309481156791,0.37462188572799515,1.0,14.444444444444445,False,ellipse,360.0,1.0,True,True,6.861601048086071,147.91111111111138,147.91111111111115,14.251939690165521,13.214080319350291
r569_svd_normalised_tr050_tid5_010,r569,5,10,False,200,circle,266.71472304289415,250.4249822135621,60.65961785420524,4.394150208530007,8.788300417060043,8.788300417059986,,1.1348386266624791e-07,1.0,22.0,True,circle,155.0,0.4305555555555556,True,True,14.061280667296025,621.1544868270618,225.28000000000003,28.122561334592138,28.122561334591957
r569_svd_normalised_tr050_tid5_010,r569,5,10,False,201,circle,296.3140446051839,220.3315250150693,61.444444444444464,4.422485061335693,8.844970122671409,8.844970122671363,,1.021572142899192e-07,1.0,61.44444444444444,False,circle,360.0,1.0,True,True,14.151952196274218,629.1911111111115,629.1911111111112,28.30390439254851,28.30390439254836
r569_svd_normalised_tr050_tid5_010,r569,5,10,False,202,ellipse,197.95895393301583,154.46374188781132,14.874252070324916,2.175918537899371,4.5582537072966955,4.1547678454098484,83.67644912483476,0.41133916405688775,1.0,14.555555555555555,False,ellipse,360.0,1.0,True,True,6.962939321277988,152.31234120012718,149.0488888888889,14.586411863349426,13.295257105311515
r569_svd_normalised_tr050_tid5_010,r569,5,10,False,203,circle,202.59548611111111,219.640625,21.333333333333076,2.605880063482224,5.211760126964448,5.211760126964448,,0.0,1.0,21.0,False,circle,360.0,1.0,True,True,8.338816203143116,218.45333333333073,215.04000000000005,16.677632406286232,16.677632406286232
r569_svd_normalised_tr050_tid5_010,r569,5,10,False,204,circle,165.57698815566837,154.753807106599,43.77777777777801,3.732947824685446,7.465895649370892,7.465895649370891,,1.4901161193847656e-08,1.0,43.55555555555556,False,circle,360.0,1.0,True,True,11.945433038993428,448.28444444444693,446.008888888889,23.890866077986857,23.890866077986853
r569_svd_normalised_tr050_tid5_010,r569,5,10,False,205,ellipse,201.01312335958005,60.62379702537183,42.33333333333332,3.6708471113782175,7.680445903284603,7.017883432705938,-36.37612037530164,0.4063132347758772,1.0,42.0,False,ellipse,360.0,1.0,True,True,11.746710756410296,433.4933333333333,430.0800000000001,24.577426890510733,22.457226984659002
r569_svd_normalised_tr050_tid5_010,r569,5,10,False,206,circle,248.93548387096774,153.91397849462365,20.666666666666536,2.564840017323686,5.1296800346473725,5.129680034647372,,2.1073424255447017e-08,1.0,20.333333333333332,False,circle,360.0,1.0,True,True,8.207488055435794,211.6266666666654,208.21333333333337,16.414976110871592,16.41497611087159
r569_svd_normalised_tr050_tid5_010,r569,5,10,False,207,ellipse,251.4602387124776,58.42723177710877,122.27843211740777,6.238784642061661,15.193888926265025,10.246865433573337,-85.5872754010307,0.7383597796600138,1.0,122.66666666666667,False,ellipse,360.0,1.0,True,True,19.964110854597315,1252.131144882256,1256.106666666667,48.620444564048086,32.78996938743468
r569_svd_normalised_tr050_tid5_010,r569,5,10,False,208,ellipse,174.78763440860214,189.73521505376345,27.555555555555692,2.9616221488603256,6.3073823226018115,5.562501401692047,-82.99730791871332,0.471430309508472,1.0,27.444444444444443,False,ellipse,360.0,1.0,True,True,9.477190876353042,282.16888888889036,281.03111111111116,20.1836234323258,17.80000448541455
r569_svd_normalised_tr050_tid5_010,r569,5,10,False,209,circle,254.88549128889537,140.0074583449981,21.955972429088877,2.6436344461664376,5.287268892332889,5.287268892332861,,1.0323827311807139e-07,1.0,21.88888888888889,False,circle,360.0,1.0,True,True,8.459630227732601,224.82915767387016,224.14222222222227,16.919260455465245,16.919260455465157
r569_svd_normalised_tr050_tid5_010,r569,5,10,False,210,ellipse,226.20542635658916,228.83100775193805,47.77777777777767,3.8997614037988084,8.546005189984172,7.1182446855439,89.4695960900043,0.5533747400712905,1.0,48.111111111111114,False,ellipse,360.0,1.0,True,True,12.479236492156188,489.24444444444345,492.6577777777779,27.34721660794935,22.77838299374048
r569_svd_normalised_tr050_tid5_010,r569,5,10,False,211,circle,289.6611339755989,250.45429408661784,204.5241061776154,8.068583826127004,16.13716765225402,16.137167652253993,,5.960464477539063e-08,1.0,86.55555555555556,True,circle,167.0,0.4638888888888889,True,True,25.819468243606412,2094.326847258782,886.3288888888891,51.638936487212874,51.63893648721278
r569_svd_normalised_tr050_tid5_010,r569,5,10,False,212,circle,176.3298187277102,194.39216420441525,18.064832619807547,2.3979605532911026,4.795921106582205,4.795921106582204,,2.1073424255447017e-08,1.0,18.22222222222222,False,circle,360.0,1.0,True,True,7.673473770531529,184.9838860268293,186.5955555555556,15.346947541063058,15.346947541063054
r569_svd_normalised_tr050_tid5_010,r569,5,10,False,213,ellipse,208.39360478490917,143.76972624798714,160.99999999999972,7.158763278359622,17.655400421724334,11.610700511222962,-82.86650221421044,0.7533420922099143,1.0,161.11111111111111,False,ellipse,360.0,1.0,True,True,22.90804249075079,1648.6399999999974,1649.777777777778,56.49728134951787,37.15424163591348
r569_svd_normalised_tr050_tid5_010,r569,5,10,False,214,circle,249.58495289984847,247.99369660110636,40.24894179048892,3.579334586253225,7.15866917250645,7.15866917250645,,0.0,1.0,30.444444444444443,True,circle,229.0,0.6361111111111111,True,True,11.45387067601032,412.14916393460663,311.75111111111113,22.90774135202064,22.90774135202064
r569_svd_normalised_tr050_tid5_010,r569,5,10,False,215,circle,179.320920333283,249.5195793226761,57.98272355553954,4.296099874955189,8.592199749910378,8.592199749910378,,0.0,1.0,28.77777777777778,True,circle,179.0,0.49722222222222223,True,True,13.747519599856606,593.743089208725,294.6844444444445,27.49503919971321,27.49503919971321
r569_svd_normalised_tr050_tid5_010,r569,5,10,False,216,ellipse,242.62105263157895,156.57894736842104,31.66666666666666,3.174872133249889,6.759362869563579,5.964948624299858,-18.537556072791944,0.47036488919405645,1.0,31.555555555555557,False,ellipse,360.0,1.0,True,True,10.159590826399645,324.26666666666665,323.128888888889,21.629961182603452,19.087835597759547
r569_svd_normalised_tr050_tid5_010,r569,5,10,False,217,circle,265.779560197692,159.32898158200243,48.22646977446164,3.918030385915212,7.836060771830458,7.8360607718303905,,1.3160349229466688e-07,1.0,48.0,False,circle,360.0,1.0,True,True,12.537697234928679,493.8390504904873,491.5200000000001,25.075394469857468,25.07539446985725
r569_svd_normalised_tr050_tid5_010,r569,5,10,False,218,ellipse,225.22152740115558,211.20668567191578,71.98806730458475,4.786910643652483,10.0038266703481,9.16229929422241,-69.15149622195702,0.40145339505423944,1.0,71.88888888888889,False,ellipse,360.0,1.0,True,True,15.318114059687947,737.1578091989479,736.1422222222224,32.012245345113925,29.319357741511716
r569_svd_normalised_tr050_tid5_010,r569,5,10,False,219,ellipse,198.63396075355934,241.67238463879087,41.044140237712426,3.6145201075077433,7.516281552273713,6.952776059127605,-24.426899121235152,0.3798972588937394,1.0,41.22222222222222,False,ellipse,360.0,1.0,True,True,11.56646434402478,420.2919960341753,422.1155555555556,24.052100967275884,22.248883389208338
r569_svd_normalised_tr050_tid5_010,r569,5,10,False,220,ellipse,247.49041225860668,175.01335708752032,582.0299688683574,13.611241425602666,29.5425029874113,25.08465761685635,89.76248606718488,0.5282256979485296,1.0,581.7777777777778,False,ellipse,360.0,1.0,True,True,43.555972561928535,5959.986881211981,5957.404444444446,94.53600955971616,80.27090437394033
r569_svd_normalised_tr050_tid5_010,r569,5,10,False,221,ellipse,236.57181477912775,226.9756393620677,73.57102618006438,4.839254588239906,10.045388578523305,9.325029006789714,81.20617663500184,0.37185824589680877,1.0,73.77777777777777,False,ellipse,360.0,1.0,True,True,15.4856146823677,753.3673080838594,755.4844444444445,32.145243451274574,29.840092821727087
r569_svd_normalised_tr050_tid5_010,r569,5,10,False,222,circle,228.75063613231552,216.20737913486008,87.33333333333317,5.272481711052617,10.544963422105235,10.544963422105234,,2.1073424255447017e-08,1.0,87.55555555555556,False,circle,360.0,1.0,True,True,16.871941475368374,894.2933333333318,896.5688888888891,33.743882950736754,33.74388295073675
r569_svd_normalised_tr050_tid5_010,r569,5,10,False,223,ellipse,306.0750750750751,146.7387387387388,12.333333333333172,1.9813687010751013,4.227229028443907,3.714794635619897,-84.31241907507422,0.4772313279907661,1.0,12.333333333333334,False,ellipse,360.0,1.0,True,True,6.340379843440324,126.2933333333317,126.29333333333336,13.527132891020504,11.887342833983672
r569_svd_normalised_tr050_tid5_010,r569,5,10,False,224,circle,292.6050228310502,208.96575342465752,16.222222222222307,2.2723762252769113,4.544752450553846,4.544752450553799,,1.4370159448672764e-07,1.0,15.88888888888889,False,circle,360.0,1.0,True,True,7.2716039208861165,166.11555555555645,162.70222222222225,14.543207841772308,14.543207841772157
r569_svd_normalised_tr050_tid5_010,r569,5,10,False,225,circle,220.2917261090185,240.0455053046329,33.4402678534038,3.262570743198136,6.525141486396272,6.525141486396272,,0.0,1.0,33.0,False,circle,360.0,1.0,True,True,10.440226378234037,342.428342818855,337.9200000000001,20.880452756468074,20.880452756468074
r569_svd_normalised_tr050_tid5_010,r569,5,10,False,226,ellipse,311.0386904761905,231.875,12.444444444444246,1.990273773813933,4.193485506440089,3.7784222109729106,-76.5208162299358,0.4337736331273495,1.0,12.777777777777779,False,ellipse,360.0,1.0,True,True,6.368876076204586,127.4311111111091,130.8444444444445,13.419153620608284,12.090951075113315
r569_svd_normalised_tr050_tid5_010,r569,5,10,False,227,ellipse,253.81203007518798,106.92481203007519,29.555555555555628,3.0672178802601575,6.3692329714574285,5.908294180569052,-79.71996835548606,0.37349943236419675,1.0,29.444444444444443,False,ellipse,360.0,1.0,True,True,9.815097216832505,302.6488888888897,301.5111111111112,20.381545508663773,18.906541377820968
r569_svd_normalised_tr050_tid5_010,r569,5,10,False,228,ellipse,207.87798327087458,40.19886350580599,16.07386022786907,2.261961233015978,4.704872139601753,4.349932128102635,83.44202361181942,0.38103878833108945,1.0,16.11111111111111,False,ellipse,360.0,1.0,True,True,7.23827594565113,164.5963287333793,164.97777777777782,15.055590846725611,13.919782809928433
r569_svd_normalised_tr050_tid5_010,r569,5,10,False,229,circle,177.08870967741936,185.1451612903226,13.777777777777931,2.0941831047714174,4.188366209542835,4.188366209542835,,0.0,1.0,13.666666666666666,False,circle,360.0,1.0,True,True,6.7013859352685365,141.08444444444604,139.9466666666667,13.402771870537073,13.402771870537073
r569_svd_normalised_tr050_tid5_010,r569,5,10,False,230,circle,264.09639953542387,213.10336817653894,63.77777777777784,4.505673888054878,9.011347776109757,9.011347776109755,,2.1073424255447017e-08,1.0,63.888888888888886,False,circle,360.0,1.0,True,True,14.418156441775611,653.0844444444452,654.2222222222223,28.836312883551223,28.836312883551216
r569_svd_normalised_tr050_tid5_010,r569,5,10,False,231,ellipse,210.3784133118468,207.1443540319415,43.29295879908404,3.7122199271993543,7.963476999847509,6.92188941496779,-47.16178551901143,0.4944529042055143,1.0,43.55555555555556,False,ellipse,360.0,1.0,True,True,11.879103767037934,443.31989810262064,446.008888888889,25.48312639951203,22.15004612789693
r569_svd_normalised_tr050_tid5_010,r569,5,10,False,232,ellipse,179.44610992148466,160.57673090649536,51.888888888889,4.0640800086151865,9.2741158122733,7.123804209806168,-83.81259258587866,0.640283877233002,1.0,51.888888888888886,False,ellipse,360.0,1.0,True,True,13.005056027568598,531.3422222222234,531.3422222222223,29.67717059927456,22.79617347137974
r569_svd_normalised_tr050_tid5_010,r569,5,10,False,233,ellipse,204.89915484887553,170.14467841283482,258.55555555555566,9.071978255103772,21.566989511366017,15.264214677287688,-89.125818430979,0.706454715189639,1.0,259.1111111111111,False,ellipse,360.0,1.0,True,True,29.030330416332074,2647.6088888888903,2653.297777777778,69.01436643637126,48.8454869673206
r569_svd_normalised_tr050_tid5_010,r569,5,10,False,234,ellipse,256.3284671532847,147.5523114355231,30.44444444444448,3.1129997825312903,6.617870690721561,5.857332727656095,5.78654458541223,0.4654424495068233,1.0,30.333333333333332,False,ellipse,360.0,1.0,True,True,9.96159930410013,311.7511111111115,310.6133333333334,21.177186210308996,18.743464728499504
r569_svd_normalised_tr050_tid5_010,r569,5,10,False,235,ellipse,189.09109730848866,194.71014492753622,17.888888888888857,2.386254426119874,5.050697607317488,4.509642531698494,67.03809718861814,0.45030424625901444,1.0,17.77777777777778,False,ellipse,360.0,1.0,True,True,7.636014163583598,183.18222222222192,182.04444444444448,16.162232343415962,14.43085610143518
r569_svd_normalised_tr050_tid5_010,r569,5,10,False,236,circle,228.2511415525114,199.634703196347,16.22222222222201,2.27237622527689,4.54475245055378,4.54475245055378,,0.0,1.0,16.0,False,circle,360.0,1.0,True,True,7.271603920886048,166.11555555555339,163.84000000000003,14.543207841772096,14.543207841772096
r569_svd_normalised_tr050_tid5_010,r569,5,10,False,237,circle,185.35346378266152,149.21621679404166,25.910301948871798,2.871847012696364,5.743694025392728,5.743694025392728,,0.0,1.0,25.77777777777778,False,circle,360.0,1.0,True,True,9.189910440628365,265.32149195644723,263.9644444444445,18.37982088125673,18.37982088125673
r569_svd_normalised_tr050_tid5_010,r569,5,10,False,238,ellipse,170.95870206489678,115.76401179941004,12.555555555555554,1.9991391797128955,4.199229224777694,3.8069438422473594,16.5433194793807,0.42203062542132663,1.0,12.333333333333334,False,ellipse,360.0,1.0,True,True,6.3972453750812655,128.5688888888889,126.29333333333336,13.437533519288621,12.18222029519155
r569_svd_normalised_tr050_tid5_010,r569,5,10,False,239,ellipse,236.32231404958677,49.71625344352616,26.88888888888895,2.925576722943843,6.199768970132514,5.522140713993667,-89.6430678087574,0.45458953413597986,1.0,27.444444444444443,False,ellipse,360.0,1.0,True,True,9.361845513420297,275.3422222222229,281.03111111111116,19.839260704424046,17.670850284779736
r569_svd_normalised_tr050_tid5_010,r569,5,10,False,240,circle,314.17385141961535,187.01115266827262,21.097854001105215,2.591458181374732,5.182916362749491,5.182916362749436,,1.4600096599955427e-07,1.0,21.11111111111111,False,circle,360.0,1.0,True,True,8.292666180399143,216.04202497131746,216.1777777777778,16.585332360798372,16.585332360798198
r569_svd_normalised_tr050_tid5_010,r569,5,10,False,241,ellipse,265.7303102625298,182.587907716786,46.555555555555465,3.8495575836856895,8.378126377426353,7.07513490368916,77.11371582457377,0.5355918424492933,1.0,46.44444444444444,False,ellipse,360.0,1.0,True,True,12.318584267794208,476.72888888888804,475.59111111111116,26.810004407764332,22.640431691805315
r569_svd_normalised_tr050_tid5_010,r569,5,10,False,242,circle,182.06386514959902,28.134514249824043,17.932739500588767,2.389177320626491,4.778354641252989,4.7783546412529745,,7.742870483855355e-08,1.0,17.77777777777778,False,circle,360.0,1.0,True,True,7.645367426004771,183.631252486029,182.04444444444448,15.290734852009564,15.29073485200952
r569_svd_normalised_tr050_tid5_010,r569,5,10,False,243,ellipse,366.4623284987624,171.62903976529063,56.48295520385787,4.240174883452822,8.917260942740846,8.064845542913101,88.17094556360115,0.4266678780967252,1.0,56.111111111111114,False,ellipse,360.0,1.0,True,True,13.56855962704903,578.3854612875047,574.5777777777779,28.53523501677071,25.807505737321925
r569_svd_normalised_tr050_tid5_010,r569,5,10,False,244,circle,183.11121892306573,143.32709174982793,34.865026639678355,3.3313484749378666,6.662696949875733,6.662696949875732,,1.4901161193847656e-08,1.0,34.44444444444444,False,circle,360.0,1.0,True,True,10.660315119801174,357.0178727903064,352.71111111111117,21.320630239602348,21.320630239602345
r569_svd_normalised_tr050_tid5_010,r569,5,10,False,245,ellipse,336.2583333333333,196.6097222222222,26.66666666666666,2.913462481578877,6.446964299152555,5.266518155022835,-87.55297421083671,0.576780858839452,1.0,26.444444444444443,False,ellipse,360.0,1.0,True,True,9.323079941052407,273.06666666666666,270.79111111111115,20.630285757288178,16.852858096073074
r569_svd_normalised_tr050_tid5_010,r569,5,10,False,246,ellipse,216.9882249541011,89.01158016777849,41.728191237315016,3.6445158530873747,8.172725834810311,6.500888967463316,-2.9086275871479756,0.6060362133593122,1.0,41.77777777777778,False,ellipse,360.0,1.0,True,True,11.6624507298796,427.2966782701059,427.8044444444445,26.152722671392997,20.802844695882612
r569_svd_normalised_tr050_tid5_010,r569,5,10,False,247,circle,188.21451909130306,240.87171444893022,32.539010367839076,3.218305250705725,6.436610501411451,6.43661050141145,,1.4901161193847656e-08,1.0,32.44444444444444,False,circle,360.0,1.0,True,True,10.29857680225832,333.1994661666722,332.23111111111115,20.597153604516645,20.59715360451664
r569_svd_normalised_tr050_tid5_010,r569,5,10,False,248,ellipse,246.6898395721925,229.32085561497325,20.77777777777767,2.571725506269381,5.358114002533576,4.937388100715433,12.986861716056126,0.3884288161067094,1.0,20.666666666666668,False,ellipse,360.0,1.0,True,True,8.22952162006202,212.76444444444337,211.62666666666672,17.145964808107443,15.799641922289386
r569_svd_normalised_tr050_tid5_010,r569,5,10,False,249,circle,368.4231877284197,177.29039450618154,19.37610720806371,2.4834666255224143,4.9669332510448685,4.966933251044788,,1.8066697795662494e-07,1.0,19.444444444444443,False,circle,360.0,1.0,True,True,7.947093201671726,198.41133781057243,199.11111111111114,15.89418640334358,15.894186403343321
r569_svd_normalised_tr050_tid5_010,r569,5,10,False,250,circle,337.97872340425533,192.43262411347516,10.444444444444413,1.823340319952374,3.6466806399047482,3.646680639904748,,1.4901161193847656e-08,1.0,10.555555555555555,False,circle,360.0,1.0,True,True,5.834689023847597,106.9511111111108,108.0888888888889,11.669378047695195,11.669378047695194
r569_svd_normalised_tr050_tid5_010,r569,5,10,False,251,ellipse,292.78780017729895,175.03865635474773,330.80571573052305,10.261516930899164,23.78655063520862,17.70727186770293,-83.5686670034666,0.6677075447330157,1.0,330.8888888888889,False,ellipse,360.0,1.0,True,True,32.836854178877324,3387.450529080557,3388.302222222223,76.11696203266759,56.663269976649374
r569_svd_normalised_tr050_tid5_010,r569,5,10,False,252,circle,284.22166246851384,223.36691855583547,44.11111111111103,3.7471326047016666,7.494265209403337,7.494265209403329,,4.712160915387242e-08,1.0,44.333333333333336,False,circle,360.0,1.0,True,True,11.990824335045334,451.69777777777705,453.97333333333347,23.981648670090678,23.981648670090653
r569_svd_normalised_tr050_tid5_010,r569,5,10,False,253,circle,242.15854105010555,161.19441050205836,69.39498939467924,4.699905443298377,9.399810886596754,9.399810886596754,,0.0,1.0,69.11111111111111,False,circle,360.0,1.0,True,True,15.039697418554807,710.6046914015155,707.6977777777779,30.079394837109614,30.079394837109614
r569_svd_normalised_tr050_tid5_010,r569,5,10,False,254,ellipse,244.51697530864197,163.66666666666666,23.99999999999995,2.763953195770681,5.859112600888795,5.215422736372808,-89.27857611701464,0.45568973709259064,1.0,24.333333333333332,False,ellipse,360.0,1.0,True,True,8.844650226466179,245.75999999999954,249.17333333333337,18.749160322844144,16.68935275639299
r569_svd_normalised_tr050_tid5_010,r569,5,10,False,255,ellipse,180.68922542987852,167.09985802177,234.7777777777775,8.644772277100632,19.25454549787896,15.525079567556652,8.301473190792194,0.5914969347851875,1.0,235.0,False,ellipse,360.0,1.0,True,True,27.663271286722022,2404.124444444442,2406.4000000000005,61.61454559321268,49.68025461618129
r569_svd_normalised_tr050_tid5_010,r569,5,10,False,256,circle,266.2701149425287,142.8793103448276,12.88888888888877,2.0255025932488233,4.0510051864976875,4.051005186497607,,1.999200562387517e-07,1.0,13.11111111111111,False,circle,360.0,1.0,True,True,6.481608298396235,131.98222222222103,134.2577777777778,12.9632165967926,12.963216596792343
r569_svd_normalised_tr050_tid5_010,r569,5,10,False,257,ellipse,199.6451204055767,60.46514575411913,58.44444444444426,4.313171044508429,9.284661799320014,8.014699883004203,-89.34401353530637,0.5048290048164848,1.0,58.0,False,ellipse,360.0,1.0,True,True,13.802147342426972,598.4711111111093,593.9200000000001,29.71091775782405,25.647039625613452
r569_svd_normalised_tr050_tid5_010,r569,5,10,False,258,ellipse,264.74194335078244,166.5857892968114,65.33988973708873,4.560518925020939,9.82439894333732,8.468032695101044,86.66899047380872,0.5070119759293752,1.0,65.0,False,ellipse,360.0,1.0,True,True,14.593660560067006,669.0804709077887,665.6000000000001,31.438076618679425,27.09770462432334
r569_svd_normalised_tr050_tid5_010,r569,5,10,False,259,ellipse,170.4829210836278,207.3133097762073,31.444444444444617,3.1637126184632662,6.818818169078666,5.871444161753376,85.09849514481652,0.5084952761551175,1.0,31.11111111111111,False,ellipse,360.0,1.0,True,True,10.123880379082452,321.99111111111296,318.57777777777784,21.820218141051733,18.788621317610804
r569_svd_normalised_tr050_tid5_010,r569,5,10,False,260,ellipse,204.23357664233578,47.001459854014605,76.111111111111,4.922084834203854,10.41944507289274,9.300656204092256,81.00005372669048,0.45080014734761104,1.0,75.44444444444444,False,ellipse,360.0,1.0,True,True,15.750671469452335,779.3777777777768,772.5511111111113,33.34222423325677,29.762099853095222
r569_svd_normalised_tr050_tid5_010,r569,5,10,False,261,ellipse,200.72916666666669,174.84523809523813,12.444444444444398,1.990273773813945,4.140137575209713,3.8271092424081625,-87.39800522426958,0.38144435045736663,1.0,12.666666666666666,False,ellipse,360.0,1.0,True,True,6.368876076204625,127.43111111111067,129.70666666666668,13.248440240671082,12.24674957570612
r569_svd_normalised_tr050_tid5_010,r569,5,10,False,262,circle,179.72456243356072,172.2400643175525,65.2628683883203,4.557830208412106,9.115660416824213,9.115660416824213,,0.0,1.0,65.11111111111111,False,circle,360.0,1.0,True,True,14.58505666691874,668.2917722964,666.737777777778,29.17011333383748,29.17011333383748
r569_svd_normalised_tr050_tid5_010,r569,5,10,False,263,ellipse,173.3681025951962,134.06299764781332,15.85163206144366,2.246270508488561,4.772343782314958,4.229143102392247,82.25373257634345,0.4633461490131376,1.0,16.11111111111111,False,ellipse,360.0,1.0,True,True,7.188065627163396,162.3207123091831,164.97777777777782,15.271500103407867,13.533257927655193
r569_svd_normalised_tr050_tid5_010,r569,5,10,False,264,ellipse,262.4214214214214,239.90790790790788,36.99999999999999,3.431831258788849,7.303669007038131,6.450164035336749,32.9584249530796,0.46910905756352195,1.0,37.22222222222222,False,ellipse,360.0,1.0,True,True,10.981860028124316,378.88,381.1555555555556,23.37174082252202,20.6405249130776
r569_svd_normalised_tr050_tid5_010,r569,5,10,False,265,ellipse,320.9247311827957,237.25448028673844,10.333333333333362,1.8136157689082086,3.8407681609277624,3.4255669901595778,78.58728225094083,0.45223992934584084,1.0,10.333333333333334,False,ellipse,360.0,1.0,True,True,5.803570460506268,105.81333333333365,105.81333333333336,12.29045811496884,10.96181436851065
r569_svd_normalised_tr050_tid5_010,r569,5,10,False,266,circle,313.797507788162,161.52336448598126,11.888888888888888,1.9453408105198315,3.8906816210397026,3.890681621039624,,2.010276550536162e-07,1.0,12.444444444444445,False,circle,360.0,1.0,True,True,6.225090593663461,121.74222222222224,127.43111111111114,12.450181187327049,12.450181187326798
r569_svd_normalised_tr050_tid5_010,r569,5,10,False,267,ellipse,208.14520019295705,170.85938253738544,153.55555555555537,6.9912982636830465,15.265670629530906,12.807364340017742,-56.579651454996736,0.5441852818880805,1.0,153.44444444444446,False,ellipse,360.0,1.0,True,True,22.37215444378575,1572.4088888888873,1571.2711111111116,48.850146014498904,40.98356588805677
r569_svd_normalised_tr050_tid5_010,r569,5,10,False,268,ellipse,166.87064746477728,77.6021021930501,110.38460598291101,5.92760587141748,13.72028549139618,10.24366771052881,-10.259813635443948,0.6652648178666977,1.0,110.22222222222223,False,ellipse,360.0,1.0,True,True,18.968338788535938,1130.338365265009,1128.6755555555558,43.90491357246778,32.77973667369219
r569_svd_normalised_tr050_tid5_010,r569,5,10,False,269,ellipse,190.84298711848783,207.7800782522971,40.91076346347698,3.6086424679858964,7.772478009280786,6.701749658835684,-36.18679501318789,0.5064981328711841,1.0,40.888888888888886,False,ellipse,360.0,1.0,True,True,11.547655897554868,418.9262178660044,418.70222222222225,24.871929629698517,21.445598908274192
r569_svd_normalised_tr050_tid5_010,r569,5,10,False,270,ellipse,346.71884057971016,160.70724637681158,12.777777777777803,2.0167530810999703,4.219378513471453,3.855821872477515,-81.80464625999497,0.4060824383761993,1.0,12.88888888888889,False,ellipse,360.0,1.0,True,True,6.453609859519905,130.84444444444472,131.98222222222225,13.50201124310865,12.338629991928048
r569_svd_normalised_tr050_tid5_010,r569,5,10,False,271,ellipse,241.95325203252034,168.08943089430895,18.222222222222346,2.408383997947864,5.317006840522122,4.363593018061082,80.19801363075538,0.5713794774625759,1.0,18.333333333333332,False,ellipse,360.0,1.0,True,True,7.706828793433165,186.59555555555687,187.73333333333335,17.014421889670793,13.963497657795465
r569_svd_normalised_tr050_tid5_010,r569,5,10,False,272,ellipse,127.63569321533923,144.30383480825958,25.11111111111105,2.827209741021398,5.9146492064058345,5.4056392125973405,-31.114790214926927,0.40584753131784873,1.0,25.333333333333332,False,ellipse,360.0,1.0,True,True,9.047071171268474,257.1377777777772,259.41333333333336,18.92687746049867,17.29804548031149
r569_svd_normalised_tr050_tid5_010,r569,5,10,False,273,ellipse,49.62337662337662,162.20057720057724,25.66666666666658,2.858313094358967,5.930325898787857,5.510627162702036,-73.58339108676165,0.36950589557644503,1.0,25.333333333333332,False,ellipse,360.0,1.0,True,True,9.146601901948696,262.8266666666658,259.41333333333336,18.977042876121143,17.634006920646517
r569_svd_normalised_tr050_tid5_010,r569,5,10,False,274,circle,317.48591191250364,218.55660655475677,10.88748517125006,1.8616106375094432,3.7232212750188864,3.7232212750188864,,0.0,1.0,10.88888888888889,False,circle,360.0,1.0,True,True,5.957154040030218,111.48784815360062,111.50222222222224,11.914308080060437,11.914308080060437
r569_svd_normalised_tr050_tid5_010,r569,5,10,False,275,circle,131.88486430016607,149.07273453062763,14.338087801763857,2.1363415214503156,4.272683042900632,4.272683042900631,,2.1073424255447017e-08,1.0,14.444444444444445,False,circle,360.0,1.0,True,True,6.83629286864101,146.82201909006193,147.91111111111115,13.672585737282024,13.67258573728202
r569_svd_normalised_tr050_tid5_010,r569,5,10,False,276,ellipse,159.26153846153846,53.030769230769224,14.444444444444443,2.1442503275268954,4.57676288512907,4.018394295267962,-75.47197618964452,0.47866204124445594,1.0,14.222222222222221,False,ellipse,360.0,1.0,True,True,6.861601048086065,147.91111111111113,145.63555555555558,14.645641232413025,12.858861744857478
r569_svd_normalised_tr050_tid5_010,r569,5,10,False,277,ellipse,194.64799446749657,73.4688796680498,53.55555555555559,4.128833103117463,8.59095201370182,7.937310214844493,10.322709580138337,0.3825975743604819,1.0,53.44444444444444,False,ellipse,360.0,1.0,True,True,13.212265929975883,548.4088888888894,547.2711111111112,27.491046443845825,25.39939268750238
r569_svd_normalised_tr050_tid5_010,r569,5,10,False,278,ellipse,221.45297548725148,224.45299463832902,45.96034681252754,3.8248702935999264,8.061081417419027,7.259389655214404,-55.63102947019803,0.4347568790989855,1.0,46.0,False,ellipse,360.0,1.0,True,True,12.239584939519766,470.6339513602821,471.0400000000001,25.795460535740887,23.230046896686094
r569_svd_normalised_tr050_tid5_010,r569,5,10,False,279,ellipse,54.199403547840625,214.5241140213989,48.57697714370615,3.93224262549575,8.413011309655536,7.351722942780072,-77.39238055268814,0.48619283711638905,1.0,48.888888888888886,False,ellipse,360.0,1.0,True,True,12.5831764015864,497.4282459515511,500.62222222222226,26.921636190897715,23.52551341689623
r569_svd_normalised_tr050_tid5_010,r569,5,10,False,280,ellipse,310.985754985755,164.3703703703703,13.000000000000265,2.0342144725641305,4.310107853714772,3.8403015987851923,6.025730906711914,0.45400535243974094,1.0,13.0,False,ellipse,360.0,1.0,True,True,6.509486312205218,133.12000000000273,133.12000000000003,13.792345131887272,12.288965116112616
r569_svd_normalised_tr050_tid5_010,r569,5,10,False,281,ellipse,235.31529726141906,164.93805878425243,50.292571815591266,4.001077706132558,8.579606872246899,7.463569391411289,65.16327036631031,0.4931933125708565,1.0,50.22222222222222,False,ellipse,360.0,1.0,True,True,12.803448659624188,514.9959353916547,514.2755555555557,27.454741991190076,23.883422052516124
r569_svd_normalised_tr050_tid5_010,r569,5,10,False,282,ellipse,198.52187833511206,243.57915332621843,104.11111111111121,5.7567000901771666,12.390636272489536,10.698270919895986,-80.6043702392418,0.5044929985170675,1.0,103.88888888888889,False,ellipse,360.0,1.0,True,True,18.421440288566934,1066.0977777777791,1063.8222222222223,39.65003607196652,34.23446694366716
r569_svd_normalised_tr050_tid5_010,r569,5,10,False,283,ellipse,187.53411283239944,102.71882311435046,16.044587314042996,2.259900608831928,4.778058105971424,4.275503268088102,-65.4002601084384,0.44642656232298367,1.0,16.22222222222222,False,ellipse,360.0,1.0,True,True,7.23168194826217,164.2965740958003,166.11555555555557,15.289785939108558,13.681610457881929
r569_svd_normalised_tr050_tid5_010,r569,5,10,False,284,circle,311.5833333333333,171.05864197530866,12.00000000000011,1.9544100476116886,3.9088200952233776,3.908820095223377,,1.4901161193847656e-08,1.0,12.0,False,circle,360.0,1.0,True,True,6.254112152357404,122.88000000000115,122.88000000000002,12.508224304714808,12.508224304714808
r569_svd_normalised_tr050_tid5_010,r569,5,10,False,285,ellipse,172.6152380952381,148.27238095238098,19.44444444444439,2.4878422172674326,5.390196760495586,4.593048582849189,76.65987631916585,0.523360307830802,1.0,19.666666666666668,False,ellipse,360.0,1.0,True,True,7.961095095255785,199.11111111111057,201.3866666666667,17.248629633585875,14.697755465117405
r569_svd_normalised_tr050_tid5_010,r569,5,10,False,286,ellipse,226.0588834926637,234.10061310376813,24.923183486655166,2.8166106757901312,6.125944627356821,5.180128898682481,-84.85416769773201,0.5338092582579611,1.0,25.11111111111111,False,ellipse,360.0,1.0,True,True,9.013154162528421,255.21339890334895,257.13777777777784,19.60302280754183,16.57641247578394
r569_svd_normalised_tr050_tid5_010,r569,5,10,False,287,circle,283.6083179486641,213.63884682953173,21.324890356022483,2.6053643549621484,5.210728709924297,5.210728709924297,,0.0,1.0,21.0,False,circle,360.0,1.0,True,True,8.337165935878875,218.36687724567025,215.04000000000005,16.67433187175775,16.67433187175775
r569_svd_normalised_tr050_tid6_010,r569,6,10,False,0,ellipse,389.71637985978333,171.63702995538557,116.22222222222229,6.08232540461153,12.754453015496713,11.602122735529031,-84.59105353542827,0.41536965376650253,1.0,116.44444444444444,False,ellipse,360.0,1.0,True,True,19.463441294756898,1190.1155555555565,1192.3911111111113,40.814249649589485,37.126792753692904
r569_svd_normalised_tr050_tid6_010,r569,6,10,False,1,circle,346.6375355761784,125.86746521961997,167.99863771701186,7.312703142527661,14.625406285055329,14.625406285055314,,4.470348358154297e-08,1.0,168.11111111111111,False,circle,360.0,1.0,True,True,23.400650056088516,1720.3060502222017,1721.4577777777781,46.80130011217705,46.80130011217701
r569_svd_normalised_tr050_tid6_010,r569,6,10,False,2,circle,164.70841213938974,87.79731782946608,43.40451840650973,3.7169997731824465,7.433999546364894,7.433999546364892,,2.1073424255447017e-08,1.0,43.666666666666664,False,circle,360.0,1.0,True,True,11.89439927418383,444.46226848265974,447.1466666666667,23.788798548367662,23.788798548367655
r569_svd_normalised_tr050_tid6_010,r569,6,10,False,3,ellipse,328.6174646316816,170.40351243989127,531.4444444444451,13.006306955631919,27.081114648692076,24.98627147642747,84.52031793014038,0.3856489115603452,1.0,531.7777777777778,False,ellipse,360.0,1.0,True,True,41.62018225802214,5441.99111111112,5445.404444444446,86.65956687581465,79.9560687245679
r569_svd_normalised_tr050_tid6_010,r569,6,10,False,4,ellipse,291.8325098188268,181.4307614341822,292.33333333333377,9.646377043277006,20.681969354146904,17.996852904610616,84.18640943364323,0.49274961445404114,1.0,292.6666666666667,False,ellipse,360.0,1.0,True,True,30.868406538486422,2993.4933333333383,2996.9066666666677,66.1823019332701,57.58992929475397
r569_svd_normalised_tr050_tid6_010,r569,6,10,False,5,ellipse,225.35446824937267,165.10007720517274,383.77777777777766,11.052613300225088,24.717770186949487,19.76881568853016,81.39119710412331,0.6002912028342972,1.0,383.44444444444446,False,ellipse,360.0,1.0,True,True,35.368362560720286,3929.884444444444,3926.471111111112,79.09686459823837,63.260210203296516
r569_svd_normalised_tr050_tid6_010,r569,6,10,False,6,circle,228.32537577365164,131.9522546419098,41.888888888889085,3.651526729271982,7.30305345854397,7.303053458543959,,5.5755039852469285e-08,1.0,41.77777777777778,False,circle,360.0,1.0,True,True,11.684885533670343,428.9422222222243,427.8044444444445,23.369771067340707,23.36977106734067
r569_svd_normalised_tr050_tid6_010,r569,6,10,False,7,ellipse,362.4380168670846,189.76298503306873,280.84934606105344,9.455005202509724,19.829649203318766,18.03302165618222,82.55422872228931,0.41592939928705663,1.0,280.77777777777777,False,ellipse,360.0,1.0,True,True,30.25601664803112,2875.897303665188,2875.164444444445,63.45487745062005,57.70566929978311
r569_svd_normalised_tr050_tid6_010,r569,6,10,False,8,circle,351.0109504944753,107.97870784145142,132.75539857276883,6.500565806911104,13.001131613822212,13.001131613822206,,2.9802322387695312e-08,1.0,133.44444444444446,False,circle,360.0,1.0,True,True,20.801810582115536,1359.415281385153,1366.4711111111114,41.60362116423108,41.603621164231065
r569_svd_normalised_tr050_tid6_010,r569,6,10,False,9,ellipse,194.39130392905392,165.0188232269002,277.46638479344796,9.397887707534618,20.586983092984457,17.16041499903455,-81.9147917464789,0.5524341099101822,1.0,276.6666666666667,False,ellipse,360.0,1.0,True,True,30.07324066411078,2841.255780284908,2833.0666666666675,65.87834589755026,54.91332799691057
r569_svd_normalised_tr050_tid6_010,r569,6,10,False,10,ellipse,303.1560852377894,126.09405738187539,121.989188230201,6.231401497352605,13.393189520687775,11.597047756616604,87.72829880668007,0.5002320124974892,1.0,122.22222222222223,False,ellipse,360.0,1.0,True,True,19.940484791528338,1249.1692874772584,1251.5555555555559,42.85820646620088,37.11055282117314
r569_svd_normalised_tr050_tid6_010,r569,6,10,False,11,circle,262.47166451911613,66.43891905779184,92.02697184900201,5.412309574949934,10.824619149899869,10.824619149899869,,0.0,1.0,91.55555555555556,False,circle,360.0,1.0,True,True,17.319390639839792,942.3561917337807,937.5288888888891,34.638781279679584,34.638781279679584
r569_svd_normalised_tr050_tid6_010,r569,6,10,False,12,ellipse,296.9101416505462,56.00615208170421,422.7085838974261,11.599669013782291,26.960258400038974,19.963061070528394,81.9316153953962,0.6720976459717951,1.0,422.77777777777777,False,ellipse,360.0,1.0,True,True,37.118940844103335,4328.535899109644,4329.244444444445,86.27282688012473,63.88179542569086
r569_svd_normalised_tr050_tid6_010,r569,6,10,False,13,circle,350.80158482610045,86.99301258899101,86.77279814720757,5.255534178567074,10.51106835713416,10.511068357134134,,7.146345858741878e-08,1.0,86.55555555555556,False,circle,360.0,1.0,True,True,16.817709371414637,888.5534530274057,886.3288888888891,33.635418742829316,33.63541874282923
r569_svd_normalised_tr050_tid6_010,r569,6,10,False,14,circle,191.53974025974026,223.84952380952382,213.88888888888948,8.251239172281934,16.50247834456387,16.50247834456387,,0.0,1.0,214.22222222222223,False,circle,360.0,1.0,True,True,26.40396535130219,2190.2222222222285,2193.635555555556,52.80793070260438,52.80793070260438
r569_svd_normalised_tr050_tid6_010,r569,6,10,False,15,ellipse,208.99219482805447,127.39088304967967,119.36121104383415,6.163915435997015,12.951096520390672,11.734559600356118,84.7754810690642,0.42313450730140917,1.0,119.77777777777777,False,ellipse,360.0,1.0,True,True,19.724529395190448,1222.258801088862,1226.5244444444447,41.44350886525015,37.55059072113958
r569_svd_normalised_tr050_tid6_010,r569,6,10,False,16,circle,321.48761904761903,69.21714285714286,19.44444444444462,2.4878422172674473,4.975684434534923,4.975684434534866,,1.5123026915031998e-07,1.0,19.0,False,circle,360.0,1.0,True,True,7.961095095255832,199.11111111111296,194.56000000000003,15.922190190511754,15.922190190511571
r569_svd_normalised_tr050_tid6_010,r569,6,10,False,17,ellipse,328.0113837282075,178.24665686108614,277.4587264229602,9.397758010738093,19.876528536519157,17.77329586826503,64.58210547446961,0.44769742900407106,1.0,277.3333333333333,False,ellipse,360.0,1.0,True,True,30.072825634361898,2841.177358571113,2839.893333333334,63.604891316861305,56.8745467784481
r569_svd_normalised_tr050_tid6_010,r569,6,10,False,18,circle,348.9714285714286,138.0952380952381,23.333333333333524,2.725294603822097,5.450589207644235,5.450589207644154,,1.7249341164216735e-07,1.0,23.22222222222222,False,circle,360.0,1.0,True,True,8.72094273223071,238.93333333333533,237.79555555555558,17.441885464461553,17.441885464461294
r569_svd_normalised_tr050_tid6_010,r569,6,10,False,19,circle,323.0562248995984,75.39959839357431,18.444444444444372,2.423024765006404,4.846049530012816,4.8460495300128,,8.161702118890973e-08,1.0,18.666666666666668,False,circle,360.0,1.0,True,True,7.753679248020493,188.8711111111104,191.1466666666667,15.507358496041011,15.50735849604096
r569_svd_normalised_tr050_tid6_010,r569,6,10,False,20,circle,214.3276693937487,235.80784560520237,353.1111111111113,10.601828030486521,21.203656060973042,21.203656060973042,,0.0,1.0,353.22222222222223,False,circle,360.0,1.0,True,True,33.92584969755687,3615.8577777777805,3616.995555555556,67.85169939511374,67.85169939511374
r569_svd_normalised_tr050_tid6_010,r569,6,10,False,21,circle,254.99102927289903,240.94428706326727,78.44444444444446,4.996963296129141,9.993926592258296,9.993926592258267,,7.598131170262075e-08,1.0,78.11111111111111,False,circle,360.0,1.0,True,True,15.990282547613251,803.2711111111114,799.857777777778,31.98056509522655,31.980565095226456
r569_svd_normalised_tr050_tid6_010,r569,6,10,False,22,circle,340.1785957736879,100.4655760054533,54.33333333333357,4.158706186943166,8.31741237388636,8.317412373886306,,1.1348386266624791e-07,1.0,54.111111111111114,False,circle,360.0,1.0,True,True,13.307859798218132,556.3733333333358,554.0977777777779,26.61571959643635,26.61571959643618
r569_svd_normalised_tr050_tid6_010,r569,6,10,False,23,circle,258.25,77.6156462585034,65.33333333333336,4.56029011109392,9.12058022218785,9.12058022218783,,6.828569911354542e-08,1.0,65.22222222222223,False,circle,360.0,1.0,True,True,14.592928355500545,669.0133333333337,667.8755555555557,29.185856711001122,29.185856711001055
r569_svd_normalised_tr050_tid6_010,r569,6,10,False,24,ellipse,190.27013517204009,48.69881303674908,248.1324521065423,8.887238749383206,18.617189607847063,16.96991098060201,-75.58390998031842,0.4112592819456155,1.0,247.55555555555554,False,ellipse,360.0,1.0,True,True,28.43916399802626,2540.8763095709937,2534.968888888889,59.575006745110606,54.30371513792643
r569_svd_normalised_tr050_tid6_010,r569,6,10,False,25,circle,312.84292242538584,87.72465427768697,201.35042602357638,8.00573739205967,16.011474784119372,16.011474784119308,,8.940696716308594e-08,1.0,201.22222222222223,False,circle,360.0,1.0,True,True,25.618359654590947,2061.8283624814226,2060.515555555556,51.23671930918199,51.23671930918179
r569_svd_normalised_tr050_tid6_010,r569,6,10,False,26,circle,301.73883285078784,134.40261993420123,62.2718897952917,4.452163311603568,8.904326623207178,8.904326623207098,,1.341104507446289e-07,1.0,62.77777777777778,False,circle,360.0,1.0,True,True,14.24692259713142,637.6641515037871,642.8444444444445,28.49384519426297,28.493845194262715
r569_svd_normalised_tr050_tid6_010,r569,6,10,False,27,ellipse,160.57271134472188,85.2060884800701,169.1111111111116,7.336875256551137,15.358563822835015,14.019471911861602,43.86413636217864,0.40838140965975245,1.0,169.33333333333334,False,ellipse,360.0,1.0,True,True,23.47800082096364,1731.6977777777831,1733.9733333333338,49.14740423307205,44.86231011795713
r569_svd_normalised_tr050_tid6_010,r569,6,10,False,28,circle,330.2956672984624,70.34222210964704,116.52127503550835,6.090145629994642,12.180291259989312,12.180291259989255,,9.657056180250437e-08,1.0,116.33333333333333,False,circle,360.0,1.0,True,True,19.488466015982855,1193.1778563636058,1191.2533333333336,38.9769320319658,38.97693203196562
r569_svd_normalised_tr050_tid6_010,r569,6,10,False,29,circle,246.7013863339911,84.94224508009259,34.99310189700744,3.3374616525219025,6.674923305043807,6.674923305043803,,3.332000937312528e-08,1.0,34.77777777777778,False,circle,360.0,1.0,True,True,10.679877288070088,358.3293634253563,356.1244444444445,21.359754576140183,21.359754576140173
r569_svd_normalised_tr050_tid6_010,r569,6,10,False,30,ellipse,356.36285451649377,172.06686107650623,278.965730710326,9.423245194283224,20.3424464716037,17.46054489867491,73.75700705849363,0.5130969979973017,1.0,279.55555555555554,False,ellipse,360.0,1.0,True,True,30.154384621706317,2856.609082473739,2862.6488888888894,65.09582870913185,55.87374367575972
r569_svd_normalised_tr050_tid6_010,r569,6,10,False,31,circle,261.35980551053484,125.78498109130201,68.55555555555559,4.671392842199791,9.342785684399603,9.34278568439956,,9.541398640621973e-08,1.0,68.77777777777777,False,circle,360.0,1.0,True,True,14.94845709503933,702.0088888888894,704.2844444444445,29.896914190078732,29.896914190078594
r569_svd_normalised_tr050_tid6_010,r569,6,10,False,32,ellipse,143.83241238059674,160.90114841458177,141.17831692739298,6.703614994372632,14.263056866553645,12.602755331686756,89.0074106594769,0.468253312397876,1.0,141.11111111111111,False,ellipse,360.0,1.0,True,True,21.451567981992426,1445.6659653365045,1444.977777777778,45.64178197297167,40.32881706139762
r569_svd_normalised_tr050_tid6_010,r569,6,10,False,33,circle,340.8204786058272,209.74690597372518,183.53000033145906,7.643259351665217,15.286518703330437,15.286518703330435,,1.4901161193847656e-08,1.0,184.22222222222223,False,circle,360.0,1.0,True,True,24.458429925328698,1879.3472033941412,1886.435555555556,48.9168598506574,48.916859850657396
r569_svd_normalised_tr050_tid6_010,r569,6,10,False,34,ellipse,343.95921743806093,110.65206601315302,895.4444444444453,16.882796545448834,41.29734294011668,27.607472917405445,-2.293597970647056,0.7437078069484976,1.0,895.6666666666666,False,ellipse,360.0,1.0,True,True,54.02494894543627,9169.351111111122,9171.626666666669,132.1514974083734,88.34391333569744
r569_svd_normalised_tr050_tid6_010,r569,6,10,False,35,circle,281.7800553023785,143.33800148700047,162.6621410237439,7.1956214183126415,14.3912428366253,14.391242836625267,,6.828569911354542e-08,1.0,162.33333333333334,False,circle,360.0,1.0,True,True,23.025988538600455,1665.660324083138,1662.2933333333337,46.05197707720097,46.05197707720086
r569_svd_normalised_tr050_tid6_010,r569,6,10,False,36,circle,183.51288772389688,210.34425513324598,84.77777777777727,5.194767058815918,10.389534117631836,10.389534117631836,,0.0,1.0,84.88888888888889,False,circle,360.0,1.0,True,True,16.623254588210937,868.1244444444394,869.2622222222224,33.246509176421874,33.246509176421874
r569_svd_normalised_tr050_tid6_010,r569,6,10,False,37,circle,199.51017440104275,228.06331300979951,127.55449896201984,6.371958729215922,12.743917458431845,12.743917458431842,,2.5809568279517847e-08,1.0,127.33333333333333,False,circle,360.0,1.0,True,True,20.39026793349095,1306.1580693710835,1303.8933333333334,40.78053586698191,40.78053586698189
r569_svd_normalised_tr050_tid6_010,r569,6,10,False,38,circle,230.43779030542905,96.2447771951299,71.50294146690642,4.770753940430929,9.541507880861872,9.541507880861843,,7.742870483855355e-08,1.0,71.22222222222223,False,circle,360.0,1.0,True,True,15.266412609378973,732.1901206211219,729.3155555555558,30.532825218757992,30.5328252187579
r569_svd_normalised_tr050_tid6_010,r569,6,10,False,39,ellipse,172.91459886863015,212.93974430869127,116.00154452116894,6.076548233469164,12.832435830118436,11.509720811387504,-34.54459523269077,0.44218455343597324,1.0,115.88888888888889,False,ellipse,360.0,1.0,True,True,19.444954347101326,1187.85581589677,1186.7022222222224,41.063794656379,36.831106596440016
r569_svd_normalised_tr050_tid6_010,r569,6,10,False,40,ellipse,280.757682545134,168.14828904673362,299.21990118538696,9.75933669314906,20.909379573137166,18.220464621075408,82.71110984222287,0.4905705192782897,1.0,298.3333333333333,False,ellipse,360.0,1.0,True,True,31.229877418076992,3064.011788138363,3054.933333333334,66.91001463403893,58.30548678744131
r569_svd_normalised_tr050_tid6_010,r569,6,10,False,41,circle,260.3945351204719,162.50360610091164,221.40109344385007,8.394888733930827,16.789777467861654,16.789777467861654,,0.0,1.0,221.22222222222223,False,circle,360.0,1.0,True,True,26.86364394857865,2267.1471968650253,2265.315555555556,53.7272878971573,53.7272878971573
r569_svd_normalised_tr050_tid6_010,r569,6,10,False,42,ellipse,354.0487459782613,134.79646266452608,72.22134799110076,4.7946604738070056,10.381826613142865,8.857311883819985,47.0984284821607,0.5216567741260155,1.0,72.33333333333333,False,ellipse,360.0,1.0,True,True,15.342913516182419,739.5466034288719,740.6933333333334,33.22184516205717,28.343398028223955
r569_svd_normalised_tr050_tid6_010,r569,6,10,False,43,ellipse,232.84796836126048,135.9520378615617,235.79041475921562,8.663395413187299,19.47094953356221,15.418748830068694,67.26693327841699,0.6106705130397515,1.0,235.11111111111111,False,ellipse,360.0,1.0,True,True,27.722865322199358,2414.4938471343685,2407.5377777777785,62.30703850739907,49.33999625621982
r569_svd_normalised_tr050_tid6_010,r569,6,10,False,44,circle,336.25062656641603,192.21031746031744,177.33333333333397,7.513118736578422,15.026237473156867,15.026237473156822,,7.742870483855355e-08,1.0,177.22222222222223,False,circle,360.0,1.0,True,True,24.041979957050952,1815.8933333333403,1814.755555555556,48.083959914101975,48.08395991410183
r569_svd_normalised_tr050_tid6_010,r569,6,10,False,45,circle,215.17771136597878,120.82405327727247,66.51083481749752,4.601201610530291,9.202403221060594,9.202403221060568,,7.598131170262075e-08,1.0,67.55555555555556,False,circle,360.0,1.0,True,True,14.723845153696931,681.0709485311747,691.768888888889,29.447690307393902,29.447690307393817
r569_svd_normalised_tr050_tid6_010,r569,6,10,False,46,ellipse,341.2241992882562,225.08422301304861,31.222222222222218,3.1525136005988257,6.606053657519007,6.017718000609188,-68.99967578234788,0.41253903973581124,1.0,31.333333333333332,False,ellipse,360.0,1.0,True,True,10.088043521916243,319.71555555555557,320.8533333333334,21.139371704060824,19.2566976019494
r569_svd_normalised_tr050_tid6_010,r569,6,10,False,47,circle,221.76028368794329,89.53617021276595,26.111111111111036,2.8829541803348286,5.7659083606696715,5.765908360669644,,9.771344846937061e-08,1.0,26.22222222222222,False,circle,360.0,1.0,True,True,9.225453377071451,267.37777777777706,268.5155555555556,18.45090675414295,18.45090675414286
r569_svd_normalised_tr050_tid6_010,r569,6,10,False,48,ellipse,294.2819173630455,170.64798050139277,319.11111111111194,10.078502937329583,22.794179334791487,17.824940300039138,-85.13382316201799,0.6232843702176819,1.0,318.6666666666667,False,ellipse,360.0,1.0,True,True,32.251209399454666,3267.697777777787,3263.1466666666674,72.94137387133276,57.03980896012524
r569_svd_normalised_tr050_tid6_010,r569,6,10,False,49,circle,349.26952892069176,154.84317233154445,62.11111111111125,4.446412116361527,8.892824232723056,8.892824232723054,,2.1073424255447017e-08,1.0,62.0,False,circle,360.0,1.0,True,True,14.228518772356887,636.0177777777793,634.8800000000001,28.45703754471378,28.457037544713774
r569_svd_normalised_tr050_tid6_010,r569,6,10,False,50,circle,258.2739156268568,137.57417310358485,186.99999999999966,7.715176518808157,15.430353037616328,15.4303530376163,,6.143906154658885e-08,1.0,187.0,False,circle,360.0,1.0,True,True,24.688564860186105,1914.879999999997,1914.8800000000003,49.37712972037225,49.37712972037216
r569_svd_normalised_tr050_tid6_010,r569,6,10,False,51,circle,320.1490869374833,243.40571053196652,98.60054473868996,5.602278837529614,11.20455767505923,11.204557675059228,,1.4901161193847656e-08,1.0,98.77777777777777,False,circle,360.0,1.0,True,True,17.927292280094765,1009.6695781241854,1011.4844444444445,35.85458456018954,35.85458456018953
r569_svd_normalised_tr050_tid6_010,r569,6,10,False,52,circle,283.63812436289504,224.2048929663609,72.66666666666632,4.809419756688119,9.618839513376255,9.618839513376225,,7.884953353001448e-08,1.0,72.55555555555556,False,circle,360.0,1.0,True,True,15.390143221401983,744.1066666666633,742.9688888888891,30.780286442804016,30.78028644280392
r569_svd_normalised_tr050_tid6_010,r569,6,10,False,53,circle,269.56202930320114,210.66116910137018,207.05700614195987,8.118392208966238,16.236784417932476,16.236784417932473,,2.1073424255447017e-08,1.0,207.11111111111111,False,circle,360.0,1.0,True,True,25.978855068691963,2120.2637428936696,2120.8177777777782,51.95771013738393,51.95771013738391
r569_svd_normalised_tr050_tid6_010,r569,6,10,False,54,ellipse,329.11073805432534,79.33888519434984,77.5260016712961,4.967624459263666,10.530043897394922,9.374051241848921,-70.62460489245146,0.4555316692942992,1.0,77.44444444444444,False,ellipse,360.0,1.0,True,True,15.896398269643733,793.8662571140723,793.0311111111113,33.69614047166375,29.99696397391655
r569_svd_normalised_tr050_tid6_010,r569,6,10,False,55,ellipse,379.2656467186281,183.88186657584325,236.90187132863943,8.683789938693026,19.494543864814926,15.472679580966874,84.80785516337912,0.6083187490569741,1.0,236.77777777777777,False,ellipse,360.0,1.0,True,True,27.788127803817687,2425.8751624052684,2424.6044444444447,62.38254036740776,49.512574659094
r569_svd_normalised_tr050_tid6_010,r569,6,10,False,56,ellipse,349.5574812247256,92.57712305025997,64.111111111111,4.517432952562119,9.602349729868592,8.500919485328254,-76.4149372942365,0.4650284081428063,1.0,64.11111111111111,False,ellipse,360.0,1.0,True,True,14.455785448198782,656.4977777777767,656.497777777778,30.7275191355795,27.202942353050414
r569_svd_normalised_tr050_tid6_010,r569,6,10,False,57,ellipse,319.48232323232327,78.9040404040404,14.666666666666693,2.1606816048095268,4.5561621435288675,4.098664490238146,-24.52294128573638,0.4367414891315207,1.0,14.555555555555555,False,ellipse,360.0,1.0,True,True,6.914181135390486,150.18666666666695,149.0488888888889,14.579718859292377,13.115726368762068
r569_svd_normalised_tr050_tid6_010,r569,6,10,False,58,circle,345.0267600385433,168.55433458738153,101.87276622864374,5.694480540265943,11.388961080531885,11.388961080531885,,0.0,1.0,101.55555555555556,False,circle,360.0,1.0,True,True,18.222337728851016,1043.1771261813121,1039.928888888889,36.44467545770203,36.44467545770203
r569_svd_normalised_tr050_tid6_010,r569,6,10,False,59,ellipse,174.40300898286202,150.1362532048805,134.88718010715223,6.552550873328654,14.400341886762673,11.926362105896496,-85.58060070901809,0.5604327615057867,1.0,135.22222222222223,False,ellipse,360.0,1.0,True,True,20.968162794651693,1381.2447242972391,1384.675555555556,46.081094037640554,38.16435873886879
r569_svd_normalised_tr050_tid6_010,r569,6,10,False,60,ellipse,314.7050772626932,149.39955849889623,83.8888888888892,5.167461918031616,10.74433490299568,9.941113308693268,-83.03346544031214,0.3793766687958165,1.0,83.66666666666667,False,ellipse,360.0,1.0,True,True,16.53587813770117,859.0222222222255,856.7466666666669,34.38187168958618,31.811562587818457
r569_svd_normalised_tr050_tid6_010,r569,6,10,False,61,ellipse,209.4012904219185,101.3202908525598,49.44816278613556,3.9673466030147106,8.23976382800939,7.6409175782189305,-83.6510739726615,0.3742634957530502,1.0,49.666666666666664,False,ellipse,360.0,1.0,True,True,12.695509129647075,506.3491869300282,508.58666666666676,26.36724424963005,24.45093625030058
r569_svd_normalised_tr050_tid6_010,r569,6,10,False,62,circle,366.40538649877584,170.25288562434417,105.88888888888866,5.805642098024146,11.611284196048311,11.611284196048272,,8.161702118890973e-08,1.0,106.22222222222223,False,circle,360.0,1.0,True,True,18.57805471367727,1084.30222222222,1087.7155555555557,37.1561094273546,37.15610942735447
r569_svd_normalised_tr050_tid6_010,r569,6,10,False,63,circle,294.54389467599106,231.2889590302558,59.43973942344349,4.349742140710237,8.699484281420474,8.699484281420473,,2.1073424255447017e-08,1.0,59.44444444444444,False,circle,360.0,1.0,True,True,13.91917485027276,608.6629316960615,608.7111111111112,27.83834970054552,27.838349700545514
r569_svd_normalised_tr050_tid6_010,r569,6,10,False,64,circle,329.7060031556149,118.71078718501325,190.7093728181414,7.791320732451251,15.582641464902515,15.582641464902487,,5.960464477539063e-08,1.0,191.11111111111111,False,circle,360.0,1.0,True,True,24.932226343844004,1952.8639776577681,1956.977777777778,49.86445268768805,49.86445268768796
r569_svd_normalised_tr050_tid6_010,r569,6,10,False,65,ellipse,295.7520785022978,220.30715136561696,78.09645154811058,4.985867287006043,10.426172550653703,9.537103853927064,80.74484288994478,0.4040719109654593,1.0,78.55555555555556,False,ellipse,360.0,1.0,True,True,15.954775318419337,799.7076638526524,804.408888888889,33.36375216209185,30.518732332566607
r569_svd_normalised_tr050_tid6_010,r569,6,10,False,66,circle,297.1971610988394,202.0046675579623,20.99929911582168,2.585398327433623,5.170796654867274,5.1707966548672175,,1.48264681861791e-07,1.0,21.11111111111111,False,circle,360.0,1.0,True,True,8.273274647787593,215.03282294601405,216.1777777777778,16.54654929557528,16.546549295575097
r569_svd_normalised_tr050_tid6_010,r569,6,10,False,67,circle,328.83622047244097,225.70393700787398,70.55555555555559,4.739043242947147,9.478086485894334,9.478086485894258,,1.2731557704981462e-07,1.0,70.55555555555556,False,circle,360.0,1.0,True,True,15.164938377430872,722.4888888888894,722.488888888889,30.32987675486187,30.329876754861626
r569_svd_normalised_tr050_tid6_010,r569,6,10,False,68,circle,321.7398870329407,156.93922810483144,167.08897381842908,7.2928781861971705,14.585756372394357,14.585756372394327,,6.495265578539184e-08,1.0,166.88888888888889,False,circle,360.0,1.0,True,True,23.33721019583095,1710.991091900714,1708.9422222222224,46.67442039166195,46.67442039166185
r569_svd_normalised_tr050_tid6_010,r569,6,10,False,69,circle,323.2269736842105,132.41760651629073,236.4444444444448,8.675402250034336,17.350804500068683,17.350804500068666,,4.470348358154297e-08,1.0,236.88888888888889,False,circle,360.0,1.0,True,True,27.761287200109876,2421.1911111111153,2425.7422222222226,55.52257440021979,55.52257440021973
r569_svd_normalised_tr050_tid6_010,r569,6,10,False,70,ellipse,258.42309124767223,209.08230912476722,99.44444444444429,5.626202075354328,11.855808530734402,10.67971018953713,50.47486456838908,0.43423459607125886,1.0,99.22222222222223,False,ellipse,360.0,1.0,True,True,18.00384664113385,1018.3111111111097,1016.0355555555558,37.938587298350086,34.17507260651882
r569_svd_normalised_tr050_tid6_010,r569,6,10,False,71,circle,220.24232736426708,112.55398233103163,28.6712834700383,3.0209854316250997,6.041970863250214,6.041970863250185,,9.657056180250437e-08,1.0,28.88888888888889,False,circle,360.0,1.0,True,True,9.66715338120032,293.59394273319225,295.8222222222223,19.334306762400686,19.334306762400594
r569_svd_normalised_tr050_tid6_010,r569,6,10,False,72,ellipse,197.06119948865762,65.53748026102069,42.21033082364954,3.6655102782908737,7.658188402566353,7.01782974978964,-72.90626849548138,0.4003038018839223,1.0,42.22222222222222,False,ellipse,360.0,1.0,True,True,11.729632890530796,432.2337876341714,432.3555555555556,24.50620288821233,22.45705519932685
r569_svd_normalised_tr050_tid6_010,r569,6,10,False,73,circle,236.66960232964468,227.0686256416871,76.26921339215724,4.92719439784801,9.854388795696021,9.85438879569602,,2.1073424255447017e-08,1.0,75.88888888888889,False,circle,360.0,1.0,True,True,15.767022073113631,780.9967451356903,777.1022222222224,31.53404414622727,31.534044146227263
r569_svd_normalised_tr050_tid6_010,r569,6,10,False,74,ellipse,319.0494160998113,87.16895309174717,25.248021516430207,2.834906498504104,5.910641613536121,5.438796923065506,-10.214209790242194,0.3915183283757577,1.0,25.555555555555557,False,ellipse,360.0,1.0,True,True,9.071700795213133,258.5397403282454,261.688888888889,18.914053163315586,17.40415015380962
r569_svd_normalised_tr050_tid6_010,r569,6,10,False,75,ellipse,337.19327700269895,85.06928665880169,70.11731782363147,4.724302642290479,9.872207481450998,9.043179247554631,52.76176342890136,0.40112340106698935,1.0,69.88888888888889,False,ellipse,360.0,1.0,True,True,15.117768455329534,718.0013345139863,715.6622222222223,31.591063940643195,28.93817359217482
r569_svd_normalised_tr050_tid6_010,r569,6,10,False,76,circle,276.12664640324215,75.86423505572442,36.55555555555525,3.411157388376272,6.822314776752558,6.82231477675253,,8.940696716308594e-08,1.0,36.44444444444444,False,circle,360.0,1.0,True,True,10.91570364280407,374.32888888888584,373.1911111111112,21.831407285608186,21.831407285608098
r569_svd_normalised_tr050_tid6_010,r569,6,10,False,77,circle,202.3181865003097,219.87931579800596,22.75629601444155,2.6913851441816234,5.382770288363247,5.382770288363247,,0.0,1.0,22.77777777777778,False,circle,360.0,1.0,True,True,8.612432461381195,233.02447118788152,233.2444444444445,17.22486492276239,17.22486492276239
r569_svd_normalised_tr050_tid6_010,r569,6,10,False,78,circle,326.33227065269966,132.30748621018128,92.6699844141161,5.43118515533313,10.862370310666261,10.862370310666257,,2.5809568279517847e-08,1.0,93.11111111111111,False,circle,360.0,1.0,True,True,17.379792497066017,948.9406404005491,953.457777777778,34.759584994132034,34.75958499413203
r569_svd_normalised_tr050_tid6_010,r569,6,10,False,79,circle,344.08155889309694,241.68836472026086,106.85212727639203,5.831988380633509,11.663976761267044,11.663976761266992,,9.424321830774485e-08,1.0,107.11111111111111,False,circle,360.0,1.0,True,True,18.66236281802723,1094.1657833102545,1096.817777777778,37.324725636054545,37.324725636054374
r569_svd_normalised_tr050_tid6_010,r569,6,10,False,80,circle,226.20029629106017,229.69620737219304,74.5716173843649,4.872051215059051,9.744102430118103,9.744102430118103,,0.0,1.0,74.55555555555556,False,circle,360.0,1.0,True,True,15.590563888188965,763.6133620158968,763.4488888888891,31.18112777637793,31.18112777637793
r569_svd_normalised_tr050_tid6_010,r569,6,10,False,81,circle,168.4990538549979,140.5961741087678,89.64169064994823,5.341707250318722,10.683414500637443,10.683414500637442,,1.4901161193847656e-08,1.0,89.55555555555556,False,circle,360.0,1.0,True,True,17.09346320101991,917.93091225547,917.0488888888891,34.18692640203982,34.186926402039816
r569_svd_normalised_tr050_tid6_010,r569,6,10,False,82,circle,164.90853035679936,127.21063518353753,154.9813233039762,7.023680472622735,14.047360945245474,14.047360945245469,,2.5809568279517847e-08,1.0,155.44444444444446,False,circle,360.0,1.0,True,True,22.475777512392753,1587.0087506327168,1591.7511111111116,44.95155502478552,44.951555024785506
r569_svd_normalised_tr050_tid6_010,r569,6,10,False,83,circle,175.90109890109892,236.8717948717948,20.222222222222264,2.5371112025173224,5.074222405034645,5.074222405034644,,2.1073424255447017e-08,1.0,20.0,False,circle,360.0,1.0,True,True,8.118755848055432,207.07555555555604,204.80000000000004,16.237511696110865,16.23751169611086
r569_svd_normalised_tr050_tid6_010,r569,6,10,False,84,circle,201.80628187039164,109.86463154339248,31.86759996587695,3.184928903145071,6.369857806290156,6.369857806290128,,9.424321830774485e-08,1.0,31.77777777777778,False,circle,360.0,1.0,True,True,10.191772490064228,326.32422365058,325.4044444444445,20.3835449801285,20.38354498012841
r569_svd_normalised_tr050_tid6_010,r569,6,10,False,85,ellipse,285.3267668913081,124.69085882149646,214.33333333333283,8.259807439566957,18.773318904243265,14.536464071529755,-80.78630528023092,0.632800241106188,1.0,213.66666666666666,False,ellipse,360.0,1.0,True,True,26.431383806614264,2194.7733333333285,2187.946666666667,60.07462049357845,46.51668502889522
r569_svd_normalised_tr050_tid6_010,r569,6,10,False,86,circle,296.8686283136032,149.02488219202797,65.73793302233562,4.574388918565769,9.148777837131572,9.148777837131504,,1.210576058124894e-07,1.0,65.55555555555556,False,circle,360.0,1.0,True,True,14.638044539410462,673.1564341487169,671.288888888889,29.27608907882103,29.276089078820817
r569_svd_normalised_tr050_tid6_010,r569,6,10,False,87,ellipse,228.523753894081,46.298676012461065,95.11111111111131,5.502254715350037,11.727135274569417,10.32641177704955,71.17316727924307,0.47394014544376073,1.0,94.55555555555556,False,ellipse,360.0,1.0,True,True,17.607215089120118,973.9377777777801,968.248888888889,37.52683287862214,33.044517686558564
r569_svd_normalised_tr050_tid6_010,r569,6,10,False,88,circle,254.311102377756,123.04069292409693,76.47352649147783,4.933789569243444,9.86757913848689,9.867579138486885,,3.332000937312528e-08,1.0,75.88888888888889,False,circle,360.0,1.0,True,True,15.788126621579023,783.0889112727331,777.1022222222224,31.57625324315805,31.576253243158035
r569_svd_normalised_tr050_tid6_010,r569,6,10,False,89,ellipse,276.6854060193072,183.79301533219763,130.44444444444477,6.443737755714382,13.601643308193177,12.210805804445027,74.58057244508538,0.4405157303234032,1.0,130.0,False,ellipse,360.0,1.0,True,True,20.619960818286025,1335.7511111111146,1331.2000000000003,43.52525858621817,39.07457857422409
r569_svd_normalised_tr050_tid6_010,r569,6,10,False,90,circle,352.71585439189437,196.66248776746693,22.959380288272797,2.703367848889692,5.406735697779425,5.406735697779343,,1.737759081973225e-07,1.0,23.11111111111111,False,circle,360.0,1.0,True,True,8.650777116447015,235.1040541519135,236.65777777777782,17.30155423289416,17.3015542328939
r569_svd_normalised_tr050_tid6_010,r569,6,10,False,91,ellipse,264.0403100775194,213.46304909560723,71.6666666666664,4.776212778953451,9.934648105895727,9.184908520836412,87.98034217159403,0.38110236214825133,1.0,71.55555555555556,False,ellipse,360.0,1.0,True,True,15.283880892651045,733.8666666666641,732.7288888888891,31.790873938866326,29.39170726667652
r569_svd_normalised_tr050_tid6_010,r569,6,10,False,92,ellipse,253.65602927958884,50.73663751970827,132.54331525398044,6.495371243656271,13.896109039663672,12.144362849339855,66.84041922009322,0.4860341696808627,1.0,132.55555555555554,False,ellipse,360.0,1.0,True,True,20.78518797970007,1357.24354820076,1357.368888888889,44.467548926923754,38.86196111788754
r569_svd_normalised_tr050_tid6_010,r569,6,10,False,93,ellipse,192.91090425531917,209.11480496453902,83.55555555555559,5.157185218596701,10.856824008525018,9.799020176813437,60.098083745299164,0.4305476711826542,1.0,83.33333333333333,False,ellipse,360.0,1.0,True,True,16.502992699509445,855.6088888888894,853.3333333333335,34.74183682728006,31.356864565803
r569_svd_normalised_tr050_tid6_010,r569,6,10,False,94,circle,311.6282679738562,194.5453431372549,90.66666666666674,5.372159374714267,10.744318749428572,10.744318749428492,,1.219712610821791e-07,1.0,90.66666666666667,False,circle,360.0,1.0,True,True,17.190909999085655,928.4266666666676,928.4266666666668,34.38181999817143,34.381819998171174
r569_svd_normalised_tr050_tid6_010,r569,6,10,False,95,ellipse,171.49755113800057,71.71564390665515,128.55555555555566,6.396913650908765,13.443773021738226,12.175303522609472,55.344384555298404,0.4240339003595322,1.0,128.66666666666666,False,ellipse,360.0,1.0,True,True,20.47012368290805,1316.4088888888903,1317.5466666666669,43.02007366956232,38.960971272350314
r569_svd_normalised_tr050_tid6_010,r569,6,10,False,96,circle,266.27912083510654,247.67784841289162,75.15773554255112,4.891160419203288,9.782320838406577,9.782320838406577,,0.0,1.0,54.77777777777778,True,circle,223.0,0.6194444444444445,True,True,15.651713341450524,769.6152119557237,560.9244444444446,31.303426682901048,31.303426682901048
r569_svd_normalised_tr050_tid6_010,r569,6,10,False,97,circle,326.1215831286986,203.1063014445359,36.71276130482668,3.4184842946007596,6.836968589201559,6.836968589201479,,1.5269146510898468e-07,1.0,36.44444444444444,False,circle,360.0,1.0,True,True,10.939149742722432,375.93867576142526,373.1911111111112,21.87829948544499,21.878299485444735
r569_svd_normalised_tr050_tid6_010,r569,6,10,False,98,circle,144.32533697520603,149.3188397294393,58.361097534767644,4.310094466929118,8.620188933858236,8.620188933858236,,0.0,1.0,57.44444444444444,False,circle,360.0,1.0,True,True,13.792302294173178,597.6176387560208,588.2311111111112,27.584604588346355,27.584604588346355
r569_svd_normalised_tr050_tid6_010,r569,6,10,False,99,ellipse,221.85647143890094,109.31652205350687,204.88888888888883,8.075776055745079,19.12136868261478,13.642989680302987,64.7537193080176,0.7006609207567746,1.0,204.66666666666666,False,ellipse,360.0,1.0,True,True,25.842483378384255,2098.062222222222,2095.786666666667,61.1883797843673,43.65756697696956
r569_svd_normalised_tr050_tid6_010,r569,6,10,False,100,ellipse,289.428673920545,158.89913598786464,116.953445906756,6.10142918137887,13.323309860892312,11.176633567505533,87.76095882249109,0.544319248672628,1.0,117.11111111111111,False,ellipse,360.0,1.0,True,True,19.524573380412384,1197.6032860851817,1199.217777777778,42.634591554855405,35.76522741601771
r569_svd_normalised_tr050_tid6_010,r569,6,10,False,101,circle,348.4480243892608,55.72571970430335,60.8028496790255,4.399334968035594,8.798669936071208,8.798669936071168,,9.657056180250437e-08,1.0,60.77777777777778,False,circle,360.0,1.0,True,True,14.077871897713903,622.6211807132212,622.3644444444445,28.155743795427867,28.15574379542774
r569_svd_normalised_tr050_tid6_010,r569,6,10,False,102,ellipse,270.7523621182158,115.45462535706437,168.55555555555569,7.324813970643524,16.45836267045312,13.039668836768294,-73.755378483588,0.6101547461886587,1.0,169.0,False,ellipse,360.0,1.0,True,True,23.43940470605928,1726.0088888888906,1730.5600000000004,52.66676054544999,41.72694027765854
r569_svd_normalised_tr050_tid6_010,r569,6,10,False,103,ellipse,391.37257495498966,169.2079237870005,622.0859201691443,14.07181930119837,35.64382945468356,22.221641330354856,86.0368374170531,0.7818744997396571,1.0,485.22222222222223,True,ellipse,234.0,0.65,True,True,45.02982176383479,6370.159822532039,4968.6755555555565,114.0602542549874,71.10925225713554
r569_svd_normalised_tr050_tid6_010,r569,6,10,False,104,circle,261.92887336985956,252.04068071582236,1615.5436389567114,22.676937885024465,45.353875770048944,45.353875770048916,,3.650024149988857e-08,1.0,692.5555555555555,True,circle,167.0,0.4638888888888889,True,True,72.56620123207828,16543.16686291673,7091.76888888889,145.13240246415663,145.13240246415654
r569_svd_normalised_tr050_tid6_010,r569,6,10,False,105,circle,189.42337445944196,192.74794677498323,62.71482704007449,4.467969276658271,8.935938553316543,8.93593855331654,,2.9802322387695312e-08,1.0,62.77777777777778,False,circle,360.0,1.0,True,True,14.297501685306466,642.1998288903629,642.8444444444445,28.59500337061294,28.59500337061293
r569_svd_normalised_tr050_tid6_010,r569,6,10,False,106,ellipse,303.0140056022409,153.5060690943044,39.66666666666684,3.553349427224557,7.400682274974399,6.824393580388244,-80.21569810059913,0.38687938236925684,1.0,39.55555555555556,False,ellipse,360.0,1.0,True,True,11.370718167118582,406.18666666666854,405.048888888889,23.68218327991808,21.83805945724238
r569_svd_normalised_tr050_tid6_010,r569,6,10,False,107,ellipse,203.20909621124832,158.7191028681931,52.88587436102065,4.102937563330295,8.53530595989356,7.889159089405,80.38422100902267,0.3816736214541839,1.0,52.77777777777778,False,ellipse,360.0,1.0,True,True,13.129400202656946,541.5513534568515,540.4444444444446,27.31297907165939,25.245309086096
r569_svd_normalised_tr050_tid6_010,r569,6,10,False,108,ellipse,380.83460559796436,172.4749787955895,43.66666666666677,3.7282075715673644,8.1655873390636,6.808833765183227,80.15721586731499,0.5519987315390237,1.0,43.77777777777778,False,ellipse,360.0,1.0,True,True,11.930264229015567,447.14666666666784,448.28444444444455,26.129879485003524,21.78826804858633
r569_svd_normalised_tr050_tid6_010,r569,6,10,False,109,ellipse,97.89424141749724,147.01937984496124,66.8888888888888,4.6142599199852645,9.773201180714526,8.714194751744909,-80.04898352200462,0.452741526357832,1.0,67.0,False,ellipse,360.0,1.0,True,True,14.765631743952847,684.9422222222214,686.0800000000002,31.274243778286486,27.88542320558371
r569_svd_normalised_tr050_tid6_010,r569,6,10,False,110,circle,165.68022598870058,154.6587570621469,32.77777777777789,3.230091440470697,6.460182880941395,6.460182880941394,,1.4901161193847656e-08,1.0,32.55555555555556,False,circle,360.0,1.0,True,True,10.33629260950623,335.6444444444457,333.368888888889,20.672585219012465,20.67258521901246
r569_svd_normalised_tr050_tid6_010,r569,6,10,False,111,circle,171.59689883284634,165.98201170147422,89.71696814916555,5.3439496554810155,10.687899310962031,10.68789931096203,,1.4901161193847656e-08,1.0,89.66666666666667,False,circle,360.0,1.0,True,True,17.100638897539252,918.7017538474554,918.1866666666668,34.201277795078504,34.2012777950785
r569_svd_normalised_tr050_tid6_010,r569,6,10,False,112,ellipse,215.45516074450086,61.886632825719104,21.888888888888793,2.639592720650637,5.5274861188555375,5.0420386997584625,-71.20773987733537,0.40979925927639704,1.0,21.666666666666668,False,ellipse,360.0,1.0,True,True,8.446696706082038,224.14222222222128,221.86666666666673,17.68795558033772,16.134523839227082
r569_svd_normalised_tr050_tid6_010,r569,6,10,False,113,circle,396.07977014110617,178.69886091220874,42.10940578586932,3.6611255322601437,7.322251064520287,7.322251064520287,,0.0,1.0,41.55555555555556,True,circle,319.0,0.8861111111111111,True,True,11.71560170323246,431.20031524730194,425.528888888889,23.43120340646492,23.43120340646492
r569_svd_normalised_tr050_tid6_010,r569,6,10,False,114,circle,209.599128540305,116.24400871459697,17.000000000000107,2.326213245840646,4.652426491681313,4.652426491681273,,1.3075715880680267e-07,1.0,17.0,False,circle,360.0,1.0,True,True,7.443882386690068,174.08000000000112,174.08000000000004,14.887764773380201,14.887764773380074
r569_svd_normalised_tr050_tid6_010,r569,6,10,False,115,circle,238.9687513935371,124.22750323298783,23.09531925888468,2.7113591508086663,5.422718301617347,5.422718301617318,,1.021572142899192e-07,1.0,23.11111111111111,False,circle,360.0,1.0,True,True,8.676349282587733,236.49606921097916,236.65777777777782,17.352698565175512,17.35269856517542
r569_svd_normalised_tr050_tid6_010,r569,6,10,False,116,circle,304.39430894308947,101.77439024390245,36.444444444444414,3.4059693133001923,6.811938626600392,6.811938626600377,,6.495265578539184e-08,1.0,36.333333333333336,False,circle,360.0,1.0,True,True,10.899101802560615,373.1911111111109,372.05333333333346,21.798203605121255,21.79820360512121
r569_svd_normalised_tr050_tid6_010,r569,6,10,False,117,ellipse,192.39582643001293,96.01382145449068,241.00545506255014,8.758676781947889,19.7218134410147,15.559303245632165,56.321551115304146,0.6144718192123648,1.0,241.55555555555554,False,ellipse,360.0,1.0,True,True,28.027765702233246,2467.895859840514,2473.528888888889,63.10980301124704,49.78977038602293
r569_svd_normalised_tr050_tid6_010,r569,6,10,False,118,circle,229.61757105943155,216.33850129198967,100.33333333333306,5.651291172269712,11.302582344539445,11.302582344539404,,8.560065398421926e-08,1.0,99.88888888888889,False,circle,360.0,1.0,True,True,18.08413175126308,1027.4133333333307,1022.8622222222224,36.16826350252622,36.168263502526095
r569_svd_normalised_tr050_tid6_010,r569,6,10,False,119,ellipse,156.29987789987788,152.64639804639802,151.66666666666706,6.948165182588977,15.242932796205277,12.668690481023509,-83.41371476994453,0.5560946603458343,1.0,151.33333333333334,False,ellipse,360.0,1.0,True,True,22.23412858428473,1553.066666666671,1549.6533333333336,48.77738494785689,40.53980953927523
r569_svd_normalised_tr050_tid6_010,r569,6,10,False,120,ellipse,118.39490798394911,146.2302476823025,267.6666666666671,9.230435861965644,21.918458124899693,15.548711632242396,-86.0156450246991,0.7048172394946628,1.0,268.0,False,ellipse,360.0,1.0,True,True,29.537394758290063,2740.9066666666713,2744.3200000000006,70.13906599967902,49.75587722317567
r569_svd_normalised_tr050_tid6_010,r569,6,10,False,121,circle,207.93168090375764,40.238119283727556,20.43978713236572,2.5507227045926104,5.101445409185225,5.101445409185216,,5.960464477539063e-08,1.0,20.333333333333332,False,circle,360.0,1.0,True,True,8.162312654696354,209.303420235425,208.21333333333337,16.324625309392722,16.324625309392694
r569_svd_normalised_tr050_tid6_010,r569,6,10,False,122,circle,268.78644382544104,138.7502321262767,39.8888888888888,3.563288885597134,7.126577771194308,7.126577771194229,,1.4901161193847656e-07,1.0,39.77777777777778,False,circle,360.0,1.0,True,True,11.402524433910829,408.4622222222214,407.3244444444445,22.805048867821785,22.805048867821533
r569_svd_normalised_tr050_tid6_010,r569,6,10,False,123,circle,209.47767857142858,207.58705357142858,49.77777777777783,3.9805475476278995,7.961095095255799,7.961095095255799,,0.0,1.0,50.0,False,circle,360.0,1.0,True,True,12.737752152409278,509.72444444444506,512.0000000000001,25.475504304818557,25.475504304818557
r569_svd_normalised_tr050_tid6_010,r569,6,10,False,124,circle,298.17675713291584,241.1579679888657,53.22222222222198,4.115963981621303,8.231927963242624,8.23192796324259,,9.06402249678704e-08,1.0,52.888888888888886,False,circle,360.0,1.0,True,True,13.17108474118817,544.9955555555532,541.5822222222223,26.3421694823764,26.342169482376292
r569_svd_normalised_tr050_tid6_010,r569,6,10,False,125,ellipse,308.7157205774495,165.68856426153863,34.69135745526411,3.32304108357786,6.948502449909879,6.356824148944231,-71.40921474096615,0.40379819744698603,1.0,35.0,False,ellipse,360.0,1.0,True,True,10.633731467449152,355.23950034190455,358.4000000000001,22.235207839711613,20.34183727662154
r569_svd_normalised_tr050_tid6_010,r569,6,10,False,126,circle,179.78190630048465,161.99838449111473,68.77777777777816,4.678957855807061,9.357915711614123,9.357915711614123,,0.0,1.0,68.88888888888889,False,circle,360.0,1.0,True,True,14.972665138582597,704.2844444444485,705.4222222222223,29.945330277165194,29.945330277165194
r569_svd_normalised_tr050_tid6_010,r569,6,10,False,127,ellipse,176.14371257485027,194.73852295409182,18.55555555555566,2.4303120739867805,5.084241545998261,4.646841990907996,-74.77251665130885,0.4057827618330626,1.0,18.555555555555557,False,ellipse,360.0,1.0,True,True,7.776998636757698,190.00888888889,190.00888888888895,16.269572947194437,14.869894370905588
r569_svd_normalised_tr050_tid6_010,r569,6,10,False,128,circle,240.79194630872485,63.48098434004475,66.22222222222216,4.591207686262214,9.182415372524437,9.182415372524417,,6.495265578539184e-08,1.0,66.77777777777777,False,circle,360.0,1.0,True,True,14.691864596039085,678.115555555555,683.8044444444445,29.3837291920782,29.383729192078135
r569_svd_normalised_tr050_tid6_010,r569,6,10,False,129,circle,151.29227450654847,143.92208192572195,42.367399888746256,3.6723238196665022,7.3446476393330045,7.344647639333004,,1.4901161193847656e-08,1.0,42.22222222222222,False,circle,360.0,1.0,True,True,11.751436222932808,433.84217486076176,432.3555555555556,23.502872445865616,23.502872445865613
r569_svd_normalised_tr050_tid6_010,r569,6,10,False,130,circle,336.18653762283185,240.1007894685451,69.97687995996024,4.719569121810987,9.439138243621974,9.439138243621972,,2.1073424255447017e-08,1.0,70.0,False,circle,360.0,1.0,True,True,15.102621189795158,716.563250789993,716.8000000000002,30.205242379590317,30.205242379590313
r569_svd_normalised_tr050_tid6_010,r569,6,10,False,131,ellipse,309.20024886563965,215.0073430623867,71.1813628305853,4.760013813111335,10.055983823246104,9.012636415994841,-25.441888757812563,0.44355710407160365,1.0,71.11111111111111,False,ellipse,360.0,1.0,True,True,15.232044201956274,728.8971553851936,728.1777777777779,32.17914823438753,28.840436531183492
r569_svd_normalised_tr050_tid6_010,r569,6,10,False,132,ellipse,176.70030581039757,177.74821610601427,72.6666666666664,4.809419756688123,10.143242895957615,9.121547668050123,76.56407879624115,0.43738713308998783,1.0,72.77777777777777,False,ellipse,360.0,1.0,True,True,15.390143221401994,744.1066666666641,745.2444444444445,32.45837726706437,29.188952537760397
r569_svd_normalised_tr050_tid6_010,r569,6,10,False,133,circle,289.4133276122169,250.41477010712174,319.5767551794576,10.085853487343464,20.17170697468694,20.171706974686913,,5.3726900748371916e-08,1.0,141.11111111111111,True,circle,169.0,0.46944444444444444,True,True,32.27473115949908,3272.4659730376466,1444.977777777778,64.54946231899821,64.54946231899812
r569_svd_normalised_tr050_tid6_010,r569,6,10,False,134,ellipse,378.2894051355725,183.59436559123412,41.200251996944836,3.6213875136321723,7.732460124808075,6.784100952200651,79.10187518343918,0.4798445961675669,1.0,41.333333333333336,False,ellipse,360.0,1.0,True,True,11.588440043622953,421.8905804487152,423.25333333333344,24.74387239938584,21.709123047042084
r569_svd_normalised_tr050_tid6_010,r569,6,10,False,135,ellipse,311.3407496160198,175.89733343181638,71.45361355394799,4.7691080505454835,9.91179969486984,9.178713169334854,84.97733142694003,0.37742781209765675,1.0,71.33333333333333,False,ellipse,360.0,1.0,True,True,15.261145761745547,731.6850027924276,730.4533333333334,31.71775902358349,29.371882141871534
r569_svd_normalised_tr050_tid6_010,r569,6,10,False,136,circle,317.4700239808153,208.1846522781775,15.444444444444422,2.217232363394279,4.434464726788587,4.434464726788531,,1.5910086411284374e-07,1.0,16.0,False,circle,360.0,1.0,True,True,7.0951435628616935,158.1511111111109,163.84000000000003,14.19028712572348,14.1902871257233
r569_svd_normalised_tr050_tid6_010,r569,6,10,False,137,ellipse,167.07197838172934,77.39381189022647,127.60884137555766,6.37331591671864,14.349355285819758,11.322921473535358,-10.15149811451306,0.614278612266584,1.0,127.88888888888889,False,ellipse,360.0,1.0,True,True,20.39461093349965,1306.7145356857106,1309.5822222222225,45.917936914623226,36.23334871531315
r569_svd_normalised_tr050_tid6_010,r569,6,10,False,138,ellipse,178.22787774743176,135.23946054809156,156.60200958053517,7.060309330739911,14.869950307812465,13.409047592995284,72.79210717338333,0.43224814552596397,1.0,156.66666666666666,False,ellipse,360.0,1.0,True,True,22.592989858367716,1603.6045781046805,1604.2666666666669,47.58384098499989,42.90895229758491
r569_svd_normalised_tr050_tid6_010,r569,6,10,False,139,circle,241.711756231285,109.01628852720933,16.964281238092852,2.323768153256075,4.6475363065121655,4.647536306512136,,1.1250129990683123e-07,1.0,16.666666666666668,False,circle,360.0,1.0,True,True,7.436058090419441,173.71423987807083,170.6666666666667,14.87211618083893,14.872116180838837
r569_svd_normalised_tr050_tid6_010,r569,6,10,False,140,circle,311.5347217679,157.28109468021512,22.314590595908747,2.665136918212946,5.3302738364259215,5.330273836425863,,1.48264681861791e-07,1.0,22.22222222222222,False,circle,360.0,1.0,True,True,8.528438138281428,228.5014077021056,227.5555555555556,17.05687627656295,17.05687627656276
r569_svd_normalised_tr050_tid6_010,r569,6,10,False,141,ellipse,194.86607142857142,73.96205357142857,49.77777777777786,3.980547547627901,8.289104009109273,7.6460658529626215,33.43612997139542,0.3861794247833334,1.0,50.111111111111114,False,ellipse,360.0,1.0,True,True,12.737752152409284,509.72444444444534,513.137777777778,26.525132829149676,24.46741072948039
r569_svd_normalised_tr050_tid6_010,r569,6,10,False,142,ellipse,236.1222544547339,153.63639272605784,48.92672813550664,3.9463731785220704,8.475089417249908,7.350417439825417,-88.67989353471356,0.4977914837545994,1.0,49.0,False,ellipse,360.0,1.0,True,True,12.628394171270626,501.0096961075881,501.7600000000001,27.120286135199706,23.521335807441336
r569_svd_normalised_tr050_tid6_010,r569,6,10,False,143,ellipse,250.87357066750468,173.16832235930514,57.49318166390197,4.27792567861816,9.051532074510343,8.087315146710406,-83.20550732658549,0.44911347419636827,1.0,57.55555555555556,False,ellipse,360.0,1.0,True,True,13.68936217157811,588.7301802383563,589.368888888889,28.9649026384331,25.8794084694733
r569_svd_normalised_tr050_tid6_010,r569,6,10,False,144,circle,193.78452674998954,145.33900532114345,67.88143848296106,4.6483688491236705,9.296737698247343,9.296737698247341,,2.1073424255447017e-08,1.0,67.66666666666667,False,circle,360.0,1.0,True,True,14.874780317195746,695.1059300655214,692.9066666666669,29.7495606343915,29.749560634391493
r569_svd_normalised_tr050_tid6_010,r569,6,10,False,145,ellipse,232.86386437699133,77.40936650398322,14.574936769681619,2.1539142193442387,4.494489107986787,4.128919975397515,-77.08072509792288,0.3950425912553651,1.0,14.333333333333334,False,ellipse,360.0,1.0,True,True,6.892525501901564,149.2473525215398,146.77333333333337,14.38236514555772,13.21254392127205
r569_svd_normalised_tr050_tid6_010,r569,6,10,False,146,circle,212.9481981981982,112.60585585585584,16.444444444444414,2.2878875058592305,4.575775011718472,4.57577501171845,,9.657056180250437e-08,1.0,16.22222222222222,False,circle,360.0,1.0,True,True,7.321240018749538,168.39111111111083,166.11555555555557,14.64248003749911,14.642480037499041
r569_svd_normalised_tr050_tid6_010,r569,6,10,False,147,ellipse,261.88285691394964,137.47956915442123,65.86931114183147,4.57895762511088,10.395276321838093,8.067838615704527,-6.983186265627637,0.6306022000625647,1.0,66.0,False,ellipse,360.0,1.0,True,True,14.652664400354817,674.5017460923544,675.8400000000001,33.2648842298819,25.81708357025449
r569_svd_normalised_tr050_tid6_010,r569,6,10,False,148,circle,308.34521697845463,236.39543527540837,25.267706452343813,2.8360114183428444,5.672022836685718,5.6720228366856595,,1.4370159448672764e-07,1.0,25.444444444444443,False,circle,360.0,1.0,True,True,9.075236538697103,258.7413140720007,260.55111111111114,18.1504730773943,18.15047307739411
r569_svd_normalised_tr050_tid6_010,r569,6,10,False,149,circle,333.41914191419136,228.49917491749176,44.888888888889,3.7800234275913005,7.560046855182617,7.560046855182585,,9.18569267238524e-08,1.0,44.888888888888886,False,circle,360.0,1.0,True,True,12.096074968292163,459.6622222222234,459.6622222222223,24.192149936584375,24.192149936584272
r569_svd_normalised_tr050_tid6_010,r569,6,10,False,150,ellipse,231.23168498490213,236.79766543185647,15.157612595493795,2.1965468217385267,4.574519740357049,4.218862931139554,-87.62030189200073,0.3865877111227162,1.0,15.0,False,ellipse,360.0,1.0,True,True,7.0289498295632855,155.21395297785648,153.60000000000002,14.638463169142558,13.500361379646572
r569_svd_normalised_tr050_tid6_010,r569,6,10,False,151,circle,189.56597222222223,177.66550925925927,63.99999999999995,4.5135166683820485,9.027033336764099,9.027033336764095,,2.9802322387695312e-08,1.0,63.888888888888886,False,circle,360.0,1.0,True,True,14.443253338822556,655.3599999999997,654.2222222222223,28.886506677645116,28.886506677645105
r569_svd_normalised_tr050_tid6_010,r569,6,10,False,152,circle,302.91747797867407,232.53361149745015,79.88888888888916,5.0427594756811285,10.085518951362276,10.085518951362236,,8.940696716308594e-08,1.0,79.55555555555556,False,circle,360.0,1.0,True,True,16.136830322179613,818.0622222222252,814.648888888889,32.27366064435929,32.273660644359154
r569_svd_normalised_tr050_tid6_010,r569,6,10,False,153,circle,198.1546709596804,243.78526604147518,174.42933391089704,7.451347624711389,14.902695249422777,14.902695249422777,,0.0,1.0,162.44444444444446,True,circle,281.0,0.7805555555555556,True,True,23.844312399076443,1786.156379247586,1663.4311111111115,47.68862479815289,47.68862479815289
r569_svd_normalised_tr050_tid6_010,r569,6,10,False,154,circle,157.2994923857868,43.75126903553299,43.777777777777715,3.732947824685433,7.465895649370866,7.465895649370866,,0.0,1.0,43.888888888888886,False,circle,360.0,1.0,True,True,11.945433038993386,448.28444444444386,449.4222222222223,23.89086607798677,23.89086607798677
r569_svd_normalised_tr050_tid6_010,r569,6,10,False,155,circle,348.2894736842105,180.36666666666673,21.111111111111008,2.5922722416812443,5.184544483362512,5.184544483362465,,1.3328003749250113e-07,1.0,20.88888888888889,False,circle,360.0,1.0,True,True,8.295271173379982,216.17777777777675,213.90222222222226,16.59054234676004,16.59054234675989
r569_svd_normalised_tr050_tid6_010,r569,6,10,False,156,ellipse,175.32828755914457,231.93735265776326,41.63057550133301,3.6402505064342776,7.63064386842842,6.946424956049865,-79.20355611927408,0.4138771542670195,1.0,41.666666666666664,False,ellipse,360.0,1.0,True,True,11.648801620589689,426.29709313365015,426.66666666666674,24.418060378970946,22.22855985935957
r569_svd_normalised_tr050_tid6_010,r569,6,10,False,157,circle,177.48929010922777,121.84887516299078,49.33303014065749,3.9627252250407423,7.925450450081485,7.925450450081485,,0.0,1.0,49.55555555555556,False,circle,360.0,1.0,True,True,12.680720720130376,505.1702286403328,507.44888888888903,25.36144144026075,25.36144144026075
r569_svd_normalised_tr050_tid6_010,r569,6,10,False,158,circle,321.33508396036774,92.58565440844403,21.601802484472024,2.622225636782048,5.244451273564096,5.244451273564096,,0.0,1.0,21.555555555555557,False,circle,360.0,1.0,True,True,8.391122037702553,221.20245744099358,220.72888888888895,16.782244075405107,16.782244075405107
r569_svd_normalised_tr050_tid6_010,r569,6,10,False,159,circle,343.7757201646091,136.69753086419752,18.000000000000128,2.3936536824086048,4.787307364817238,4.78730736481718,,1.55572690202453e-07,1.0,18.0,False,circle,360.0,1.0,True,True,7.659691783707536,184.32000000000136,184.32000000000005,15.319383567415162,15.319383567414977
r569_svd_normalised_tr050_tid6_010,r569,6,10,False,160,ellipse,289.7183406113537,151.12809315866085,50.888888888888786,4.02472811879781,8.44195192312048,7.675209040638165,86.99457917932449,0.41641491231605177,1.0,50.666666666666664,False,ellipse,360.0,1.0,True,True,12.879129980152994,521.1022222222213,518.8266666666667,27.014246153985535,24.560668930042127
r569_svd_normalised_tr050_tid6_010,r569,6,10,False,161,ellipse,271.04067796610167,236.04180790960456,32.77777777777753,3.2300914404706793,6.797531361666014,6.139576360112471,79.9814538202389,0.4292056927026706,1.0,33.0,False,ellipse,360.0,1.0,True,True,10.336292609506174,335.64444444444194,337.9200000000001,21.752100357331244,19.64664435235991
r569_svd_normalised_tr050_tid6_010,r569,6,10,False,162,ellipse,283.7489035087719,214.01315789473685,33.77777777777782,3.278993839577292,6.917921534825985,6.2167808905373985,-56.56367588592633,0.4386691154183448,1.0,33.666666666666664,False,ellipse,360.0,1.0,True,True,10.492780286647335,345.88444444444497,344.7466666666667,22.137348911443155,19.893698849719677
r569_svd_normalised_tr050_tid6_010,r569,6,10,False,163,ellipse,305.21768707482994,222.875850340136,21.777777777777626,2.6328847232228534,5.471638610109149,5.06764606344643,-49.38430523838966,0.3771158956818133,1.0,22.0,False,ellipse,360.0,1.0,True,True,8.425231114313132,223.00444444444292,225.28000000000003,17.50924355234928,16.216467403028577
r569_svd_normalised_tr050_tid6_010,r569,6,10,False,164,ellipse,251.0907789232531,58.54639175257732,129.33333333333334,6.416235548442996,14.850570912060077,11.088618439489407,-89.50641377162736,0.6651838586307062,1.0,129.33333333333334,False,ellipse,360.0,1.0,True,True,20.53195375501759,1324.3733333333337,1324.3733333333337,47.52182691859225,35.48357900636611
r569_svd_normalised_tr050_tid6_010,r569,6,10,False,165,ellipse,241.05849064571987,174.1582837113054,877.0000000000015,16.708015147921817,41.67038773022094,26.796752839497014,77.12649012076082,0.7658119026023399,1.0,877.5555555555555,False,ellipse,360.0,1.0,True,True,53.465648473349816,8980.480000000018,8986.168888888891,133.345240736707,85.74960908639045
r569_svd_normalised_tr050_tid6_010,r569,6,10,False,166,circle,223.6096260780687,255.699386168872,669.2157670959182,14.59513599308687,29.19027198617374,29.19027198617374,,0.0,1.0,158.88888888888889,True,circle,129.0,0.35833333333333334,False,True,46.70443517787799,6852.769455062204,1627.0222222222226,93.40887035575598,93.40887035575598
r569_svd_normalised_tr050_tid6_010,r569,6,10,False,167,circle,175.26010552593266,87.14780073511041,28.83601461860525,3.029651552776715,6.059303105553431,6.05930310555343,,1.4901161193847656e-08,1.0,28.88888888888889,False,circle,360.0,1.0,True,True,9.69488496888549,295.2807896945178,295.8222222222223,19.38976993777098,19.38976993777098
r569_svd_normalised_tr050_tid6_010,r569,6,10,False,168,ellipse,206.43650793650795,215.89947089947094,14.00000000000005,2.1110041228223797,4.39291664596293,4.057749113604001,-17.55957956681999,0.3831099845407731,1.0,13.88888888888889,False,ellipse,360.0,1.0,True,True,6.755213193031615,143.36000000000053,142.22222222222226,14.057333267081376,12.984797163532804
r569_svd_normalised_tr050_tid6_010,r569,6,10,False,169,ellipse,313.8152173913044,210.42391304347825,10.22222222222236,1.8038387932686821,3.7457238275736793,3.4747189508722656,13.277078703965913,0.37345193552401457,1.0,10.333333333333334,False,ellipse,360.0,1.0,True,True,5.772284138459783,104.67555555555698,105.81333333333336,11.986316248235774,11.11910064279125
r569_svd_normalised_tr050_tid6_010,r569,6,10,False,170,ellipse,342.3303121852971,127.19436052366565,36.7777777777779,3.4215099383952152,7.156596448604607,6.543183113710321,15.122358854514317,0.4050670036103112,1.0,36.666666666666664,False,ellipse,360.0,1.0,True,True,10.948831802864689,376.6044444444458,375.4666666666667,22.901108635534744,20.93818596387303
r569_svd_normalised_tr050_tid6_010,r569,6,10,False,171,ellipse,208.06746826987307,81.97995991983969,55.444444444444464,4.20101354444789,8.73998169936235,8.077140391230897,38.42819789041789,0.3820059242886171,1.0,55.55555555555556,False,ellipse,360.0,1.0,True,True,13.443243342233249,567.7511111111114,568.888888888889,27.96794143795952,25.84684925193887
r569_svd_normalised_tr050_tid6_010,r569,6,10,False,172,ellipse,177.57115839243497,44.88888888888889,78.33333333333317,4.993423116233013,11.292021962352553,8.832527779652128,-82.06735191610642,0.6230376215250415,1.0,78.44444444444444,False,ellipse,360.0,1.0,True,True,15.978953971945643,802.1333333333318,803.2711111111113,36.13447027952817,28.26408889488681
r569_svd_normalised_tr050_tid6_010,r569,6,10,False,173,circle,298.468253968254,233.3637566137566,28.000000000000107,2.985410660720929,5.970821321441886,5.9708213214418295,,1.3818768405162847e-07,1.0,28.11111111111111,False,circle,360.0,1.0,True,True,9.553314114306973,286.72000000000116,287.8577777777778,19.10662822861404,19.106628228613854
r569_svd_normalised_tr050_tid6_010,r569,6,10,False,174,circle,180.91319444444443,108.13194444444443,74.66666666666671,4.875155194287636,9.750310388575285,9.75031038857526,,7.146345858741878e-08,1.0,74.66666666666667,False,circle,360.0,1.0,True,True,15.600496621720437,764.5866666666673,764.5866666666668,31.200993243440912,31.200993243440834
r569_svd_normalised_tr050_tid6_010,r569,6,10,False,175,circle,269.2826086956522,145.79468599033814,15.333333333333261,2.209242310872991,4.4184846217460105,4.418484621745955,,1.5910086411284374e-07,1.0,15.222222222222221,False,circle,360.0,1.0,True,True,7.0695753947935716,157.0133333333326,155.87555555555556,14.139150789587234,14.139150789587056
r569_svd_normalised_tr050_tid6_010,r569,6,10,False,176,ellipse,265.7438499624744,183.44653810512744,41.119311659353684,3.6178285495922395,7.67228137178876,6.8238808145760785,87.22535422106324,0.4570907898115479,1.0,40.888888888888886,False,ellipse,360.0,1.0,True,True,11.577051358695167,421.0617513917818,418.70222222222225,24.551300389724034,21.836418606643452
r569_svd_normalised_tr050_tid6_010,r569,6,10,False,177,ellipse,265.95801806598377,159.93956612947065,41.95491886366186,3.6544035694408983,7.639334833824424,6.992580238380117,-20.674565484507752,0.40268439669724776,1.0,41.888888888888886,False,ellipse,360.0,1.0,True,True,11.694091422210874,429.6183691638975,428.94222222222226,24.445871468238156,22.376256762816375
r569_svd_normalised_tr050_tid6_010,r569,6,10,False,178,circle,262.5704661285352,239.73178947111452,31.251324770877183,3.153982503266401,6.307965006532842,6.307965006532762,,1.5910086411284374e-07,1.0,31.22222222222222,False,circle,360.0,1.0,True,True,10.092744010452485,320.0135656537824,319.7155555555556,20.185488020905098,20.18548802090484
r569_svd_normalised_tr050_tid6_010,r569,6,10,False,179,ellipse,213.9721212121212,222.48,61.11111111111135,4.410472857001031,9.983247857002631,7.793964890373136,84.6074573491735,0.6249005837625812,1.0,61.22222222222222,False,ellipse,360.0,1.0,True,True,14.113513142403301,625.7777777777803,626.9155555555557,31.94639314240842,24.940687649194036
r569_svd_normalised_tr050_tid6_010,r569,6,10,False,180,ellipse,217.21568627450984,88.48888888888888,28.33333333333336,3.003128386955966,6.320851633141747,5.707319603107346,20.419212472460742,0.4297766584585766,1.0,28.22222222222222,False,ellipse,360.0,1.0,True,True,9.610010838259093,290.13333333333367,288.9955555555556,20.226725226053592,18.26342272994351
r569_svd_normalised_tr050_tid6_010,r569,6,10,False,181,ellipse,314.04086845466156,164.65708812260536,57.99999999999954,4.296739856991544,8.916326397622237,8.282322820117066,9.382418713641613,0.37034549439703135,1.0,58.44444444444444,False,ellipse,360.0,1.0,True,True,13.749567542372942,593.9199999999954,598.4711111111112,28.53224447239116,26.503433024374615
r569_svd_normalised_tr050_tid6_010,r569,6,10,False,182,circle,153.28038561052668,160.59114550874602,94.9764711373078,5.49835882039855,10.9967176407971,10.996717640797097,,1.4901161193847656e-08,1.0,95.22222222222223,False,circle,360.0,1.0,True,True,17.59474822527536,972.559064446032,975.0755555555559,35.18949645055072,35.18949645055071
r569_svd_normalised_tr050_tid6_010,r569,6,10,False,183,ellipse,267.08268367588,173.8464446019372,156.777777777778,7.064270422385608,14.903784211333058,13.393622959904228,83.04217369217761,0.4386199988544551,1.0,156.77777777777777,False,ellipse,360.0,1.0,True,True,22.605665351633945,1605.404444444447,1605.4044444444446,47.692109476265784,42.85959347169353
r569_svd_normalised_tr050_tid6_010,r569,6,10,False,184,circle,194.10242580383272,81.99572663079692,30.541918495833553,3.1179792494889043,6.235958498977823,6.235958498977793,,9.657056180250437e-08,1.0,30.555555555555557,False,circle,360.0,1.0,True,True,9.977533598364495,312.74924539733564,312.88888888888897,19.955067196729033,19.95506719672894
r569_svd_normalised_tr050_tid6_010,r569,6,10,False,185,circle,176.95668379400814,94.97933154019375,22.896616121011228,2.69967021531761,5.39934043063522,5.39934043063522,,0.0,1.0,22.77777777777778,False,circle,360.0,1.0,True,True,8.638944689016354,234.461349079155,233.2444444444445,17.277889378032707,17.277889378032707
r569_svd_normalised_tr050_tid6_010,r569,6,10,False,186,circle,260.3680023299166,226.78225953484375,49.58988315818775,3.973027820686664,7.946055641373344,7.946055641373311,,9.06402249678704e-08,1.0,49.666666666666664,False,circle,360.0,1.0,True,True,12.713689026197326,507.8004035398427,508.58666666666676,25.4273780523947,25.427378052394598
r569_svd_normalised_tr050_tid6_010,r569,6,10,False,187,circle,201.88057040998217,102.32442067736184,20.777777777777676,2.571725506269382,5.143451012538775,5.143451012538751,,9.657056180250437e-08,1.0,20.88888888888889,False,circle,360.0,1.0,True,True,8.229521620062021,212.76444444444343,213.90222222222226,16.459043240124082,16.459043240124004
r569_svd_normalised_tr050_tid6_010,r569,6,10,False,188,ellipse,296.0831255195345,173.8886118038238,44.55555555555591,3.765962535361254,7.983030035169614,7.106311140137522,-83.71611143016526,0.4556145230943165,1.0,44.333333333333336,False,ellipse,360.0,1.0,True,True,12.051080113156013,456.2488888888926,453.97333333333347,25.545696112542768,22.74019564844007
r569_svd_normalised_tr050_tid6_010,r569,6,10,False,189,circle,174.78027465667913,190.34831460674158,29.66666666666679,3.0729779189117457,6.145955837823491,6.145955837823491,,0.0,1.0,29.77777777777778,False,circle,360.0,1.0,True,True,9.833529340517586,303.786666666668,304.92444444444453,19.667058681035172,19.667058681035172
r569_svd_normalised_tr050_tid6_010,r569,6,10,False,190,ellipse,204.31789594053743,47.06975414522585,64.77777777777783,4.54085972825448,9.526278320314722,8.657906636094227,89.53004052649163,0.41713485586718063,1.0,65.0,False,ellipse,360.0,1.0,True,True,14.530751130414338,663.3244444444451,665.6000000000001,30.484090625007113,27.705301235501526
r569_svd_normalised_tr050_tid6_010,r569,6,10,False,191,ellipse,336.5228395963672,197.0391593902745,24.890509650499737,2.8147638078366564,5.931868297571269,5.342596899631806,-87.36781981982043,0.4345243874800781,1.0,25.22222222222222,False,ellipse,360.0,1.0,True,True,9.007244185077301,254.87881882111736,258.27555555555557,18.98197855222806,17.09631007882178
r569_svd_normalised_tr050_tid6_010,r569,6,10,False,192,circle,57.84724329792614,140.597875569044,73.22222222222231,4.82776938364705,9.655538767294104,9.655538767294095,,4.2146848510894035e-08,1.0,73.11111111111111,False,circle,360.0,1.0,True,True,15.448862027670561,749.7955555555567,748.6577777777779,30.897724055341133,30.897724055341104
r569_svd_normalised_tr050_tid6_010,r569,6,10,False,193,ellipse,246.57311895121614,230.18007066872528,26.60447003245317,2.9100628563675803,6.043340974934093,5.605155071100448,-87.17380204973807,0.37384108718216064,1.0,26.11111111111111,False,ellipse,360.0,1.0,True,True,9.312201140376258,272.4297731323205,267.37777777777785,19.3386911197891,17.936496227521435
r569_svd_normalised_tr050_tid6_010,r569,6,10,False,194,ellipse,208.16878595787352,144.59612499997388,161.35938651923317,7.166748771766971,17.386331067515933,11.816705378074172,-81.8043706322901,0.7335320002594318,1.0,161.44444444444446,False,ellipse,360.0,1.0,True,True,22.93359606965431,1652.320117956948,1653.1911111111115,55.63625941605099,37.81345720983735
r569_svd_normalised_tr050_tid6_010,r569,6,10,False,195,circle,242.7484063136375,157.32718263692843,28.6826904118827,3.0215863251694937,6.043172650338988,6.043172650338987,,1.4901161193847656e-08,1.0,28.666666666666668,False,circle,360.0,1.0,True,True,9.669076240542381,293.7107498176789,293.54666666666674,19.338152481084762,19.338152481084762
r569_svd_normalised_tr050_tid6_010,r569,6,10,False,196,ellipse,197.9150693933763,192.14702644448116,46.85350908499853,3.861856437538439,8.168059329423242,7.303539086908263,57.188527651463005,0.44775071889545714,1.0,47.0,False,ellipse,360.0,1.0,True,True,12.357940600123007,479.779933030385,481.2800000000001,26.137789854154377,23.37132507810644
r569_svd_normalised_tr050_tid6_010,r569,6,10,False,197,ellipse,199.9908760345083,242.2655173555209,69.4297079411303,4.701080985530351,10.164566268518799,8.696942633336974,83.50023855890603,0.5176148333060554,1.0,69.55555555555556,False,ellipse,360.0,1.0,True,True,15.043459153697123,710.9602093171744,712.248888888889,32.52661205926016,27.83021642667832
r569_svd_normalised_tr050_tid6_010,r569,6,10,False,198,circle,146.98039215686273,114.75490196078431,18.888888888888808,2.4520440600365374,4.904088120073088,4.904088120073061,,1.0641557616804317e-07,1.0,19.11111111111111,False,circle,360.0,1.0,True,True,7.84654099211692,193.42222222222142,195.69777777777782,15.693081984233883,15.693081984233794
r569_svd_normalised_tr050_tid6_010,r569,6,10,False,199,circle,186.26865307400195,223.4925677900782,24.599266558027733,2.798247619187862,5.596495238375724,5.596495238375724,,0.0,1.0,24.555555555555557,False,circle,360.0,1.0,True,True,8.954392381401158,251.89648955420404,251.44888888888894,17.908784762802316,17.908784762802316
r569_svd_normalised_tr050_tid6_010,r569,6,10,False,200,circle,311.4406457739791,241.96581196581195,39.00000000000024,3.523362819972975,7.046725639945991,7.046725639945909,,1.519626234052415e-07,1.0,39.333333333333336,False,circle,360.0,1.0,True,True,11.27476102391352,399.3600000000026,402.7733333333334,22.54952204782717,22.549522047826912
r569_svd_normalised_tr050_tid6_010,r569,6,10,False,201,circle,180.1782407407407,196.54166666666666,16.00000000000004,2.256758334191028,4.5135166683820565,4.513516668382056,,2.1073424255447017e-08,1.0,16.22222222222222,False,circle,360.0,1.0,True,True,7.22162666941129,163.84000000000043,166.11555555555557,14.443253338822581,14.44325333882258
r569_svd_normalised_tr050_tid6_010,r569,6,10,False,202,circle,250.0933796706284,247.70671316862138,37.041855488533706,3.433771804385316,6.867543608770632,6.867543608770632,,0.0,1.0,30.444444444444443,True,circle,243.00000000000003,0.675,True,True,10.988069774033011,379.30860020258524,311.75111111111113,21.976139548066023,21.976139548066023
r569_svd_normalised_tr050_tid6_010,r569,6,10,False,203,ellipse,200.82206790625088,60.574578752229485,48.0368003799313,3.9103182046438887,8.152664760474403,7.502130363903077,-78.5126554338824,0.3914346275049141,1.0,48.0,False,ellipse,360.0,1.0,True,True,12.513018254860445,491.8968358904966,491.5200000000001,26.088527233518093,24.006817164489846
r569_svd_normalised_tr050_tid6_010,r569,6,10,False,204,circle,292.8707370735883,209.25047278885643,25.383764377378732,2.8425170447825963,5.6850340895651925,5.6850340895651925,,0.0,1.0,25.333333333333332,False,circle,360.0,1.0,True,True,9.096054543304309,259.92974722435827,259.41333333333336,18.192109086608617,18.192109086608617
r569_svd_normalised_tr050_tid6_010,r569,6,10,False,205,ellipse,169.85069444444446,101.60069444444444,10.666666666666556,1.842635463847113,3.8650493632935747,3.5138546843642686,-79.47007807309535,0.41649985072547907,1.0,11.0,False,ellipse,360.0,1.0,True,True,5.896433484310762,109.22666666666555,112.64000000000001,12.36815796253944,11.24433498996566
r569_svd_normalised_tr050_tid6_010,r569,6,10,False,206,circle,355.99039165102425,124.22593283179634,16.506919074418484,2.2922293802809506,4.584458760561915,4.584458760561887,,1.1151007970493857e-07,1.0,16.333333333333332,False,circle,360.0,1.0,True,True,7.335134016899042,169.0308513220453,167.25333333333336,14.67026803379813,14.670268033798038
r569_svd_normalised_tr050_tid6_010,r569,6,10,False,207,circle,181.42592592592592,216.02314814814815,48.00000000000038,3.908820095223375,7.81764019044675,7.81764019044675,,0.0,1.0,47.77777777777778,False,circle,360.0,1.0,True,True,12.508224304714801,491.52000000000396,489.2444444444445,25.016448609429602,25.016448609429602
r569_svd_normalised_tr050_tid6_010,r569,6,10,False,208,circle,182.71560825792696,229.47578443288396,35.516548252618875,3.362330803465391,6.724661606930782,6.724661606930782,,0.0,1.0,35.333333333333336,False,circle,360.0,1.0,True,True,10.759458571089253,363.6894541068174,361.81333333333345,21.518917142178505,21.518917142178505
r569_svd_normalised_tr050_tid6_010,r569,6,10,False,209,ellipse,305.07852564102564,242.87339743589743,23.111111111111107,2.712285963418813,5.636993099961112,5.220155509794375,-80.14217527020145,0.37739298760137074,1.0,23.22222222222222,False,ellipse,360.0,1.0,True,True,8.679315082940201,236.6577777777778,237.79555555555558,18.038377919875558,16.704497631342
r569_svd_normalised_tr050_tid6_010,r569,6,10,False,210,circle,170.386524822695,116.10992907801415,10.444444444444448,1.8233403199523772,3.646680639904769,3.64668063990474,,1.2644054553268208e-07,1.0,10.666666666666666,False,circle,360.0,1.0,True,True,5.8346890238476075,106.95111111111117,109.22666666666669,11.669378047695261,11.669378047695169
r569_svd_normalised_tr050_tid6_010,r569,6,10,False,211,ellipse,199.74471830985917,60.61795774647888,63.11111111111114,4.482063207353322,9.914550034482879,8.104811826998116,-86.33926303946765,0.575976245132401,1.0,63.22222222222222,False,ellipse,360.0,1.0,True,True,14.342602263530631,646.2577777777782,647.3955555555557,31.726560110345215,25.935397846393972
r569_svd_normalised_tr050_tid6_010,r569,6,10,False,212,circle,261.5146118979797,119.45624510446966,14.509254636920348,2.1490554185710877,4.29811083714219,4.298110837142161,,1.1542389828584841e-07,1.0,14.222222222222221,False,circle,360.0,1.0,True,True,6.876977339427481,148.5747674820644,145.63555555555558,13.753954678855008,13.753954678854917
r569_svd_normalised_tr050_tid6_010,r569,6,10,False,213,circle,179.16074866090227,249.20233356495385,33.69990997631203,3.27521213190289,6.55042426380578,6.55042426380578,,0.0,1.0,18.88888888888889,True,circle,191.0,0.5305555555555556,True,True,10.48067882208925,345.08707815743526,193.42222222222227,20.9613576441785,20.9613576441785
r569_svd_normalised_tr050_tid6_010,r569,6,10,False,214,ellipse,337.2470795510698,130.7363115121169,16.661676043339195,2.3029494577577014,5.180658759404288,4.094904876997795,-84.42330826168228,0.6125631439732436,1.0,16.666666666666668,False,ellipse,360.0,1.0,True,True,7.369438264824645,170.6155626837934,170.6666666666667,16.578108030093723,13.103695606392945
r569_svd_normalised_tr050_tid6_010,r569,6,10,False,215,ellipse,213.58442769312646,216.88415507067333,32.566978252246315,3.2196880502344496,6.858692204799789,6.0456954948746615,-71.26790419426567,0.47224979893771374,1.0,32.333333333333336,False,ellipse,360.0,1.0,True,True,10.30300176075024,333.4858573030023,331.0933333333334,21.947815055359328,19.34622558359892
r569_svd_normalised_tr050_tid6_010,r569,6,10,False,216,ellipse,179.55654761904762,172.76785714285714,62.22222222222196,4.450387452083021,9.704925540885387,8.163256231165724,80.98904424792136,0.5408085968966816,1.0,61.77777777777778,False,ellipse,360.0,1.0,True,True,14.241239846665668,637.155555555553,632.6044444444445,31.05576173083324,26.122419939730317
r569_svd_normalised_tr050_tid6_010,r569,6,10,False,217,ellipse,204.31570641823404,170.23315702131052,272.98957197932003,9.321763759401923,20.56869355199482,16.898551065762113,87.97395767758434,0.5701125912267222,1.0,272.8888888888889,False,ellipse,360.0,1.0,True,True,29.829644030086158,2795.413217068238,2794.382222222223,65.81981936638343,54.07536341043877
r569_svd_normalised_tr050_tid6_010,r569,6,10,False,218,circle,294.21280602636534,105.19209039548022,19.666666666666703,2.5020180711340254,5.004036142268069,5.004036142268033,,1.1920928955078125e-07,1.0,19.444444444444443,False,circle,360.0,1.0,True,True,8.006457827628882,201.38666666666708,199.11111111111114,16.01291565525782,16.012915655257707
r569_svd_normalised_tr050_tid6_010,r569,6,10,False,219,ellipse,272.91192396546097,162.12405461657627,59.79700741788083,4.362794818154635,9.077475899796058,8.38734416281714,16.589855349809227,0.38245729849821714,1.0,59.77777777777778,False,ellipse,360.0,1.0,True,True,13.960943418094832,612.3213559590998,612.1244444444445,29.047922879347386,26.83950132101485
r569_svd_normalised_tr050_tid6_010,r569,6,10,False,220,circle,191.35396308360478,60.49619978284474,34.1111111111113,3.2951333653405404,6.590266730681091,6.59026673068107,,8.024520884654677e-08,1.0,34.111111111111114,False,circle,360.0,1.0,True,True,10.54442676908973,349.29777777777974,349.29777777777787,21.088853538179492,21.088853538179425
r569_svd_normalised_tr050_tid6_010,r569,6,10,False,221,ellipse,248.01996957645628,220.29969274012413,19.612724201183752,2.498584400862392,5.398676182208083,4.625522107665656,-79.0528182194792,0.5156684609057484,1.0,19.333333333333332,False,ellipse,360.0,1.0,True,True,7.995470082759654,200.83429582012167,197.97333333333336,17.275763783065866,14.8016707445301
r569_svd_normalised_tr050_tid6_010,r569,6,10,False,222,circle,254.94944015619274,140.9756809282908,17.2508826403549,2.3433152775120334,4.686630555024067,4.686630555024067,,0.0,1.0,17.0,False,circle,360.0,1.0,True,True,7.498608888038508,176.6490382372342,174.08000000000004,14.997217776077015,14.997217776077015
r569_svd_normalised_tr050_tid6_010,r569,6,10,False,223,ellipse,264.12777777777774,167.05555555555557,46.66666666666644,3.854148590187396,8.46793621954293,7.016803608398121,-66.39607220497211,0.5597936002851779,1.0,46.22222222222222,False,ellipse,360.0,1.0,True,True,12.333275488599668,477.8666666666644,473.31555555555565,27.097395902537375,22.453771546873988
r569_svd_normalised_tr050_tid6_010,r569,6,10,False,224,circle,248.49158249158248,155.06397306397304,10.999999999999998,1.8712051592547774,3.742410318509555,3.7424103185095547,,1.4901161193847656e-08,1.0,11.222222222222221,False,circle,360.0,1.0,True,True,5.987856509615288,112.64,114.91555555555557,11.975713019230577,11.975713019230575
r569_svd_normalised_tr050_tid6_010,r569,6,10,False,225,circle,306.1351017531336,245.68889766797054,129.75871185742002,6.426778415558658,12.853556831117317,12.853556831117317,,0.0,1.0,110.88888888888889,True,circle,252.99999999999997,0.7027777777777777,True,True,20.565690929787706,1328.7292094199813,1135.5022222222224,41.13138185957541,41.13138185957541
r569_svd_normalised_tr050_tid6_010,r569,6,10,False,226,ellipse,359.0986842105263,177.8267543859649,16.888888888888793,2.3185987794340095,4.953517193797688,4.341077331253889,-80.08533829536282,0.4816518964893142,1.0,16.555555555555557,False,ellipse,360.0,1.0,True,True,7.419516094188831,172.9422222222213,169.52888888888893,15.851255020152601,13.891447460012444
r569_svd_normalised_tr050_tid6_010,r569,6,10,False,227,circle,161.0814814814815,233.4,30.000000000000085,3.090193616185521,6.180387232371042,6.180387232371042,,0.0,1.0,30.11111111111111,False,circle,360.0,1.0,True,True,9.888619571793669,307.20000000000095,308.33777777777783,19.777239143587337,19.777239143587337
r569_svd_normalised_tr050_tid6_010,r569,6,10,False,228,circle,329.7337920717367,88.13749261874429,24.61923770173038,2.7993832804332968,5.598766560866608,5.598766560866579,,1.0106459234841567e-07,1.0,24.555555555555557,False,circle,360.0,1.0,True,True,8.95802649738655,252.10099406571914,251.44888888888894,17.916052994773146,17.916052994773054
r569_svd_normalised_tr050_tid6_010,r569,6,10,False,229,circle,183.0353200883002,143.67660044150108,33.555555555555394,3.2681898766324307,6.536379753264861,6.536379753264861,,0.0,1.0,33.0,False,circle,360.0,1.0,True,True,10.458207605223778,343.6088888888873,337.9200000000001,20.916415210447557,20.916415210447557
r569_svd_normalised_tr050_tid6_010,r569,6,10,False,230,ellipse,307.3868852459016,187.83934426229507,33.888888888888935,3.2843824937295847,6.873062308762004,6.277940097452939,-82.69332536326402,0.40703544277365833,1.0,33.888888888888886,False,ellipse,360.0,1.0,True,True,10.510023979934672,347.02222222222275,347.02222222222224,21.993799388038415,20.089408311849407
r569_svd_normalised_tr050_tid6_010,r569,6,10,False,231,circle,189.75252998595377,123.05067651592269,13.083309401345552,2.0407221090706154,4.081444218141232,4.081444218141231,,2.1073424255447017e-08,1.0,13.0,False,circle,360.0,1.0,True,True,6.530310749025969,133.9730882697785,133.12000000000003,13.060621498051942,13.060621498051939
r569_svd_normalised_tr050_tid6_010,r569,6,10,False,232,circle,338.2570621468926,192.61016949152537,13.111111111111233,2.042889200500323,4.085778401000646,4.085778401000646,,0.0,1.0,13.222222222222221,False,circle,360.0,1.0,True,True,6.537245441601034,134.25777777777907,135.39555555555557,13.074490883202069,13.074490883202069
r569_svd_normalised_tr050_tid6_010,r569,6,10,False,233,circle,212.18446601941747,234.64886731391582,45.77777777777788,3.817265937053815,7.63453187410763,7.634531874107629,,1.4901161193847656e-08,1.0,45.55555555555556,False,circle,360.0,1.0,True,True,12.215250998572209,468.7644444444456,466.488888888889,24.430501997144418,24.430501997144415
r569_svd_normalised_tr050_tid6_010,r569,6,10,False,234,circle,267.7330869519583,59.79811300179015,13.02893216821742,2.036476838945539,4.072953677891093,4.072953677891064,,1.1827430029502171e-07,1.0,13.11111111111111,False,circle,360.0,1.0,True,True,6.516725884625726,133.4162654025464,134.2577777777778,13.033451769251498,13.033451769251407
r569_svd_normalised_tr050_tid6_010,r569,6,10,False,235,ellipse,324.9249119253038,210.8217797029338,15.409926428953503,2.21475324307264,4.615084747860773,4.2513905556984195,84.19296128967875,0.38910248713181134,1.0,15.222222222222221,False,ellipse,360.0,1.0,True,True,7.087210377832449,157.7976466324839,155.87555555555556,14.768271193154474,13.604449778234944
r569_svd_normalised_tr050_tid6_010,r569,6,10,False,236,circle,330.8918733423037,220.33908461333974,17.946582340374068,2.390099282906988,4.780198565813976,4.780198565813976,,0.0,1.0,18.0,False,circle,360.0,1.0,True,True,7.648317705302361,183.77300316543048,184.32000000000005,15.296635410604722,15.296635410604722
r569_svd_normalised_tr050_tid6_010,r569,6,10,False,237,circle,323.45929234296386,191.76179940297456,13.04629387286142,2.0378332409181095,4.075666481836243,4.075666481836194,,1.548574096771071e-07,1.0,13.0,False,circle,360.0,1.0,True,True,6.521066370937951,133.59404925810097,133.12000000000003,13.042132741875978,13.042132741875822
r569_svd_normalised_tr050_tid6_010,r569,6,10,False,238,ellipse,235.95943991883416,49.850959313620095,22.11856085596516,2.653404716324202,5.678759483388062,4.959221540695349,-84.31051683618364,0.487195177311351,1.0,21.77777777777778,False,ellipse,360.0,1.0,True,True,8.490895092237446,226.49406316508328,223.0044444444445,18.1720303468418,15.869508930225118
r569_svd_normalised_tr050_tid6_010,r569,6,10,False,239,circle,266.65441176470586,84.63235294117648,15.111111111111082,2.1931748808265117,4.386349761653033,4.386349761653014,,9.424321830774485e-08,1.0,15.222222222222221,False,circle,360.0,1.0,True,True,7.018159618644837,154.73777777777752,155.87555555555556,14.036319237289707,14.036319237289645
r569_svd_normalised_tr050_tid6_010,r569,6,10,False,240,ellipse,255.75522041763338,180.46287703016242,95.77777777777713,5.521504644875401,11.775757788329779,10.355856189091938,-79.61261855415287,0.4760436793829113,1.0,95.33333333333333,False,ellipse,360.0,1.0,True,True,17.668814863601284,980.764444444438,976.2133333333335,37.682424922655294,33.138739805094204
r569_svd_normalised_tr050_tid6_010,r569,6,10,False,241,ellipse,198.3131313131313,155.16414141414143,14.666666666666606,2.1606816048095205,4.512253449057224,4.138548554569935,-80.56342282445155,0.39847317795719783,1.0,14.555555555555555,False,ellipse,360.0,1.0,True,True,6.914181135390466,150.18666666666607,149.0488888888889,14.439211036983117,13.243355374623793
r569_svd_normalised_tr050_tid6_010,r569,6,10,False,242,ellipse,204.75812239729484,248.14923846944987,60.80093835476704,4.3992658214267495,11.206780964603983,6.907796209705781,-89.61456157077842,0.7874376379949509,1.0,45.111111111111114,True,ellipse,226.0,0.6277777777777778,True,True,14.0776506285656,622.6016087528146,461.9377777777779,35.86169908673275,22.1049478710585
r569_svd_normalised_tr050_tid6_010,r569,6,10,False,243,circle,249.62928348909657,104.05607476635512,11.888888888888852,1.9453408105198287,3.8906816210396693,3.8906816210396458,,1.0950072449966572e-07,1.0,11.666666666666666,False,circle,360.0,1.0,True,True,6.225090593663452,121.74222222222187,119.46666666666668,12.450181187326942,12.450181187326868
r569_svd_normalised_tr050_tid6_010,r569,6,10,False,244,ellipse,10.42335626911315,199.9151376146789,387.55555555555577,11.10687916467919,25.03065003566703,19.713873128025185,-35.81227307381431,0.6162004806535357,1.0,387.8888888888889,False,ellipse,360.0,1.0,True,True,35.54201332697341,3968.5688888888917,3971.9822222222233,80.0980801141345,63.084394009680594
r569_svd_normalised_tr050_tid6_010,r569,6,10,False,245,ellipse,241.79740008337347,161.53768394366807,82.08894162468414,5.111723942614766,10.810466565861049,9.668304880759724,71.99389474003746,0.4473745815858864,1.0,82.11111111111111,False,ellipse,360.0,1.0,True,True,16.357516616367253,840.5907622367657,840.817777777778,34.59349301075536,30.938575618431116
r569_svd_normalised_tr050_tid6_010,r569,6,10,False,246,circle,266.49590324060307,143.43270368989005,13.893763850468408,2.102979407865675,4.205958815731378,4.2059588157313215,,1.645887049613485e-07,1.0,13.555555555555555,False,circle,360.0,1.0,True,True,6.72953410517016,142.27214182879652,138.8088888888889,13.459068210340412,13.459068210340229
r569_svd_normalised_tr050_tid6_010,r569,6,10,False,247,ellipse,242.73927392739267,87.18481848184818,11.222222222222113,1.8900117137956387,3.960276957459434,3.607974206507316,3.6806971797571464,0.4123160365355058,1.0,11.555555555555555,False,ellipse,360.0,1.0,True,True,6.048037484146044,114.91555555555446,118.32888888888891,12.67288626387019,11.545517460823412
r569_svd_normalised_tr050_tid6_010,r569,6,10,False,248,ellipse,171.9784820031299,53.25704225352113,189.33333333333368,7.763161197871081,18.168782863225047,13.268180315174623,-12.217580939436857,0.6831549182256298,1.0,189.44444444444446,False,ellipse,360.0,1.0,True,True,24.84211583318746,1938.7733333333374,1939.9111111111117,58.140105162320154,42.4581770085588
r569_svd_normalised_tr050_tid6_010,r569,6,10,False,249,circle,273.31060606060606,156.17803030303028,9.777777777777937,1.7641891428004235,3.528378285600847,3.528378285600847,,0.0,1.0,9.666666666666666,False,circle,360.0,1.0,True,True,5.6454052569613555,100.12444444444608,98.98666666666668,11.290810513922711,11.290810513922711
r569_svd_normalised_tr050_tid6_010,r569,6,10,False,250,ellipse,313.95855666845694,163.08322015406975,21.199675011892506,2.5977040131948934,5.635718894114224,4.78949803349229,69.83995242587986,0.5270297014954274,1.0,21.22222222222222,False,ellipse,360.0,1.0,True,True,8.31265284222366,217.0846721217793,217.3155555555556,18.034300461165518,15.326393707175328
r569_svd_normalised_tr050_tid6_010,r569,6,10,False,251,circle,24.969255663430417,208.25728155339806,22.888888888888847,2.699214629683168,5.3984292593663445,5.398429259366326,,8.296615425989064e-08,1.0,22.88888888888889,False,circle,360.0,1.0,True,True,8.637486814986138,234.38222222222183,234.38222222222228,17.274973629972305,17.274973629972244
r569_svd_normalised_tr050_tid6_010,r569,6,10,False,252,ellipse,170.44980520853846,207.70426181690726,30.116786295984554,3.09620264486942,6.435309306269174,5.958669808618154,-54.01080873829869,0.377686071009663,1.0,30.444444444444443,False,ellipse,360.0,1.0,True,True,9.907848463582145,308.3958916708819,311.75111111111113,20.59298978006136,19.067743387578094
