frame,run,train,frame_idx,reviewed,bubble_id,shape_type,x,y,area_px2,r_eq,major_axis,minor_axis,orientation_deg,eccentricity,solidity,area_visible_px2,edge_truncated,fit_kind,arc_deg,outline_visible_frac,fit_reliable,in_analysis,r_eq_um,area_um2,area_visible_um2,major_axis_um,minor_axis_um
r574_svd_normalised_tr050_tid0_010,r574,0,10,False,0,circle,371.89293205654354,153.4173278613771,406.11111111111114,11.369660573462628,22.73932114692526,22.739321146925256,,1.4901161193847656e-08,1.0,406.44444444444446,False,circle,360.0,1.0,True,True,36.38291383508041,4158.5777777777785,4161.991111111112,72.76582767016083,72.76582767016082
r574_svd_normalised_tr050_tid0_010,r574,0,10,False,1,circle,97.86903419767006,121.84441939120633,394.2222222222223,11.202001191156722,22.40400238231345,22.404002382313436,,3.650024149988857e-08,1.0,394.22222222222223,False,circle,360.0,1.0,True,True,35.846403811701514,4036.8355555555568,4036.8355555555563,71.69280762340304,71.692807623403
r574_svd_normalised_tr050_tid0_010,r574,0,10,False,2,circle,200.34137146286514,93.5201312261243,409.77981214273194,11.420900374469962,22.84180074893994,22.841800748939914,,4.712160915387242e-08,1.0,409.0,False,circle,360.0,1.0,True,True,36.54688119830388,4196.1452763415755,4188.160000000001,73.0937623966078,73.09376239660773
r574_svd_normalised_tr050_tid0_010,r574,0,10,False,3,circle,114.23378554163344,173.36991064533697,92.66771160861991,5.431118552844538,10.862237105689077,10.862237105689072,,2.9802322387695312e-08,1.0,92.44444444444444,False,circle,360.0,1.0,True,True,17.379579369102522,948.9173668722681,946.6311111111113,34.75915873820505,34.75915873820503
r574_svd_normalised_tr050_tid0_010,r574,0,10,False,4,circle,220.60465116279073,103.57032115171651,66.88888888888887,4.614259919985266,9.228519839970533,9.228519839970533,,0.0,1.0,66.88888888888889,False,circle,360.0,1.0,True,True,14.765631743952852,684.9422222222222,684.9422222222223,29.531263487905704,29.531263487905704
r574_svd_normalised_tr050_tid0_010,r574,0,10,False,5,circle,73.91706286318013,141.8288431061807,70.11111111111087,4.724093542468947,9.4481870849379,9.448187084937889,,4.712160915387242e-08,1.0,70.0,False,circle,360.0,1.0,True,True,15.117099335900631,717.9377777777755,716.8000000000002,30.23419867180128,30.234198671801245
r574_svd_normalised_tr050_tid0_010,r574,0,10,False,6,ellipse,57.48795944233206,140.44909167722855,87.6666666666666,5.282534116196408,11.032714854398671,10.11724387226535,88.57037149413401,0.3988362826705997,1.0,87.55555555555556,False,ellipse,360.0,1.0,True,True,16.904109171828505,897.7066666666661,896.5688888888891,35.30468753407575,32.375180391249124
r574_svd_normalised_tr050_tid0_010,r574,0,10,False,7,circle,84.34090711585452,171.14520124307427,143.32781627462532,6.754454891798986,13.508909783597971,13.508909783597971,,0.0,1.0,143.44444444444446,False,circle,360.0,1.0,True,True,21.614255653756757,1467.6768386521635,1468.8711111111115,43.228511307513514,43.228511307513514
r574_svd_normalised_tr050_tid0_010,r574,0,10,False,8,circle,228.3163341116861,132.6215900814692,123.61965718389794,6.272906743152315,12.54581348630463,12.54581348630463,,0.0,1.0,123.11111111111111,False,circle,360.0,1.0,True,True,20.07330157808741,1265.865289563115,1260.6577777777782,40.14660315617482,40.14660315617482
r574_svd_normalised_tr050_tid0_010,r574,0,10,False,9,circle,147.24725274725276,114.44688644688642,20.22222222222229,2.5371112025173232,5.07422240503466,5.074222405034634,,1.0106459234841567e-07,1.0,19.88888888888889,False,circle,360.0,1.0,True,True,8.118755848055434,207.0755555555563,203.66222222222225,16.23751169611091,16.23751169611083
r574_svd_normalised_tr050_tid0_010,r574,0,10,False,10,circle,56.94932432432432,163.74099099099098,32.888888888889014,3.235561539970087,6.471123079940187,6.471123079940161,,9.06402249678704e-08,1.0,32.77777777777778,False,circle,360.0,1.0,True,True,10.353796927904279,336.78222222222354,335.6444444444445,20.7075938558086,20.707593855808515
r574_svd_normalised_tr050_tid0_010,r574,0,10,False,11,circle,4.6898588522756945,106.2301364344298,115.09140147391177,6.052663124930531,12.105326249861065,12.105326249861058,,3.332000937312528e-08,1.0,111.77777777777777,True,circle,299.0,0.8305555555555556,True,True,19.3685219997777,1178.5359510928567,1144.6044444444447,38.73704399955541,38.73704399955539
r574_svd_normalised_tr050_tid0_010,r574,0,10,False,12,circle,380.6088050314466,142.70314465408802,29.444444444444667,3.0614470042540556,6.122894008508139,6.122894008508083,,1.3493575361575808e-07,1.0,29.444444444444443,False,circle,360.0,1.0,True,True,9.796630413612979,301.51111111111345,301.5111111111112,19.593260827226047,19.593260827225865
r574_svd_normalised_tr050_tid0_010,r574,0,10,False,13,circle,129.52864705277048,109.78712292903751,37.14062927728304,3.438346910660169,6.876693821320353,6.876693821320324,,9.06402249678704e-08,1.0,36.888888888888886,False,circle,360.0,1.0,True,True,11.002710114112542,380.3200437993784,377.74222222222227,22.00542022822513,22.005420228225038
r574_svd_normalised_tr050_tid0_010,r574,0,10,False,14,ellipse,140.1013970817627,132.54127846716165,28.877095774949858,3.031808877459579,6.438030924037282,5.710979135016956,78.24102111416059,0.4616364165068473,1.0,28.77777777777778,False,ellipse,360.0,1.0,True,True,9.701788407870653,295.7014607354866,294.6844444444445,20.601698956919304,18.27513323205426
r574_svd_normalised_tr050_tid1_010,r574,1,10,False,0,circle,371.48540580107965,154.52292066977765,404.77777777777703,11.350980943256488,22.701961886512986,22.70196188651296,,4.712160915387242e-08,1.0,405.22222222222223,False,circle,360.0,1.0,True,True,36.32313901842076,4144.9244444444375,4149.475555555557,72.64627803684157,72.64627803684148
r574_svd_normalised_tr050_tid1_010,r574,1,10,False,1,circle,97.61543715846997,122.9481850117096,379.5555555555551,10.991646177407377,21.983292354814758,21.983292354814747,,2.9802322387695312e-08,1.0,379.22222222222223,False,circle,360.0,1.0,True,True,35.17326776770361,3886.648888888885,3883.2355555555564,70.34653553540723,70.3465355354072
r574_svd_normalised_tr050_tid1_010,r574,1,10,False,2,circle,114.06184629376989,174.17053206002726,81.44444444444457,5.091617801977405,10.18323560395482,10.183235603954797,,6.664001874625056e-08,1.0,81.44444444444444,False,circle,360.0,1.0,True,True,16.293176966327696,833.9911111111126,833.9911111111113,32.58635393265543,32.58635393265535
r574_svd_normalised_tr050_tid1_010,r574,1,10,False,3,circle,199.96012272881833,94.00889649459128,403.07287007149574,11.3270507810388,22.65410156207761,22.654101562077585,,4.712160915387242e-08,1.0,402.1111111111111,False,circle,360.0,1.0,True,True,36.24656249932416,4127.466189532117,4117.617777777778,72.49312499864836,72.49312499864827
r574_svd_normalised_tr050_tid1_010,r574,1,10,False,4,circle,220.3025662448312,103.82305606426499,50.332606989549085,4.0026699092202,8.005339818440403,8.005339818440394,,4.712160915387242e-08,1.0,50.55555555555556,False,circle,360.0,1.0,True,True,12.80854370950464,515.4058955729827,517.688888888889,25.61708741900929,25.617087419009263
r574_svd_normalised_tr050_tid1_010,r574,1,10,False,5,circle,73.760833863665,142.7739212573105,57.670788004952634,4.284528208097829,8.569056416195659,8.569056416195657,,2.1073424255447017e-08,1.0,57.888888888888886,False,circle,360.0,1.0,True,True,13.710490265913052,590.5488691707151,592.7822222222223,27.42098053182611,27.420980531826103
r574_svd_normalised_tr050_tid1_010,r574,1,10,False,6,ellipse,57.34639696586599,140.90560471976403,87.88888888888869,5.289225105725978,11.202721879816204,9.988966081339857,-69.09895951801388,0.45271499525448644,1.0,87.66666666666667,False,ellipse,360.0,1.0,True,True,16.925520338323132,899.9822222222203,897.7066666666669,35.848710015411854,31.964691460287543
r574_svd_normalised_tr050_tid1_010,r574,1,10,False,7,circle,227.83803258145366,133.34617794486218,118.22222222222231,6.13443576052031,12.26887152104062,12.26887152104062,,0.0,1.0,118.22222222222223,False,circle,360.0,1.0,True,True,19.630194433664993,1210.5955555555568,1210.5955555555558,39.260388867329986,39.260388867329986
r574_svd_normalised_tr050_tid1_010,r574,1,10,False,8,ellipse,129.30418943533698,111.44717668488158,40.666666666666664,3.597860758581524,7.64166702057425,6.775800098742366,51.37775834766245,0.4623618039623072,1.0,40.44444444444444,False,ellipse,360.0,1.0,True,True,11.513154427460877,416.42666666666673,414.15111111111116,24.4533344658376,21.68256031597557
r574_svd_normalised_tr050_tid1_010,r574,1,10,False,9,ellipse,147.54922279792746,114.67702936096717,21.444444444444468,2.6126573962894066,5.421975964732741,5.035786742534707,-21.127149099347122,0.3706481853414309,1.0,21.22222222222222,False,ellipse,360.0,1.0,True,True,8.360503668126102,219.5911111111114,217.3155555555556,17.35032308714477,16.114517576111066
r574_svd_normalised_tr050_tid1_010,r574,1,10,False,10,circle,83.99490958146382,171.89772764617348,138.91335309671368,6.649623569317564,13.299247138635145,13.299247138635108,,7.450580596923828e-08,1.0,138.22222222222223,False,circle,360.0,1.0,True,True,21.278795421816206,1422.4727357103484,1415.3955555555558,42.55759084363247,42.55759084363235
r574_svd_normalised_tr050_tid1_010,r574,1,10,False,11,ellipse,67.0899300733172,8.557698184584835,37.44004387058671,3.452178457606528,7.337952418140779,6.496382327963985,-76.14606902842138,0.46499619025843364,1.0,38.0,False,ellipse,360.0,1.0,True,True,11.046971064340891,383.386049234808,389.12000000000006,23.481447738050495,20.788423449484753
r574_svd_normalised_tr050_tid1_010,r574,1,10,False,12,circle,380.5465222244394,143.9988957919375,27.31939837393871,2.9489039636817727,5.897807927363585,5.8978079273635045,,1.6526187220825877e-07,1.0,27.11111111111111,False,circle,360.0,1.0,True,True,9.436492683781672,279.7506393491324,277.6177777777778,18.872985367563473,18.872985367563214
r574_svd_normalised_tr050_tid1_010,r574,1,10,False,13,ellipse,3.6349558468015464,107.28149478681661,119.25613650648847,6.1612017689813525,13.187831867349066,11.513767424373302,-85.55034262067562,0.48761293820751317,1.0,103.88888888888889,True,ellipse,257.0,0.7138888888888889,True,True,19.715845660740328,1221.1828378264422,1063.8222222222223,42.201061975517014,36.84405575799457
r574_svd_normalised_tr050_tid1_010,r574,1,10,False,14,ellipse,128.99641577060933,117.57228195937876,30.999999999999858,3.1412746571571013,7.830304723831012,5.040726673977865,76.69930932461028,0.7652393075206988,1.0,31.11111111111111,False,ellipse,360.0,1.0,True,True,10.052078902902725,317.43999999999863,318.57777777777784,25.05697511625924,16.13032535672917
r574_svd_normalised_tr050_tid1_010,r574,1,10,False,15,ellipse,128.29249011857706,115.91040843214756,56.22222222222219,4.230376952064122,9.590938595383363,7.463748820233168,26.529825255509422,0.6280061400205614,1.0,56.44444444444444,False,ellipse,360.0,1.0,True,True,13.537206246605193,575.7155555555554,577.9911111111112,30.691003505226764,23.88399622474614
r574_svd_normalised_tr050_tid1_010,r574,1,10,False,16,ellipse,128.21152882205516,114.20350877192983,73.88888888888876,4.849697290807844,11.72103772844912,8.02644419627884,-15.385089210218212,0.7287408778090453,1.0,73.77777777777777,False,ellipse,360.0,1.0,True,True,15.519031330585102,756.622222222221,755.4844444444445,37.50732073103719,25.68462142809229
r574_svd_normalised_tr050_tid1_010,r574,1,10,False,17,circle,184.8032354333129,98.49602098941955,54.345431032667534,4.159169143785505,8.31833828757101,8.31833828757101,,0.0,1.0,54.0,False,circle,360.0,1.0,True,True,13.309341260113616,556.4972137745157,552.9600000000002,26.61868252022723,26.61868252022723
r574_svd_normalised_tr050_tid1_010,r574,1,10,False,18,ellipse,45.38434837106176,98.46685557558665,37.255598590599945,3.443664523016558,7.688705119974479,6.169478559543053,-88.36207928733961,0.5967758278209634,1.0,37.333333333333336,False,ellipse,360.0,1.0,True,True,11.019726473652987,381.4973295677435,382.2933333333334,24.603856383918334,19.74233139053777
r574_svd_normalised_tr050_tid2_010,r574,2,10,False,0,circle,371.07948717948716,155.23903133903133,389.9999999999997,11.141851534268364,22.283703068536727,22.283703068536727,,0.0,1.0,390.1111111111111,False,circle,360.0,1.0,True,True,35.65392490965876,3993.599999999998,3994.7377777777783,71.30784981931752,71.30784981931752
r574_svd_normalised_tr050_tid2_010,r574,2,10,False,1,circle,199.74433679888506,95.03456652646321,397.43176410407375,11.24750903968478,22.495018079369565,22.495018079369558,,2.5809568279517847e-08,1.0,396.77777777777777,False,circle,360.0,1.0,True,True,35.9920289269913,4069.701264425716,4063.004444444445,71.9840578539826,71.98405785398259
r574_svd_normalised_tr050_tid2_010,r574,2,10,False,2,circle,97.25257936507937,123.73263888888887,373.33333333333326,10.901178415288344,21.802356830576695,21.802356830576684,,2.9802322387695312e-08,1.0,372.6666666666667,False,circle,360.0,1.0,True,True,34.8837709289227,3822.9333333333334,3816.1066666666675,69.76754185784543,69.76754185784539
r574_svd_normalised_tr050_tid2_010,r574,2,10,False,3,circle,113.44875943905072,175.05555555555557,68.66666666666687,4.67517687914447,9.350353758288955,9.350353758288923,,8.296615425989064e-08,1.0,68.88888888888889,False,circle,360.0,1.0,True,True,14.960566013262303,703.1466666666689,705.4222222222223,29.92113202652466,29.921132026524557
r574_svd_normalised_tr050_tid2_010,r574,2,10,False,4,circle,73.625,143.302734375,56.8888888888889,4.255384324281949,8.510768648563909,8.510768648563888,,7.146345858741878e-08,1.0,56.44444444444444,False,circle,360.0,1.0,True,True,13.617229837702238,582.5422222222224,577.9911111111112,27.23445967540451,27.23445967540444
r574_svd_normalised_tr050_tid2_010,r574,2,10,False,5,circle,83.80070743279968,172.9495234485045,125.62941042586507,6.323692223218477,12.647384446436963,12.647384446436943,,5.5755039852469285e-08,1.0,125.88888888888889,False,circle,360.0,1.0,True,True,20.23581511429913,1286.4451627608587,1289.1022222222225,40.471630228598286,40.47163022859822
r574_svd_normalised_tr050_tid2_010,r574,2,10,False,6,circle,219.8307654470011,104.48949814541695,34.94807722802493,3.3353138510183626,6.6706277020367395,6.670627702036711,,9.18569267238524e-08,1.0,35.111111111111114,False,circle,360.0,1.0,True,True,10.67300432325876,357.86831081497536,359.5377777777779,21.346008646517568,21.346008646517475
r574_svd_normalised_tr050_tid2_010,r574,2,10,False,7,ellipse,57.63167587476981,140.69355432780847,100.55555555555557,5.657546062034028,11.844572207073792,10.809281039266605,-45.827192077717655,0.40886780622727,1.0,100.0,False,ellipse,360.0,1.0,True,True,18.10414739850889,1029.6888888888893,1024.0000000000002,37.90263106263614,34.589699325653136
r574_svd_normalised_tr050_tid2_010,r574,2,10,False,8,circle,227.08492782813022,133.75562269217858,110.33333333333303,5.926229051902354,11.852458103804707,11.852458103804707,,0.0,1.0,110.44444444444444,False,circle,360.0,1.0,True,True,18.963932966087533,1129.8133333333305,1130.9511111111112,37.92786593217507,37.92786593217507
r574_svd_normalised_tr050_tid2_010,r574,2,10,False,9,circle,147.5707327690053,114.31596737725495,22.569711726000186,2.6803287803372338,5.360657560674468,5.3606575606744675,,1.4901161193847656e-08,1.0,22.555555555555557,False,circle,360.0,1.0,True,True,8.577052097079148,231.11384807424196,230.96888888888896,17.1541041941583,17.154104194158297
r574_svd_normalised_tr050_tid2_010,r574,2,10,False,10,ellipse,379.9739952718676,145.0047281323877,31.33333333333335,3.1581180736464103,6.6185128059709895,6.0277648828263555,4.257667794477385,0.4129733676097333,1.0,30.88888888888889,False,ellipse,360.0,1.0,True,True,10.105977835668513,320.8533333333336,316.30222222222227,21.179240979107167,19.28884762504434
r574_svd_normalised_tr050_tid2_010,r574,2,10,False,11,ellipse,67.17283950617283,8.879629629629632,36.00000000000002,3.3851375012865383,7.049662504263032,6.501959999184049,-81.74266719587456,0.3864556715229705,1.0,36.0,False,ellipse,360.0,1.0,True,True,10.832440004116924,368.64000000000027,368.6400000000001,22.558920013641703,20.806271997388958
r574_svd_normalised_tr050_tid2_010,r574,2,10,False,12,ellipse,220.69444444444443,154.78731343283582,89.33333333333337,5.332511900197878,11.628584906643857,9.781304739669771,82.8656362454237,0.5408125110361119,1.0,89.33333333333333,False,ellipse,360.0,1.0,True,True,17.06403808063321,914.7733333333339,914.7733333333334,37.21147170126034,31.30017516694327
r574_svd_normalised_tr050_tid2_010,r574,2,10,False,13,circle,34.89678739281778,116.80916998760064,22.888417977204146,2.6991868629738995,5.398373725947806,5.398373725947792,,7.300048299977713e-08,1.0,23.0,False,circle,360.0,1.0,True,True,8.637397961516479,234.3774000865705,235.52000000000004,17.27479592303298,17.274795923032936
r574_svd_normalised_tr050_tid2_010,r574,2,10,False,14,circle,85.73245309242529,56.823951818392395,159.88888888888894,7.134018084100642,14.268036168201295,14.268036168201274,,5.3726900748371916e-08,1.0,159.22222222222223,False,circle,360.0,1.0,True,True,22.828857869122057,1637.262222222223,1630.435555555556,45.65771573824415,45.65771573824408
r574_svd_normalised_tr050_tid2_010,r574,2,10,False,15,ellipse,77.6943231441048,135.5764192139738,25.444444444444272,2.8459125452341016,5.92627004503486,5.466654846015003,-44.16366819578687,0.3861298451060678,1.0,25.444444444444443,False,ellipse,360.0,1.0,True,True,9.106920144749125,260.5511111111094,260.55111111111114,18.964064144111553,17.49329550724801
r574_svd_normalised_tr050_tid2_010,r574,2,10,False,16,ellipse,81.43424650054884,86.75354142196475,354.2184727201481,10.618438761689333,22.128878188614216,20.380832823917743,-17.065727187875353,0.38954804370504065,1.0,354.8888888888889,False,ellipse,360.0,1.0,True,True,33.979004037405865,3627.197160654317,3634.062222222223,70.81241020356549,65.21866503653678
r574_svd_normalised_tr050_tid2_010,r574,2,10,False,17,circle,142.28291316526608,100.78431372549016,13.222222222222221,2.0515272483328957,4.103054496665792,4.103054496665791,,2.1073424255447017e-08,1.0,13.222222222222221,False,circle,360.0,1.0,True,True,6.564887194665267,135.39555555555557,135.39555555555557,13.129774389330535,13.129774389330533
r574_svd_normalised_tr050_tid2_010,r574,2,10,False,18,ellipse,115.94303751434421,133.09055191204894,88.68546978719996,5.313140483190674,11.312371430429286,9.981801594026468,-34.099842058576826,0.4705389401403879,1.0,89.33333333333333,False,ellipse,360.0,1.0,True,True,17.002049546210156,908.1392106209278,914.7733333333334,36.19958857737372,31.941765100884698
r574_svd_normalised_tr050_tid2_010,r574,2,10,False,19,ellipse,45.270833333333336,99.20763888888888,53.333333333333286,4.12025815491402,8.810213878589634,7.707657270110742,69.02452811127961,0.48438538804778025,1.0,53.22222222222222,False,ellipse,360.0,1.0,True,True,13.184826095724866,546.133333333333,544.9955555555556,28.19268441148683,24.664503264354376
r574_svd_normalised_tr050_tid2_010,r574,2,10,False,20,ellipse,172.8662916408088,104.99066366997951,146.02907984283425,6.817807549666993,15.55997557996791,11.949247489601037,77.01681355604632,0.6405125502390955,1.0,146.44444444444446,False,ellipse,360.0,1.0,True,True,21.81698415893438,1495.337777590623,1499.5911111111116,49.791921855897314,38.23759196672332
r574_svd_normalised_tr050_tid2_010,r574,2,10,False,21,ellipse,162.4232041887342,58.1668433638525,15.780482117453586,2.241223653884635,4.855808823639969,4.137793433940535,74.47381152454068,0.5233257866856406,1.0,15.666666666666666,False,ellipse,360.0,1.0,True,True,7.171915692430833,161.59213688272476,160.4266666666667,15.538588235647902,13.240938988609713
r574_svd_normalised_tr050_tid2_010,r574,2,10,False,22,ellipse,4.145240863123821,107.50072910313601,99.22574693937997,5.620012118739217,12.234180109725408,10.326653991195675,10.307095988817139,0.536213757980608,1.0,97.0,True,ellipse,307.0,0.8527777777777777,True,True,17.984038779965495,1016.0716486592511,993.2800000000002,39.149376351121305,33.04529277182616
r574_svd_normalised_tr050_tid2_010,r574,2,10,False,23,circle,153.04650597822504,86.54524186788699,17.752166146069143,2.3771179999047187,4.754235999809457,4.754235999809419,,1.2644054553268208e-07,1.0,17.666666666666668,False,circle,360.0,1.0,True,True,7.6067775996951,181.78218133574805,180.90666666666672,15.213555199390264,15.213555199390141
r574_svd_normalised_tr050_tid3_010,r574,3,10,False,0,circle,370.5845236559229,155.74399297992574,383.5223710931002,11.048934893987848,22.097869787975696,22.097869787975696,,0.0,1.0,383.22222222222223,False,circle,360.0,1.0,True,True,35.35659166076112,3927.269079993347,3924.1955555555564,70.71318332152224,70.71318332152224
r574_svd_normalised_tr050_tid3_010,r574,3,10,False,1,circle,199.30408858603067,95.91103539655498,391.3333333333329,11.16088118354714,22.32176236709428,22.32176236709428,,0.0,1.0,391.44444444444446,False,circle,360.0,1.0,True,True,35.71481978735085,4007.25333333333,4008.391111111112,71.4296395747017,71.4296395747017
r574_svd_normalised_tr050_tid3_010,r574,3,10,False,2,circle,96.82031137295441,124.27234955611281,367.65697646397217,10.817987351301701,21.63597470260341,21.635974702603395,,3.650024149988857e-08,1.0,367.3333333333333,False,circle,360.0,1.0,True,True,34.61755952416544,3764.8074389910757,3761.493333333334,69.23511904833092,69.23511904833087
r574_svd_normalised_tr050_tid3_010,r574,3,10,False,3,circle,57.760045924225025,140.2996555683123,96.77777777777759,5.550254357195224,11.100508714390463,11.100508714390434,,7.146345858741878e-08,1.0,96.44444444444444,False,circle,360.0,1.0,True,True,17.76081394302472,991.0044444444427,987.5911111111113,35.52162788604948,35.521627886049394
r574_svd_normalised_tr050_tid3_010,r574,3,10,False,4,circle,83.45170454545455,173.24558080808083,117.33333333333367,6.111330458983397,12.222660917966794,12.222660917966794,,0.0,1.0,117.0,False,circle,360.0,1.0,True,True,19.55625746874687,1201.493333333337,1198.0800000000002,39.11251493749374,39.11251493749374
r574_svd_normalised_tr050_tid3_010,r574,3,10,False,5,circle,113.33659806735083,175.98189214830174,68.07885055529763,4.6551231102711,9.310246220542203,9.310246220542199,,2.5809568279517847e-08,1.0,67.55555555555556,False,circle,360.0,1.0,True,True,14.896393952867522,697.1274296862479,691.768888888889,29.79278790573505,29.79278790573504
r574_svd_normalised_tr050_tid3_010,r574,3,10,False,6,circle,3.8701944058010236,108.56757061186792,81.89215124685663,5.105593143086581,10.211186286173161,10.21118628617316,,2.1073424255447017e-08,1.0,78.77777777777777,True,circle,297.0,0.825,True,True,16.33789805787706,838.5756287678121,806.6844444444446,32.67579611575412,32.67579611575411
r574_svd_normalised_tr050_tid3_010,r574,3,10,False,7,ellipse,147.40031891267756,114.53495530183818,19.23541594427459,2.474433886754689,5.202034881826626,4.708021533119723,-22.46125799766051,0.4253379616494338,1.0,19.22222222222222,False,ellipse,360.0,1.0,True,True,7.918188437615005,196.97065926937182,196.83555555555557,16.646511621845203,15.065668905983115
r574_svd_normalised_tr050_tid3_010,r574,3,10,False,8,circle,226.13281110898643,134.1715429833331,103.340888030734,5.7353662748942895,11.470732549788579,11.470732549788579,,0.0,1.0,103.55555555555556,False,circle,360.0,1.0,True,True,18.35317207966173,1058.2106934347164,1060.4088888888891,36.70634415932346,36.70634415932346
r574_svd_normalised_tr050_tid3_010,r574,3,10,False,9,circle,73.07465277777779,143.69878472222223,42.66666666666673,3.6852709276942477,7.370541855388496,7.370541855388495,,1.4901161193847656e-08,1.0,42.666666666666664,False,circle,360.0,1.0,True,True,11.792866968621594,436.9066666666674,436.90666666666675,23.58573393724319,23.585733937243187
r574_svd_normalised_tr050_tid3_010,r574,3,10,False,10,ellipse,128.74365942028984,114.54166666666666,40.88888888888886,3.6076775865373385,7.650971291029963,6.804541318126823,73.4821862837216,0.4571889160600344,1.0,40.666666666666664,False,ellipse,360.0,1.0,True,True,11.544568276919485,418.70222222222196,416.42666666666673,24.483108131295882,21.774532218005834
r574_svd_normalised_tr050_tid3_010,r574,3,10,False,11,circle,219.32564456895687,104.99122909065252,18.324892686654128,2.4151593126373783,4.830318625274771,4.830318625274742,,1.0848209096909341e-07,1.0,18.666666666666668,False,circle,360.0,1.0,True,True,7.7285098004396104,187.6469011113383,191.1466666666667,15.457019600879267,15.457019600879176
r574_svd_normalised_tr050_tid3_010,r574,3,10,False,12,ellipse,45.25641053917414,100.59583548472936,46.69412355760826,3.8552822406503706,8.007089191884596,7.42502090279619,-86.81806331471225,0.3743044239597366,1.0,46.77777777777778,False,ellipse,360.0,1.0,True,True,12.336903170081186,478.1478252299087,479.0044444444446,25.62268541403071,23.760066888947808
r574_svd_normalised_tr050_tid3_010,r574,3,10,False,13,circle,67.84088887223672,9.198869395387769,28.285840677537827,3.0006103923501803,6.001220784700364,6.001220784700356,,5.1619136559035694e-08,1.0,28.444444444444443,False,circle,360.0,1.0,True,True,9.601953255520577,289.6470085379874,291.27111111111117,19.20390651104117,19.20390651104114
r574_svd_normalised_tr050_tid3_010,r574,3,10,False,14,ellipse,20.216122768625564,92.80488185304154,67.17026683023082,4.623955015964755,10.186324496258536,8.395946937492088,8.71020974666169,0.5662447724178722,1.0,67.11111111111111,False,ellipse,360.0,1.0,True,True,14.796656051087218,687.8235323415637,687.217777777778,32.59623838802732,26.867030199974682
r574_svd_normalised_tr050_tid3_010,r574,3,10,False,15,ellipse,142.11399894303074,101.96726013720382,15.009753811124046,2.1858071798000878,4.605921572862982,4.149226556887136,16.866723201084,0.4341385450698324,1.0,14.88888888888889,False,ellipse,360.0,1.0,True,True,6.994582975360281,153.69987902591026,152.46222222222227,14.738949033161544,13.277524982038836
r574_svd_normalised_tr050_tid3_010,r574,3,10,False,16,circle,247.53358319096256,84.64707352461583,11.622805190040868,1.923448412923591,3.846896825847182,3.8468968258471814,,1.4901161193847656e-08,1.0,11.666666666666666,False,circle,360.0,1.0,True,True,6.155034921355491,119.01752514601851,119.46666666666668,12.310069842710982,12.31006984271098
r574_svd_normalised_tr050_tid3_010,r574,3,10,False,17,ellipse,369.50203524783313,148.6497553821891,47.11348254489048,3.8725556505473353,8.111818052301787,7.39498207178386,67.68425302995377,0.4110103814836765,1.0,47.44444444444444,False,ellipse,360.0,1.0,True,True,12.392178081751474,482.4420612596786,485.83111111111117,25.95781776736572,23.663942629708355
r574_svd_normalised_tr050_tid3_010,r574,3,10,False,18,ellipse,220.57526040903082,155.79633821615343,85.21852009223856,5.208252819450256,11.179400970372846,9.705671172614487,82.22940740473672,0.4962589919520756,1.0,85.11111111111111,False,ellipse,360.0,1.0,True,True,16.66640902224082,872.6376457445231,871.5377777777779,35.77408310519311,31.05814775236636
r574_svd_normalised_tr050_tid3_010,r574,3,10,False,19,ellipse,380.1189674523008,146.2053872053872,33.000000000000085,3.2410224072142912,6.861606553270556,6.123479195441962,-16.181439147387835,0.45119289301543064,1.0,32.888888888888886,False,ellipse,360.0,1.0,True,True,10.371271703085732,337.9200000000009,336.78222222222223,21.95714097046578,19.59513342541428
r574_svd_normalised_tr050_tid3_010,r574,3,10,False,20,ellipse,20.027906976744188,109.5906976744186,23.88888888888892,2.7575477336357124,5.9313003904284205,5.128096034758549,-79.98780699183823,0.5024916170100391,1.0,23.555555555555557,False,ellipse,360.0,1.0,True,True,8.82415274763428,244.6222222222226,241.20888888888896,18.980161249370948,16.409907311227357
r574_svd_normalised_tr050_tid3_010,r574,3,10,False,21,ellipse,248.9234748119071,50.051112201504736,1811.5555555555543,24.01324723365214,55.02934956329878,41.91479981359498,-71.50588597857111,0.6479524182816934,1.0,1811.3333333333333,False,ellipse,360.0,1.0,True,True,76.84239114768685,18550.32888888888,18548.053333333337,176.0939186025561,134.12735940350396
r574_svd_normalised_tr050_tid3_010,r574,3,10,False,22,ellipse,118.00925386569105,127.39130320264496,50.49753096047111,4.009222285255584,9.285452536972327,6.924320928285591,0.6320624722823709,0.6662626930972791,1.0,50.888888888888886,False,ellipse,360.0,1.0,True,True,12.82951131281787,517.0947170352242,521.1022222222223,29.713448118311447,22.157826970513895
r574_svd_normalised_tr050_tid3_010,r574,3,10,False,23,ellipse,52.94845211243579,98.5385041382908,49.82021402373399,3.982243922155806,8.320264707343052,7.6239241001797176,28.90646253328751,0.4004745588917855,1.0,49.44444444444444,False,ellipse,360.0,1.0,True,True,12.743180550898579,510.15899160303616,506.3111111111112,26.624847063497768,24.396557120575096
r574_svd_normalised_tr050_tid3_010,r574,3,10,False,24,ellipse,43.34965771458663,140.09926276987886,140.66666666666686,6.691456542227556,14.58816171735463,12.277240004339466,77.35287691184851,0.5401180823219327,1.0,140.88888888888889,False,ellipse,360.0,1.0,True,True,21.41266093512818,1440.4266666666688,1442.7022222222224,46.68211749553482,39.287168013886294
r574_svd_normalised_tr050_tid4_010,r574,4,10,False,0,ellipse,370.07381934892254,13.377579092159557,646.2222222222211,14.34220771028615,29.910278217018217,27.50879420278396,83.05039866853338,0.39259745816916986,1.0,646.8888888888889,False,ellipse,360.0,1.0,True,True,45.89506467291568,6617.315555555546,6624.142222222224,95.7128902944583,88.02814144890868
r574_svd_normalised_tr050_tid4_010,r574,4,10,False,1,circle,115.34597202122528,30.748191027496386,383.88888888888914,11.054213157409448,22.108426314818896,22.108426314818896,,0.0,1.0,384.0,False,circle,360.0,1.0,True,True,35.37348210371024,3931.0222222222255,3932.1600000000008,70.74696420742048,70.74696420742048
r574_svd_normalised_tr050_tid4_010,r574,4,10,False,2,ellipse,307.04169714388456,6.005931778789757,199.03175945128578,7.959508571381677,17.61927535503822,14.38283366853278,-88.52532696854078,0.577610594734461,1.0,196.11111111111111,True,ellipse,309.0,0.8583333333333333,True,True,25.470427428421367,2038.0852167811668,2008.1777777777781,56.3816811361223,46.025067739304895
r574_svd_normalised_tr050_tid4_010,r574,4,10,False,3,circle,230.45827151589978,155.32050987923628,336.03559007278807,10.342313591734303,20.684627183468606,20.684627183468606,,0.0,1.0,336.0,False,circle,360.0,1.0,True,True,33.095403493549775,3441.0044423453505,3440.640000000001,66.19080698709955,66.19080698709955
r574_svd_normalised_tr050_tid4_010,r574,4,10,False,4,circle,172.74632541885086,172.55781683626273,360.3333333333336,10.709699450570934,21.419398901141868,21.419398901141864,,1.4901161193847656e-08,1.0,360.0,False,circle,360.0,1.0,True,True,34.27103824182699,3689.8133333333367,3686.4000000000005,68.54207648365399,68.54207648365397
r574_svd_normalised_tr050_tid4_010,r574,4,10,False,5,circle,300.5314501813691,199.71490314115923,479.8888888888882,12.359343736747828,24.718687473495685,24.718687473495628,,6.828569911354542e-08,1.0,479.44444444444446,False,circle,360.0,1.0,True,True,39.549899957593055,4914.0622222222155,4909.511111111112,79.0997999151862,79.09979991518601
r574_svd_normalised_tr050_tid4_010,r574,4,10,False,6,circle,91.990675990676,97.30380730380729,95.33333333333326,5.508678832792368,11.017357665584749,11.017357665584724,,6.664001874625056e-08,1.0,95.66666666666667,False,circle,360.0,1.0,True,True,17.62777226493558,976.2133333333328,979.6266666666669,35.255544529871194,35.255544529871116
r574_svd_normalised_tr050_tid4_010,r574,4,10,False,7,circle,247.78096896902258,110.61813869183527,265.94199559101037,9.200650322018802,18.401300644037605,18.4013006440376,,2.1073424255447017e-08,1.0,266.3333333333333,False,circle,360.0,1.0,True,True,29.44208103046017,2723.2460348519467,2727.2533333333336,58.88416206092034,58.884162060920325
r574_svd_normalised_tr050_tid4_010,r574,4,10,False,8,circle,262.6501092620608,164.49268784669692,440.6666666666664,11.843502712950126,23.68700542590026,23.687005425900246,,3.332000937312528e-08,1.0,439.77777777777777,False,circle,360.0,1.0,True,True,37.899208681440406,4512.4266666666645,4503.324444444445,75.79841736288084,75.79841736288078
r574_svd_normalised_tr050_tid4_010,r574,4,10,False,9,circle,19.22609536394487,37.863048140665775,19.919788982520533,2.5180678632299087,5.036135726459818,5.0361357264598166,,2.5809568279517847e-08,1.0,19.77777777777778,False,circle,360.0,1.0,True,True,8.057817162335708,203.9786391810103,202.5244444444445,16.11563432467142,16.115634324671415
r574_svd_normalised_tr050_tid4_010,r574,4,10,False,10,circle,44.77162772322672,42.243417313409715,159.19081834445714,7.118427584005379,14.236855168010758,14.236855168010758,,0.0,1.0,159.33333333333334,False,circle,360.0,1.0,True,True,22.778968268817213,1630.1139798472414,1631.5733333333337,45.557936537634426,45.557936537634426
r574_svd_normalised_tr050_tid4_010,r574,4,10,False,11,circle,304.86821705426354,149.52879291251384,200.6666666666663,7.9921326207431775,15.984265241486382,15.984265241486328,,8.161702118890973e-08,1.0,200.44444444444446,False,circle,360.0,1.0,True,True,25.574824386378168,2054.826666666663,2052.551111111112,51.14964877275642,51.14964877275625
r574_svd_normalised_tr050_tid4_010,r574,4,10,False,12,circle,232.28359827397108,111.78959807233363,164.39721827172318,7.233896587386634,14.467793174773282,14.467793174773254,,6.322027276634104e-08,1.0,164.33333333333334,False,circle,360.0,1.0,True,True,23.14846907963723,1683.4275151024456,1682.7733333333338,46.296938159274504,46.29693815927442
r574_svd_normalised_tr050_tid4_010,r574,4,10,False,13,circle,369.09655199163024,131.37703756065903,118.68159054144418,6.146342292563793,12.29268458512761,12.292684585127564,,8.688795409866125e-08,1.0,119.0,False,circle,360.0,1.0,True,True,19.66829533620414,1215.2994871443886,1218.5600000000002,39.336590672408356,39.33659067240821
r574_svd_normalised_tr050_tid4_010,r574,4,10,False,14,circle,36.69401871700799,43.009028958435294,173.99882843045998,7.442146684513323,14.884293369026645,14.884293369026645,,0.0,1.0,174.55555555555554,False,circle,360.0,1.0,True,True,23.814869390442635,1781.7480031279106,1787.448888888889,47.62973878088527,47.62973878088527
r574_svd_normalised_tr050_tid4_010,r574,4,10,False,15,circle,330.60705721137373,52.861596437136,108.11111111111107,5.866245432385259,11.732490864770531,11.732490864770504,,6.664001874625056e-08,1.0,108.44444444444444,False,circle,360.0,1.0,True,True,18.77198538363283,1107.0577777777776,1110.4711111111112,37.5439707672657,37.54397076726561
r574_svd_normalised_tr050_tid4_010,r574,4,10,False,16,circle,333.6020856891569,162.76253298153034,294.77777777777806,9.686623812967824,19.373247625935683,19.37324762593561,,8.815645848363066e-08,1.0,294.55555555555554,False,circle,360.0,1.0,True,True,30.997196201497037,3018.524444444448,3016.2488888888893,61.99439240299419,61.99439240299395
r574_svd_normalised_tr050_tid4_010,r574,4,10,False,17,circle,241.2963667089142,8.80460498521335,175.3333333333335,7.470631390823538,14.941262781647085,14.941262781647067,,4.9421560620597e-08,1.0,175.22222222222223,False,circle,360.0,1.0,True,True,23.906020450635324,1795.4133333333355,1794.275555555556,47.81204090127068,47.81204090127062
r574_svd_normalised_tr050_tid4_010,r574,4,10,False,18,ellipse,260.8263762855414,171.3805202661827,122.44444444444473,6.2430182744365466,13.665683417438348,11.408218962606307,82.39443904324571,0.5505415106695952,1.0,121.88888888888889,False,ellipse,360.0,1.0,True,True,19.97765847819695,1253.8311111111143,1248.1422222222225,43.73018693580272,36.50630068034018
r574_svd_normalised_tr050_tid4_010,r574,4,10,False,19,ellipse,385.25471698113205,130.86006289308176,23.555555555555483,2.738241444410048,5.821924558784041,5.151537868399201,-81.792755972815,0.4658734476923891,1.0,23.555555555555557,False,ellipse,360.0,1.0,True,True,8.762372622112153,241.2088888888882,241.20888888888896,18.630158588108934,16.484921178877443
r574_svd_normalised_tr050_tid4_010,r574,4,10,False,20,circle,216.0067270827812,67.52726074568479,61.05021033360275,4.408274662811469,8.816549325622951,8.816549325622926,,7.450580596923828e-08,1.0,61.333333333333336,False,circle,360.0,1.0,True,True,14.106478920996702,625.1541538160923,628.0533333333335,28.212957841993443,28.212957841993365
r574_svd_normalised_tr050_tid4_010,r574,4,10,False,21,circle,384.3735844991526,201.98434730003135,487.94771271118464,12.462687547103883,24.925375094207766,24.925375094207762,,1.4901161193847656e-08,1.0,488.3333333333333,False,circle,360.0,1.0,True,True,39.88060015073243,4996.584578162531,5000.533333333334,79.76120030146485,79.76120030146484
r574_svd_normalised_tr050_tid4_010,r574,4,10,False,22,ellipse,289.56658271859374,82.20137480055168,78.4409563004906,4.996852196348904,10.437703117667002,9.568592473144701,-82.28302809344268,0.39949921948306366,1.0,78.33333333333333,False,ellipse,360.0,1.0,True,True,15.989927028316494,803.2353925170239,802.1333333333334,33.40064997653441,30.619495914063044
r574_svd_normalised_tr050_tid4_010,r574,4,10,False,23,circle,374.32617366208746,153.5030352569944,929.1154144879281,17.19728530429317,34.39457060858634,34.39457060858634,,0.0,1.0,929.7777777777778,False,circle,360.0,1.0,True,True,55.03131297373815,9514.141844356385,9520.924444444447,110.0626259474763,110.0626259474763
r574_svd_normalised_tr050_tid4_010,r574,4,10,False,24,circle,10.545576386806957,82.01793937933648,76.90918887546694,4.947823274677214,9.895646549354431,9.895646549354423,,4.2146848510894035e-08,1.0,76.88888888888889,False,circle,360.0,1.0,True,True,15.833034478967086,787.5500940847816,787.3422222222223,31.666068957934183,31.666068957934154
r574_svd_normalised_tr050_tid4_010,r574,4,10,False,25,circle,143.12385311756387,179.87102606671027,200.84165903393418,7.995616650894118,15.991233301788258,15.991233301788217,,7.146345858741878e-08,1.0,201.0,False,circle,360.0,1.0,True,True,25.58597328286118,2056.6185885074865,2058.2400000000002,51.17194656572243,51.171946565722294
r574_svd_normalised_tr050_tid4_010,r574,4,10,False,26,circle,242.62961951276873,68.18538308453532,79.16134757098408,5.019744967174671,10.03948993434936,10.039489934349323,,8.560065398421926e-08,1.0,78.66666666666667,False,circle,360.0,1.0,True,True,16.06318389495895,810.6121991268772,805.5466666666669,32.12636778991796,32.126367789917836
r574_svd_normalised_tr050_tid4_010,r574,4,10,False,27,circle,120.42233009708738,119.95388349514563,45.77777777777774,3.817265937053809,7.634531874107618,7.634531874107618,,0.0,1.0,45.888888888888886,False,circle,360.0,1.0,True,True,12.21525099857219,468.76444444444417,469.9022222222223,24.43050199714438,24.43050199714438
r574_svd_normalised_tr050_tid4_010,r574,4,10,False,28,circle,165.45378884685215,84.55033740004136,210.88640915104435,8.193120827534356,16.386241655068716,16.386241655068705,,3.650024149988857e-08,1.0,210.33333333333334,False,circle,360.0,1.0,True,True,26.217986648109942,2159.4768297066944,2153.813333333334,52.43597329621989,52.435973296219856
r574_svd_normalised_tr050_tid4_010,r574,4,10,False,29,circle,83.175625,34.790625,177.77777777777774,7.52252778063675,15.045055561273506,15.045055561273493,,3.942476676500724e-08,1.0,177.33333333333334,False,circle,360.0,1.0,True,True,24.072088898037602,1820.4444444444443,1815.8933333333339,48.14417779607522,48.14417779607518
r574_svd_normalised_tr050_tid4_010,r574,4,10,False,30,circle,185.3072196620584,104.1605222734255,48.22222222222223,3.9178578416125593,7.83571568322513,7.835715683225106,,7.884953353001448e-08,1.0,48.333333333333336,False,circle,360.0,1.0,True,True,12.537145093160191,493.7955555555557,494.93333333333345,25.074290186320418,25.07429018632034
r574_svd_normalised_tr050_tid4_010,r574,4,10,False,31,circle,333.328981206726,141.913353115727,187.22222222222268,7.719759338647291,15.439518677294611,15.439518677294554,,8.560065398421926e-08,1.0,187.22222222222223,False,circle,360.0,1.0,True,True,24.703229883671334,1917.1555555555606,1917.155555555556,49.40645976734276,49.406459767342575
r574_svd_normalised_tr050_tid4_010,r574,4,10,False,32,circle,55.62220370789164,224.31329946098214,176.06359893027283,7.486172863125972,14.972345726251946,14.972345726251943,,2.1073424255447017e-08,1.0,176.22222222222223,False,circle,360.0,1.0,True,True,23.955753162003113,1802.891253045994,1804.515555555556,47.91150632400623,47.91150632400622
r574_svd_normalised_tr050_tid4_010,r574,4,10,False,33,circle,361.1043532415999,230.6598578995672,250.79748302957077,8.93483733922022,17.869674678440443,17.869674678440433,,3.332000937312528e-08,1.0,251.11111111111111,False,circle,360.0,1.0,True,True,28.591479485504706,2568.166226222805,2571.377777777778,57.18295897100942,57.182958971009384
r574_svd_normalised_tr050_tid4_010,r574,4,10,False,34,circle,10.001306306049104,57.07822844289207,115.77846548979132,6.070702609466997,12.141405218933995,12.141405218933993,,1.4901161193847656e-08,1.0,115.66666666666667,False,circle,360.0,1.0,True,True,19.42624835029439,1185.5714866154633,1184.426666666667,38.85249670058879,38.85249670058878
r574_svd_normalised_tr050_tid4_010,r574,4,10,False,35,circle,316.9344173441735,133.10081300813007,68.33333333333327,4.663815557662239,9.327631115324513,9.327631115324444,,1.219712610821791e-07,1.0,68.44444444444444,False,circle,360.0,1.0,True,True,14.924209784519164,699.7333333333329,700.8711111111112,29.84841956903844,29.84841956903822
r574_svd_normalised_tr050_tid4_010,r574,4,10,False,36,ellipse,318.7546296296296,119.55601851851853,80.00000000000001,5.046265044040321,10.606376373803245,9.603578073129256,-11.013003320057521,0.4244459829860652,1.0,80.33333333333333,False,ellipse,360.0,1.0,True,True,16.148048140929028,819.2000000000003,822.6133333333335,33.940404396170386,30.73144983401362
r574_svd_normalised_tr050_tid4_010,r574,4,10,False,37,circle,265.76098688566606,220.24570161865677,906.8407410071137,16.989890319151527,33.97978063830307,33.97978063830304,,4.2146848510894035e-08,1.0,907.3333333333334,False,circle,360.0,1.0,True,True,54.36764902128489,9286.049187912846,9291.093333333336,108.73529804256982,108.73529804256974
r574_svd_normalised_tr050_tid4_010,r574,4,10,False,38,ellipse,223.39473684210532,200.4052631578948,21.111111111111292,2.592272241681262,5.589561453976873,4.8088748502515335,-87.53975787908581,0.5097352248061838,1.0,21.11111111111111,False,ellipse,360.0,1.0,True,True,8.295271173380039,216.17777777777968,216.1777777777778,17.886596652725995,15.388399520804908
r574_svd_normalised_tr050_tid4_010,r574,4,10,False,39,circle,242.93852167732766,58.9225302061123,104.2222222222223,5.759771149392771,11.519542298785556,11.519542298785527,,6.989264130329236e-08,1.0,104.44444444444444,False,circle,360.0,1.0,True,True,18.431267678056866,1067.2355555555566,1069.5111111111114,36.86253535611378,36.86253535611369
r574_svd_normalised_tr050_tid4_010,r574,4,10,False,40,circle,202.63800196772456,162.49476849100805,77.01463724599411,4.95121403458367,9.902428069167343,9.90242806916734,,2.1073424255447017e-08,1.0,77.33333333333333,False,circle,360.0,1.0,True,True,15.843884910667747,788.6298853989798,791.8933333333334,31.687769821335497,31.687769821335493
r574_svd_normalised_tr050_tid4_010,r574,4,10,False,41,circle,234.0163417961826,98.80323381893132,37.83942258674431,3.47054207536041,6.94108415072082,6.941084150720819,,1.4901161193847656e-08,1.0,38.111111111111114,False,circle,360.0,1.0,True,True,11.105734641153312,387.47568728826184,390.2577777777779,22.211469282306624,22.211469282306624
r574_svd_normalised_tr050_tid4_010,r574,4,10,False,42,circle,384.1707317073171,88.30456535334585,59.222222222222435,4.341775997803984,8.683551995607978,8.683551995607958,,6.664001874625056e-08,1.0,59.0,False,circle,360.0,1.0,True,True,13.893683192972748,606.4355555555578,604.1600000000001,27.787366385945532,27.787366385945468
r574_svd_normalised_tr050_tid4_010,r574,4,10,False,43,circle,75.93133750978912,68.00739069914007,89.1009092558883,5.325570418660715,10.65114083732143,10.65114083732143,,0.0,1.0,88.77777777777777,False,circle,360.0,1.0,True,True,17.04182533971429,912.3933107802964,909.0844444444446,34.08365067942858,34.08365067942858
r574_svd_normalised_tr050_tid4_010,r574,4,10,False,44,circle,31.461270261379617,181.00170373655234,753.853365719918,15.490609382512188,30.98121876502438,30.981218765024373,,2.1073424255447017e-08,1.0,754.2222222222222,False,circle,360.0,1.0,True,True,49.569950024039,7719.458464971962,7723.235555555557,99.13990004807802,99.139900048078
r574_svd_normalised_tr050_tid4_010,r574,4,10,False,45,circle,80.15700150375467,213.95235104628622,1969.8345437265355,25.04032366832531,50.08064733665063,50.080647336650614,,2.5809568279517847e-08,1.0,1969.2222222222222,False,circle,360.0,1.0,True,True,80.129035738641,20171.10572775973,20164.835555555557,160.25807147728202,160.258071477282
r574_svd_normalised_tr050_tid4_010,r574,4,10,False,46,circle,363.5177730818965,120.98990534561884,117.11100228874231,6.1055376347541435,12.211075269508306,12.211075269508267,,8.024520884654677e-08,1.0,117.55555555555556,False,circle,360.0,1.0,True,True,19.53772043121326,1199.2166634367215,1203.7688888888893,39.07544086242658,39.07544086242646
r574_svd_normalised_tr050_tid4_010,r574,4,10,False,47,ellipse,292.1256122154998,161.42898300201668,128.55555555555534,6.396913650908757,13.595250006764434,12.039647446519174,87.89537985452932,0.46449165776919343,1.0,128.33333333333334,False,ellipse,360.0,1.0,True,True,20.470123682908024,1316.408888888887,1314.1333333333337,43.50480002164619,38.52687182886136
r574_svd_normalised_tr050_tid4_010,r574,4,10,False,48,circle,322.108339664999,62.81043705033733,51.93098760007987,4.065728317582628,8.131456635165266,8.131456635165247,,6.989264130329236e-08,1.0,51.77777777777778,False,circle,360.0,1.0,True,True,13.01033061626441,531.773313024818,530.2044444444446,26.02066123252885,26.02066123252879
r574_svd_normalised_tr050_tid4_010,r574,4,10,False,49,circle,181.34329887276715,24.766997054846,138.1646660445222,6.631679962366498,13.263359924733008,13.263359924732981,,6.322027276634104e-08,1.0,137.66666666666666,False,circle,360.0,1.0,True,True,21.221375879572793,1414.8061802959076,1409.706666666667,42.44275175914563,42.442751759145544
r574_svd_normalised_tr050_tid4_010,r574,4,10,False,50,circle,208.30639509417435,199.31865965834427,169.11111111111092,7.336875256551123,14.673750513102245,14.673750513102245,,0.0,1.0,168.77777777777777,False,circle,360.0,1.0,True,True,23.478000820963594,1731.697777777776,1728.2844444444447,46.95600164192719,46.95600164192719
r574_svd_normalised_tr050_tid4_010,r574,4,10,False,51,circle,341.71012237099967,61.380994869207406,16.8375217923452,2.3150701167218446,4.630140233443698,4.630140233443681,,8.560065398421926e-08,1.0,16.666666666666668,False,circle,360.0,1.0,True,True,7.408224373509903,172.41622315361488,170.6666666666667,14.816448747019834,14.81644874701978
r574_svd_normalised_tr050_tid4_010,r574,4,10,False,52,circle,125.20578508317293,219.72501110617503,750.3333333333335,15.454401247969384,30.90880249593878,30.908802495938758,,3.650024149988857e-08,1.0,749.8888888888889,False,circle,360.0,1.0,True,True,49.45408399350203,7683.413333333337,7678.862222222224,98.9081679870041,98.90816798700403
r574_svd_normalised_tr050_tid4_010,r574,4,10,False,53,ellipse,342.6317321688501,91.21834061135371,50.88888888888882,4.024728118797811,8.415469591268922,7.699361873779547,86.92918585507016,0.40366742655151494,1.0,51.0,False,ellipse,360.0,1.0,True,True,12.879129980152996,521.1022222222216,522.2400000000001,26.929502692060552,24.637957996094553
r574_svd_normalised_tr050_tid4_010,r574,4,10,False,54,circle,252.64623772601578,11.804597592888511,51.974724490069185,4.067440059406875,8.134880118813756,8.134880118813744,,5.5755039852469285e-08,1.0,51.888888888888886,False,circle,360.0,1.0,True,True,13.015808190102002,532.2211787783085,531.3422222222223,26.03161638020402,26.03161638020398
r574_svd_normalised_tr050_tid4_010,r574,4,10,False,55,circle,344.38871139510115,126.56975505857295,34.777777777777594,3.3271775555520855,6.654355111104186,6.654355111104156,,9.541398640621973e-08,1.0,34.888888888888886,False,circle,360.0,1.0,True,True,10.646968177766674,356.12444444444264,357.26222222222225,21.293936355533397,21.2939363555333
r574_svd_normalised_tr050_tid4_010,r574,4,10,False,56,circle,149.85841263987476,82.90796964349974,258.0990544386123,9.063966054796248,18.127932109592514,18.127932109592482,,5.960464477539063e-08,1.0,258.0,False,circle,360.0,1.0,True,True,29.004691375347996,2642.9343174513906,2641.9200000000005,58.00938275069605,58.00938275069595
r574_svd_normalised_tr050_tid4_010,r574,4,10,False,57,ellipse,249.2768360707009,64.52734828800156,24.13971878502245,2.771986857647274,5.8295689038433744,5.27237006077982,-14.301157615861854,0.42664639541777505,1.0,24.22222222222222,False,ellipse,360.0,1.0,True,True,8.870357944471278,247.19072035862993,248.0355555555556,18.6546204922988,16.871584194495423
r574_svd_normalised_tr050_tid4_010,r574,4,10,False,58,ellipse,72.62511011867933,21.798136080904115,15.13894945449797,2.195194132144902,4.579848589318919,4.208765581501494,72.97320210835807,0.39431619386015493,1.0,15.0,False,ellipse,360.0,1.0,True,True,7.024621222863686,155.02284241405926,153.60000000000002,14.655515485820542,13.468049860804781
r574_svd_normalised_tr050_tid4_010,r574,4,10,False,59,ellipse,148.6030683162722,108.62816188575209,30.789307533136054,3.1305815716173675,6.577309303568761,5.960212922468234,77.97564335675247,0.4228965014619674,1.0,30.77777777777778,False,ellipse,360.0,1.0,True,True,10.017861029175577,315.2825091393133,315.16444444444454,21.047389771420036,19.07268135189835
r574_svd_normalised_tr050_tid4_010,r574,4,10,False,60,circle,304.96929695902946,131.6937247506613,233.94184682737355,8.629368611737886,17.258737223475787,17.258737223475762,,5.3726900748371916e-08,1.0,232.88888888888889,False,circle,360.0,1.0,True,True,27.613979557561237,2395.5645115123057,2384.7822222222226,55.22795911512252,55.227959115122445
r574_svd_normalised_tr050_tid4_010,r574,4,10,False,61,circle,213.50923226433432,114.0379008746356,38.11111111111101,3.482979104174406,6.965958208348812,6.965958208348811,,1.4901161193847656e-08,1.0,38.22222222222222,False,circle,360.0,1.0,True,True,11.1455331333581,390.25777777777677,391.39555555555563,22.2910662667162,22.291066266716197
r574_svd_normalised_tr050_tid4_010,r574,4,10,False,62,ellipse,158.44464431897077,220.668216647093,204.98815132523154,8.077732052832658,17.293628849168638,15.092206658638192,88.93907014475394,0.4882509407615872,1.0,204.66666666666666,False,ellipse,360.0,1.0,True,True,25.84874256906451,2099.0786695703714,2095.786666666667,55.33961231733964,48.295061307642214
r574_svd_normalised_tr050_tid4_010,r574,4,10,False,63,circle,357.2435104845387,61.0990330657303,25.839110847416222,2.867898957936177,5.735797915872354,5.735797915872354,,0.0,1.0,26.0,False,circle,360.0,1.0,True,True,9.177276665395766,264.5924950775422,266.24000000000007,18.354553330791532,18.354553330791532
r574_svd_normalised_tr050_tid4_010,r574,4,10,False,64,circle,204.16797829858206,106.18536919376166,21.378654311165388,2.6086465878975753,5.217293175795161,5.217293175795139,,9.18569267238524e-08,1.0,21.333333333333332,False,circle,360.0,1.0,True,True,8.347669081272242,218.91742014633363,218.45333333333338,16.695338162544516,16.695338162544445
r574_svd_normalised_tr050_tid4_010,r574,4,10,False,65,circle,262.7205750224618,65.65947888589398,41.22222222222226,3.622352945779648,7.244705891559296,7.244705891559296,,0.0,1.0,40.888888888888886,False,circle,360.0,1.0,True,True,11.591529426494874,422.115555555556,418.70222222222225,23.18305885298975,23.18305885298975
r574_svd_normalised_tr050_tid4_010,r574,4,10,False,66,ellipse,332.3822924256025,62.789875070588266,20.830241913164667,2.5749702779955097,5.3812513056854865,4.928572598387991,-89.29182639197404,0.4014554730579588,1.0,20.77777777777778,False,ellipse,360.0,1.0,True,True,8.239904889585631,213.30167719080623,212.7644444444445,17.22000417819356,15.77143231484157
r574_svd_normalised_tr050_tid4_010,r574,4,10,False,67,circle,377.3468914903798,216.79512907011699,301.80965469361007,9.801479318689204,19.60295863737841,19.602958637378407,,2.1073424255447017e-08,1.0,301.8888888888889,False,circle,360.0,1.0,True,True,31.36473381980545,3090.5308640625676,3091.342222222223,62.72946763961092,62.7294676396109
r574_svd_normalised_tr050_tid4_010,r574,4,10,False,68,circle,84.15091015854375,155.46153846153845,189.22222222222177,7.760882940683962,15.521765881367926,15.521765881367925,,1.4901161193847656e-08,1.0,188.55555555555554,False,circle,360.0,1.0,True,True,24.83482541018868,1937.6355555555513,1930.8088888888892,49.66965082037737,49.66965082037736
r574_svd_normalised_tr050_tid4_010,r574,4,10,False,69,ellipse,108.43356299212599,167.87057086614172,225.7777777777781,8.477458271632702,17.698491201580076,16.24258202097083,-85.88721945550995,0.3971857725066866,1.0,225.0,False,ellipse,360.0,1.0,True,True,27.12786646922465,2311.9644444444484,2304.0000000000005,56.63517184505625,51.97626246710666
r574_svd_normalised_tr050_tid4_010,r574,4,10,False,70,circle,70.6039290274541,37.50923923473945,55.78831657003019,4.214020965514006,8.428041931028021,8.428041931028002,,6.828569911354542e-08,1.0,56.111111111111114,False,circle,360.0,1.0,True,True,13.48486708964482,571.2723616771093,574.5777777777779,26.96973417928967,26.969734179289606
r574_svd_normalised_tr050_tid4_010,r574,4,10,False,71,circle,126.64622871046225,157.61605839416058,76.11111111111116,4.92208483420386,9.84416966840773,9.844169668407709,,6.664001874625056e-08,1.0,75.77777777777777,False,circle,360.0,1.0,True,True,15.750671469452351,779.3777777777784,775.9644444444446,31.501342938904738,31.50134293890467
r574_svd_normalised_tr050_tid4_010,r574,4,10,False,72,circle,378.30582524271847,84.30339805825243,45.777777777778134,3.8172659370538256,7.634531874107692,7.63453187410761,,1.4600096599955427e-07,1.0,46.111111111111114,False,circle,360.0,1.0,True,True,12.215250998572243,468.7644444444482,472.1777777777779,24.430501997144617,24.430501997144354
r574_svd_normalised_tr050_tid4_010,r574,4,10,False,73,circle,145.76584867075667,154.29345603271986,36.2222222222225,3.3955693827220816,6.791138765444163,6.791138765444162,,1.4901161193847656e-08,1.0,36.22222222222222,False,circle,360.0,1.0,True,True,10.865822024710662,370.91555555555846,370.9155555555556,21.731644049421323,21.73164404942132
r574_svd_normalised_tr050_tid4_010,r574,4,10,False,74,ellipse,66.13126843657818,46.95132743362832,50.22222222222231,3.998278359425795,8.303539301746744,7.700923309215741,-75.714336955862,0.3740051901522958,1.0,50.0,False,ellipse,360.0,1.0,True,True,12.794490750162545,514.2755555555565,512.0000000000001,26.57132576558958,24.642954589490373
r574_svd_normalised_tr050_tid4_010,r574,4,10,False,75,circle,152.100674961625,177.92312894339335,176.88610276122532,7.503638799770411,15.007277599540823,15.00727759954082,,1.4901161193847656e-08,1.0,177.11111111111111,False,circle,360.0,1.0,True,True,24.011644159265316,1811.3136922749477,1813.6177777777782,48.02328831853063,48.02328831853063
r574_svd_normalised_tr050_tid4_010,r574,4,10,False,76,circle,40.4358577975335,155.0019961643524,202.73661188831,8.033247653063816,16.066495306127642,16.06649530612762,,5.1619136559035694e-08,1.0,203.11111111111111,False,circle,360.0,1.0,True,True,25.706392489804212,2076.022905736295,2079.857777777778,51.41278497960846,51.41278497960839
r574_svd_normalised_tr050_tid4_010,r574,4,10,False,77,circle,225.24856229357925,69.95949267049288,21.34150483331332,2.6063790926269306,5.212758185253875,5.212758185253847,,1.043081283569336e-07,1.0,21.11111111111111,False,circle,360.0,1.0,True,True,8.340413096406179,218.53700949312844,216.1777777777778,16.6808261928124,16.68082619281231
r574_svd_normalised_tr050_tid4_010,r574,4,10,False,78,circle,16.463439233484618,71.92738275340393,73.44444444444437,4.8350897356660125,9.670179471332029,9.67017947133202,,4.2146848510894035e-08,1.0,73.44444444444444,False,circle,360.0,1.0,True,True,15.47228715413124,752.0711111111106,752.0711111111112,30.944574308262492,30.944574308262464
r574_svd_normalised_tr050_tid4_010,r574,4,10,False,79,circle,273.55295325900306,100.34203204769435,47.25198437944308,3.878243644973686,7.756487289947386,7.7564872899473585,,8.429369702178807e-08,1.0,47.111111111111114,False,circle,360.0,1.0,True,True,12.410379663915796,483.86032004549725,482.4177777777779,24.820759327831638,24.82075932783155
r574_svd_normalised_tr050_tid4_010,r574,4,10,False,80,circle,280.8273179844322,141.27707868089328,88.18342018853845,5.298080260199072,10.596160520398143,10.596160520398143,,0.0,1.0,88.33333333333333,False,circle,360.0,1.0,True,True,16.95385683263703,902.9982227306339,904.5333333333334,33.90771366527406,33.90771366527406
r574_svd_normalised_tr050_tid4_010,r574,4,10,False,81,circle,293.9520109892595,117.84073883401695,47.235817454064446,3.877580131680268,7.755160263360569,7.755160263360503,,1.2990531157078367e-07,1.0,47.22222222222222,False,circle,360.0,1.0,True,True,12.408256421376858,483.69477072962,483.55555555555566,24.816512842753824,24.81651284275361
r574_svd_normalised_tr050_tid4_010,r574,4,10,False,82,circle,324.4976344725482,85.91839860834969,42.002661834258845,3.656482258657791,7.312964517315612,7.312964517315553,,1.2644054553268208e-07,1.0,42.22222222222222,False,circle,360.0,1.0,True,True,11.700743227704933,430.10725718281066,432.3555555555556,23.40148645540996,23.40148645540977
r574_svd_normalised_tr050_tid4_010,r574,4,10,False,83,circle,223.35289514866986,76.09546165884194,47.33333333333339,3.881580598935539,7.763161197871079,7.763161197871077,,2.1073424255447017e-08,1.0,47.22222222222222,False,circle,360.0,1.0,True,True,12.421057916593725,484.693333333334,483.55555555555566,24.842115833187453,24.84211583318745
r574_svd_normalised_tr050_tid4_010,r574,4,10,False,84,ellipse,104.08005056678026,97.78217913714654,113.50560084273513,6.010819818084202,12.510817392630935,11.551588917525052,-63.12032853304555,0.3840120690900406,1.0,113.55555555555556,False,ellipse,360.0,1.0,True,True,19.234623417869447,1162.297352629608,1162.8088888888892,40.03461565641899,36.96508453608017
r574_svd_normalised_tr050_tid4_010,r574,4,10,False,85,circle,361.48291424887174,90.96840747904578,57.44444444444475,4.276112086113073,8.552224172226165,8.552224172226126,,9.541398640621973e-08,1.0,57.333333333333336,False,circle,360.0,1.0,True,True,13.683558675561834,588.2311111111144,587.0933333333335,27.367117351123728,27.367117351123603
r574_svd_normalised_tr050_tid4_010,r574,4,10,False,86,ellipse,284.754424789164,2.657595698790243,69.18994952023269,4.692956952375281,12.660400432414349,6.9583407173946785,-87.76056274032152,0.8354183437144418,1.0,68.44444444444444,True,ellipse,310.0,0.8611111111111112,True,True,15.017462247600902,708.5050830871828,700.8711111111112,40.51328138372592,22.266690295662972
r574_svd_normalised_tr050_tid4_010,r574,4,10,False,87,ellipse,231.9835901488031,152.41974327262878,24.989884304772147,2.8203771430073177,5.903858768534664,5.38937501092861,73.66485848807685,0.4082808720504422,1.0,24.88888888888889,False,ellipse,360.0,1.0,True,True,9.025206857623417,255.89641528086685,254.86222222222227,18.892348059310926,17.246000034971555
r574_svd_normalised_tr050_tid4_010,r574,4,10,False,88,ellipse,131.9893660674148,135.49602256840726,19.128570321100717,2.4675520342574755,5.179299056425878,4.702422451712965,-2.956500216778977,0.4191295926192879,1.0,18.88888888888889,False,ellipse,360.0,1.0,True,True,7.896166509623922,195.8765600880714,193.42222222222227,16.57375698056281,15.04775184548149
r574_svd_normalised_tr050_tid4_010,r574,4,10,False,89,circle,200.19726247987114,151.15660225442835,91.99999999999972,5.4115163798060015,10.823032759612003,10.823032759612003,,0.0,1.0,91.33333333333333,False,circle,360.0,1.0,True,True,17.316852415379206,942.0799999999973,935.2533333333334,34.63370483075841,34.63370483075841
r574_svd_normalised_tr050_tid4_010,r574,4,10,False,90,circle,323.2272000195887,95.22909921612067,27.284993551935308,2.9470465201693017,5.894093040338618,5.894093040338589,,9.771344846937061e-08,1.0,27.555555555555557,False,circle,360.0,1.0,True,True,9.430548864541766,279.39833397181764,282.16888888888894,18.86109772908358,18.861097729083486
r574_svd_normalised_tr050_tid4_010,r574,4,10,False,91,circle,294.7097482306494,104.5181928345502,25.665222903883816,2.8582327024608887,5.716465404921792,5.716465404921763,,9.996002811937585e-08,1.0,25.666666666666668,False,circle,360.0,1.0,True,True,9.146344647874844,262.81188253577034,262.8266666666667,18.292689295749735,18.292689295749643
r574_svd_normalised_tr050_tid4_010,r574,4,10,False,92,circle,179.11272727272728,154.22060606060606,122.22222222222265,6.23735053084927,12.47470106169854,12.47470106169854,,0.0,1.0,122.44444444444444,False,circle,360.0,1.0,True,True,19.959521698717666,1251.5555555555602,1253.8311111111113,39.91904339743533,39.91904339743533
r574_svd_normalised_tr050_tid4_010,r574,4,10,False,93,ellipse,310.21949429055906,109.23524440059255,75.10700105068297,4.889509275586738,10.414400890962892,9.18240087215937,85.42192140618528,0.4718062238351004,1.0,75.44444444444444,False,ellipse,360.0,1.0,True,True,15.646429681877562,769.0956907589938,772.5511111111113,33.32608285108125,29.383682790909987
r574_svd_normalised_tr050_tid4_010,r574,4,10,False,94,circle,280.25284090909093,89.75189393939394,39.1111111111111,3.5283782856008177,7.056756571201649,7.056756571201622,,8.688795409866125e-08,1.0,38.77777777777778,False,circle,360.0,1.0,True,True,11.290810513922617,400.49777777777774,397.08444444444456,22.581621027845276,22.58162102784519
r574_svd_normalised_tr050_tid4_010,r574,4,10,False,95,circle,237.18098267939203,128.35524920466597,104.77777777777732,5.775101948800108,11.550203897600223,11.550203897600209,,4.9421560620597e-08,1.0,104.66666666666667,False,circle,360.0,1.0,True,True,18.480326236160348,1072.92444444444,1071.7866666666669,36.96065247232072,36.96065247232067
r574_svd_normalised_tr050_tid4_010,r574,4,10,False,96,circle,316.30208705009,102.13951057329118,27.48894252629396,2.9580402578155347,5.916080515631101,5.916080515631037,,1.4675941767984784e-07,1.0,27.333333333333332,False,circle,360.0,1.0,True,True,9.46572882500971,281.48677146925024,279.8933333333334,18.931457650019524,18.931457650019322
r574_svd_normalised_tr050_tid4_010,r574,4,10,False,97,circle,189.50551365402686,158.74330884634418,72.54395871499257,4.805357347990979,9.610714695981958,9.610714695981958,,0.0,1.0,72.22222222222223,False,circle,360.0,1.0,True,True,15.377143513571134,742.8501372415241,739.5555555555558,30.75428702714227,30.75428702714227
r574_svd_normalised_tr050_tid4_010,r574,4,10,False,98,ellipse,225.20320111343077,177.06054279749475,53.222222222222086,4.115963981621308,8.606637458926965,7.873532295905989,-67.38051131178159,0.4038596551525905,1.0,53.22222222222222,False,ellipse,360.0,1.0,True,True,13.171084741188185,544.9955555555542,544.9955555555556,27.54123986856629,25.195303346899166
r574_svd_normalised_tr050_tid4_010,r574,4,10,False,99,circle,195.78938869665512,35.72387543252595,160.5555555555554,7.148875479057117,14.297750958114248,14.29775095811422,,6.322027276634104e-08,1.0,160.33333333333334,False,circle,360.0,1.0,True,True,22.876401532982776,1644.0888888888876,1641.8133333333337,45.752803065965594,45.75280306596551
r574_svd_normalised_tr050_tid4_010,r574,4,10,False,100,circle,34.5789152955515,117.81352833638026,60.77777777777771,4.3984278471913285,8.796855694382662,8.796855694382652,,4.9421560620597e-08,1.0,60.666666666666664,False,circle,360.0,1.0,True,True,14.074969111012251,622.3644444444438,621.2266666666668,28.14993822202452,28.14993822202449
r574_svd_normalised_tr050_tid4_010,r574,4,10,False,101,ellipse,210.6495732502909,95.62630042589952,14.075505453320023,2.1166890510477967,4.4694152023457825,4.009806505758595,86.62179490022834,0.44169391117122553,1.0,13.88888888888889,False,ellipse,360.0,1.0,True,True,6.77340496335295,144.13317584199706,142.22222222222226,14.302128647506505,12.831380818427505
r574_svd_normalised_tr050_tid4_010,r574,4,10,False,102,ellipse,165.29653679653677,161.39718614718615,34.22222222222222,3.3004956689127694,6.916142655247719,6.300200677466667,-80.14485587230735,0.4125357736994331,1.0,34.44444444444444,False,ellipse,360.0,1.0,True,True,10.561586140520863,350.4355555555556,352.71111111111117,22.1316564967927,20.160642167893336
r574_svd_normalised_tr050_tid4_010,r574,4,10,False,103,ellipse,341.94300355983256,225.77154481085944,946.7777777777796,17.359974846922658,36.66196711142002,32.880802687961875,-79.53714789599877,0.4423061826436119,1.0,946.3333333333334,False,ellipse,360.0,1.0,True,True,55.55191951015251,9695.004444444465,9690.453333333335,117.31829475654406,105.21856860147801
r574_svd_normalised_tr050_tid4_010,r574,4,10,False,104,circle,161.78467153284672,23.44647201946472,30.444444444444628,3.112999782531298,6.225999565062597,6.225999565062595,,2.9802322387695312e-08,1.0,30.0,False,circle,360.0,1.0,True,True,9.961599304100154,311.75111111111306,307.20000000000005,19.923198608200313,19.923198608200305
r574_svd_normalised_tr050_tid4_010,r574,4,10,False,105,circle,146.04029304029305,23.395604395604394,30.33333333333348,3.107313933433242,6.214627866866485,6.214627866866482,,3.332000937312528e-08,1.0,30.666666666666668,False,circle,360.0,1.0,True,True,9.943404586986375,310.61333333333494,314.02666666666676,19.886809173972754,19.886809173972743
r574_svd_normalised_tr050_tid4_010,r574,4,10,False,106,ellipse,248.71834877295623,226.3632374451487,227.88888888888872,8.516999840599546,17.738346517551715,16.357620754109547,79.4369809095208,0.386805007267419,1.0,228.0,False,ellipse,360.0,1.0,True,True,27.254399489918548,2333.582222222221,2334.7200000000003,56.76270885616549,52.34438641315055
r574_svd_normalised_tr050_tid4_010,r574,4,10,False,107,ellipse,233.1698206091325,229.763183157633,563.3749865637997,13.391334057961428,28.000297307053042,25.617989107100872,65.21472445944812,0.40363869670210417,1.0,563.0,False,ellipse,360.0,1.0,True,True,42.85226898547657,5768.95986241331,5765.120000000001,89.60095138256975,81.9775651427228
r574_svd_normalised_tr050_tid4_010,r574,4,10,False,108,circle,232.89404996201733,59.429022252127446,14.321565851500223,2.1351103007022143,4.270220601404434,4.270220601404422,,7.300048299977713e-08,1.0,14.333333333333334,False,circle,360.0,1.0,True,True,6.832352962247086,146.6528343193623,146.77333333333337,13.66470592449419,13.664705924494152
r574_svd_normalised_tr050_tid4_010,r574,4,10,False,109,circle,257.9765706513824,50.427368379862166,13.715154825403355,2.089418429005356,4.178836858010726,4.178836858010698,,1.1638178938488147e-07,1.0,13.777777777777779,False,circle,360.0,1.0,True,True,6.686138972817139,140.4431854121304,141.08444444444447,13.372277945634323,13.372277945634233
r574_svd_normalised_tr050_tid4_010,r574,4,10,False,110,ellipse,367.150462962963,36.814043209876544,48.00000000000029,3.9088200952233714,8.128983297933994,7.51822164068425,-46.5268041484577,0.38029274174749417,1.0,48.55555555555556,False,ellipse,360.0,1.0,True,True,12.508224304714789,491.52000000000305,497.208888888889,26.01274655338878,24.058309250189602
r574_svd_normalised_tr050_tid4_010,r574,4,10,False,111,circle,51.7616843192955,62.990726339656085,82.21119902581955,5.11552904448226,10.23105808896452,10.23105808896452,,0.0,1.0,82.22222222222223,False,circle,360.0,1.0,True,True,16.36969294234323,841.8426780243924,841.9555555555557,32.73938588468646,32.73938588468646
r574_svd_normalised_tr050_tid4_010,r574,4,10,False,112,circle,380.97774909410913,121.62751519346938,50.125494138579306,3.9944261583057767,7.988852316611575,7.988852316611532,,1.0323827311807139e-07,1.0,49.55555555555556,False,circle,360.0,1.0,True,True,12.782163706578487,513.2850599790522,507.44888888888903,25.56432741315704,25.564327413156903
r574_svd_normalised_tr050_tid4_010,r574,4,10,False,113,ellipse,276.5134963057772,111.80811144415995,66.71703577899598,4.608328554403657,9.574080727130763,8.872576979699849,84.73480908398051,0.37573076538952116,1.0,66.44444444444444,False,ellipse,360.0,1.0,True,True,14.746651374091705,683.182446376919,680.3911111111112,30.637058326818444,28.392246335039516
r574_svd_normalised_tr050_tid4_010,r574,4,10,False,114,circle,143.93679533591916,209.64528418877472,164.6891639084841,7.240316914294098,14.480633828588196,14.480633828588196,,0.0,1.0,164.11111111111111,False,circle,360.0,1.0,True,True,23.169014125741114,1686.4170384228773,1680.497777777778,46.33802825148223,46.33802825148223
r574_svd_normalised_tr050_tid4_010,r574,4,10,False,115,circle,134.74597683958828,111.53810044946374,30.800297271074864,3.1311402266239625,6.262280453247925,6.262280453247925,,0.0,1.0,30.555555555555557,False,circle,360.0,1.0,True,True,10.019648725196681,315.3950440558067,312.88888888888897,20.039297450393363,20.039297450393363
r574_svd_normalised_tr050_tid4_010,r574,4,10,False,116,circle,125.2948191392355,148.03741746913667,76.69298576426708,4.940863848530835,9.881727697061676,9.881727697061665,,4.712160915387242e-08,1.0,76.11111111111111,False,circle,360.0,1.0,True,True,15.810764315298673,785.3361742260951,779.377777777778,31.621528630597364,31.62152863059733
r574_svd_normalised_tr050_tid4_010,r574,4,10,False,117,circle,58.43502824858757,129.83898305084742,13.111111111111155,2.042889200500317,4.085778401000635,4.085778401000634,,2.1073424255447017e-08,1.0,13.0,False,circle,360.0,1.0,True,True,6.537245441601015,134.25777777777824,133.12000000000003,13.074490883202031,13.07449088320203
r574_svd_normalised_tr050_tid4_010,r574,4,10,False,118,ellipse,387.6631130063966,69.29708599857854,52.111111111111164,4.0727732378182635,8.638409377627593,7.680803778366042,89.85506295991155,0.4576243914257761,1.0,52.111111111111114,False,ellipse,360.0,1.0,True,True,13.032874361018443,533.6177777777784,533.6177777777779,27.642910008408297,24.578572090771335
r574_svd_normalised_tr050_tid4_010,r574,4,10,False,119,circle,315.61249347070543,54.19339436872168,22.883758475771025,2.698912105993826,5.397824211987652,5.397824211987652,,0.0,1.0,22.88888888888889,False,circle,360.0,1.0,True,True,8.636518739180245,234.32968679189534,234.38222222222228,17.27303747836049,17.27303747836049
r574_svd_normalised_tr050_tid4_010,r574,4,10,False,120,circle,110.83333333333334,117.83333333333334,8.22222222222217,1.6177807699850353,3.2355615399700706,3.2355615399700706,,0.0,1.0,8.444444444444445,False,circle,360.0,1.0,True,True,5.176898463952114,84.19555555555503,86.47111111111113,10.353796927904227,10.353796927904227
r574_svd_normalised_tr050_tid4_010,r574,4,10,False,121,ellipse,271.5576923076923,79.6955128205128,11.555555555555637,1.9178757972505376,4.015947138167292,3.6636414246806854,79.36285674306154,0.4095819715677654,1.0,11.555555555555555,False,ellipse,360.0,1.0,True,True,6.137202551201721,118.32888888888975,118.32888888888891,12.851030842135337,11.723652558978195
r574_svd_normalised_tr050_tid4_010,r574,4,10,False,122,circle,133.45959595959593,117.28661616161615,29.33333333333322,3.055665229491688,6.11133045898339,6.111330458983362,,9.541398640621973e-08,1.0,29.333333333333332,False,circle,360.0,1.0,True,True,9.778128734373404,300.3733333333322,300.3733333333334,19.55625746874685,19.55625746874676
r574_svd_normalised_tr050_tid4_010,r574,4,10,False,123,circle,213.24896265560167,14.869986168741356,26.7777777777777,2.9195258856018484,5.839051771203698,5.839051771203697,,1.4901161193847656e-08,1.0,26.77777777777778,False,circle,360.0,1.0,True,True,9.342482833925915,274.2044444444437,274.2044444444445,18.684965667851834,18.68496566785183
r574_svd_normalised_tr050_tid4_010,r574,4,10,False,124,circle,246.44764294160743,87.00399201176664,24.812591630233417,2.810354642699828,5.62070928539967,5.620709285399641,,1.0106459234841567e-07,1.0,25.333333333333332,False,circle,360.0,1.0,True,True,8.993134856639449,254.08093829359024,259.41333333333336,17.986269713278944,17.986269713278855
r574_svd_normalised_tr050_tid4_010,r574,4,10,False,125,circle,330.1247947454844,130.76354679802955,22.555555555555664,2.6794880708264204,5.358976141652841,5.358976141652841,,0.0,1.0,22.666666666666668,False,circle,360.0,1.0,True,True,8.574361826644546,230.96888888889004,232.1066666666667,17.148723653289093,17.148723653289093
r574_svd_normalised_tr050_tid4_010,r574,4,10,False,126,ellipse,341.0899297439619,109.40366644952135,27.18703418294145,2.9417514776824567,6.263052759894201,5.526954402723637,-89.66966384233609,0.4703692133278125,1.0,27.22222222222222,False,ellipse,360.0,1.0,True,True,9.413604728583861,278.3952300333205,278.7555555555556,20.041768831661443,17.68625408871564
r574_svd_normalised_tr050_tid4_010,r574,4,10,False,127,ellipse,255.87290325666314,1.9137300274350424,33.335549780135345,3.2574583737001106,8.221088574269714,5.162836994409371,88.79683163675526,0.7782139891776232,1.0,33.111111111111114,True,ellipse,319.0,0.8861111111111111,True,True,10.423866795840354,341.356029748586,339.05777777777786,26.307483437663087,16.521078382109987
r574_svd_normalised_tr050_tid4_010,r574,4,10,False,128,circle,343.47955265864243,247.284886051777,407.1319008376823,11.383940838630224,22.767881677260448,22.767881677260448,,0.0,1.0,253.66666666666666,True,circle,203.0,0.5638888888888889,True,True,36.42861068361672,4169.030664577867,2597.546666666667,72.85722136723344,72.85722136723344
r574_svd_normalised_tr050_tid4_010,r574,4,10,False,129,ellipse,189.33233232203747,150.8260030537094,47.89888495473866,3.9047008359506044,8.164076597163819,7.470135017385806,-57.82087107946609,0.40345246895617926,1.0,47.0,False,ellipse,360.0,1.0,True,True,12.495042675041935,490.484581936524,481.2800000000001,26.12504511092422,23.90443205563458
r574_svd_normalised_tr050_tid4_010,r574,4,10,False,130,circle,76.45004198152813,100.35936188077247,44.1111111111111,3.7471326047016698,7.4942652094033395,7.4942652094033395,,0.0,1.0,44.333333333333336,False,circle,360.0,1.0,True,True,11.990824335045344,451.69777777777773,453.97333333333347,23.98164867009069,23.98164867009069
r574_svd_normalised_tr050_tid4_010,r574,4,10,False,131,circle,312.78418803418805,81.18803418803418,17.333333333333126,2.348908546648629,4.6978170932972825,4.697817093297232,,1.4675941767984784e-07,1.0,17.333333333333332,False,circle,360.0,1.0,True,True,7.516507349275613,177.49333333333124,177.49333333333337,15.033014698551305,15.033014698551142
r574_svd_normalised_tr050_tid4_010,r574,4,10,False,132,circle,222.19580363492116,27.560211196012872,79.70962935952025,5.037098673758638,10.07419734751728,10.074197347517272,,4.2146848510894035e-08,1.0,79.88888888888889,False,circle,360.0,1.0,True,True,16.11871575602764,816.2266046414875,818.0622222222223,32.2374315120553,32.237431512055274
r574_svd_normalised_tr050_tid4_010,r574,4,10,False,133,ellipse,355.48261048354425,188.9824941896105,190.42953139729838,7.785602254489157,16.200913135359254,14.965971845823985,-72.36319322390608,0.38293967229388726,1.0,190.66666666666666,False,ellipse,360.0,1.0,True,True,24.9139272143653,1949.9984015083357,1952.426666666667,51.84292203314962,47.89110990663676
r574_svd_normalised_tr050_tid4_010,r574,4,10,False,134,ellipse,231.0933564011451,66.15028461908295,18.250637624005993,2.4102610615613727,5.180773273727576,4.48532145912582,-84.81953935741197,0.5004543392721805,1.0,18.333333333333332,False,ellipse,360.0,1.0,True,True,7.712835396996393,186.8865292698214,187.73333333333335,16.578474475928243,14.353028669202624
r574_svd_normalised_tr050_tid4_010,r574,4,10,False,135,circle,207.14953271028037,134.93769470404985,59.44444444444468,4.34991429172689,8.699828583453781,8.69982858345378,,2.1073424255447017e-08,1.0,59.666666666666664,False,circle,360.0,1.0,True,True,13.919725733526048,608.7111111111136,610.9866666666668,27.8394514670521,27.839451467052097
r574_svd_normalised_tr050_tid4_010,r574,4,10,False,136,circle,117.07908917650387,39.7163111443777,23.894076624797147,2.7578471333462184,5.51569426669244,5.515694266692433,,4.712160915387242e-08,1.0,23.88888888888889,False,circle,360.0,1.0,True,True,8.825110826707899,244.67534463792285,244.62222222222226,17.65022165341581,17.650221653415787
r574_svd_normalised_tr050_tid4_010,r574,4,10,False,137,circle,392.91805802356924,118.92076116478417,56.79272282949337,4.251786111732763,8.50357222346554,8.503572223465511,,8.161702118890973e-08,1.0,56.44444444444444,False,circle,360.0,1.0,True,True,13.60571555754484,581.5574817740122,577.9911111111112,27.211431115089727,27.21143111508964
r574_svd_normalised_tr050_tid4_010,r574,4,10,False,138,circle,320.7867724426206,142.3183362911992,13.169603097572086,2.0474410524051403,4.094882104810281,4.09488210481028,,2.1073424255447017e-08,1.0,13.222222222222221,False,circle,360.0,1.0,True,True,6.551811367696449,134.8567357191382,135.39555555555557,13.103622735392898,13.103622735392896
r574_svd_normalised_tr050_tid4_010,r574,4,10,False,139,ellipse,195.13658536585365,78.59837398373985,22.777777777777874,2.6926551676670654,5.590935926560004,5.1872473211655485,87.13335245188256,0.37308819869638266,1.0,22.22222222222222,False,ellipse,360.0,1.0,True,True,8.61649653653461,233.2444444444455,227.5555555555556,17.890994964992014,16.599191427729757
r574_svd_normalised_tr050_tid4_010,r574,4,10,False,140,ellipse,333.18039215686275,137.25686274509803,37.777777777777494,3.467713965240053,7.292041094859271,6.596254732134343,86.93956630832619,0.42629803227340385,1.0,38.111111111111114,False,ellipse,360.0,1.0,True,True,11.096684688768171,386.8444444444416,390.2577777777779,23.33453150354967,21.1080151428299
r574_svd_normalised_tr050_tid4_010,r574,4,10,False,141,ellipse,225.90651239343455,13.22354311633579,138.03981687160902,6.628683006241373,13.747604341311494,12.784609538171054,-18.620990590087928,0.367681426475069,1.0,137.77777777777777,False,ellipse,360.0,1.0,True,True,21.211785619972396,1413.5277247652766,1410.8444444444447,43.99233389219678,40.910750522147374
r574_svd_normalised_tr050_tid4_010,r574,4,10,False,142,circle,234.00338983050847,83.49491525423728,32.777777777777814,3.2300914404706935,6.4601828809414,6.460182880941374,,9.06402249678704e-08,1.0,32.888888888888886,False,circle,360.0,1.0,True,True,10.33629260950622,335.6444444444449,336.78222222222223,20.672585219012483,20.672585219012397
r574_svd_normalised_tr050_tid4_010,r574,4,10,False,143,circle,250.2040072859745,96.16757741347907,20.333333333333265,2.5440717401579676,5.0881434803159555,5.088143480315915,,1.2644054553268208e-07,1.0,20.444444444444443,False,circle,360.0,1.0,True,True,8.141029568505497,208.21333333333268,209.35111111111112,16.282059137011057,16.28205913701093
r574_svd_normalised_tr050_tid4_010,r574,4,10,False,144,circle,192.8095238095238,116.75297619047618,12.44444444444449,1.9902737738139524,3.9805475476279053,3.980547547627905,,1.4901161193847656e-08,1.0,12.777777777777779,False,circle,360.0,1.0,True,True,6.368876076204648,127.4311111111116,130.8444444444445,12.737752152409298,12.737752152409296
r574_svd_normalised_tr050_tid4_010,r574,4,10,False,145,circle,376.0174358974359,104.57230769230769,36.111111111111384,3.390357454273529,6.780714908547068,6.780714908547047,,7.884953353001448e-08,1.0,36.22222222222222,False,circle,360.0,1.0,True,True,10.849143853675294,369.77777777778067,370.9155555555556,21.69828770735062,21.698287707350552
r574_svd_normalised_tr050_tid4_010,r574,4,10,False,146,ellipse,360.36514943739024,49.503878896111196,41.88021754566058,3.651148761733985,7.675817812353148,6.946953461483896,-65.26656967301406,0.4253177815694316,1.0,42.22222222222222,False,ellipse,360.0,1.0,True,True,11.683676037548752,428.8534276675644,432.3555555555556,24.562616999530075,22.23025107674847
r574_svd_normalised_tr050_tid4_010,r574,4,10,False,147,circle,213.02140672782875,8.724770642201836,24.222222222222292,2.7767197911698007,5.553439582339618,5.5534395823395855,,1.0848209096909341e-07,1.0,24.333333333333332,False,circle,360.0,1.0,True,True,8.885503331743363,248.03555555555633,249.17333333333337,17.77100666348678,17.771006663486673
r574_svd_normalised_tr050_tid4_010,r574,4,10,False,148,circle,317.8088821160769,157.05047871808512,32.43680809032485,3.2132470635475205,6.426494127095069,6.4264941270950136,,1.3075715880680267e-07,1.0,32.55555555555556,False,circle,360.0,1.0,True,True,10.282390603352066,332.15291484492656,333.368888888889,20.56478120670422,20.564781206704044
r574_svd_normalised_tr050_tid4_010,r574,4,10,False,149,circle,117.68880092295362,154.21384751405012,94.14056136610712,5.474109185403933,10.948218370807867,10.948218370807867,,0.0,1.0,94.22222222222223,False,circle,360.0,1.0,True,True,17.517149393292588,963.9993483889372,964.8355555555559,35.034298786585175,35.034298786585175
r574_svd_normalised_tr050_tid4_010,r574,4,10,False,150,ellipse,201.054351146087,206.9809915489442,149.4050316366357,6.896165500881136,14.311555001044358,13.291944477612049,-42.21457787351764,0.3706913078601975,1.0,149.77777777777777,False,ellipse,360.0,1.0,True,True,22.067729602819636,1529.9075239591498,1533.7244444444448,45.796976003341946,42.53422232835856
r574_svd_normalised_tr050_tid4_010,r574,4,10,False,151,ellipse,212.66015754950456,89.18725849152872,35.53822297899518,3.3633566138038544,6.988732460935168,6.474517532241856,69.24737728026025,0.376486042464993,1.0,35.888888888888886,False,ellipse,360.0,1.0,True,True,10.762741164172335,363.9114033049107,367.50222222222226,22.36394387499254,20.718456103173942
r574_svd_normalised_tr050_tid4_010,r574,4,10,False,152,circle,32.24498229043684,231.84966548602907,188.222222222222,7.740348450348708,15.480696900697428,15.480696900697403,,5.5755039852469285e-08,1.0,187.88888888888889,False,circle,360.0,1.0,True,True,24.769115041115867,1927.3955555555538,1923.9822222222226,49.53823008223177,49.53823008223169
r574_svd_normalised_tr050_tid4_010,r574,4,10,False,153,circle,255.57028112449802,80.81927710843372,9.222222222222124,1.7133372423189632,3.426674484637947,3.4266744846379056,,1.55572690202453e-07,1.0,9.333333333333334,False,circle,360.0,1.0,True,True,5.4826791754206825,94.43555555555457,95.57333333333335,10.96535835084143,10.9653583508413
r574_svd_normalised_tr050_tid4_010,r574,4,10,False,154,ellipse,349.3939393939394,110.27609427609423,21.99999999999995,2.6462837142006106,5.514259548518943,5.079788090804861,68.16456130465656,0.3890669876064068,1.0,22.11111111111111,False,ellipse,360.0,1.0,True,True,8.468107885441954,225.27999999999955,226.41777777777781,17.64563055526062,16.255321890575555
r574_svd_normalised_tr050_tid4_010,r574,4,10,False,155,circle,193.87962962962962,123.21296296296295,15.999999999999927,2.2567583341910202,4.5135166683820405,4.51351666838204,,2.1073424255447017e-08,1.0,16.0,False,circle,360.0,1.0,True,True,7.221626669411265,163.8399999999993,163.84000000000003,14.44325333882253,14.443253338822528
r574_svd_normalised_tr050_tid4_010,r574,4,10,False,156,ellipse,337.69158961566325,141.50611140841826,39.00005175562579,3.5233651578420297,7.376943970050524,6.731297993258402,17.68669183435216,0.40912610322163406,1.0,39.0,False,ellipse,360.0,1.0,True,True,11.274768505094496,399.36052997760817,399.36000000000007,23.60622070416168,21.54015357842689
r574_svd_normalised_tr050_tid4_010,r574,4,10,False,157,circle,262.4513409291801,7.4209985255719975,30.27366477858401,3.104256237818861,6.208512475637746,6.208512475637698,,1.2467205919833117e-07,1.0,30.0,False,circle,360.0,1.0,True,True,9.933619961020355,310.0023273327003,307.20000000000005,19.86723992204079,19.867239922040635
r574_svd_normalised_tr050_tid4_010,r574,4,10,False,158,circle,91.16637748398193,56.510954592229695,31.139585427905416,3.1483389101821615,6.296677820364323,6.296677820364322,,1.4901161193847656e-08,1.0,30.666666666666668,False,circle,360.0,1.0,True,True,10.074684512582918,318.8693547817515,314.02666666666676,20.149369025165836,20.149369025165832
r574_svd_normalised_tr050_tid4_010,r574,4,10,False,159,circle,83.2312091503268,198.49673202614377,45.33333333333328,3.7986903234753373,7.597380646950675,7.597380646950674,,1.4901161193847656e-08,1.0,45.0,False,circle,360.0,1.0,True,True,12.15580903512108,464.21333333333286,460.80000000000007,24.31161807024216,24.311618070242158
r574_svd_normalised_tr050_tid4_010,r574,4,10,False,160,ellipse,243.25048169556837,169.38535645472064,19.222222222222253,2.473585124420645,5.201667246094673,4.70512478271182,79.98037126980626,0.42638523126888533,1.0,19.0,False,ellipse,360.0,1.0,True,True,7.915472398146064,196.8355555555559,194.56000000000003,16.645335187502955,15.056399304677825
r574_svd_normalised_tr050_tid4_010,r574,4,10,False,161,circle,258.28981206726013,122.40652818991099,37.444444444444414,3.452381330230827,6.90476266046167,6.904762660461638,,9.657056180250437e-08,1.0,37.55555555555556,False,circle,360.0,1.0,True,True,11.047620256738647,383.43111111111085,384.568888888889,22.095240513477346,22.095240513477243
r574_svd_normalised_tr050_tid4_010,r574,4,10,False,162,circle,31.066137566137563,57.735449735449755,14.000000000000009,2.111004122822377,4.222008245644755,4.222008245644752,,3.650024149988857e-08,1.0,14.11111111111111,False,circle,360.0,1.0,True,True,6.755213193031607,143.36000000000013,144.4977777777778,13.510426386063216,13.510426386063209
r574_svd_normalised_tr050_tid4_010,r574,4,10,False,163,circle,370.5649045784395,113.95990563107915,50.53267883324698,4.010617315074189,8.021234630148378,8.021234630148378,,0.0,1.0,50.55555555555556,False,circle,360.0,1.0,True,True,12.833975408237405,517.4546312524492,517.688888888889,25.66795081647481,25.66795081647481
r574_svd_normalised_tr050_tid4_010,r574,4,10,False,164,circle,336.32785923753664,189.58201368523947,189.44444444444412,7.765438786653492,15.530877573306984,15.530877573306984,,0.0,1.0,190.0,False,circle,360.0,1.0,True,True,24.849404117291176,1939.911111111108,1945.6000000000004,49.69880823458235,49.69880823458235
r574_svd_normalised_tr050_tid4_010,r574,4,10,False,165,circle,163.98672651046033,108.79682186452038,49.542114993311074,3.9711138216909774,7.942227643381957,7.942227643381951,,3.942476676500724e-08,1.0,49.666666666666664,False,circle,360.0,1.0,True,True,12.707564229411128,507.3112575315055,508.58666666666676,25.415128458822267,25.415128458822245
r574_svd_normalised_tr050_tid4_010,r574,4,10,False,166,circle,34.898809523809526,53.625,12.444444444444475,1.9902737738139513,3.980547547627903,3.980547547627902,,2.1073424255447017e-08,1.0,12.333333333333334,False,circle,360.0,1.0,True,True,6.368876076204645,127.43111111111145,126.29333333333336,12.737752152409291,12.737752152409287
r574_svd_normalised_tr050_tid4_010,r574,4,10,False,167,circle,313.9318369922347,89.88727777300387,22.127516864715048,2.6539418559451065,5.307883711890213,5.307883711890213,,0.0,1.0,22.22222222222222,False,circle,360.0,1.0,True,True,8.492613939024341,226.58577269468213,227.5555555555556,16.985227878048683,16.985227878048683
r574_svd_normalised_tr050_tid4_010,r574,4,10,False,168,circle,144.56227106227107,119.45970695970695,20.222222222222204,2.5371112025173184,5.074222405034639,5.074222405034633,,4.9421560620597e-08,1.0,20.11111111111111,False,circle,360.0,1.0,True,True,8.11875584805542,207.0755555555554,205.93777777777782,16.237511696110847,16.237511696110825
r574_svd_normalised_tr050_tid4_010,r574,4,10,False,169,circle,295.4367651766722,244.99271626019268,187.4557191294214,7.724571743506999,15.449143487013998,15.449143487013998,,0.0,1.0,159.55555555555554,True,circle,251.0,0.6972222222222222,True,True,24.718629579222398,1919.5465638852754,1633.8488888888892,49.437259158444796,49.437259158444796
r574_svd_normalised_tr050_tid4_010,r574,4,10,False,170,ellipse,272.38653381505617,84.89247303398471,12.346122240553692,1.9823957135753225,4.218247157825764,3.7265647252660465,-67.94765673407204,0.46854588974251093,1.0,12.444444444444445,False,ellipse,360.0,1.0,True,True,6.343666283441032,126.42429174326983,127.43111111111114,13.498390905042445,11.92500712085135
r574_svd_normalised_tr050_tid4_010,r574,4,10,False,171,circle,181.6584524797314,124.65417797546885,17.665749227679168,2.371325078097464,4.74265015619494,4.742650156194917,,9.8843121241194e-08,1.0,17.77777777777778,False,circle,360.0,1.0,True,True,7.588240249911886,180.8972720914347,182.04444444444448,15.176480499823809,15.176480499823734
r574_svd_normalised_tr050_tid4_010,r574,4,10,False,172,circle,292.44234440626195,137.73100420007634,193.99999999999994,7.858251581595957,15.716503163191916,15.716503163191915,,1.4901161193847656e-08,1.0,194.0,False,circle,360.0,1.0,True,True,25.146405061107064,1986.5599999999997,1986.5600000000004,50.292810122214135,50.29281012221413
r574_svd_normalised_tr050_tid4_010,r574,4,10,False,173,circle,92.59591159281364,241.3661549537447,51.99607104679683,4.068275243504327,8.136550487008666,8.136550487008643,,7.598131170262075e-08,1.0,51.888888888888886,False,circle,360.0,1.0,True,True,13.018480779213846,532.4397675191997,531.3422222222223,26.036961558427734,26.03696155842766
r574_svd_normalised_tr050_tid4_010,r574,4,10,False,174,circle,245.644141474017,205.77474807350325,187.44444444444395,7.724339439518102,15.448678879036207,15.448678879036201,,2.5809568279517847e-08,1.0,188.0,False,circle,360.0,1.0,True,True,24.71788620645793,1919.4311111111065,1925.1200000000003,49.43577241291587,49.435772412915846
r574_svd_normalised_tr050_tid4_010,r574,4,10,False,175,circle,282.11904761904765,55.311688311688314,17.111111111111132,2.333802868765051,4.667605737530118,4.667605737530085,,1.1827430029502171e-07,1.0,17.22222222222222,False,circle,360.0,1.0,True,True,7.4681691800481635,175.21777777777802,176.35555555555558,14.936338360096379,14.936338360096272
r574_svd_normalised_tr050_tid4_010,r574,4,10,False,176,circle,274.4550063371356,2.907477820025349,29.222222222221983,3.0498724939893664,6.099744987978756,6.099744987978711,,1.219712610821791e-07,1.0,29.22222222222222,False,circle,360.0,1.0,True,True,9.759591980765974,299.23555555555316,299.2355555555556,19.519183961532022,19.519183961531876
r574_svd_normalised_tr050_tid4_010,r574,4,10,False,177,circle,85.14394471881369,52.22235036006393,26.249899551547667,2.8906059120172496,5.781211824034499,5.781211824034499,,0.0,1.0,26.22222222222222,False,circle,360.0,1.0,True,True,9.249938918455198,268.79897140784817,268.5155555555556,18.499877836910397,18.499877836910397
r574_svd_normalised_tr050_tid4_010,r574,4,10,False,178,circle,175.51730288334917,118.26153759732559,15.807267068259119,2.243124914349253,4.486249828698517,4.486249828698495,,9.996002811937585e-08,1.0,15.88888888888889,False,circle,360.0,1.0,True,True,7.17799972591761,161.86641477897342,162.70222222222225,14.355999451835254,14.355999451835183
r574_svd_normalised_tr050_tid4_010,r574,4,10,False,179,ellipse,344.2135802469136,136.4950617283951,29.99999999999992,3.0901936161855126,6.642234952510356,5.7506526967430736,-76.83059702102736,0.5004408244852028,1.0,30.11111111111111,False,ellipse,360.0,1.0,True,True,9.88861957179364,307.19999999999925,308.33777777777783,21.25515184803314,18.402088629577836
r574_svd_normalised_tr050_tid4_010,r574,4,10,False,180,circle,158.9229659018477,103.6387588371853,10.576973329456274,1.8348719782775627,3.6697439565551253,3.6697439565551253,,0.0,1.0,10.555555555555555,False,circle,360.0,1.0,True,True,5.871590330488201,108.30820689363227,108.0888888888889,11.743180660976401,11.743180660976401
r574_svd_normalised_tr050_tid4_010,r574,4,10,False,181,circle,20.386861313868614,53.98053527980535,30.444444444444425,3.1129997825312876,6.225999565062575,6.225999565062574,,1.4901161193847656e-08,1.0,30.77777777777778,False,circle,360.0,1.0,True,True,9.96159930410012,311.75111111111096,315.16444444444454,19.92319860820024,19.923198608200238
r574_svd_normalised_tr050_tid4_010,r574,4,10,False,182,ellipse,223.09154929577466,145.04460093896716,15.77777777777768,2.241031603676654,4.83856363922553,4.1518293635434524,-82.06363268722819,0.5135316827622652,1.0,15.555555555555555,False,ellipse,360.0,1.0,True,True,7.1713011317652935,161.5644444444435,159.28888888888892,15.483403645521697,13.285853963339049
r574_svd_normalised_tr050_tid4_010,r574,4,10,False,183,ellipse,140.4812150279776,26.715427657873697,46.3333333333333,3.8403591055849136,8.063424689423657,7.316175758021801,-4.556236250184497,0.4204222031117706,1.0,46.333333333333336,False,ellipse,360.0,1.0,True,True,12.289149137871725,474.4533333333331,474.45333333333343,25.802959006155703,23.411762425669764
r574_svd_normalised_tr050_tid4_010,r574,4,10,False,184,circle,66.57936772938329,230.53894172726956,274.19752459067627,9.342364949215765,18.684729898431534,18.68472989843153,,2.1073424255447017e-08,1.0,274.6666666666667,False,circle,360.0,1.0,True,True,29.89556783749045,2807.7826518085253,2812.5866666666675,59.791135674980914,59.7911356749809
r574_svd_normalised_tr050_tid4_010,r574,4,10,False,185,ellipse,81.39972041075953,230.93225931613622,95.28018386658782,5.507143041736271,11.63419798439383,10.427405317608375,62.73359842933303,0.4435048941237197,1.0,95.11111111111111,False,ellipse,360.0,1.0,True,True,17.622857733556067,975.6690827938595,973.937777777778,37.22943355006026,33.3676970163468
r574_svd_normalised_tr050_tid4_010,r574,4,10,False,186,circle,154.04030501089323,131.85185185185185,34.00000000000006,3.289762321239773,6.579524642479547,6.579524642479546,,1.4901161193847656e-08,1.0,34.0,False,circle,360.0,1.0,True,True,10.527239427967274,348.16000000000065,348.1600000000001,21.05447885593455,21.054478855934548
r574_svd_normalised_tr050_tid4_010,r574,4,10,False,187,ellipse,316.7445652173913,1.8695652173913047,20.44444444444437,2.551013285775266,5.627873355593752,4.625312883228764,-80.03249822819669,0.5696923609158221,1.0,20.555555555555557,False,ellipse,360.0,1.0,True,True,8.163242514480851,209.35111111111038,210.48888888888894,18.009194737900007,14.801001226332046
r574_svd_normalised_tr050_tid4_010,r574,4,10,False,188,ellipse,78.42714097496707,187.04795783926218,140.55555555555566,6.68881326480179,14.628141487539574,12.234014260662885,-37.246356599236236,0.5482200209941731,1.0,140.66666666666666,False,ellipse,360.0,1.0,True,True,21.40420244736573,1439.2888888888901,1440.426666666667,46.81005276012664,39.14884563412124
r574_svd_normalised_tr050_tid4_010,r574,4,10,False,189,ellipse,338.6756060709547,2.6270701793697584,63.527584665750005,4.496827575578812,11.835129864347937,6.834384912125381,-88.50433421671787,0.8164147459452762,1.0,62.666666666666664,True,ellipse,312.0,0.8666666666666667,True,True,14.3898482418522,650.5224669772801,641.7066666666668,37.8724155659134,21.87003171880122
r574_svd_normalised_tr050_tid4_010,r574,4,10,False,190,circle,189.82442255755353,9.895452865476129,35.35739059436738,3.354788663365982,6.709577326731967,6.70957732673196,,4.712160915387242e-08,1.0,35.666666666666664,False,circle,360.0,1.0,True,True,10.735323722771142,362.05967968632206,365.2266666666667,21.470647445542298,21.470647445542273
r574_svd_normalised_tr050_tid4_010,r574,4,10,False,191,ellipse,114.17439905866532,239.23348461926375,440.66666666666686,11.843502712950132,26.880823159192722,20.87265790648796,73.46164137754607,0.6301310623100905,1.0,438.77777777777777,True,ellipse,327.0,0.9083333333333333,True,True,37.89920868144042,4512.42666666667,4493.084444444446,86.01863410941672,66.79250530076148
r574_svd_normalised_tr050_tid4_010,r574,4,10,False,192,circle,187.92317175195208,116.60361271279153,11.868315958717952,1.9436569404122677,3.8873138808245358,3.8873138808245353,,1.4901161193847656e-08,1.0,11.88888888888889,False,circle,360.0,1.0,True,True,6.219702209319257,121.53155541727185,121.74222222222225,12.439404418638516,12.439404418638514
r574_svd_normalised_tr050_tid4_010,r574,4,10,False,193,circle,387.5902503293808,121.33333333333334,28.111111111111068,2.9913282297798176,5.982656459559649,5.982656459559621,,9.771344846937061e-08,1.0,27.555555555555557,False,circle,360.0,1.0,True,True,9.572250335295417,287.8577777777774,282.16888888888894,19.14450067059088,19.144500670590787
r574_svd_normalised_tr050_tid4_010,r574,4,10,False,194,circle,94.4575069038797,249.3586397636252,761.218647475878,15.566098452696032,31.132196905392078,31.13219690539205,,4.2146848510894035e-08,1.0,385.1111111111111,True,circle,181.0,0.5027777777777778,True,True,49.81151504862731,7794.878950152993,3943.5377777777785,99.62303009725466,99.62303009725457
r574_svd_normalised_tr050_tid4_010,r574,4,10,False,195,circle,227.8760657816178,128.24499956696724,27.04964359452636,2.9343089431560863,5.86861788631218,5.868617886312165,,6.989264130329236e-08,1.0,27.333333333333332,False,circle,360.0,1.0,True,True,9.389788618099477,276.98835040794995,279.8933333333334,18.779577236198975,18.77957723619893
r574_svd_normalised_tr050_tid4_010,r574,4,10,False,196,ellipse,111.39111111111112,142.58222222222219,16.666666666666647,2.3032943298089017,4.817226881966118,4.405160811163266,-86.55291238644483,0.40467652748612454,1.0,16.666666666666668,False,ellipse,360.0,1.0,True,True,7.370541855388486,170.6666666666665,170.6666666666667,15.415126022291577,14.096514595722452
r574_svd_normalised_tr050_tid4_010,r574,4,10,False,197,circle,69.27497315640797,252.67307661385613,442.93311415699105,11.873920546910519,23.74784109382105,23.747841093821023,,4.9421560620597e-08,1.0,147.11111111111111,True,circle,149.0,0.41388888888888886,True,True,37.99654575011366,4535.63508896759,1506.4177777777782,75.99309150022737,75.99309150022728
r574_svd_normalised_tr050_tid4_010,r574,4,10,False,198,circle,66.86391835665754,54.968881232057974,10.95091317157428,1.8670254216941942,3.7340508433883883,3.7340508433883883,,0.0,1.0,11.11111111111111,False,circle,360.0,1.0,True,True,5.9744813494214215,112.13735087692065,113.7777777777778,11.948962698842843,11.948962698842843
r574_svd_normalised_tr050_tid4_010,r574,4,10,False,199,circle,91.9079108498653,204.82120989468524,151.2222222222223,6.937977251621361,13.875954503242731,13.875954503242712,,5.3726900748371916e-08,1.0,152.0,False,circle,360.0,1.0,True,True,22.201527205188356,1548.5155555555568,1556.4800000000002,44.40305441037674,44.40305441037668
r574_svd_normalised_tr050_tid4_010,r574,4,10,False,200,ellipse,177.82387190684136,138.0960698689956,25.444444444444517,2.8459125452341154,5.914219503639916,5.477793450267609,-64.22902956451605,0.37701456668570027,1.0,25.88888888888889,False,ellipse,360.0,1.0,True,True,9.10692014474917,260.55111111111194,265.1022222222223,18.92550241164773,17.52893904085635
r574_svd_normalised_tr050_tid4_010,r574,4,10,False,201,circle,78.24432568655823,45.57815875556868,62.15947499036251,4.448142916929094,8.896285833858196,8.896285833858183,,5.3726900748371916e-08,1.0,62.111111111111114,False,circle,360.0,1.0,True,True,14.234057334173102,636.5130239013123,636.017777777778,28.468114668346228,28.46811466834619
r574_svd_normalised_tr050_tid4_010,r574,4,10,False,202,ellipse,394.25018896447466,63.1005291005291,48.99999999999976,3.9493270848342847,8.193854308282324,7.614089211832863,-13.569062488284203,0.3694668544493223,1.0,49.111111111111114,False,ellipse,360.0,1.0,True,True,12.637846671469712,501.7599999999976,502.8977777777779,26.22033378650344,24.365085477865165
r574_svd_normalised_tr050_tid4_010,r574,4,10,False,203,ellipse,394.2455049124849,3.381145473334632,98.09125926285773,5.587791833236538,15.938154506062343,7.836143779308602,81.37186999320187,0.8707875837548686,1.0,86.88888888888889,True,ellipse,229.99999999999997,0.6388888888888888,True,True,17.880933866356923,1004.4544948516634,889.7422222222224,51.0020944193995,25.07566009378753
r574_svd_normalised_tr050_tid4_010,r574,4,10,False,204,circle,73.62208067940551,57.70700636942675,17.44444444444441,2.3564250732095346,4.712850146419069,4.712850146419069,,0.0,1.0,17.22222222222222,False,circle,360.0,1.0,True,True,7.540560234270512,178.6311111111108,176.35555555555558,15.081120468541023,15.081120468541023
r574_svd_normalised_tr050_tid4_010,r574,4,10,False,205,circle,261.4490227152667,213.67089276281033,70.11111111111111,4.724093542468955,9.448187084937942,9.448187084937878,,1.1638178938488147e-07,1.0,70.11111111111111,False,circle,360.0,1.0,True,True,15.117099335900656,717.9377777777779,717.9377777777779,30.234198671801416,30.23419867180121
r574_svd_normalised_tr050_tid4_010,r574,4,10,False,206,ellipse,90.07714100150127,90.36922677867099,12.546219504974287,1.9983957822876879,4.200391043550947,3.8030608686272256,-89.97481097294451,0.4245459677518755,1.0,12.666666666666666,False,ellipse,360.0,1.0,True,True,6.394866503320602,128.47328773093673,129.70666666666668,13.44125133936303,12.169794779607123
r574_svd_normalised_tr050_tid4_010,r574,4,10,False,207,circle,146.27717391304347,126.54891304347827,20.444444444444517,2.551013285775275,5.102026571550553,5.102026571550548,,4.470348358154297e-08,1.0,20.444444444444443,False,circle,360.0,1.0,True,True,8.163242514480881,209.3511111111119,209.35111111111112,16.32648502896177,16.326485028961752
r574_svd_normalised_tr050_tid4_010,r574,4,10,False,208,ellipse,350.64835164835165,99.35714285714286,20.222222222222292,2.5371112025173237,5.365529869598732,4.798730720267368,-80.07911129882984,0.4473422043098953,1.0,20.11111111111111,False,ellipse,360.0,1.0,True,True,8.118755848055436,207.07555555555632,205.93777777777782,17.169695582715942,15.355938304855579
r574_svd_normalised_tr050_tid4_010,r574,4,10,False,209,circle,336.0599702231094,8.731053180217067,56.3316580554144,4.234492137690561,8.468984275381132,8.46898427538111,,7.146345858741878e-08,1.0,55.77777777777778,False,circle,360.0,1.0,True,True,13.550374840609795,576.8361784874436,571.1644444444446,27.100749681219625,27.100749681219554
r574_svd_normalised_tr050_tid4_010,r574,4,10,False,210,circle,161.26094276094275,116.26094276094275,22.000000000000092,2.646283714200619,5.292567428401249,5.292567428401228,,8.815645848363066e-08,1.0,22.11111111111111,False,circle,360.0,1.0,True,True,8.468107885441981,225.280000000001,226.41777777777781,16.936215770883997,16.93621577088393
r574_svd_normalised_tr050_tid4_010,r574,4,10,False,211,circle,263.74434611602754,106.18584070796459,37.66666666666687,3.4626106306643134,6.925221261328641,6.925221261328613,,9.06402249678704e-08,1.0,37.666666666666664,False,circle,360.0,1.0,True,True,11.080354018125803,385.7066666666688,385.7066666666667,22.160708036251652,22.160708036251563
r574_svd_normalised_tr050_tid4_010,r574,4,10,False,212,circle,69.58701950106533,205.78527562586243,164.8663019874792,7.244209675401242,14.488419350802495,14.488419350802472,,5.5755039852469285e-08,1.0,164.88888888888889,False,circle,360.0,1.0,True,True,23.181470961283978,1688.2309323517875,1688.4622222222224,46.362941922567984,46.36294192256791
r574_svd_normalised_tr050_tid4_010,r574,4,10,False,213,ellipse,308.16680294358133,222.1256473153448,135.88888888888917,6.5768363789791895,13.67520015894495,12.652034706072259,82.12727918016662,0.37952629089979284,1.0,135.66666666666666,False,ellipse,360.0,1.0,True,True,21.045876412733406,1391.5022222222253,1389.226666666667,43.760640508623844,40.48651105943123
r574_svd_normalised_tr050_tid4_010,r574,4,10,False,214,ellipse,276.1125150421179,131.96630565583635,61.555555555554996,4.426481885523617,9.245849708289668,8.476772822859669,63.5515401928285,0.3993025131418876,1.0,61.22222222222222,False,ellipse,360.0,1.0,True,True,14.164742033675575,630.3288888888833,626.9155555555557,29.58671906652694,27.125673033150942
r574_svd_normalised_tr050_tid4_010,r574,4,10,False,215,circle,106.1957377070245,87.01871671124685,28.88502356720327,3.0322250187102844,6.064450037420569,6.064450037420569,,0.0,1.0,29.22222222222222,False,circle,360.0,1.0,True,True,9.70312005987291,295.78264132816156,299.2355555555556,19.40624011974582,19.40624011974582
r574_svd_normalised_tr050_tid4_010,r574,4,10,False,216,circle,299.7660379491699,238.96731622409854,1289.0065955851721,20.25595079799691,40.51190159599386,40.51190159599378,,6.495265578539184e-08,1.0,1051.2222222222222,True,circle,243.00000000000003,0.675,True,True,64.81904255359011,13199.427538792164,10764.515555555558,129.63808510718036,129.6380851071801
r574_svd_normalised_tr050_tid4_010,r574,4,10,False,217,circle,84.92563261677591,122.71108509087144,45.292292356810094,3.796970427208934,7.593940854417873,7.593940854417863,,5.3726900748371916e-08,1.0,45.44444444444444,False,circle,360.0,1.0,True,True,12.15030536706859,463.79307373373547,465.3511111111112,24.300610734137194,24.300610734137162
r574_svd_normalised_tr050_tid4_010,r574,4,10,False,218,ellipse,147.61982542563308,197.31457955232906,428.55555555555463,11.67961772115508,24.22346258231277,22.52584157178664,84.55208515103575,0.36776612477345666,1.0,428.44444444444446,False,ellipse,360.0,1.0,True,True,37.374776707696256,4388.40888888888,4387.271111111112,77.51508026340088,72.08269302971725
r574_svd_normalised_tr050_tid4_010,r574,4,10,False,219,circle,315.53500761035,146.9992389649924,48.66666666666668,3.935871076091181,7.871742152182401,7.871742152182323,,1.4057727354849284e-07,1.0,48.888888888888886,False,circle,360.0,1.0,True,True,12.59478744349178,498.34666666666686,500.62222222222226,25.189574886983685,25.189574886983436
r574_svd_normalised_tr050_tid4_010,r574,4,10,False,220,circle,389.05886243386243,188.27711640211638,111.99999999999949,5.970821321441832,11.941642642883693,11.941642642883638,,9.657056180250437e-08,1.0,111.66666666666667,False,circle,360.0,1.0,True,True,19.106628228613864,1146.8799999999949,1143.466666666667,38.21325645722782,38.213256457227644
r574_svd_normalised_tr050_tid4_010,r574,4,10,False,221,circle,230.9737016994209,228.1296876483433,390.1111111111109,11.143438579577214,22.28687715915443,22.286877159154425,,1.4901161193847656e-08,1.0,389.8888888888889,False,circle,360.0,1.0,True,True,35.659003454647085,3994.7377777777765,3992.4622222222233,71.31800690929417,71.31800690929417
r574_svd_normalised_tr050_tid4_010,r574,4,10,False,222,circle,181.03092783505156,141.659793814433,10.777777777777983,1.8522076605388227,3.7044153210776454,3.7044153210776454,,0.0,1.0,10.777777777777779,False,circle,360.0,1.0,True,True,5.927064513724233,110.36444444444656,110.36444444444447,11.854129027448465,11.854129027448465
r574_svd_normalised_tr050_tid4_010,r574,4,10,False,223,circle,332.2263374485597,179.0650205761317,45.00000000000016,3.784698783030247,7.569397566060497,7.569397566060491,,3.650024149988857e-08,1.0,45.111111111111114,False,circle,360.0,1.0,True,True,12.11103610569679,460.8000000000018,461.9377777777779,24.22207221139359,24.222072211393574
r574_svd_normalised_tr050_tid4_010,r574,4,10,False,224,circle,151.74542616776782,136.22062932586377,28.970645917952144,3.0367158254954063,6.073431650990813,6.073431650990813,,0.0,1.0,29.0,False,circle,360.0,1.0,True,True,9.7174906415853,296.65941419983,296.96000000000004,19.4349812831706,19.4349812831706
r574_svd_normalised_tr050_tid4_010,r574,4,10,False,225,circle,329.51685393258424,101.15355805243445,9.888888888888955,1.7741846286974747,3.5483692573949694,3.548369257394929,,1.5123026915031998e-07,1.0,9.777777777777779,False,circle,360.0,1.0,True,True,5.67739081183192,101.26222222222292,100.12444444444448,11.354781623663904,11.354781623663774
r574_svd_normalised_tr050_tid4_010,r574,4,10,False,226,ellipse,156.887984415223,226.43143393863494,532.3333333333334,13.017179523428693,27.807018489406154,24.374704222205875,29.310883885504893,0.48128054178722146,1.0,532.3333333333334,False,ellipse,360.0,1.0,True,True,41.65497447497182,5451.093333333335,5451.093333333335,88.9824591660997,77.9990535110588
r574_svd_normalised_tr050_tid4_010,r574,4,10,False,227,ellipse,205.94517410367828,244.75549677609655,89.49855785070395,5.337440937665819,11.108187687132586,10.25847836405249,62.05460693883589,0.3835838940900536,1.0,88.33333333333333,True,ellipse,311.0,0.8638888888888889,True,True,17.079811000530622,916.4652323912086,904.5333333333334,35.54620059882428,32.82713076496797
r574_svd_normalised_tr050_tid4_010,r574,4,10,False,228,circle,283.34595775673705,215.78769118718137,305.11111111111137,9.854942062294825,19.709884124589667,19.70988412458963,,5.960464477539063e-08,1.0,305.44444444444446,False,circle,360.0,1.0,True,True,31.53581459934344,3124.337777777781,3127.7511111111116,63.071629198686935,63.07162919868682
r574_svd_normalised_tr050_tid4_010,r574,4,10,False,229,ellipse,60.21145770657221,165.07063321935425,176.5977120594818,7.497519431516767,15.658468792916844,14.359717637627384,21.988989137319038,0.39875478502324674,1.0,177.11111111111111,False,ellipse,360.0,1.0,True,True,23.992062180853654,1808.3605714890941,1813.6177777777782,50.1071001373339,45.95109644040763
r574_svd_normalised_tr050_tid4_010,r574,4,10,False,230,circle,245.08333333333337,123.75438596491227,25.333333333333382,2.839691963926612,5.6793839278532365,5.6793839278532126,,9.18569267238524e-08,1.0,25.333333333333332,False,circle,360.0,1.0,True,True,9.087014284565159,259.41333333333387,259.41333333333336,18.174028569130357,18.174028569130282
r574_svd_normalised_tr050_tid4_010,r574,4,10,False,231,ellipse,132.36429872495444,22.382513661202182,20.333333333333275,2.544071740157968,5.490719312312428,4.715084236454673,-83.64365482852321,0.512416469021138,1.0,20.11111111111111,False,ellipse,360.0,1.0,True,True,8.141029568505498,208.21333333333277,205.93777777777782,17.57030179939977,15.088269556654954
r574_svd_normalised_tr050_tid4_010,r574,4,10,False,232,circle,95.006734006734,138.69809203142535,32.999999999999936,3.241022407214284,6.482044814428573,6.482044814428564,,5.1619136559035694e-08,1.0,32.55555555555556,False,circle,360.0,1.0,True,True,10.37127170308571,337.9199999999994,333.368888888889,20.742543406171436,20.742543406171407
r574_svd_normalised_tr050_tid4_010,r574,4,10,False,233,ellipse,382.4034082335821,172.46369006024014,57.57346163646961,4.280911353988947,9.04693045526107,8.102727045969157,-74.48251997254522,0.4447943436696528,1.0,57.55555555555556,False,ellipse,360.0,1.0,True,True,13.698916332764632,589.552247157449,589.368888888889,28.950177456835423,25.928726547101306
r574_svd_normalised_tr050_tid4_010,r574,4,10,False,234,circle,124.88216579661412,221.47957817331013,157.41707884108263,7.078658944269728,14.157317888539472,14.157317888539438,,6.828569911354542e-08,1.0,156.88888888888889,False,circle,360.0,1.0,True,True,22.651708621663133,1611.9508873326863,1606.5422222222226,45.303417243326315,45.30341724332621
r574_svd_normalised_tr050_tid4_010,r574,4,10,False,235,circle,236.92783174217374,144.54870740904715,11.982965121202158,1.9530223408538347,3.9060446817076695,3.9060446817076695,,0.0,1.0,12.222222222222221,False,circle,360.0,1.0,True,True,6.249671490732272,122.70556284111012,125.15555555555557,12.499342981464544,12.499342981464544
r574_svd_normalised_tr050_tid4_010,r574,4,10,False,236,ellipse,167.4554507337526,191.1991614255765,70.66666666666671,4.742773305109001,10.313653051765337,8.723930700695574,-86.70549399886295,0.5334012583068276,1.0,70.55555555555556,False,ellipse,360.0,1.0,True,True,15.176874576348803,723.6266666666673,722.488888888889,33.00368976564908,27.91657824222584
r574_svd_normalised_tr050_tid4_010,r574,4,10,False,237,circle,229.77061120496077,171.3550873315135,12.854936122451111,2.022832977296275,4.04566595459255,4.04566595459255,,0.0,1.0,12.666666666666666,False,circle,360.0,1.0,True,True,6.473065527348081,131.6345458938994,129.70666666666668,12.946131054696162,12.946131054696162
r574_svd_normalised_tr050_tid4_010,r574,4,10,False,238,circle,67.33850605314571,8.926992950047316,27.413297435301345,2.953967431532239,5.9079348630644795,5.907934863064476,,3.332000937312528e-08,1.0,27.444444444444443,False,circle,360.0,1.0,True,True,9.452695780903165,280.7121657374858,281.03111111111116,18.905391561806336,18.905391561806322
r574_svd_normalised_tr050_tid4_010,r574,4,10,False,239,circle,82.06103791362926,143.03303726526798,53.37926516158329,4.122032001107944,8.2440640022159,8.244064002215875,,7.742870483855355e-08,1.0,53.888888888888886,False,circle,360.0,1.0,True,True,13.190502403545421,546.603675254613,551.8222222222223,26.381004807090882,26.381004807090804
r574_svd_normalised_tr050_tid4_010,r574,4,10,False,240,circle,312.39529755302567,96.80875013218564,21.73006170729548,2.6299987583297395,5.259997516659512,5.259997516659447,,1.5699347485382465e-07,1.0,21.77777777777778,False,circle,360.0,1.0,True,True,8.415996026655167,222.51583188270575,223.0044444444445,16.83199205331044,16.83199205331023
r574_svd_normalised_tr050_tid4_010,r574,4,10,False,241,circle,59.383838383838395,114.08080808080808,14.666666666666671,2.1606816048095254,4.321363209619052,4.321363209619049,,3.650024149988857e-08,1.0,14.777777777777779,False,circle,360.0,1.0,True,True,6.914181135390482,150.18666666666675,151.32444444444448,13.828362270780966,13.828362270780957
r574_svd_normalised_tr050_tid4_010,r574,4,10,False,242,circle,117.2391125424547,201.2823739601884,54.55276318183283,4.1670953720092,8.3341907440184,8.3341907440184,,0.0,1.0,54.77777777777778,False,circle,360.0,1.0,True,True,13.33470519042944,558.6202949819683,560.9244444444446,26.66941038085888,26.66941038085888
r574_svd_normalised_tr050_tid4_010,r574,4,10,False,243,circle,116.09929078014186,124.36170212765957,10.444444444444462,1.8233403199523786,3.646680639904757,3.6466806399047567,,1.4901161193847656e-08,1.0,10.555555555555555,False,circle,360.0,1.0,True,True,5.834689023847612,106.95111111111132,108.0888888888889,11.669378047695224,11.669378047695222
r574_svd_normalised_tr050_tid4_010,r574,4,10,False,244,circle,356.1981489561205,99.62515301481643,16.62797422921845,2.3006191741288973,4.601238348257823,4.601238348257766,,1.5699347485382465e-07,1.0,16.88888888888889,False,circle,360.0,1.0,True,True,7.361981357212471,170.27045610719694,172.94222222222226,14.723962714425035,14.723962714424852
r574_svd_normalised_tr050_tid4_010,r574,4,10,False,245,ellipse,171.9538383628259,246.0347757136545,261.47600806376386,9.123069569315396,21.186966974897572,15.713508868953335,-85.406485558121,0.670776891836496,1.0,201.66666666666666,True,ellipse,232.00000000000003,0.6444444444444445,True,True,29.193822621809268,2677.5143225729425,2065.066666666667,67.79829431967224,50.28322838065068
r574_svd_normalised_tr050_tid4_010,r574,4,10,False,246,ellipse,304.17555555555555,54.03777777777778,16.6666666666667,2.3032943298089057,4.8604041680872045,4.366027668697095,-21.680999778512415,0.4394135178690429,1.0,16.77777777777778,False,ellipse,360.0,1.0,True,True,7.370541855388499,170.66666666666703,171.8044444444445,15.553293337879055,13.971288539830704
r574_svd_normalised_tr050_tid4_010,r574,4,10,False,247,circle,95.941475826972,34.16793893129771,14.55555555555556,2.152481645039217,4.304963290078443,4.304963290078424,,9.30577218293905e-08,1.0,14.444444444444445,False,circle,360.0,1.0,True,True,6.8879412641254945,149.04888888888897,147.91111111111115,13.775882528251017,13.775882528250959
r574_svd_normalised_tr050_tid4_010,r574,4,10,False,248,ellipse,58.63476200711071,107.56328761250273,39.101855357755454,3.5279607606239307,7.352095630766257,6.7716785817732745,15.487426408374517,0.3894344040867542,1.0,39.111111111111114,False,ellipse,360.0,1.0,True,True,11.28947443399658,400.4029988634159,400.4977777777779,23.526706018452025,21.66937146167448
r574_svd_normalised_tr050_tid4_010,r574,4,10,False,249,ellipse,346.2151260561132,179.70519304347798,49.2866878689157,3.9608635429575925,8.242512730234399,7.613425914834798,83.16212511811395,0.3831701273692973,1.0,49.111111111111114,False,ellipse,360.0,1.0,True,True,12.674763337464297,504.69568377769684,502.8977777777779,26.376040736750078,24.362962927471354
r574_svd_normalised_tr050_tid4_010,r574,4,10,False,250,circle,179.40711064188042,102.07601115952292,13.78030226201988,2.094374953202454,4.188749906404922,4.188749906404894,,1.1638178938488147e-07,1.0,13.88888888888889,False,circle,360.0,1.0,True,True,6.701999850247853,141.1102951630836,142.22222222222226,13.403999700495753,13.40399970049566
r574_svd_normalised_tr050_tid4_010,r574,4,10,False,251,ellipse,89.86320915783543,105.19829869834211,22.936452594958993,2.7020176933101876,5.709411273902917,5.1149929579134765,87.6273496749709,0.4442800012661958,1.0,23.0,False,ellipse,360.0,1.0,True,True,8.6464566185926,234.86927457238014,235.52000000000004,18.270116076489334,16.367977465323126
r574_svd_normalised_tr050_tid4_010,r574,4,10,False,252,circle,217.68131944076012,123.32272273593306,18.547836395340685,2.4298065132755866,4.859613026551187,4.859613026551159,,1.0848209096909341e-07,1.0,19.22222222222222,False,circle,360.0,1.0,True,True,7.775380842481877,189.92984468828865,196.83555555555557,15.5507616849638,15.55076168496371
r574_svd_normalised_tr050_tid4_010,r574,4,10,False,253,circle,235.53942652329755,211.2007168458782,20.66666666666672,2.5648400173236974,5.129680034647395,5.129680034647395,,0.0,1.0,20.555555555555557,False,circle,360.0,1.0,True,True,8.207488055435832,211.62666666666726,210.48888888888894,16.414976110871663,16.414976110871663
r574_svd_normalised_tr050_tid4_010,r574,4,10,False,254,ellipse,212.5217313061392,167.09364345406033,14.853856977220023,2.1744262516372475,4.626056975911722,4.088258790091855,87.34514624552509,0.46796711501463917,1.0,15.0,False,ellipse,360.0,1.0,True,True,6.958164005239192,152.10349544673306,153.60000000000002,14.803382322917512,13.082428128293936
r574_svd_normalised_tr050_tid4_010,r574,4,10,False,255,circle,76.37645498597585,170.16888975580167,73.69025434517208,4.843174214651617,9.68634842930324,9.686348429303228,,5.1619136559035694e-08,1.0,73.33333333333333,False,circle,360.0,1.0,True,True,15.498157486885175,754.5882044945622,750.9333333333334,30.99631497377037,30.996314973770332
r574_svd_normalised_tr050_tid4_010,r574,4,10,False,256,ellipse,251.48886936145288,197.53866432337435,126.44444444444431,6.344171870282496,13.49984212425456,11.925625899689896,-64.04918698479281,0.46863851747339574,1.0,126.22222222222223,False,ellipse,360.0,1.0,True,True,20.30134998490399,1294.79111111111,1292.515555555556,43.19949479761459,38.162002879007666
r574_svd_normalised_tr050_tid4_010,r574,4,10,False,257,circle,158.01524898034984,121.69435174852808,24.390630841811443,2.7863558507857276,5.572711701571464,5.572711701571446,,8.024520884654677e-08,1.0,24.555555555555557,False,circle,360.0,1.0,True,True,8.916338722514329,249.76005982014922,251.44888888888894,17.832677445028686,17.83267744502863
r574_svd_normalised_tr050_tid4_010,r574,4,10,False,258,circle,369.1488469601677,69.06289308176099,17.66666666666657,2.371386652554493,4.742773305109013,4.742773305108959,,1.5123026915031998e-07,1.0,17.555555555555557,False,circle,360.0,1.0,True,True,7.588437288174378,180.9066666666657,179.76888888888894,15.176874576348844,15.17687457634867
r574_svd_normalised_tr050_tid4_010,r574,4,10,False,259,circle,313.44101437417464,48.01155089236232,25.560796108307127,2.852411979361032,5.704823958722073,5.704823958722056,,7.742870483855355e-08,1.0,25.555555555555557,False,circle,360.0,1.0,True,True,9.127718333955302,261.74255214906503,261.688888888889,18.255436667910633,18.25543666791058
r574_svd_normalised_tr050_tid4_010,r574,4,10,False,260,ellipse,151.30915936473139,122.73581845098403,15.292164648712479,2.2062745044158616,4.580250578024367,4.250987674945115,-82.2766587340891,0.37229993814117385,1.0,15.222222222222221,False,ellipse,360.0,1.0,True,True,7.060078414130757,156.5917660028158,155.87555555555556,14.656801849677976,13.603160559824369
r574_svd_normalised_tr050_tid4_010,r574,4,10,False,261,circle,172.01805351753234,250.888875183923,171.73648303028276,7.3936067224984185,14.787213444996837,14.787213444996837,,0.0,1.0,65.44444444444444,True,circle,159.0,0.44166666666666665,True,True,23.65954151199494,1758.5815862300958,670.1511111111113,47.31908302398988,47.31908302398988
r574_svd_normalised_tr050_tid4_010,r574,4,10,False,262,circle,352.552380952381,91.53571428571429,15.555555555555586,2.2251937260415176,4.450387452083035,4.450387452083034,,2.1073424255447017e-08,1.0,15.666666666666666,False,circle,360.0,1.0,True,True,7.120619923332857,159.28888888888923,160.4266666666667,14.241239846665714,14.24123984666571
r574_svd_normalised_tr050_tid4_010,r574,4,10,False,263,circle,218.56357639531916,131.0403195788288,10.738680433977764,1.8488450845605107,3.6976901691210218,3.6976901691210213,,1.4901161193847656e-08,1.0,10.777777777777779,False,circle,360.0,1.0,True,True,5.916304270593635,109.96408764393233,110.36444444444447,11.83260854118727,11.83260854118727
r574_svd_normalised_tr050_tid4_010,r574,4,10,False,264,ellipse,190.73843248347492,83.60245514636449,39.22222222222229,3.5333866320332006,7.474456031004565,6.681326929822325,-86.74291051578206,0.44829025557149477,1.0,39.0,False,ellipse,360.0,1.0,True,True,11.306837222506243,401.6355555555564,399.36000000000007,23.91825929921461,21.38024617543144
r574_svd_normalised_tr050_tid4_010,r574,4,10,False,265,circle,157.87972508591065,141.0635738831615,21.55555555555578,2.6194171938653334,5.238834387730667,5.238834387730667,,0.0,1.0,21.666666666666668,False,circle,360.0,1.0,True,True,8.382135020369068,220.72888888889125,221.86666666666673,16.764270040738136,16.764270040738136
r574_svd_normalised_tr050_tid4_010,r574,4,10,False,266,circle,362.55717761557173,45.2992700729927,15.222222222222388,2.2012232560601337,4.40244651212029,4.402446512120246,,1.4057727354849284e-07,1.0,15.11111111111111,False,circle,360.0,1.0,True,True,7.043914419392428,155.8755555555573,154.7377777777778,14.087828838784928,14.087828838784787
r574_svd_normalised_tr050_tid4_010,r574,4,10,False,267,circle,141.97435897435898,16.69230769230769,10.111111111111185,1.7940085359243592,3.588017071848726,3.5880170718487108,,9.18569267238524e-08,1.0,10.333333333333334,False,circle,360.0,1.0,True,True,5.74082731495795,103.53777777777856,105.81333333333336,11.481654629915923,11.481654629915875
r574_svd_normalised_tr050_tid4_010,r574,4,10,False,268,circle,323.6389972572628,207.18337156777955,93.459172026756,5.454262407573366,10.908524815146734,10.908524815146732,,1.4901161193847656e-08,1.0,93.55555555555556,False,circle,360.0,1.0,True,True,17.45363970423477,957.0219215539815,958.0088888888891,34.90727940846955,34.90727940846954
r574_svd_normalised_tr050_tid4_010,r574,4,10,False,269,circle,264.1676254078725,97.71919501049261,18.095652328863725,2.4000052152489295,4.800010430497891,4.800010430497826,,1.645887049613485e-07,1.0,18.0,False,circle,360.0,1.0,True,True,7.680016688796575,185.29947984756458,184.32000000000005,15.360033377593252,15.360033377593044
r574_svd_normalised_tr050_tid4_010,r574,4,10,False,270,ellipse,286.89153283566657,195.08327967175615,21.907682837316305,2.640725663619138,5.520252561496014,5.052980422770298,8.917954505134816,0.40265203331190424,1.0,21.77777777777778,False,ellipse,360.0,1.0,True,True,8.450322123581243,224.334672254119,223.0044444444445,17.664808196787245,16.169537352864953
r574_svd_normalised_tr050_tid4_010,r574,4,10,False,271,circle,127.48220064724919,91.99676375404526,11.444444444444406,1.9086329685269021,3.8172659370538047,3.817265937053804,,2.1073424255447017e-08,1.0,11.555555555555555,False,circle,360.0,1.0,True,True,6.107625499286087,117.19111111111073,118.32888888888891,12.215250998572175,12.215250998572174
r574_svd_normalised_tr050_tid4_010,r574,4,10,False,272,circle,355.0252100840336,112.72549019607843,13.222222222222168,2.0515272483328917,4.103054496665815,4.103054496665751,,1.7631291696726132e-07,1.0,13.11111111111111,False,circle,360.0,1.0,True,True,6.564887194665253,135.39555555555503,134.2577777777778,13.12977438933061,13.129774389330406
r574_svd_normalised_tr050_tid4_010,r574,4,10,False,273,circle,199.1648990411663,95.1220407502156,42.18918827233213,3.66459216245854,7.329184324917094,7.329184324917065,,8.815645848363066e-08,1.0,42.44444444444444,False,circle,360.0,1.0,True,True,11.726694919867327,432.0172879086811,434.6311111111112,23.4533898397347,23.453389839734612
r574_svd_normalised_tr050_tid4_010,r574,4,10,False,274,circle,327.68274853801165,120.50730994152049,25.333333333333066,2.8396919639265947,5.679383927853217,5.679383927853161,,1.4057727354849284e-07,1.0,25.333333333333332,False,circle,360.0,1.0,True,True,9.087014284565104,259.4133333333306,259.41333333333336,18.174028569130297,18.174028569130115
r574_svd_normalised_tr050_tid4_010,r574,4,10,False,275,circle,273.38532110091745,38.874617737003064,12.11111111111129,1.963437393791072,3.9268747875821663,3.926874787582122,,1.5049435106459375e-07,1.0,12.11111111111111,False,circle,360.0,1.0,True,True,6.282999660131431,124.01777777777963,124.0177777777778,12.565999320262932,12.56599932026279
r574_svd_normalised_tr050_tid4_010,r574,4,10,False,276,circle,398.6870846362997,126.69767050384073,89.47784701131592,5.336823333982736,10.6736466679655,10.673646667965443,,1.0323827311807139e-07,1.0,53.0,True,circle,197.00000000000003,0.5472222222222223,True,True,17.077834668744753,916.2531533958752,542.7200000000001,34.1556693374896,34.15566933748942
r574_svd_normalised_tr050_tid4_010,r574,4,10,False,277,ellipse,7.1434515117858615,144.689455104213,70.4602690983537,4.735842083217749,9.945327484130255,9.020597973456331,-18.341830218307223,0.4210903510377266,1.0,70.66666666666667,False,ellipse,360.0,1.0,True,True,15.154694666296798,721.5131555671421,723.6266666666669,31.825047949216817,28.86591351506026
r574_svd_normalised_tr050_tid4_010,r574,4,10,False,278,circle,207.36398467432952,6.875478927203066,19.333333333333428,2.480723913071878,4.96144782614377,4.961447826143742,,1.0745380149674383e-07,1.0,19.22222222222222,False,circle,360.0,1.0,True,True,7.93831652183001,197.97333333333435,196.83555555555557,15.876633043660064,15.876633043659973
r574_svd_normalised_tr050_tid4_010,r574,4,10,False,279,circle,355.84466645471457,211.02308219604527,292.1232781066378,9.642910733059791,19.285821466119604,19.28582146611956,,6.664001874625056e-08,1.0,292.1111111111111,False,circle,360.0,1.0,True,True,30.857314345791334,2991.342367811972,2991.217777777778,61.71462869158273,61.7146286915826
r574_svd_normalised_tr050_tid4_010,r574,4,10,False,280,circle,294.3100983020554,143.6899016979446,41.444444444444514,3.63210357700074,7.264207154001501,7.2642071540014586,,1.0848209096909341e-07,1.0,41.22222222222222,False,circle,360.0,1.0,True,True,11.62273144640237,424.3911111111119,422.1155555555556,23.245462892804806,23.245462892804667
r574_svd_normalised_tr050_tid4_010,r574,4,10,False,281,circle,359.5743322857576,174.80827140009467,83.7901176941194,5.164418924384579,10.328837848769183,10.328837848769133,,9.771344846937061e-08,1.0,83.77777777777777,False,circle,360.0,1.0,True,True,16.526140558030654,858.0108051877828,857.8844444444445,33.05228111606139,33.05228111606123
r574_svd_normalised_tr050_tid4_010,r574,4,10,False,282,ellipse,86.88800354416432,38.383314159296916,19.975225388209626,2.5215692970482833,5.232636414952446,4.860503360522026,-79.54334502634748,0.3703750374506458,1.0,20.444444444444443,False,ellipse,360.0,1.0,True,True,8.069021750554507,204.54630797526661,209.35111111111112,16.744436527847828,15.553610753670483
r574_svd_normalised_tr050_tid4_010,r574,4,10,False,283,circle,382.034188034188,134.80056980056978,12.99999999999988,2.0342144725641003,4.0684289451282405,4.068428945128161,,1.9824705564454303e-07,1.0,12.88888888888889,False,circle,360.0,1.0,True,True,6.509486312205121,133.11999999999878,131.98222222222225,13.01897262441037,13.018972624410114
r574_svd_normalised_tr050_tid4_010,r574,4,10,False,284,ellipse,253.7323308270677,189.33182957393478,73.88888888888891,4.849697290807848,10.297247868207789,9.136252370921127,69.87132710678779,0.46128530090587677,1.0,73.66666666666667,False,ellipse,360.0,1.0,True,True,15.519031330585115,756.6222222222226,754.3466666666668,32.95119317826492,29.236007586947608
r574_svd_normalised_tr050_tid4_010,r574,4,10,False,285,ellipse,234.7023439838104,107.57874797845807,29.162711169254553,3.046765378741228,6.420411128293179,5.7832927440981114,67.19366768565513,0.4343032307205394,1.0,29.444444444444443,False,ellipse,360.0,1.0,True,True,9.74964921197193,298.62616237316666,301.5111111111112,20.545315610538175,18.506536781113958
r574_svd_normalised_tr050_tid4_010,r574,4,10,False,286,ellipse,139.8560030162657,156.73499276302584,14.352135601478418,2.1373878098746903,4.4422461716375725,4.113618627413292,-83.37901146807587,0.3774690216939377,1.0,14.222222222222221,False,ellipse,360.0,1.0,True,True,6.839640991599009,146.96586855913904,145.63555555555558,14.215187749240233,13.163579607722534
r574_svd_normalised_tr050_tid4_010,r574,4,10,False,287,ellipse,20.425595752825103,215.43759003346477,375.19738106782535,10.92835923934402,23.389343305250392,20.424521390875757,5.040473201406854,0.48728950623436296,1.0,375.3333333333333,False,ellipse,360.0,1.0,True,True,34.97074956590087,3842.0211821345324,3843.413333333334,74.84589857680126,65.35846845080242
r574_svd_normalised_tr050_tid4_010,r574,4,10,False,288,circle,395.6324200913241,113.2716894977169,16.222222222222307,2.2723762252769113,4.544752450553846,4.544752450553799,,1.4370159448672764e-07,1.0,15.88888888888889,False,circle,360.0,1.0,True,True,7.2716039208861165,166.11555555555645,162.70222222222225,14.543207841772308,14.543207841772157
r574_svd_normalised_tr050_tid4_010,r574,4,10,False,289,ellipse,348.8136704119851,119.11610486891385,39.55555555555548,3.548369257394934,7.438531956598169,6.770650155321038,-47.590583944640485,0.4141399359426333,1.0,39.44444444444444,False,ellipse,360.0,1.0,True,True,11.35478162366379,405.0488888888882,403.91111111111115,23.80330226111414,21.666080497027323
r574_svd_normalised_tr050_tid4_010,r574,4,10,False,290,ellipse,185.5457227138643,138.81415929203538,12.555555555555596,1.999139179712899,4.303563660451924,3.7146493233874716,86.01812352010694,0.5049363379655701,1.0,12.444444444444445,False,ellipse,360.0,1.0,True,True,6.397245375081277,128.56888888888932,127.43111111111114,13.771403713446157,11.88687783483991
r574_svd_normalised_tr050_tid4_010,r574,4,10,False,291,circle,178.91950673606178,205.85416035624192,69.75497308598977,4.712079959397419,9.42415991879484,9.424159918794839,,2.1073424255447017e-08,1.0,69.77777777777777,False,circle,360.0,1.0,True,True,15.078655870071742,714.2909244005355,714.5244444444445,30.15731174014349,30.157311740143484
r574_svd_normalised_tr050_tid4_010,r574,4,10,False,292,circle,121.85318005254807,221.59615655734294,35.727064965707754,3.372280828002812,6.744561656005636,6.7445616560056125,,8.296615425989064e-08,1.0,35.666666666666664,False,circle,360.0,1.0,True,True,10.791298649608999,365.8451452488475,365.2266666666667,21.582597299218037,21.582597299217962
r574_svd_normalised_tr050_tid4_010,r574,4,10,False,293,circle,104.69066147859922,230.89461738002592,114.22222222222234,6.029764718064482,12.059529436128974,12.059529436128953,,5.960464477539063e-08,1.0,114.0,False,circle,360.0,1.0,True,True,19.295247097806342,1169.635555555557,1167.3600000000001,38.59049419561272,38.59049419561265
r574_svd_normalised_tr050_tid4_010,r574,4,10,False,294,circle,26.51164590207713,153.42859291046346,77.15382949755703,4.955686298184235,9.911372596368475,9.911372596368466,,4.2146848510894035e-08,1.0,77.55555555555556,False,circle,360.0,1.0,True,True,15.858196154189551,790.0552140549842,794.1688888888891,31.71639230837912,31.716392308379092
r574_svd_normalised_tr050_tid4_010,r574,4,10,False,295,ellipse,158.56879768481977,232.19534333070246,281.5555555555558,9.466885276758292,19.91684229601897,17.999222067690276,54.66281502648184,0.42812682730167295,1.0,281.8888888888889,False,ellipse,360.0,1.0,True,True,30.294032885626535,2883.128888888892,2886.5422222222232,63.733895347260706,57.597510616608886
r574_svd_normalised_tr050_tid4_010,r574,4,10,False,296,ellipse,370.98463356974,140.10401891252954,31.33333333333349,3.1581180736464174,6.582340035619371,6.060890025808989,-70.90005464820212,0.39008122396080724,1.0,31.11111111111111,False,ellipse,360.0,1.0,True,True,10.105977835668536,320.853333333335,318.57777777777784,21.06348811398199,19.394848082588766
r574_svd_normalised_tr050_tid4_010,r574,4,10,False,297,circle,17.35666560868079,49.241041015937626,10.715411426468386,1.846840922107706,3.693681844215415,3.6936818442154093,,5.5755039852469285e-08,1.0,10.666666666666666,False,circle,360.0,1.0,True,True,5.90989095074466,109.7258130070363,109.22666666666669,11.819781901489328,11.81978190148931
r574_svd_normalised_tr050_tid4_010,r574,4,10,False,298,ellipse,339.0589569160998,69.90022675736961,16.33333333333329,2.2801450555469565,4.754965802768448,4.3735847448645995,64.2159149684673,0.3924036822077837,1.0,15.88888888888889,False,ellipse,360.0,1.0,True,True,7.296464177750261,167.2533333333329,162.70222222222225,15.215890568859033,13.99547118356672
r574_svd_normalised_tr050_tid4_010,r574,4,10,False,299,circle,392.51214128035315,93.99558498896246,16.777777777777704,2.3109592239720187,4.621918447944052,4.621918447944022,,1.1250129990683123e-07,1.0,16.77777777777778,False,circle,360.0,1.0,True,True,7.3950695167104605,171.80444444444373,171.8044444444445,14.790139033420965,14.790139033420871
r574_svd_normalised_tr050_tid4_010,r574,4,10,False,300,circle,222.9754601226994,140.23108384458078,36.222222222222356,3.3955693827220745,6.791138765444149,6.791138765444149,,0.0,1.0,36.333333333333336,False,circle,360.0,1.0,True,True,10.865822024710639,370.915555555557,372.05333333333346,21.731644049421277,21.731644049421277
r574_svd_normalised_tr050_tid4_010,r574,4,10,False,301,ellipse,127.87301587301587,96.55661375661377,35.000000000000014,3.337790589062273,7.076570572130093,6.297313594417648,-87.97181140008246,0.4561905519704067,1.0,35.0,False,ellipse,360.0,1.0,True,True,10.680929884999275,358.4000000000002,358.4000000000001,22.645025830816298,20.151403502136475
r574_svd_normalised_tr050_tid4_010,r574,4,10,False,302,ellipse,203.2479871175523,151.1143317230274,23.00000000000012,2.7057581899030123,5.6423786023148335,5.190100061150573,9.876903096976946,0.3922876976345822,1.0,22.88888888888889,False,ellipse,360.0,1.0,True,True,8.65842620768964,235.5200000000013,234.38222222222228,18.055611527407468,16.608320195681834
r574_svd_normalised_tr050_tid4_010,r574,4,10,False,303,ellipse,109.62575563953098,43.99294440746809,28.840313568070048,3.0298773786008586,6.3196423013011245,5.810554769827493,79.89818657197233,0.3932218672117567,1.0,28.88888888888889,False,ellipse,360.0,1.0,True,True,9.695607611522748,295.32481093703734,295.8222222222223,20.2228553641636,18.593775263447977
r574_svd_normalised_tr050_tid4_010,r574,4,10,False,304,ellipse,52.23730583737117,103.02780541801418,17.826663012014148,2.3821005592524878,5.020642966219888,4.5208576770503575,-3.4013699280969263,0.43495140488790546,1.0,17.88888888888889,False,ellipse,360.0,1.0,True,True,7.6227217896079615,182.5450292430249,183.18222222222226,16.066057491903642,14.466744566561145
r574_svd_normalised_tr050_tid4_010,r574,4,10,False,305,circle,168.9409280734624,106.24966787696023,11.553486155703798,1.9177040603930726,3.8354081207861452,3.835408120786145,,1.4901161193847656e-08,1.0,11.555555555555555,False,circle,360.0,1.0,True,True,6.136652993257833,118.30769823440691,118.32888888888891,12.273305986515666,12.273305986515664
r574_svd_normalised_tr050_tid4_010,r574,4,10,False,306,circle,261.32738095238096,145.98044217687072,43.5555555555557,3.7234612837467114,7.446922567493442,7.446922567493403,,1.021572142899192e-07,1.0,43.55555555555556,False,circle,360.0,1.0,True,True,11.915076107989478,446.00888888889045,446.008888888889,23.830152215979016,23.83015221597889
r574_svd_normalised_tr050_tid4_010,r574,4,10,False,307,circle,194.78531073446328,64.91186440677966,65.55555555555549,4.568039122818897,9.136078245637794,9.136078245637792,,2.1073424255447017e-08,1.0,65.55555555555556,False,circle,360.0,1.0,True,True,14.61772519302047,671.2888888888883,671.288888888889,29.23545038604094,29.235450386040938
r574_svd_normalised_tr050_tid4_010,r574,4,10,False,308,ellipse,115.0505617977528,45.262172284644194,19.777777777777818,2.5090759640578364,5.533765846287201,4.5505808292460435,88.86934138401764,0.5690110899565682,1.0,20.0,False,ellipse,360.0,1.0,True,True,8.029043084985076,202.5244444444449,204.80000000000004,17.708050708119043,14.56185865358734
r574_svd_normalised_tr050_tid4_010,r574,4,10,False,309,circle,160.75802377137643,164.81417539589532,18.449477051516496,2.4233553062682893,4.846710612536579,4.846710612536579,,0.0,1.0,18.333333333333332,False,circle,360.0,1.0,True,True,7.754736980058526,188.92264500752896,187.73333333333335,15.509473960117052,15.509473960117052
r574_svd_normalised_tr050_tid4_010,r574,4,10,False,310,circle,121.27219415716363,190.7187634184838,176.47434974463823,7.494900278294186,14.989800556588373,14.98980055658837,,1.4901161193847656e-08,1.0,176.77777777777777,False,circle,360.0,1.0,True,True,23.983680890541397,1807.097341385096,1810.2044444444448,47.96736178108279,47.967361781082786
r574_svd_normalised_tr050_tid4_010,r574,4,10,False,311,circle,183.27155727155724,73.18146718146718,28.777777777777803,3.026590684097682,6.053181368195364,6.0531813681953635,,1.4901161193847656e-08,1.0,29.0,False,circle,360.0,1.0,True,True,9.685090189112584,294.68444444444475,296.96000000000004,19.370180378225168,19.370180378225164
r574_svd_normalised_tr050_tid4_010,r574,4,10,False,312,circle,374.2014133118373,40.36925946584052,10.810384210697674,1.8550073228184907,3.7100146456369885,3.7100146456369743,,8.815645848363066e-08,1.0,11.0,False,circle,360.0,1.0,True,True,5.93602343301917,110.6983343175442,112.64000000000001,11.872046866038364,11.872046866038318
r574_svd_normalised_tr050_tid4_010,r574,4,10,False,313,ellipse,358.1323445726041,2.4291955814804833,115.91461952527104,6.074271096035015,13.146956806742773,11.225949819566736,-25.341976800217623,0.5204666405297612,1.0,90.0,True,ellipse,235.0,0.6527777777777778,True,True,19.43766750731205,1186.9657039387757,921.6000000000001,42.070261781576875,35.923039422613556
r574_svd_normalised_tr050_tid4_010,r574,4,10,False,314,ellipse,356.00416666666666,147.09583333333336,17.77777777777779,2.3788321548703624,4.9383493860040995,4.583590166449575,20.656110889733014,0.3721754675703494,1.0,17.666666666666668,False,ellipse,360.0,1.0,True,True,7.61226289558516,182.0444444444446,180.90666666666672,15.802718035213118,14.667488532638641
r574_svd_normalised_tr050_tid4_010,r574,4,10,False,315,ellipse,97.27491298782347,164.0537704052498,45.14352755422015,3.7907296286755447,8.006658957724884,7.178840109758744,85.39885111174681,0.4428237033984292,1.0,44.888888888888886,False,ellipse,360.0,1.0,True,True,12.130334811761744,462.2697221552144,459.6622222222223,25.62130866471963,22.972288351227984
r574_svd_normalised_tr050_tid4_010,r574,4,10,False,316,circle,179.40280121778906,146.1033476661807,13.804860960032185,2.096240377669245,4.192480755338491,4.19248075533849,,2.1073424255447017e-08,1.0,13.666666666666666,False,circle,360.0,1.0,True,True,6.707969208541584,141.3617762307296,139.9466666666667,13.415938417083172,13.415938417083169
r574_svd_normalised_tr050_tid4_010,r574,4,10,False,317,ellipse,314.6010752688172,190.8494623655914,68.8888888888892,4.6827357796004385,9.959610212457907,8.806776134319644,-75.20290870529408,0.46701559975577045,1.0,68.44444444444444,False,ellipse,360.0,1.0,True,True,14.984754494721404,705.4222222222255,700.8711111111112,31.870752679865305,28.181683629822864
r574_svd_normalised_tr050_tid4_010,r574,4,10,False,318,ellipse,91.63306688047882,63.22083751607019,29.10358590260564,3.0436752645771157,6.385157783525871,5.803433168151429,62.23063037301284,0.41702667768440854,1.0,29.11111111111111,False,ellipse,360.0,1.0,True,True,9.73976084664677,298.0207196426818,298.0977777777778,20.43250490728279,18.570986138084574
r574_svd_normalised_tr050_tid4_010,r574,4,10,False,319,ellipse,133.6420581655481,159.22595078299778,16.555555555555458,2.295603843131101,4.8205645616518655,4.372763345206585,-68.4587686890477,0.42090211316818643,1.0,16.444444444444443,False,ellipse,360.0,1.0,True,True,7.345932298019524,169.5288888888879,168.39111111111112,15.42580659728597,13.992842704661072
r574_svd_normalised_tr050_tid4_010,r574,4,10,False,320,circle,145.12612612612614,199.42492492492494,24.666666666666828,2.8020784891219988,5.6041569782439975,5.604156978243997,,1.4901161193847656e-08,1.0,24.333333333333332,False,circle,360.0,1.0,True,True,8.966651165190397,252.58666666666838,249.17333333333337,17.933302330380794,17.93330233038079
r574_svd_normalised_tr050_tid4_010,r574,4,10,False,321,circle,258.82467605670985,134.44001545409546,67.1013532785813,4.621582426494581,9.243164852989164,9.243164852989162,,2.1073424255447017e-08,1.0,67.33333333333333,False,circle,360.0,1.0,True,True,14.78906376478266,687.1178575726726,689.4933333333335,29.578127529565325,29.57812752956532
r574_svd_normalised_tr050_tid4_010,r574,4,10,False,322,circle,298.6979166666667,109.875,10.666666666666714,1.8426354638471265,3.6852709276942637,3.685270927694243,,1.0641557616804317e-07,1.0,10.777777777777779,False,circle,360.0,1.0,True,True,5.896433484310805,109.22666666666717,110.36444444444447,11.792866968621645,11.792866968621578
r574_svd_normalised_tr050_tid4_010,r574,4,10,False,323,circle,95.55121042830541,91.24581005586592,19.888888888888847,2.516114059128534,5.032228118257069,5.032228118257067,,2.5809568279517847e-08,1.0,19.77777777777778,False,circle,360.0,1.0,True,True,8.05156498921131,203.66222222222183,202.5244444444445,16.103129978422622,16.103129978422615
r574_svd_normalised_tr050_tid4_010,r574,4,10,False,324,ellipse,338.38416626850415,223.67028995862668,77.82891844620686,4.977319978906282,10.672632109199608,9.284950111253307,-58.1047777734496,0.4930913697050521,1.0,78.22222222222223,False,ellipse,360.0,1.0,True,True,15.927423932500103,796.9681248891584,800.9955555555558,34.15242274943875,29.711840356010583
r574_svd_normalised_tr050_tid4_010,r574,4,10,False,325,ellipse,362.7012362088582,229.3933947072547,766.8479033917413,15.623548535748967,33.191937018820994,29.416212583253948,-85.78125871462117,0.463215391713417,1.0,766.6666666666666,False,ellipse,360.0,1.0,True,True,49.9953553143967,7852.522530731432,7850.666666666668,106.21419846022718,94.13188026641264
r574_svd_normalised_tr050_tid4_010,r574,4,10,False,326,ellipse,175.97939214614902,204.77940882567057,19.776947273398882,2.5090232832037307,5.268465662429338,4.779530314148924,-69.29711015165591,0.4207085038417113,1.0,19.666666666666668,False,ellipse,360.0,1.0,True,True,8.028874506251938,202.5159400796046,201.3866666666667,16.85909011977388,15.294497005276558
r574_svd_normalised_tr050_tid4_010,r574,4,10,False,327,ellipse,27.709731543624162,45.11409395973155,66.22222222222217,4.591207686262214,9.554674787879199,8.82465954576862,-3.4431892816251093,0.38336719157659255,1.0,66.11111111111111,False,ellipse,360.0,1.0,True,True,14.691864596039085,678.1155555555551,676.977777777778,30.574959321213438,28.238910546459586
r574_svd_normalised_tr050_tid4_010,r574,4,10,False,328,circle,201.73145539906105,18.68262910798122,39.44444444444459,3.543382088019017,7.08676417603804,7.08676417603803,,5.1619136559035694e-08,1.0,39.44444444444444,False,circle,360.0,1.0,True,True,11.338822681660856,403.9111111111127,403.91111111111115,22.67764536332173,22.677645363321698
r574_svd_normalised_tr050_tid4_010,r574,4,10,False,329,circle,83.63626126126125,130.12725225225225,32.88888888888896,3.235561539970084,6.471123079940169,6.471123079940167,,2.1073424255447017e-08,1.0,33.111111111111114,False,circle,360.0,1.0,True,True,10.35379692790427,336.78222222222297,339.05777777777786,20.70759385580854,20.707593855808536
r574_svd_normalised_tr050_tid4_010,r574,4,10,False,330,ellipse,289.12100456621005,151.60578386605786,48.66666666666668,3.9358710760911806,8.740027458037057,7.089717373080348,-10.66143175003242,0.5847994249772843,1.0,48.77777777777778,False,ellipse,360.0,1.0,True,True,12.594787443491779,498.34666666666686,499.48444444444453,27.968087865718584,22.687095593857116
r574_svd_normalised_tr050_tid4_010,r574,4,10,False,331,ellipse,14.229624542124546,239.72000915750914,323.5555555555551,10.14844481006927,22.746271118487957,18.111264308163783,-83.56132665762479,0.6049939893977277,1.0,323.8888888888889,False,ellipse,360.0,1.0,True,True,32.475023392221665,3313.2088888888848,3316.622222222223,72.78806757916146,57.95604578612411
r574_svd_normalised_tr050_tid4_010,r574,4,10,False,332,circle,71.39136904761905,195.5342261904762,24.88888888888896,2.814672163763172,5.629344327526345,5.6293443275263435,,2.5809568279517847e-08,1.0,24.88888888888889,False,circle,360.0,1.0,True,True,9.006950924042151,254.862222222223,254.86222222222227,18.013901848084306,18.0139018480843
r574_svd_normalised_tr050_tid4_010,r574,4,10,False,333,circle,347.45726495726495,68.73504273504274,17.333333333333197,2.3489085466486337,4.697817093297305,4.697817093297229,,1.7943374184954607e-07,1.0,17.444444444444443,False,circle,360.0,1.0,True,True,7.516507349275628,177.49333333333198,178.63111111111112,15.033014698551376,15.033014698551135
r574_svd_normalised_tr050_tid4_010,r574,4,10,False,334,ellipse,332.39800995024876,230.69320066334993,22.333333333333663,2.6662559500989578,5.544121515985036,5.128979060752091,-73.16732221741609,0.37967424251698584,1.0,22.22222222222222,False,ellipse,360.0,1.0,True,True,8.532019040316666,228.69333333333674,227.5555555555556,17.741188851152113,16.412732994406692
r574_svd_normalised_tr050_tid4_010,r574,4,10,False,335,circle,137.8719315159348,35.645644974133184,135.297708236278,6.562514617859328,13.125029235718658,13.125029235718655,,2.1073424255447017e-08,1.0,135.44444444444446,False,circle,360.0,1.0,True,True,21.00004677714985,1385.448532339487,1386.9511111111115,42.00009355429971,42.000093554299696
r574_svd_normalised_tr050_tid4_010,r574,4,10,False,336,ellipse,114.55962916139906,167.03961230509904,87.88888888888877,5.289225105725981,11.033294377256517,10.14235685642908,73.62488750770973,0.39367406676757,1.0,88.33333333333333,False,ellipse,360.0,1.0,True,True,16.92552033832314,899.9822222222213,904.5333333333334,35.306542007220855,32.455541940573056
r574_svd_normalised_tr050_tid4_010,r574,4,10,False,337,ellipse,58.36148148148148,139.65777777777777,74.99999999999982,4.886025119029193,10.153324117327285,9.405093814760844,-83.41395880903866,0.3767699498122984,1.0,75.33333333333333,False,ellipse,360.0,1.0,True,True,15.635280380893418,767.9999999999983,771.4133333333334,32.49063717544731,30.096300207234705
r574_svd_normalised_tr050_tid4_010,r574,4,10,False,338,ellipse,19.266170697559243,238.99555617379912,161.16085644028288,7.162338575548399,14.891444520697274,13.77948090918628,53.72666108229612,0.3791659375195561,1.0,161.44444444444446,False,ellipse,360.0,1.0,True,True,22.919483441754878,1650.287169948497,1653.1911111111115,47.65262246623128,44.0943389093961
r574_svd_normalised_tr050_tid4_010,r574,4,10,False,339,circle,315.58920187793433,139.60563380281684,15.777777777777985,2.2410316036766758,4.48206320735338,4.482063207353322,,1.6049041769309353e-07,1.0,15.666666666666666,False,circle,360.0,1.0,True,True,7.171301131765363,161.5644444444466,160.4266666666667,14.342602263530816,14.342602263530631
r574_svd_normalised_tr050_tid4_010,r574,4,10,False,340,circle,173.29166666666666,98.58333333333333,20.444444444444507,2.5510132857752748,5.102026571550552,5.102026571550547,,4.470348358154297e-08,1.0,20.444444444444443,False,circle,360.0,1.0,True,True,8.16324251448088,209.35111111111178,209.35111111111112,16.326485028961766,16.326485028961752
r574_svd_normalised_tr050_tid4_010,r574,4,10,False,341,ellipse,371.6372266282143,237.39209324681565,308.22222222222257,9.90505832768645,21.20598670358859,18.506128829792765,-17.59464985196783,0.48828510693917215,1.0,308.55555555555554,False,ellipse,360.0,1.0,True,True,31.696186648596644,3156.1955555555596,3159.6088888888894,67.85915745148348,59.21961225533685
r574_svd_normalised_tr050_tid4_010,r574,4,10,False,342,ellipse,189.14276228419652,203.93426294820716,111.55555555555551,5.958962677518497,12.561151927488268,11.307636878223429,7.671947069810756,0.43546223636035586,1.0,111.66666666666667,False,ellipse,360.0,1.0,True,True,19.06868056805919,1142.3288888888887,1143.466666666667,40.195686167962464,36.18443801031497
r574_svd_normalised_tr050_tid4_010,r574,4,10,False,343,ellipse,126.56896551724138,124.1558908045977,51.55555555555567,4.051005186497671,8.582721966807988,7.648223062331975,-89.64921408069085,0.453770499088918,1.0,51.111111111111114,False,ellipse,360.0,1.0,True,True,12.963216596792547,527.9288888888901,523.377777777778,27.46471029378556,24.474313799462323
r574_svd_normalised_tr050_tid4_010,r574,4,10,False,344,ellipse,8.984234234234233,69.05180180180179,16.44444444444443,2.287887505859232,4.747603573548323,4.4101653883916025,10.887672136504193,0.3702691307995013,1.0,16.333333333333332,False,ellipse,360.0,1.0,True,True,7.321240018749542,168.39111111111097,167.25333333333336,15.192331435354635,14.112529242853128
r574_svd_normalised_tr050_tid4_010,r574,4,10,False,345,ellipse,378.86425339366514,111.41176470588235,24.555555555555298,2.7957603785139664,5.87173635254495,5.3246778293652754,-80.2706690696657,0.4214924746982064,1.0,24.77777777777778,False,ellipse,360.0,1.0,True,True,8.946433211244694,251.4488888888863,253.72444444444452,18.789556328143842,17.03896905396888
r574_svd_normalised_tr050_tid4_010,r574,4,10,False,346,ellipse,247.06814814814817,148.38222222222223,25.000000000000167,2.820947917738791,5.877239036921995,5.415976518635812,-43.132922364130366,0.38833768485251435,1.0,25.11111111111111,False,ellipse,360.0,1.0,True,True,9.027033336764132,256.00000000000176,257.13777777777784,18.807164918150384,17.3311248596346
r574_svd_normalised_tr050_tid4_010,r574,4,10,False,347,circle,127.84253578732108,113.02658486707568,18.11111111111123,2.401030136512202,4.802060273024413,4.802060273024395,,8.560065398421926e-08,1.0,18.11111111111111,False,circle,360.0,1.0,True,True,7.683296436839047,185.45777777777906,185.4577777777778,15.366592873678123,15.366592873678066
r574_svd_normalised_tr050_tid4_010,r574,4,10,False,348,circle,8.720779220779221,43.91774891774892,17.111111111111118,2.33380286876505,4.6676057375301,4.667605737530099,,2.1073424255447017e-08,1.0,17.11111111111111,False,circle,360.0,1.0,True,True,7.468169180048161,175.21777777777788,175.2177777777778,14.936338360096322,14.936338360096318
r574_svd_normalised_tr050_tid4_010,r574,4,10,False,349,circle,158.97913490702922,16.755066993498694,13.03849717037023,2.037224226811625,4.074448453623258,4.074448453623243,,8.560065398421926e-08,1.0,13.222222222222221,False,circle,360.0,1.0,True,True,6.519117525797201,133.51421102459116,135.39555555555557,13.038235051594427,13.038235051594379
r574_svd_normalised_tr050_tid4_010,r574,4,10,False,350,circle,376.5625185174104,55.14777836655726,16.207544113109627,2.27134795264017,4.542695905280368,4.542695905280311,,1.5840151626966372e-07,1.0,16.444444444444443,False,circle,360.0,1.0,True,True,7.268313448448544,165.9652517182426,168.39111111111112,14.536626896897179,14.536626896896998
r574_svd_normalised_tr050_tid4_010,r574,4,10,False,351,circle,235.19212962962962,232.5509259259259,15.999999999999948,2.2567583341910216,4.513516668382044,4.513516668382042,,2.9802322387695312e-08,1.0,16.11111111111111,False,circle,360.0,1.0,True,True,7.221626669411269,163.8399999999995,164.97777777777782,14.443253338822542,14.443253338822537
r574_svd_normalised_tr050_tid4_010,r574,4,10,False,352,circle,54.391484942886805,126.25856697819316,35.666666666666664,3.3694291218575687,6.738858243715139,6.7388582437151365,,2.9802322387695312e-08,1.0,35.666666666666664,False,circle,360.0,1.0,True,True,10.78217318994422,365.2266666666667,365.2266666666667,21.56434637988845,21.564346379888438
r574_svd_normalised_tr050_tid4_010,r574,4,10,False,353,ellipse,92.37209302325581,119.50387596899223,9.555555555555564,1.7440263189848313,3.768664761153599,3.228334695793668,67.23465485092899,0.5159385514700922,1.0,9.666666666666666,False,ellipse,360.0,1.0,True,True,5.580884220751461,97.848888888889,98.98666666666668,12.059727235691518,10.330671026539738
r574_svd_normalised_tr050_tid4_010,r574,4,10,False,354,ellipse,280.31835205992513,107.48689138576779,9.888888888888946,1.7741846286974736,3.7041344270105134,3.3991542788006472,-82.50246043541196,0.3973550890208864,1.0,9.88888888888889,False,ellipse,360.0,1.0,True,True,5.677390811831916,101.26222222222283,101.26222222222225,11.853230166433644,10.877293692162072
r574_svd_normalised_tr050_tid4_010,r574,4,10,False,355,circle,67.29150362597017,158.81901379749448,15.280277696625506,2.205416843698619,4.4108336873972585,4.4108336873972185,,1.3493575361575808e-07,1.0,15.222222222222221,False,circle,360.0,1.0,True,True,7.057333899835581,156.4700436134452,155.87555555555556,14.114667799671228,14.1146677996711
r574_svd_normalised_tr050_tid4_010,r574,4,10,False,356,circle,14.9521723256663,147.50164293537787,202.8888888888887,8.036264003265318,16.072528006530653,16.072528006530618,,6.664001874625056e-08,1.0,203.11111111111111,False,circle,360.0,1.0,True,True,25.71604481044902,2077.5822222222205,2079.857777777778,51.4320896208981,51.43208962089798
r574_svd_normalised_tr050_tid4_010,r574,4,10,False,357,ellipse,45.19825072886297,60.09135082604469,38.1111111111111,3.48297910417441,7.256278758304867,6.687253257039712,-78.00629432847575,0.38818460329393356,1.0,38.55555555555556,False,ellipse,360.0,1.0,True,True,11.145533133358112,390.25777777777773,394.808888888889,23.220092026575575,21.39921042252708
r574_svd_normalised_tr050_tid4_010,r574,4,10,False,358,ellipse,54.303339882121804,235.27360838244923,282.7777777777774,9.487410724731463,21.002422289979858,17.142967799993873,40.04399856014393,0.5777162797022163,1.0,283.44444444444446,False,ellipse,360.0,1.0,True,True,30.359714319140682,2895.644444444441,2902.471111111112,67.20775132793555,54.857496959980395
r574_svd_normalised_tr050_tid4_010,r574,4,10,False,359,ellipse,324.7044444444445,148.20222222222225,16.666666666666732,2.3032943298089075,4.814314673362032,4.407825520075573,-79.12300708986004,0.4021664777136505,1.0,17.0,False,ellipse,360.0,1.0,True,True,7.370541855388504,170.66666666666737,174.08000000000004,15.405806954758503,14.105041664241833
r574_svd_normalised_tr050_tid4_010,r574,4,10,False,360,circle,294.7003367003367,109.27609427609428,10.999999999999854,1.8712051592547652,3.7424103185095414,3.7424103185095197,,1.0745380149674383e-07,1.0,11.0,False,circle,360.0,1.0,True,True,5.9878565096152485,112.63999999999854,112.64000000000001,11.975713019230533,11.975713019230463
r574_svd_normalised_tr050_tid4_010,r574,4,10,False,361,circle,397.40841445704507,91.23922541507883,22.325523528303968,2.66578972413204,5.331579448264108,5.331579448264051,,1.4600096599955427e-07,1.0,21.11111111111111,True,circle,283.0,0.7861111111111111,True,True,8.530527117222528,228.61336092983268,216.1777777777778,17.061054234445148,17.061054234444963
r574_svd_normalised_tr050_tid4_010,r574,4,10,False,362,circle,110.55243512264487,215.08531816565943,312.55555555555503,9.974443509038496,19.94888701807699,19.94888701807699,,0.0,1.0,312.6666666666667,False,circle,360.0,1.0,True,True,31.91821922892319,3200.568888888884,3201.7066666666674,63.83643845784638,63.83643845784638
r574_svd_normalised_tr050_tid4_010,r574,4,10,False,363,ellipse,193.6543231362528,101.41561563067789,16.50642432091269,2.292195028109753,4.904504377168498,4.285169422093116,-89.96971082280135,0.48642704956778005,1.0,16.666666666666668,False,ellipse,360.0,1.0,True,True,7.335024089951211,169.02578504614598,170.6666666666667,15.694414006939196,13.71254215069797
r574_svd_normalised_tr050_tid4_010,r574,4,10,False,364,ellipse,54.292081555239456,178.75106685633003,156.222222222222,7.051742889168205,14.695607483954053,13.535222093875522,-70.99799271353373,0.38947124842481406,1.0,156.22222222222223,False,ellipse,360.0,1.0,True,True,22.565577245338257,1599.7155555555537,1599.715555555556,47.02594394865297,43.312710700401674
r574_svd_normalised_tr050_tid4_010,r574,4,10,False,365,ellipse,2.5196687370600417,67.63354037267081,17.888888888888935,2.3862544261198795,4.986188276339428,4.567986502392626,-86.84958157098217,0.40088596600645965,1.0,17.444444444444443,False,ellipse,360.0,1.0,True,True,7.6360141635836145,183.18222222222275,178.63111111111112,15.95580248428617,14.617556807656403
r574_svd_normalised_tr050_tid4_010,r574,4,10,False,366,circle,224.56114795901206,6.576129976786808,22.61210315932122,2.682844755668816,5.365689511337645,5.365689511337621,,9.424321830774485e-08,1.0,22.666666666666668,False,circle,360.0,1.0,True,True,8.585103218140212,231.54793635144932,232.1066666666667,17.170206436280463,17.170206436280388
r574_svd_normalised_tr050_tid4_010,r574,4,10,False,367,ellipse,378.116354799276,215.8793313440909,17.57661045452459,2.3653348332269046,5.062976849923356,4.420173379509917,74.56384255184909,0.48765140528658346,1.0,17.77777777777778,False,ellipse,360.0,1.0,True,True,7.569071466326095,179.98449105433184,182.04444444444448,16.20152591975474,14.144554814431736
r574_svd_normalised_tr050_tid4_010,r574,4,10,False,368,circle,173.61702127659572,194.85579196217492,15.666666666666597,2.233126705663168,4.466253411326336,4.466253411326335,,2.1073424255447017e-08,1.0,15.777777777777779,False,circle,360.0,1.0,True,True,7.146005458122137,160.426666666666,161.5644444444445,14.292010916244275,14.292010916244273
r574_svd_normalised_tr050_tid4_010,r574,4,10,False,369,ellipse,232.3409961685824,90.21072796934868,9.666666666666703,1.7541367011847513,3.7930389420069215,3.244886871438513,72.86498480741244,0.5178280481464848,1.0,9.88888888888889,False,ellipse,360.0,1.0,True,True,5.6132374437912045,98.98666666666706,101.26222222222225,12.13772461442215,10.383637988603242
r574_svd_normalised_tr050_tid4_010,r574,4,10,False,370,ellipse,372.8960292580982,179.84012539184954,141.77777777777754,6.717832113698223,13.975122293191417,12.917029951092966,-55.29075148684535,0.3816971781317402,1.0,142.11111111111111,False,ellipse,360.0,1.0,True,True,21.497062763834315,1451.8044444444424,1455.217777777778,44.720391338212536,41.33449584349749
r574_svd_normalised_tr050_tid4_010,r574,4,10,False,371,ellipse,360.6962962962963,114.52592592592593,10.000000000000068,1.784124116152777,3.783860598699425,3.3649219138062447,67.84173154969437,0.45735785957441744,1.0,10.0,False,ellipse,360.0,1.0,True,True,5.709197171688887,102.40000000000072,102.40000000000002,12.10835391583816,10.767750124179983
r574_svd_normalised_tr050_tid4_010,r574,4,10,False,372,circle,107.9440389294404,146.19464720194645,15.222222222222276,2.2012232560601257,4.402446512120266,4.402446512120237,,1.1348386266624791e-07,1.0,15.0,False,circle,360.0,1.0,True,True,7.043914419392403,155.87555555555613,153.60000000000002,14.087828838784851,14.087828838784759
r574_svd_normalised_tr050_tid4_010,r574,4,10,False,373,ellipse,144.22394498342877,244.30799692529465,164.6204468188555,7.2388062337953665,16.41106382682942,12.771948544802724,-58.516078602191016,0.6279516875294698,1.0,152.44444444444446,True,ellipse,277.0,0.7694444444444445,True,True,23.164179948145176,1685.7133754250806,1561.0311111111116,52.51540424585414,40.87023534336872
r574_svd_normalised_tr050_tid4_010,r574,4,10,False,374,circle,200.65224358974362,70.82772435897436,46.22222222222234,3.8357515945010667,7.6715031890021335,7.671503189002133,,1.4901161193847656e-08,1.0,45.77777777777778,False,circle,360.0,1.0,True,True,12.274405102403414,473.3155555555569,468.76444444444456,24.548810204806827,24.548810204806827
r574_svd_normalised_tr050_tid4_010,r574,4,10,False,375,circle,348.4190948245382,5.10669819376849,25.13365567213657,2.828478579798754,5.656957159597534,5.656957159597482,,1.3493575361575808e-07,1.0,25.11111111111111,False,circle,360.0,1.0,True,True,9.051131455356012,257.3686340826785,257.13777777777784,18.10226291071211,18.102262910711943
r574_svd_normalised_tr050_tid4_010,r574,4,10,False,376,ellipse,55.38131313131312,147.57070707070704,14.666666666666638,2.1606816048095228,4.560738318504814,4.094551953064286,12.14668596925344,0.4404386755652051,1.0,15.0,False,ellipse,360.0,1.0,True,True,6.914181135390473,150.1866666666664,153.60000000000002,14.594362619215406,13.102566249805717
r574_svd_normalised_tr050_tid4_010,r574,4,10,False,377,ellipse,293.0394159114112,126.00359654196393,32.08993401849525,3.196019906864251,6.8625610544233115,5.953779158577377,-83.51383055383775,0.49730820628005373,1.0,31.77777777777778,False,ellipse,360.0,1.0,True,True,10.227263701965605,328.6009243493914,325.4044444444445,21.960195374154598,19.052093307447606
r574_svd_normalised_tr050_tid4_010,r574,4,10,False,378,circle,249.63838726963803,125.93866309651337,16.57241662172825,2.2967725287134293,4.593545057426866,4.5935450574268515,,7.884953353001448e-08,1.0,16.333333333333332,False,circle,360.0,1.0,True,True,7.349672091882974,169.70154620649734,167.25333333333336,14.699344183765971,14.699344183765925
r574_svd_normalised_tr050_tid4_010,r574,4,10,False,379,ellipse,247.141339869281,109.29738562091502,45.33333333333344,3.7986903234753435,8.328449165364134,6.9304850817489765,-87.21269045592652,0.5545567149259926,1.0,45.333333333333336,False,ellipse,360.0,1.0,True,True,12.1558090351211,464.21333333333456,464.2133333333334,26.65103732916523,22.177552261596727
r574_svd_normalised_tr050_tid4_010,r574,4,10,False,380,circle,359.4509098604718,196.44612483012543,19.304412477307,2.478867753329439,4.957735506658878,4.957735506658878,,0.0,1.0,19.11111111111111,False,circle,360.0,1.0,True,True,7.932376810654205,197.67718376762372,195.69777777777782,15.86475362130841,15.86475362130841
r574_svd_normalised_tr050_tid4_010,r574,4,10,False,381,circle,197.5267134519418,129.6090757854857,21.75432191453384,2.6314664604780376,5.262932920956075,5.262932920956074,,2.1073424255447017e-08,1.0,21.77777777777778,False,circle,360.0,1.0,True,True,8.42069267352972,222.76425640482657,223.0044444444445,16.84138534705944,16.84138534705944
r574_svd_normalised_tr050_tid4_010,r574,4,10,False,382,circle,368.44266453777203,206.30394046978736,23.47179781013015,2.7333688535343112,5.4667377070686625,5.4667377070685825,,1.7120130796843852e-07,1.0,23.444444444444443,False,circle,360.0,1.0,True,True,8.746780331309797,240.35120957573275,240.07111111111115,17.49356066261972,17.493560662619466
r574_svd_normalised_tr050_tid4_010,r574,4,10,False,383,circle,41.61904761904762,211.01831501831506,10.111111111111084,1.7940085359243503,3.5880170718487006,3.5880170718487,,1.4901161193847656e-08,1.0,10.222222222222221,False,circle,360.0,1.0,True,True,5.740827314957921,103.53777777777752,104.67555555555556,11.481654629915843,11.481654629915841
r574_svd_normalised_tr050_tid4_010,r574,4,10,False,384,ellipse,387.41666666666674,57.916666666666664,22.66666666666679,2.6860796873571395,5.647224131345676,5.110492460736359,65.51017711552089,0.4255039889506854,1.0,22.666666666666668,False,ellipse,360.0,1.0,True,True,8.595454999542847,232.10666666666796,232.1066666666667,18.071117220306164,16.35357587435635
r574_svd_normalised_tr050_tid4_010,r574,4,10,False,385,circle,95.0466506576853,41.52556750889172,13.39213427411643,2.0646667374063163,4.12933347481264,4.129333474812626,,8.296615425989064e-08,1.0,13.555555555555555,False,circle,360.0,1.0,True,True,6.606933559700213,137.13545496695227,138.8088888888889,13.213867119400447,13.213867119400403
r574_svd_normalised_tr050_tid4_010,r574,4,10,False,386,circle,30.152307393475816,101.87564574469265,33.323048064823645,3.2568474997781216,6.51369499955625,6.513694999556236,,6.664001874625056e-08,1.0,33.666666666666664,False,circle,360.0,1.0,True,True,10.42191199928999,341.2280121837942,344.7466666666667,20.843823998580003,20.843823998579957
r574_svd_normalised_tr050_tid4_010,r574,4,10,False,387,ellipse,248.02310231023102,141.32013201320132,11.22222222222218,1.8900117137956445,4.092158940782502,3.4916965151912542,-73.60523503563735,0.5214773478749296,1.0,11.222222222222221,False,ellipse,360.0,1.0,True,True,6.048037484146063,114.91555555555514,114.91555555555557,13.094908610504007,11.173428848612014
r574_svd_normalised_tr050_tid4_010,r574,4,10,False,388,ellipse,263.04683195592287,139.69696969696972,13.44444444444467,2.068695139675124,4.301685030637511,3.979370456401134,-48.82797960479064,0.37979059949519056,1.0,13.666666666666666,False,ellipse,360.0,1.0,True,True,6.619824446960397,137.67111111111345,139.9466666666667,13.765392098040037,12.73398546048363
r574_svd_normalised_tr050_tid4_010,r574,4,10,False,389,circle,346.8057259713701,220.56850715746424,18.11111111111125,2.4010301365122033,4.802060273024446,4.802060273024367,,1.812804499357408e-07,1.0,18.0,False,circle,360.0,1.0,True,True,7.683296436839051,185.45777777777923,184.32000000000005,15.366592873678227,15.366592873677973
r574_svd_normalised_tr050_tid4_010,r574,4,10,False,390,circle,79.11549306726614,32.14971538600326,28.95086252547658,3.035678796481443,6.0713575929628885,6.071357592962883,,4.2146848510894035e-08,1.0,28.88888888888889,False,circle,360.0,1.0,True,True,9.714172148740618,296.4568322608802,295.8222222222223,19.428344297481246,19.428344297481228
r574_svd_normalised_tr050_tid4_010,r574,4,10,False,391,ellipse,345.98771929824557,56.01403508771929,21.11111111111115,2.592272241681253,5.4326149102160395,4.947801738977975,55.097740415117585,0.41293878592088346,1.0,20.88888888888889,False,ellipse,360.0,1.0,True,True,8.29527117338001,216.1777777777782,213.90222222222226,17.384367712691326,15.83296556472952
r574_svd_normalised_tr050_tid4_010,r574,4,10,False,392,ellipse,307.6044377301862,144.47808783102505,20.953068020127443,2.58255081202442,5.377614563967873,4.960986785015585,69.30070558365964,0.3859360389595448,1.0,21.0,False,ellipse,360.0,1.0,True,True,8.264162598478144,214.55941652610505,215.04000000000005,17.208366604697193,15.875157712049873
r574_svd_normalised_tr050_tid4_010,r574,4,10,False,393,circle,124.79657387580299,135.47751605995717,51.888888888888715,4.064080008615176,8.128160017230366,8.128160017230337,,8.296615425989064e-08,1.0,51.77777777777778,False,circle,360.0,1.0,True,True,13.005056027568564,531.3422222222206,530.2044444444446,26.01011205513717,26.010112055137082
r574_svd_normalised_tr050_tid4_010,r574,4,10,False,394,ellipse,16.513529073114565,191.34887737478408,64.33333333333351,4.52525535314387,9.489633649744762,8.631707721070155,46.242438233357944,0.4154996104243859,1.0,64.44444444444444,False,ellipse,360.0,1.0,True,True,14.480817130060386,658.7733333333354,659.9111111111113,30.366827679183242,27.621464707424497
r574_svd_normalised_tr050_tid4_010,r574,4,10,False,395,ellipse,377.65749235474004,44.877675840978604,12.111111111111056,1.9634373937910532,4.109120719749257,3.7527117476093466,76.86326734383576,0.4073683708957199,1.0,12.11111111111111,False,ellipse,360.0,1.0,True,True,6.28299966013137,124.01777777777724,124.0177777777778,13.149186303197624,12.00867759234991
r574_svd_normalised_tr050_tid4_010,r574,4,10,False,396,circle,369.35606529087124,103.91831853746649,17.410455155632157,2.3541282885597514,4.708256577119515,4.7082565771194895,,1.043081283569336e-07,1.0,17.444444444444443,False,circle,360.0,1.0,True,True,7.533210523391205,178.28306079367331,178.63111111111112,15.06642104678245,15.066421046782366
r574_svd_normalised_tr050_tid4_010,r574,4,10,False,397,circle,182.87245500369426,135.0021687117915,10.70755606873256,1.8461638479682183,3.6923276959364366,3.692327695936436,,1.4901161193847656e-08,1.0,10.88888888888889,False,circle,360.0,1.0,True,True,5.907724313498299,109.64537414382143,111.50222222222224,11.815448626996599,11.815448626996597
r574_svd_normalised_tr050_tid4_010,r574,4,10,False,398,circle,378.6802575754048,250.37916662285457,514.9382312027071,12.802731340062408,25.605462680124845,25.605462680124788,,6.664001874625056e-08,1.0,235.33333333333334,True,circle,173.0,0.48055555555555557,True,True,40.96874028819971,5272.967487515722,2409.813333333334,81.93748057639951,81.93748057639932
r574_svd_normalised_tr050_tid4_010,r574,4,10,False,399,circle,323.5454255535821,124.56099835224686,15.918988729655124,2.2510378696720252,4.502075739344065,4.502075739344036,,1.1250129990683123e-07,1.0,16.11111111111111,False,circle,360.0,1.0,True,True,7.203321182950481,163.01044459166852,164.97777777777782,14.406642365901007,14.406642365900916
r574_svd_normalised_tr050_tid4_010,r574,4,10,False,400,circle,350.56173729544355,131.59897254729222,19.366092010281005,2.482824710610349,4.965649421220727,4.965649421220671,,1.4975481660844222e-07,1.0,19.555555555555557,False,circle,360.0,1.0,True,True,7.945039073953118,198.30878218527752,200.24888888888896,15.890078147906326,15.890078147906147
r574_svd_normalised_tr050_tid4_010,r574,4,10,False,401,ellipse,182.16293566488605,220.1024444501078,265.49856689408244,9.192976591399269,19.274076748877203,17.538753157644873,87.58065568404305,0.4146830208166908,1.0,265.3333333333333,False,ellipse,360.0,1.0,True,True,29.41752509247766,2718.7053249954047,2717.013333333334,61.677045596407055,56.12401010446359
r574_svd_normalised_tr050_tid4_010,r574,4,10,False,402,circle,304.3559066967645,219.40293453724604,393.777777777778,11.195684866329104,22.39136973265821,22.39136973265821,,0.0,1.0,394.0,False,circle,360.0,1.0,True,True,35.82619157225314,4032.2844444444477,4034.560000000001,71.65238314450627,71.65238314450627
r574_svd_normalised_tr050_tid4_010,r574,4,10,False,403,circle,34.03680981595092,61.38650306748468,18.111111111111118,2.4010301365121944,4.80206027302439,4.802060273024388,,2.5809568279517847e-08,1.0,18.11111111111111,False,circle,360.0,1.0,True,True,7.683296436839022,185.4577777777779,185.4577777777778,15.366592873678048,15.366592873678043
r574_svd_normalised_tr050_tid4_010,r574,4,10,False,404,ellipse,351.6846846846847,55.24924924924926,12.33333333333345,1.9813687010751233,4.125515649129064,3.8063818087117425,-89.47019808190501,0.3856530194052664,1.0,12.444444444444445,False,ellipse,360.0,1.0,True,True,6.340379843440395,126.29333333333454,127.43111111111114,13.201650077213007,12.180421787877577
r574_svd_normalised_tr050_tid4_010,r574,4,10,False,405,circle,146.53523809523807,139.12761904761908,19.444444444444596,2.487842217267446,4.975684434534892,4.975684434534891,,2.1073424255447017e-08,1.0,19.333333333333332,False,circle,360.0,1.0,True,True,7.9610950952558275,199.1111111111127,197.97333333333336,15.922190190511655,15.922190190511651
r574_svd_normalised_tr050_tid4_010,r574,4,10,False,406,circle,358.72991253723126,67.1810706483526,16.057121131953963,2.2607831386383803,4.521566277276775,4.521566277276747,,1.1050996910178159e-07,1.0,16.0,False,circle,360.0,1.0,True,True,7.234506043642817,164.42492039120862,163.84000000000003,14.46901208728568,14.469012087285591
r574_svd_normalised_tr050_tid4_010,r574,4,10,False,407,ellipse,61.08945187472738,146.6639181118717,17.738996130422873,2.376236065564532,4.985963728530935,4.529914894469794,65.2180627995208,0.41781209407459047,1.0,17.444444444444443,False,ellipse,360.0,1.0,True,True,7.6039554098065025,181.64732037553026,178.63111111111112,15.955083931298994,14.495727662303342
r574_svd_normalised_tr050_tid4_010,r574,4,10,False,408,ellipse,2.2679867986798685,220.24026402640266,56.11111111111112,4.2261946703179465,12.35362745031202,5.783150402830936,-2.1405761194351953,0.8836576018845189,1.0,56.0,True,ellipse,326.0,0.9055555555555556,True,True,13.523822945017429,574.577777777778,573.44,39.53160784099847,18.506081289058994
r574_svd_normalised_tr050_tid4_010,r574,4,10,False,409,ellipse,71.33333333333333,53.09734513274336,12.55555555555555,1.9991391797128952,4.190972465778745,3.8144440150794723,13.8542591599047,0.4142629147667509,1.0,12.444444444444445,False,ellipse,360.0,1.0,True,True,6.3972453750812655,128.56888888888886,127.43111111111114,13.411111890491984,12.206220848254311
r574_svd_normalised_tr050_tid4_010,r574,4,10,False,410,circle,309.57668506563454,215.25793428667959,59.42474584255502,4.34919349829878,8.698386996597568,8.69838699659755,,6.322027276634104e-08,1.0,59.22222222222222,False,circle,360.0,1.0,True,True,13.917419194556096,608.5093974277635,606.4355555555557,27.83483838911222,27.834838389112164
r574_svd_normalised_tr050_tid4_010,r574,4,10,False,411,circle,36.298916507329515,182.1657106437221,58.11111111111101,4.300853538984018,8.601707077968056,8.601707077968019,,9.30577218293905e-08,1.0,57.77777777777778,False,circle,360.0,1.0,True,True,13.76273132474886,595.0577777777768,591.6444444444446,27.525462649497783,27.525462649497662
r574_svd_normalised_tr050_tid4_010,r574,4,10,False,412,circle,-1.5122615110105584,53.712524969588074,35.75643458456721,3.3736666437204117,6.747333287440824,6.747333287440822,,2.9802322387695312e-08,1.0,11.11111111111111,True,circle,145.0,0.4027777777777778,True,True,10.795733259905319,366.1458901459683,113.7777777777778,21.591466519810638,21.59146651981063
r574_svd_normalised_tr050_tid4_010,r574,4,10,False,413,ellipse,26.159342622365124,118.39335476956056,103.66666666666666,5.7443994349034995,11.925833682815583,11.067779660643087,-4.773268147555086,0.37245360256223486,1.0,103.55555555555556,False,ellipse,360.0,1.0,True,True,18.3820781916912,1061.5466666666669,1060.4088888888891,38.162667785009866,35.41689491405788
r574_svd_normalised_tr050_tid4_010,r574,4,10,False,414,ellipse,285.85770955289183,156.6823531879178,15.14161008307476,2.195387023324786,4.561864407643193,4.226100340998859,-78.51564272915789,0.3765467370626515,1.0,15.222222222222221,False,ellipse,360.0,1.0,True,True,7.025238474639315,155.05008725068558,155.87555555555556,14.597966104458218,13.52352109119635
r574_svd_normalised_tr050_tid4_010,r574,4,10,False,415,circle,191.95441848582735,250.12631669585184,110.69457447723556,5.935922624412484,11.871845248824968,11.871845248824968,,0.0,1.0,48.0,True,circle,167.0,0.4638888888888889,True,True,18.99495239811995,1133.5124426468924,491.5200000000001,37.9899047962399,37.9899047962399
r574_svd_normalised_tr050_tid4_010,r574,4,10,False,416,ellipse,67.83035714285714,223.171449829932,348.4444444444446,10.531538892891453,23.806905728900443,18.635485470561072,61.31205611833644,0.6223029875981709,1.0,349.1111111111111,False,ellipse,360.0,1.0,True,True,33.70092445725265,3568.0711111111136,3574.897777777778,76.18209833248142,59.63355350579543
r574_svd_normalised_tr050_tid4_010,r574,4,10,False,417,circle,81.70888888888888,217.40777777777777,66.66666666666649,4.606588659617801,9.213177319235609,9.213177319235593,,5.960464477539063e-08,1.0,66.44444444444444,False,circle,360.0,1.0,True,True,14.741083710776962,682.6666666666649,680.3911111111112,29.48216742155395,29.482167421553896
r574_svd_normalised_tr050_tid4_010,r574,4,10,False,418,circle,130.40951953448254,199.38236553229888,13.088814402794888,2.041151396353147,4.082302792706295,4.082302792706293,,2.9802322387695312e-08,1.0,13.0,False,circle,360.0,1.0,True,True,6.53168446833007,134.02945948461968,133.12000000000003,13.063368936660144,13.063368936660138
r574_svd_normalised_tr050_tid4_010,r574,4,10,False,419,ellipse,5.4937106918239,76.55974842767294,11.777777777777807,1.9362290938683968,4.154278978792742,3.6097557463816834,55.47206894568842,0.4949442503166521,1.0,11.777777777777779,False,ellipse,360.0,1.0,True,True,6.19593310037887,120.60444444444477,120.60444444444448,13.293692732136774,11.551218388421388
r574_svd_normalised_tr050_tid4_010,r574,4,10,False,420,circle,145.71947700803474,244.66209535908536,326.6186429765231,10.196369112157583,20.392738224315167,20.392738224315167,,0.0,1.0,258.3333333333333,True,circle,237.0,0.6583333333333333,True,True,32.62838115890427,3344.574904079597,2645.3333333333335,65.25676231780854,65.25676231780854
r574_svd_normalised_tr050_tid4_010,r574,4,10,False,421,ellipse,295.6285256472926,152.07858540124883,84.94703795465084,5.199950190434044,11.017970617032008,9.816501758026607,76.06978110055991,0.4540941456222344,1.0,84.88888888888889,False,ellipse,360.0,1.0,True,True,16.63984060938894,869.8576686556247,869.2622222222224,35.25750597450243,31.412805625685145
r574_svd_normalised_tr050_tid4_010,r574,4,10,False,422,ellipse,287.4397790055249,234.48139963167583,201.11111111111092,8.000978370679013,17.251138688090112,14.843230014090306,-11.16483402779761,0.5095850257765349,1.0,200.88888888888889,False,ellipse,360.0,1.0,True,True,25.60313078617284,2059.3777777777764,2057.1022222222227,55.20364380188836,47.49833604508898
r574_svd_normalised_tr050_tid4_010,r574,4,10,False,423,ellipse,4.008061868806674,62.565787198958084,14.639807675365759,2.1587022756504104,4.596347067263107,4.055390462646724,74.63148401857507,0.4706738466080515,1.0,14.555555555555555,False,ellipse,360.0,1.0,True,True,6.907847282081313,149.9116305957454,149.0488888888889,14.708310615241942,12.977249480469517
r574_svd_normalised_tr050_tid4_010,r574,4,10,False,424,ellipse,42.002525252525245,188.38636363636363,73.33333333333327,4.831430946087432,10.0776586747624,9.265138159627794,39.50608731550557,0.39338442191151574,1.0,73.55555555555556,False,ellipse,360.0,1.0,True,True,15.460579027479781,750.9333333333328,753.2088888888891,32.24850775923968,29.648442110808944
r574_svd_normalised_tr050_tid4_010,r574,4,10,False,425,circle,69.57153738250517,181.76258909279807,46.375920363730124,3.842123622770027,7.684247245540056,7.684247245540052,,2.9802322387695312e-08,1.0,46.22222222222222,False,circle,360.0,1.0,True,True,12.294795592864087,474.88942452459656,473.31555555555565,24.58959118572818,24.589591185728167
r574_svd_normalised_tr050_tid4_010,r574,4,10,False,426,circle,138.7988110851023,170.430351767811,13.271628690198305,2.055356567082839,4.110713134165678,4.110713134165678,,0.0,1.0,13.11111111111111,False,circle,360.0,1.0,True,True,6.577141014665085,135.90147778763068,134.2577777777778,13.15428202933017,13.15428202933017
r574_svd_normalised_tr050_tid4_010,r574,4,10,False,427,ellipse,355.5405405405405,104.70270270270271,8.222222222222312,1.617780769985049,3.3900248817846936,3.0881361771664335,-89.32251526633152,0.4125213370670154,1.0,8.333333333333334,False,ellipse,360.0,1.0,True,True,5.176898463952157,84.1955555555565,85.33333333333336,10.84807962171102,9.882035766932589
r574_svd_normalised_tr050_tid4_010,r574,4,10,False,428,ellipse,52.138785625774474,167.4613795952086,89.66666666666677,5.342451353184846,11.997942879533023,9.515560041491876,-11.219698411545721,0.6090923640701379,1.0,89.22222222222223,False,ellipse,360.0,1.0,True,True,17.095844330191508,918.1866666666679,913.6355555555558,38.393417214505675,30.449792132774004
r574_svd_normalised_tr050_tid4_010,r574,4,10,False,429,circle,20.884822743365966,155.16849546510778,53.375249671325605,4.121876956910658,8.243753913821322,8.243753913821308,,5.960464477539063e-08,1.0,53.111111111111114,False,circle,360.0,1.0,True,True,13.190006262114105,546.5625566343743,543.8577777777779,26.380012524228235,26.38001252422819
r574_svd_normalised_tr050_tid4_010,r574,4,10,False,430,circle,221.86597938144325,127.68384879725085,10.777777777777743,1.852207660538802,3.7044153210776174,3.7044153210775903,,1.210576058124894e-07,1.0,10.88888888888889,False,circle,360.0,1.0,True,True,5.927064513724167,110.3644444444441,111.50222222222224,11.854129027448376,11.85412902744829
r574_svd_normalised_tr050_tid4_010,r574,4,10,False,431,ellipse,216.62012798138454,219.95520651541597,63.666666666666664,4.501747374116856,9.853070283927543,8.227173393221696,81.46683610670982,0.5502715495531378,1.0,63.55555555555556,False,ellipse,360.0,1.0,True,True,14.405591597173938,651.9466666666667,650.808888888889,31.52982490856814,26.326954858309428
r574_svd_normalised_tr050_tid4_010,r574,4,10,False,432,circle,151.2161475078108,149.60284682223585,10.263188784404532,1.807449709908014,3.6148994198160285,3.6148994198160276,,2.1073424255447017e-08,1.0,10.333333333333334,False,circle,360.0,1.0,True,True,5.783839071705645,105.09505315230243,105.81333333333336,11.567678143411293,11.567678143411289
r574_svd_normalised_tr050_tid4_010,r574,4,10,False,433,ellipse,99.84388295544218,244.89463112419148,37.79452836913845,3.4684826687689396,7.46123578174792,6.449533227715364,29.136995141422773,0.5027953221057818,1.0,37.888888888888886,False,ellipse,360.0,1.0,True,True,11.099144540060607,387.01597049997775,387.9822222222223,23.875954501593345,20.638506328689164
r574_svd_normalised_tr050_tid4_010,r574,4,10,False,434,circle,73.65770886295923,155.45826455632454,13.37425084783006,2.063287732035029,4.12657546407007,4.1265754640700445,,1.1151007970493857e-07,1.0,13.666666666666666,False,circle,360.0,1.0,True,True,6.602520742512093,136.95232868177985,139.9466666666667,13.205041485024225,13.205041485024143
r574_svd_normalised_tr050_tid4_010,r574,4,10,False,435,circle,90.77053140096618,144.32608695652175,30.66666666666657,3.124340438605064,6.248680877210137,6.248680877210119,,7.598131170262075e-08,1.0,30.88888888888889,False,circle,360.0,1.0,True,True,9.997889403536206,314.02666666666573,316.30222222222227,19.99577880707244,19.995778807072384
r574_svd_normalised_tr050_tid4_010,r574,4,10,False,436,ellipse,381.475013909126,52.65860997651059,11.566399338394534,1.918775457671021,4.0023982390793815,3.679493180875962,86.68235061385587,0.39350586296897005,1.0,11.777777777777779,False,ellipse,360.0,1.0,True,True,6.140081464547268,118.43992922516006,120.60444444444448,12.807674365054021,11.77437817880308
r574_svd_normalised_tr050_tid4_010,r574,4,10,False,437,ellipse,331.185018535508,246.67010600519782,361.1980370499065,10.722541959030254,24.674475368698904,18.638354711932735,81.4580262113069,0.6552987048183434,1.0,249.11111111111111,True,ellipse,215.0,0.5972222222222222,True,True,34.31213426889681,3698.667899391043,2550.897777777778,78.9583211798365,59.64273507818476
r574_svd_normalised_tr050_tid4_010,r574,4,10,False,438,ellipse,22.62773722627737,67.5948905109489,30.444444444444482,3.1129997825312903,6.598479644248019,5.874545755089162,20.595885210409648,0.4553983742207321,1.0,30.333333333333332,False,ellipse,360.0,1.0,True,True,9.96159930410013,311.7511111111116,310.6133333333334,21.11513486159366,18.79854641628532
r574_svd_normalised_tr050_tid4_010,r574,4,10,False,439,ellipse,75.67750677506776,97.62601626016259,13.66666666666673,2.085721724290777,4.56838279141614,3.8089935189778394,-18.643908317992924,0.5521076364588758,1.0,13.333333333333334,False,ellipse,360.0,1.0,True,True,6.674309517730487,139.94666666666734,136.53333333333336,14.61882493253165,12.188779260729087
r574_svd_normalised_tr050_tid4_010,r574,4,10,False,440,circle,328.37450980392157,219.10392156862744,18.888888888888737,2.4520440600365325,4.9040881200730935,4.904088120073037,,1.519626234052415e-07,1.0,18.77777777777778,False,circle,360.0,1.0,True,True,7.846540992116904,193.4222222222207,192.2844444444445,15.693081984233899,15.693081984233718
r574_svd_normalised_tr050_tid4_010,r574,4,10,False,441,ellipse,260.29544610698065,232.9453927883491,13.172175239129647,2.047640984440462,4.356079961521156,3.8500979212476656,84.54395436138452,0.4677805618332629,1.0,13.0,False,ellipse,360.0,1.0,True,True,6.552451150209478,134.8830744486876,133.12000000000003,13.9394558768677,12.320313347992531
r574_svd_normalised_tr050_tid4_010,r574,4,10,False,442,ellipse,326.39393939393943,152.57792207792207,17.111111111110866,2.3338028687650327,4.844069048372909,4.497570761990178,-83.77758981702334,0.3714084493805644,1.0,17.0,False,ellipse,360.0,1.0,True,True,7.468169180048105,175.2177777777753,174.08000000000004,15.501020954793312,14.39222643836857
r574_svd_normalised_tr050_tid4_010,r574,4,10,False,443,circle,143.84559111787172,170.2424428395681,13.082956559586819,2.040694590924756,4.081389181849513,4.081389181849512,,2.1073424255447017e-08,1.0,13.0,False,circle,360.0,1.0,True,True,6.53022269095922,133.96947517016906,133.12000000000003,13.060445381918441,13.06044538191844
r574_svd_normalised_tr050_tid4_010,r574,4,10,False,444,circle,329.64007523221846,124.2602624175021,17.580488074688997,2.3655957300666874,4.731191460133407,4.731191460133343,,1.645887049613485e-07,1.0,17.666666666666668,False,circle,360.0,1.0,True,True,7.5699063362134,180.02419788481538,180.90666666666672,15.139812672426903,15.139812672426698
r574_svd_normalised_tr050_tid4_010,r574,4,10,False,445,circle,56.749369523686894,153.05702619194935,14.166429824384945,2.1235146962125384,4.247029392425077,4.247029392425077,,0.0,1.0,14.222222222222221,False,circle,360.0,1.0,True,True,6.795247027880123,145.06424140170188,145.63555555555558,13.590494055760246,13.590494055760246
r574_svd_normalised_tr050_tid4_010,r574,4,10,False,446,ellipse,76.1409214092141,107.65989159891599,27.333333333333428,2.949655949828213,6.24351922533874,5.57408084020751,21.24121935424415,0.4504955405639001,1.0,27.333333333333332,False,ellipse,360.0,1.0,True,True,9.438899039450282,279.89333333333434,279.8933333333334,19.97926152108397,17.837058688664033
r574_svd_normalised_tr050_tid4_010,r574,4,10,False,447,circle,285.9086757990868,128.58447488584474,16.22222222222221,2.272376225276904,4.544752450553848,4.544752450553768,,1.873046918209871e-07,1.0,16.333333333333332,False,circle,360.0,1.0,True,True,7.271603920886093,166.11555555555546,167.25333333333336,14.543207841772315,14.543207841772059
r574_svd_normalised_tr050_tid4_010,r574,4,10,False,448,ellipse,357.83333333333337,117.27642276422762,9.111111111111077,1.7029846566500937,3.5870126308709587,3.234063594675945,-90.0,0.4325631763057676,1.0,8.88888888888889,False,ellipse,360.0,1.0,True,True,5.4495509012803005,93.29777777777744,91.02222222222224,11.478440418787068,10.349003502963024
r574_svd_normalised_tr050_tid4_010,r574,4,10,False,449,ellipse,100.74014336917563,244.75985663082437,62.00000000000007,4.44243322329048,9.724278979858687,8.117913105648821,70.42810683411216,0.5505400654444095,1.0,61.888888888888886,False,ellipse,360.0,1.0,True,True,14.215786314529536,634.8800000000009,633.7422222222223,31.1176927355478,25.97732193807623
r574_svd_normalised_tr050_tid4_010,r574,4,10,False,450,ellipse,239.4920346052473,193.98730292783296,17.57206049545838,2.3650286628969304,4.91408664266538,4.5529197859565835,-86.39582461813171,0.3762854895866287,1.0,17.444444444444443,False,ellipse,360.0,1.0,True,True,7.568091721270178,179.93789947349384,178.63111111111112,15.725077256529216,14.569343315061069
r574_svd_normalised_tr050_tid4_010,r574,4,10,False,451,circle,66.99212598425196,151.10761154855643,14.111111111111086,2.119364567908172,4.2387291358163575,4.238729135816332,,1.1050996910178159e-07,1.0,14.11111111111111,False,circle,360.0,1.0,True,True,6.781966617306151,144.49777777777754,144.4977777777778,13.563933234612344,13.563933234612263
r574_svd_normalised_tr050_tid4_010,r574,4,10,False,452,ellipse,281.02873563218395,100.46551724137936,12.888888888889056,2.025502593248846,4.304757867936096,3.812210471410146,40.132204527788474,0.46448555391695495,1.0,12.88888888888889,False,ellipse,360.0,1.0,True,True,6.481608298396307,131.98222222222395,131.98222222222225,13.775225177395507,12.199073508512468
r574_svd_normalised_tr050_tid4_010,r574,4,10,False,453,ellipse,52.252115059221666,38.62605752961083,21.88888888888893,2.6395927206506453,5.671303275003335,4.914178906017174,61.31157593653606,0.4991787200255891,1.0,21.88888888888889,False,ellipse,360.0,1.0,True,True,8.446696706082065,224.14222222222267,224.14222222222227,18.148170480010673,15.725372499254958
r574_svd_normalised_tr050_tid4_010,r574,4,10,False,454,circle,133.06935123042504,228.35346756152128,33.111111111111015,3.2464740887918073,6.492948177583615,6.492948177583614,,1.4901161193847656e-08,1.0,33.0,False,circle,360.0,1.0,True,True,10.388717084133784,339.05777777777683,337.9200000000001,20.77743416826757,20.777434168267565
r574_svd_normalised_tr050_tid4_010,r574,4,10,False,455,ellipse,200.62239583333334,94.703125,42.66666666666679,3.6852709276942504,7.804776486496114,6.960466752126357,-35.2908603322073,0.4523876401505444,1.0,42.55555555555556,False,ellipse,360.0,1.0,True,True,11.792866968621603,436.90666666666806,435.76888888888897,24.975284756787566,22.273493606804344
r574_svd_normalised_tr050_tid4_010,r574,4,10,False,456,ellipse,367.93091975778646,195.38029967180645,19.590714241091725,2.4971820158612936,5.313882896759978,4.694057540592991,-61.48101148828195,0.46870009955592173,1.0,19.444444444444443,False,ellipse,360.0,1.0,True,True,7.99098245075614,200.6089138287793,199.11111111111114,17.00442526963193,15.02098412989757
r574_svd_normalised_tr050_tid4_010,r574,4,10,False,457,ellipse,18.766506543674495,177.16666049899365,293.8091654919406,9.670696046691475,22.24523793832913,16.816608082461126,4.856193646072057,0.6546127229067016,1.0,293.0,False,ellipse,360.0,1.0,True,True,30.946227349412723,3008.605854637472,3000.3200000000006,71.18476140265322,53.813145863875604
r574_svd_normalised_tr050_tid4_010,r574,4,10,False,458,circle,324.473544973545,189.59193121693124,56.00000000000039,4.222008245644767,8.44401649128954,8.444016491289528,,5.3726900748371916e-08,1.0,56.22222222222222,False,circle,360.0,1.0,True,True,13.510426386063257,573.4400000000041,575.7155555555556,27.02085277212653,27.02085277212649
r574_svd_normalised_tr050_tid4_010,r574,4,10,False,459,ellipse,268.6461937469412,137.54949753678446,12.921602873815859,2.0280714829799438,4.222334583446058,3.8964926713312082,20.217974995946406,0.38520993441721885,1.0,12.666666666666666,False,ellipse,360.0,1.0,True,True,6.489828745535821,132.3172134278744,129.70666666666668,13.511470667027385,12.468776548259868
r574_svd_normalised_tr050_tid4_010,r574,4,10,False,460,ellipse,226.78228666887043,242.70819440358164,306.269545195687,9.873632769796558,22.326238462826648,17.466197762801777,-81.52640404518047,0.6228803903247956,1.0,286.77777777777777,True,ellipse,281.0,0.7805555555555556,True,True,31.595624863348988,3136.200142803835,2936.604444444445,71.44396308104528,55.89183284096569
r574_svd_normalised_tr050_tid4_010,r574,4,10,False,461,ellipse,175.1654561819886,123.30154185975424,12.823094443370232,2.020326145154088,4.191705363258601,3.895042593948044,61.48858737647424,0.36951130393589227,1.0,12.666666666666666,False,ellipse,360.0,1.0,True,True,6.465043664493082,131.3084871001112,129.70666666666668,13.413457162427523,12.464136300633742
r574_svd_normalised_tr050_tid4_010,r574,4,10,False,462,circle,167.48551662577339,215.94539148484634,75.1462439024973,4.890786474969367,9.781572949938736,9.781572949938734,,2.1073424255447017e-08,1.0,75.44444444444444,False,circle,360.0,1.0,True,True,15.650516719901976,769.4975375615726,772.5511111111113,31.30103343980396,31.301033439803952
r574_svd_normalised_tr050_tid4_010,r574,4,10,False,463,circle,242.89087809036656,207.81841432225065,43.444444444444464,3.7187089381167135,7.437417876233427,7.437417876233427,,0.0,1.0,43.22222222222222,False,circle,360.0,1.0,True,True,11.899868601973484,444.8711111111114,442.5955555555556,23.799737203946968,23.799737203946968
r574_svd_normalised_tr050_tid4_010,r574,4,10,False,464,circle,286.61682242990656,105.2803738317757,11.888888888888989,1.9453408105198398,3.890681621039712,3.8906816210396475,,1.8189185285171422e-07,1.0,11.555555555555555,False,circle,360.0,1.0,True,True,6.225090593663488,121.74222222222326,118.32888888888891,12.450181187327079,12.450181187326873
r574_svd_normalised_tr050_tid4_010,r574,4,10,False,465,circle,289.85525401220303,249.37575300477616,87.400513036939,5.274509205337779,10.549018410675558,10.549018410675558,,0.0,1.0,45.22222222222222,True,circle,183.0,0.5083333333333333,True,True,16.878429457080895,894.9812534982556,463.07555555555564,33.75685891416179,33.75685891416179
r574_svd_normalised_tr050_tid4_010,r574,4,10,False,466,circle,111.63016533119571,135.30304894351534,11.925702354211552,1.9483503173276728,3.896700634655346,3.896700634655345,,2.1073424255447017e-08,1.0,11.666666666666666,False,circle,360.0,1.0,True,True,6.234721015448553,122.11919210712631,119.46666666666668,12.469442030897108,12.469442030897106
r574_svd_normalised_tr050_tid4_010,r574,4,10,False,467,circle,157.45322387879764,31.60121644907607,23.311390483109463,2.7240128581679777,5.448025716335962,5.448025716335948,,7.146345858741878e-08,1.0,23.11111111111111,False,circle,360.0,1.0,True,True,8.71684114613753,238.70863854704095,236.65777777777782,17.43368229227508,17.433682292275034
r574_svd_normalised_tr050_tid4_010,r574,4,10,False,468,ellipse,336.38021160763327,127.17565814494014,23.228746170567785,2.719179940670642,5.742171360528552,5.1506227073411495,32.73607751003135,0.4420676478584087,1.0,23.0,False,ellipse,360.0,1.0,True,True,8.701375810146054,237.86236078661418,235.52000000000004,18.374948353691366,16.481992663491678
r574_svd_normalised_tr050_tid4_010,r574,4,10,False,469,ellipse,97.03030303030303,144.5787878787879,12.22222222222219,1.9724234242343965,4.105357410630062,3.7906119008249393,-71.79609904669377,0.3840002656765679,1.0,12.0,False,ellipse,360.0,1.0,True,True,6.311754957550069,125.15555555555524,122.88000000000002,13.137143714016199,12.129958082639806
r574_svd_normalised_tr050_tid4_010,r574,4,10,False,470,ellipse,396.91927064795567,161.69369257695953,88.51410196148699,5.308004683590752,12.970900665129442,8.688652992853738,-1.7157152220685248,0.7424898292479916,1.0,75.66666666666667,True,ellipse,251.99999999999997,0.7,True,True,16.985614987490408,906.3844040856269,774.8266666666668,41.50688212841422,27.803689577131962
r574_svd_normalised_tr050_tid4_010,r574,4,10,False,471,ellipse,101.11866666666666,139.17333333333335,27.777777777777676,2.9735401935879464,6.537274408857344,5.410169884197065,22.376386514225658,0.5613359907204237,1.0,27.666666666666668,False,ellipse,360.0,1.0,True,True,9.515328619481428,284.44444444444343,283.30666666666673,20.9192781083435,17.312543629430607
r574_svd_normalised_tr050_tid4_010,r574,4,10,False,472,ellipse,102.22942357333463,245.38027912956477,91.47227368512407,5.395973408541261,12.467646729640247,9.341467449976278,66.14223982472407,0.6622797332199354,1.0,87.55555555555556,True,ellipse,292.0,0.8111111111111111,True,True,17.267114907332036,936.6760825356706,896.5688888888891,39.89646953484879,29.89269583992409
r574_svd_normalised_tr050_tid4_010,r574,4,10,False,473,circle,150.13699635944118,193.60652925215607,11.852465699641554,1.9423586197842524,3.8847172395685052,3.884717239568505,,1.4901161193847656e-08,1.0,11.666666666666666,False,circle,360.0,1.0,True,True,6.215547583309608,121.36924876432954,119.46666666666668,12.431095166619217,12.431095166619215
r574_svd_normalised_tr050_tid4_010,r574,4,10,False,474,circle,248.53956207974153,132.6801893306557,10.80174098266947,1.8542656073983323,3.7085312147966647,3.7085312147966647,,0.0,1.0,10.88888888888889,False,circle,360.0,1.0,True,True,5.933649943674664,110.6098276625354,111.50222222222224,11.867299887349327,11.867299887349327
r574_svd_normalised_tr050_tid4_010,r574,4,10,False,475,circle,374.65180047071,178.5905145228786,76.42033981614632,4.9320735668686195,9.86414713373728,9.864147133737196,,1.2990531157078367e-07,1.0,76.22222222222223,False,circle,360.0,1.0,True,True,15.782635413979584,782.5442797173386,780.5155555555558,31.565270827959296,31.56527082795903
r574_svd_normalised_tr050_tid4_010,r574,4,10,False,476,ellipse,353.1734234234234,166.9572072072072,16.44444444444415,2.2878875058592123,4.768962006195846,4.3904138742695835,59.207271276062215,0.3904537804763243,1.0,16.22222222222222,False,ellipse,360.0,1.0,True,True,7.32124001874948,168.39111111110813,166.11555555555557,15.260678419826707,14.049324397662668
r574_svd_normalised_tr050_tid4_010,r574,4,10,False,477,circle,324.0063007920594,42.13464314655706,28.03349690561661,2.987195877300394,5.974391754600788,5.974391754600788,,0.0,1.0,28.11111111111111,False,circle,360.0,1.0,True,True,9.559026807361262,287.0630083135141,287.8577777777778,19.118053614722523,19.118053614722523
r574_svd_normalised_tr050_tid4_010,r574,4,10,False,478,ellipse,151.14636449480645,204.4353163361662,39.222222222222356,3.5333866320332032,7.467154610591811,6.6878599640734935,81.05665076956205,0.44478574820523525,1.0,39.111111111111114,False,ellipse,360.0,1.0,True,True,11.306837222506251,401.635555555557,400.4977777777779,23.894894753893794,21.40115188503518
r574_svd_normalised_tr050_tid4_010,r574,4,10,False,479,circle,390.6105919003115,100.91900311526477,11.888888888889007,1.9453408105198413,3.8906816210397026,3.890681621039663,,1.4292691717483756e-07,1.0,11.777777777777779,False,circle,360.0,1.0,True,True,6.225090593663492,121.74222222222345,120.60444444444448,12.450181187327049,12.450181187326923
r574_svd_normalised_tr050_tid4_010,r574,4,10,False,480,circle,398.0904037620212,237.50916743746942,115.39759731444602,6.060709204956481,12.121418409912962,12.121418409912962,,0.0,1.0,74.22222222222223,True,circle,206.99999999999997,0.575,True,True,19.39426945586074,1181.6713964999274,760.0355555555558,38.78853891172148,38.78853891172148
r574_svd_normalised_tr050_tid4_010,r574,4,10,False,481,circle,187.73900111879624,200.13984750108997,17.618218570563148,2.368132840014914,4.736265680029828,4.736265680029828,,0.0,1.0,17.555555555555557,False,circle,360.0,1.0,True,True,7.578025088047726,180.41055816256667,179.76888888888894,15.156050176095452,15.156050176095452
r574_svd_normalised_tr050_tid4_010,r574,4,10,False,482,ellipse,214.04612159329145,151.59329140461213,17.66666666666664,2.3713866525544978,4.952817053865084,4.541637290257006,-81.26153403139125,0.3989317343537742,1.0,17.666666666666668,False,ellipse,360.0,1.0,True,True,7.588437288174394,180.9066666666664,180.90666666666672,15.84901457236827,14.533239328822418
r574_svd_normalised_tr050_tid4_010,r574,4,10,False,483,ellipse,268.5906162087278,228.04084937471015,216.97105138761634,8.31047716273678,18.48707243113293,14.943205513938079,76.61485004251398,0.5887630591417992,1.0,217.44444444444446,False,ellipse,360.0,1.0,True,True,26.593526920757697,2221.7835662091916,2226.6311111111117,59.15863177962538,47.81825764460186
r574_svd_normalised_tr050_tid4_010,r574,4,10,False,484,ellipse,265.4352126607319,189.55984174085066,37.444444444444336,3.4523813302308235,7.352252749303441,6.484508765265482,-80.1890156351227,0.47129475344034033,1.0,37.77777777777778,False,ellipse,360.0,1.0,True,True,11.047620256738636,383.43111111111006,386.84444444444455,23.52720879777101,20.750428048849543
r574_svd_normalised_tr050_tid4_010,r574,4,10,False,485,ellipse,346.72495974235096,242.6657004830918,114.99999999999977,6.050259243299898,13.687778048836241,10.69732042133694,68.48437862306952,0.6238757845760963,1.0,114.44444444444444,False,ellipse,360.0,1.0,True,True,19.360829578559674,1177.5999999999979,1171.9111111111113,43.80088975627598,34.23142534827821
r574_svd_normalised_tr050_tid4_010,r574,4,10,False,486,circle,318.87884420982346,185.0852987765675,25.08224688139099,2.825584390891432,5.651168781782889,5.651168781782839,,1.341104507446289e-07,1.0,25.11111111111111,False,circle,360.0,1.0,True,True,9.041870050852584,256.8422080654438,257.13777777777784,18.083740101705246,18.083740101705086
r574_svd_normalised_tr050_tid4_010,r574,4,10,False,487,ellipse,305.2145853299256,183.03820394331078,25.896553884010565,2.871085007339874,5.987028447982169,5.507325840183718,-44.71253532969902,0.39220850544067765,1.0,25.77777777777778,False,ellipse,360.0,1.0,True,True,9.187472023487597,265.18071177226824,263.9644444444445,19.15849103354294,17.623442688587897
r574_svd_normalised_tr050_tid4_010,r574,4,10,False,488,circle,204.50442934601713,130.59104991900193,15.921698744620203,2.2512294674805275,4.502458934961055,4.502458934961055,,0.0,1.0,16.11111111111111,False,circle,360.0,1.0,True,True,7.203934295937689,163.0381951449109,164.97777777777782,14.407868591875378,14.407868591875378
r574_svd_normalised_tr050_tid4_010,r574,4,10,False,489,circle,101.6335540838852,140.47682119205297,16.777777777777835,2.3109592239720276,4.621918447944055,4.621918447944055,,0.0,1.0,17.11111111111111,False,circle,360.0,1.0,True,True,7.395069516710489,171.80444444444507,175.2177777777778,14.790139033420978,14.790139033420978
r574_svd_normalised_tr050_tid4_010,r574,4,10,False,490,circle,269.69167430045275,120.64935271461124,11.872957285944368,1.9440369549866998,3.8880739099734,3.8880739099733996,,1.4901161193847656e-08,1.0,11.666666666666666,False,circle,360.0,1.0,True,True,6.220918255957439,121.57908260807035,119.46666666666668,12.44183651191488,12.441836511914879
r574_svd_normalised_tr050_tid4_010,r574,4,10,False,491,ellipse,365.10069917613714,113.15018631972492,10.30893669976574,1.8114735624839615,3.757277089968902,3.4934197175279342,74.4736279240905,0.36813004580079545,1.0,10.222222222222221,False,ellipse,360.0,1.0,True,True,5.796715399948678,105.5635118056012,104.67555555555556,12.023286687900487,11.178943096089391
r574_svd_normalised_tr050_tid4_010,r574,4,10,False,492,ellipse,125.7944832648563,202.59581662661694,18.3669133073624,2.4179268153552695,5.204315894358848,4.493478261572227,-73.57721690625647,0.5044963599266713,1.0,18.444444444444443,False,ellipse,360.0,1.0,True,True,7.737365809136863,188.077192267391,188.87111111111113,16.653810861948312,14.379130437031126
r574_svd_normalised_tr050_tid4_010,r574,4,10,False,493,circle,132.86138613861385,152.87458745874585,11.22222222222213,1.8900117137956403,3.7800234275912805,3.78002342759128,,1.4901161193847656e-08,1.0,11.444444444444445,False,circle,360.0,1.0,True,True,6.048037484146049,114.91555555555465,117.19111111111114,12.096074968292099,12.096074968292097
r574_svd_normalised_tr050_tid4_010,r574,4,10,False,494,ellipse,113.28341099838376,248.18407974573336,53.35423010730216,4.1210652643314365,9.681981818602962,7.0164060338339596,86.25899082859988,0.6890782253015,1.0,38.77777777777778,True,ellipse,224.0,0.6222222222222222,True,True,13.187408845860597,546.3473162987742,397.08444444444456,30.98234181952948,22.45249930826867
r574_svd_normalised_tr050_tid4_010,r574,4,10,False,495,ellipse,178.20531400966183,197.26207729468604,30.666666666666718,3.1243404386050715,6.601569285154814,5.9146562004606835,26.40128114726562,0.44416097540066146,1.0,30.88888888888889,False,ellipse,360.0,1.0,True,True,9.99788940353623,314.02666666666727,316.30222222222227,21.125021712495407,18.92689984147419
r574_svd_normalised_tr050_tid4_010,r574,4,10,False,496,circle,334.4686192468619,206.47559274755926,79.66666666666661,5.035741017894848,10.07148203578972,10.071482035789673,,9.541398640621973e-08,1.0,80.11111111111111,False,circle,360.0,1.0,True,True,16.114371257263514,815.7866666666663,820.337777777778,32.228742514527106,32.22874251452696
r574_svd_normalised_tr050_tid4_010,r574,4,10,False,497,ellipse,311.77179487179484,96.52564102564102,28.888888888888857,3.032427894311485,6.383946610938278,5.761714183788806,-79.79750621316643,0.4306234219577661,1.0,29.0,False,ellipse,360.0,1.0,True,True,9.703769261796753,295.82222222222197,296.96000000000004,20.42862915500249,18.43748538812418
r574_svd_normalised_tr050_tid4_010,r574,4,10,False,498,circle,148.53146853146853,132.20979020979024,15.888888888888712,2.248908716201941,4.497817432403882,4.497817432403882,,0.0,1.0,16.11111111111111,False,circle,360.0,1.0,True,True,7.1965078918462115,162.70222222222043,164.97777777777782,14.393015783692423,14.393015783692423
r574_svd_normalised_tr050_tid4_010,r574,4,10,False,499,ellipse,26.579405372515488,231.37635236850178,673.290222702507,14.639499108818377,33.6171364111707,25.5006769804318,-58.79109690503293,0.6516010505525527,1.0,672.7777777777778,False,ellipse,360.0,1.0,True,True,46.84639714821881,6894.491880473673,6889.244444444446,107.57483651574624,81.60216633738176
r574_svd_normalised_tr050_tid4_010,r574,4,10,False,500,ellipse,66.2804114490161,231.7975551580203,745.3333333333333,15.402823393856032,32.46638682735089,29.22985791599735,-22.18382303031575,0.4352463641799019,1.0,745.6666666666666,False,ellipse,360.0,1.0,True,True,49.28903486033931,7632.213333333334,7635.626666666668,103.89243784752284,93.53554533119153
r574_svd_normalised_tr050_tid4_010,r574,4,10,False,501,circle,28.556159420289852,142.6213768115942,20.444444444444482,2.551013285775273,5.102026571550555,5.102026571550537,,8.296615425989064e-08,1.0,20.555555555555557,False,circle,360.0,1.0,True,True,8.163242514480874,209.35111111111155,210.48888888888894,16.326485028961777,16.32648502896172
r574_svd_normalised_tr050_tid4_010,r574,4,10,False,502,circle,114.66397539407919,233.9600153787005,96.33333333333331,5.537495134899759,11.074990269799532,11.074990269799503,,7.146345858741878e-08,1.0,96.77777777777777,False,circle,360.0,1.0,True,True,17.71998443167923,986.4533333333334,991.0044444444445,35.4399688633585,35.43996886335841
r574_svd_normalised_tr050_tid4_010,r574,4,10,False,503,ellipse,378.15023474178406,116.31924882629107,7.888888888888935,1.5846486438131349,3.3991675264043555,2.9549721275374328,-74.93285773494677,0.49424562828258345,1.0,8.11111111111111,False,ellipse,360.0,1.0,True,True,5.070875660202032,80.7822222222227,83.05777777777779,10.877336084493939,9.455910808119786
r574_svd_normalised_tr050_tid4_010,r574,4,10,False,504,circle,306.06237006237006,193.67151767151768,53.44444444444479,4.124547857434454,8.24909571486894,8.249095714868876,,1.2467205919833117e-07,1.0,54.111111111111114,False,circle,360.0,1.0,True,True,13.198553143790253,547.2711111111148,554.0977777777779,26.39710628758061,26.397106287580403
r574_svd_normalised_tr050_tid4_010,r574,4,10,False,505,circle,350.5646157196792,-0.6910841859761225,43.374213232036546,3.715701936000925,7.431403872001852,7.431403872001848,,2.9802322387695312e-08,1.0,20.333333333333332,True,circle,175.0,0.4861111111111111,True,True,11.89024619520296,444.1519434960543,208.21333333333337,23.780492390405925,23.780492390405914
r574_svd_normalised_tr050_tid4_010,r574,4,10,False,506,circle,73.06668420788455,143.74737463787562,13.8320599423814,2.098304416891599,4.19660883378321,4.196608833783187,,1.0536712127723508e-07,1.0,13.88888888888889,False,circle,360.0,1.0,True,True,6.714574134053118,141.64029380998556,142.22222222222226,13.429148268106273,13.429148268106198
r574_svd_normalised_tr050_tid4_010,r574,4,10,False,507,circle,67.74201239866476,233.36615800349708,466.0000000000008,12.179179240065675,24.35835848013136,24.35835848013134,,4.2146848510894035e-08,1.0,466.22222222222223,False,circle,360.0,1.0,True,True,38.973373568210164,4771.840000000009,4774.115555555557,77.94674713642036,77.9467471364203
r574_svd_normalised_tr050_tid4_010,r574,4,10,False,508,ellipse,27.809523809523807,200.73702914001422,52.1111111111112,4.072773237818265,8.453688652023358,7.848636272034233,39.57520475473174,0.371513851355633,1.0,52.333333333333336,False,ellipse,360.0,1.0,True,True,13.03287436101845,533.6177777777788,535.8933333333334,27.051803686474745,25.11563607050955
r574_svd_normalised_tr050_tid4_010,r574,4,10,False,509,ellipse,303.38260869565215,120.94202898550722,12.777777777777654,2.0167530810999583,4.191223031811914,3.881724221550517,-88.58819656339372,0.3771418936937769,1.0,12.777777777777779,False,ellipse,360.0,1.0,True,True,6.453609859519867,130.8444444444432,130.8444444444445,13.411913701798126,12.421517508961657
r574_svd_normalised_tr050_tid4_010,r574,4,10,False,510,circle,390.6168057534618,170.6325950585429,34.565511625065405,3.317008301355163,6.634016602710364,6.634016602710287,,1.5269146510898468e-07,1.0,34.44444444444444,False,circle,360.0,1.0,True,True,10.614426564336522,353.9508390406698,352.71111111111117,21.228853128673165,21.22885312867292
r574_svd_normalised_tr050_tid4_010,r574,4,10,False,511,circle,72.93776201618309,149.66165035445084,33.965588801063866,3.2880971253039464,6.576194250607893,6.576194250607893,,0.0,1.0,33.666666666666664,False,circle,360.0,1.0,True,True,10.521910800972629,347.80762932289406,344.7466666666667,21.043821601945258,21.043821601945258
r574_svd_normalised_tr050_tid4_010,r574,4,10,False,512,ellipse,264.60078534031413,226.59947643979058,84.8888888888888,5.198170116540113,10.924449174146392,9.893761096692364,26.22202236329045,0.42401944483320514,1.0,84.77777777777777,False,ellipse,360.0,1.0,True,True,16.63414437292836,869.2622222222215,868.1244444444445,34.95823735726846,31.660035509415565
r574_svd_normalised_tr050_tid4_010,r574,4,10,False,513,ellipse,78.97067351930534,53.44225411353301,14.003300178602016,2.1112529185410884,4.387637599086235,4.063588922637143,8.096912626899922,0.37716748665394306,1.0,14.11111111111111,False,ellipse,360.0,1.0,True,True,6.7560093393314835,143.39379382888467,144.4977777777778,14.040440317075952,13.003484552438858
r574_svd_normalised_tr050_tid4_010,r574,4,10,False,514,circle,137.77956989247312,232.83064516129042,13.777777777777859,2.0941831047714117,4.188366209542824,4.188366209542823,,2.1073424255447017e-08,1.0,13.555555555555555,False,circle,360.0,1.0,True,True,6.701385935268518,141.0844444444453,138.8088888888889,13.402771870537038,13.402771870537036
r574_svd_normalised_tr050_tid4_010,r574,4,10,False,515,ellipse,397.2030557171434,195.90043379836666,95.61977281061284,5.516948341272202,13.274319024870092,9.171609916332853,2.514914013763189,0.7229227695248498,1.0,77.11111111111111,True,ellipse,240.0,0.6666666666666666,True,True,17.654234692071046,979.1464735806757,789.617777777778,42.4778208795843,29.34915173226513
r574_svd_normalised_tr050_tid4_010,r574,4,10,False,516,circle,322.4322308693593,247.74725437300444,62.894625677759926,4.474369356798775,8.94873871359755,8.94873871359755,,0.0,1.0,47.0,True,circle,227.0,0.6305555555555555,True,True,14.31798194175608,644.0409669402618,481.2800000000001,28.63596388351216,28.63596388351216
r574_svd_normalised_tr050_tid4_010,r574,4,10,False,517,ellipse,269.72759856630825,7.559139784946237,10.333333333333158,1.8136157689081907,3.789359879281143,3.4720398822150647,-9.266656651581798,0.4005834859034557,1.0,10.222222222222221,False,ellipse,360.0,1.0,True,True,5.803570460506211,105.81333333333156,104.67555555555556,12.125951613699659,11.110527623088208
r574_svd_normalised_tr050_tid4_010,r574,4,10,False,518,circle,104.91762452107281,152.8448275862069,19.33333333333335,2.480723913071873,4.961447826143759,4.961447826143732,,1.0536712127723508e-07,1.0,19.11111111111111,False,circle,360.0,1.0,True,True,7.938316521829994,197.97333333333353,195.69777777777782,15.87663304366003,15.876633043659943
r574_svd_normalised_tr050_tid4_010,r574,4,10,False,519,circle,194.50801794297126,15.948573683418616,34.61743295779835,3.3194986285238617,6.638997257047727,6.63899725704772,,4.712160915387242e-08,1.0,34.888888888888886,False,circle,360.0,1.0,True,True,10.622395611276358,354.48251348785516,357.26222222222225,21.244791222552728,21.244791222552706
r574_svd_normalised_tr050_tid4_010,r574,4,10,False,520,circle,358.2080262549625,142.60869316003132,18.87937332121824,2.451426354818409,4.902852709636818,4.902852709636818,,0.0,1.0,18.77777777777778,False,circle,360.0,1.0,True,True,7.844564335418909,193.3247828092748,192.2844444444445,15.689128670837817,15.689128670837817
r574_svd_normalised_tr050_tid4_010,r574,4,10,False,521,circle,337.1165543939418,242.9401855886107,37.348027881360885,3.4479336571496013,6.895867314299224,6.895867314299181,,1.1151007970493857e-07,1.0,37.22222222222222,False,circle,360.0,1.0,True,True,11.033387702878725,382.4438055051355,381.1555555555556,22.066775405757518,22.066775405757383
r574_svd_normalised_tr050_tid4_010,r574,4,10,False,522,ellipse,205.5123385756297,214.10970464135022,289.6666666666665,9.60227908873225,20.642679136688475,17.866627308861247,-64.71740345645082,0.5008764023973948,1.0,289.1111111111111,False,ellipse,360.0,1.0,True,True,30.7272930839432,2966.1866666666656,2960.497777777778,66.05657323740313,57.17320738835599
r574_svd_normalised_tr050_tid4_010,r574,4,10,False,523,circle,201.9521800281294,78.45710267229254,26.333333333333346,2.895196079054605,5.790392158109211,5.79039215810921,,1.4901161193847656e-08,1.0,26.444444444444443,False,circle,360.0,1.0,True,True,9.264627452974736,269.65333333333353,270.79111111111115,18.529254905949475,18.529254905949472
r574_svd_normalised_tr050_tid4_010,r574,4,10,False,524,ellipse,247.73420479302828,156.24400871459696,17.000000000000032,2.3262132458406413,4.84711294818559,4.46555970365827,-89.50026535536401,0.3888943237831642,1.0,16.88888888888889,False,ellipse,360.0,1.0,True,True,7.443882386690053,174.08000000000035,172.94222222222226,15.510761434193888,14.289791051706466
r574_svd_normalised_tr050_tid4_010,r574,4,10,False,525,ellipse,207.0089399744572,217.28288633461045,57.999999999999986,4.29673985699156,9.229539721215872,8.001254214756326,-75.44021913992546,0.49845076259432314,1.0,57.888888888888886,False,ellipse,360.0,1.0,True,True,13.749567542372994,593.92,592.7822222222223,29.534527107890792,25.604013487220243
r574_svd_normalised_tr050_tid4_010,r574,4,10,False,526,ellipse,182.50264669256433,200.7980222713175,11.689737027473134,1.9289787097667555,4.140708022881203,3.5945146020165755,-87.7916966084806,0.4964037266484006,1.0,11.555555555555555,False,ellipse,360.0,1.0,True,True,6.172731871253617,119.70290716132492,118.32888888888891,13.25026567321985,11.502446726453043
r574_svd_normalised_tr050_tid4_010,r574,4,10,False,527,circle,372.43265993265993,130.56565656565655,21.999999999999932,2.6462837142006097,5.292567428401247,5.292567428401192,,1.444721179430583e-07,1.0,22.11111111111111,False,circle,360.0,1.0,True,True,8.46810788544195,225.27999999999935,226.41777777777781,16.93621577088399,16.936215770883816
r574_svd_normalised_tr050_tid4_010,r574,4,10,False,528,ellipse,391.83230250986253,231.260236834194,37.05431912993264,3.4343494441985247,7.512894101406921,6.279740374702175,77.49563832191706,0.5489400987415275,1.0,37.111111111111114,False,ellipse,360.0,1.0,True,True,10.98991822143528,379.4362278905103,380.0177777777779,24.04126112450215,20.095169199046964
r574_svd_normalised_tr050_tid4_010,r574,4,10,False,529,ellipse,169.1434392828036,203.92013039934798,45.44444444444421,3.8033427322286686,8.300364834023583,6.970978374108194,-86.61202310408078,0.5428340262787582,1.0,45.333333333333336,False,ellipse,360.0,1.0,True,True,12.17069674313174,465.35111111110876,464.2133333333334,26.561167468875468,22.307130797146222
r574_svd_normalised_tr050_tid4_010,r574,4,10,False,530,ellipse,295.661842987982,208.43910506795234,26.488936710741086,2.9037373210270983,6.159709108688419,5.4753822174053814,80.61781234147293,0.4580959985685578,1.0,26.555555555555557,False,ellipse,360.0,1.0,True,True,9.291959427286715,271.24671191798876,271.92888888888893,19.71106914780294,17.52122309569722
r574_svd_normalised_tr050_tid4_010,r574,4,10,False,531,ellipse,17.455266749555392,213.95220776183226,14.52345703635174,2.1501069639058183,4.546300759261754,4.067447536829473,-24.141254958078036,0.4467238430098418,1.0,14.444444444444445,False,ellipse,360.0,1.0,True,True,6.880342284498619,148.72020005224184,147.91111111111115,14.548162429637614,13.015832117854314
r574_svd_normalised_tr050_tid4_010,r574,4,10,False,532,ellipse,155.69841269841268,236.84761904761905,11.666666666666682,1.9270742950937039,4.192163130044103,3.5433881970827095,-86.48624515722815,0.5343852874413474,1.0,11.555555555555555,False,ellipse,360.0,1.0,True,True,6.166637744299853,119.46666666666685,118.32888888888891,13.414922016141132,11.338842230664671
r574_svd_normalised_tr050_tid4_010,r574,4,10,False,533,ellipse,246.8762941041702,246.22474390646295,90.59840301186296,5.370136623135327,13.776701410321248,8.373083365088867,-83.88485797411477,0.7941121323390207,1.0,84.66666666666667,True,ellipse,281.0,0.7805555555555556,True,True,17.18443719403305,927.7276468414768,866.9866666666669,44.085444513027994,26.793866768284374
r574_svd_normalised_tr050_tid4_010,r574,4,10,False,534,ellipse,192.29665587918018,240.40075512405613,68.66666666666674,4.675176879144465,9.86127387717604,8.865904800342578,62.88880526509965,0.4378196290071713,1.0,68.88888888888889,False,ellipse,360.0,1.0,True,True,14.960566013262289,703.1466666666676,705.4222222222223,31.55607640696333,28.370895361096252
r574_svd_normalised_tr050_tid4_010,r574,4,10,False,535,circle,392.13021189804215,243.76344859391202,49.29083440993868,3.961030155266639,7.922060310533304,7.9220603105332525,,1.1445799094242763e-07,1.0,49.666666666666664,False,circle,360.0,1.0,True,True,12.675296496853246,504.7381443577722,508.58666666666676,25.350592993706574,25.35059299370641
r574_svd_normalised_tr050_tid4_010,r574,4,10,False,536,ellipse,46.47633744855967,141.664780521262,215.99999999999994,8.29185958731205,17.390369370227333,15.814485351509237,54.1503956225738,0.4159624345526177,1.0,216.11111111111111,False,ellipse,360.0,1.0,True,True,26.53395067939856,2211.8399999999997,2212.977777777778,55.64918198472747,50.60635312482956
r574_svd_normalised_tr050_tid4_010,r574,4,10,False,537,ellipse,256.45719489981786,246.0091074681238,20.33333333333336,2.5440717401579733,5.361542863560227,4.828685461462572,22.07388266740972,0.43461796771415423,1.0,19.77777777777778,False,ellipse,360.0,1.0,True,True,8.141029568505514,208.21333333333365,202.5244444444445,17.156937163392726,15.451793476680232
r574_svd_normalised_tr050_tid4_010,r574,4,10,False,538,circle,265.2417508417509,188.43434343434345,54.999999999999794,4.1841419359419945,8.368283871883989,8.368283871883989,,0.0,1.0,54.888888888888886,False,circle,360.0,1.0,True,True,13.389254195014383,563.199999999998,562.0622222222223,26.778508390028765,26.778508390028765
r574_svd_normalised_tr050_tid4_010,r574,4,10,False,539,ellipse,347.0910335386721,197.4106776180698,54.111111111111235,4.150192961665309,8.668128419466287,7.94824478159579,-58.17375842207795,0.3990009533948674,1.0,54.22222222222222,False,ellipse,360.0,1.0,True,True,13.280617477328988,554.0977777777791,555.2355555555556,27.73801094229212,25.43438330110653
r574_svd_normalised_tr050_tid4_010,r574,4,10,False,540,ellipse,382.87626151170355,29.046115360757288,15.2233070682142,2.201301692232157,4.6169880162952595,4.19817346124493,-72.85914107968665,0.41616664746208254,1.0,15.555555555555555,False,ellipse,360.0,1.0,True,True,7.044165415142903,155.88666437851344,159.28888888888892,14.774361652144831,13.434155075983776
r574_svd_normalised_tr050_tid4_010,r574,4,10,False,541,ellipse,215.16323024054986,213.57560137457048,21.555555555555692,2.6194171938653277,5.4379486789507,5.0470108054357485,-36.141405906521385,0.3723078102204549,1.0,21.77777777777778,False,ellipse,360.0,1.0,True,True,8.382135020369049,220.72888888889034,223.0044444444445,17.40143577264224,16.150434577394396
r574_svd_normalised_tr050_tid4_010,r574,4,10,False,542,ellipse,112.43191800878478,151.33284529038554,75.88888888888889,4.9148940563186665,10.2062155566876,9.4672441320361,41.274319643757025,0.3735850219993544,1.0,75.77777777777777,False,ellipse,360.0,1.0,True,True,15.727660980219733,777.1022222222224,775.9644444444446,32.65988978140032,30.295181222515524
r574_svd_normalised_tr050_tid4_010,r574,4,10,False,543,circle,399.62169138055106,234.25599865086846,305.9570632024212,9.868594528355572,19.737189056711145,19.737189056711145,,0.0,1.0,150.55555555555554,True,circle,179.0,0.49722222222222223,True,True,31.579502490737834,3133.0003271927935,1541.688888888889,63.15900498147567,63.15900498147567
r574_svd_normalised_tr050_tid4_010,r574,4,10,False,544,ellipse,222.80303030303028,152.8090909090909,12.222222222222134,1.972423424234392,4.317049745229152,3.60473415324244,83.67802550736138,0.5502507812182973,1.0,11.88888888888889,False,ellipse,360.0,1.0,True,True,6.311754957550055,125.15555555555468,121.74222222222225,13.814559184733287,11.53514929037581
r574_svd_normalised_tr050_tid4_010,r574,4,10,False,545,circle,94.68135323279034,221.61691764861177,25.52800404487476,2.8505817059020484,5.701163411804105,5.701163411804089,,7.450580596923828e-08,1.0,25.555555555555557,False,circle,360.0,1.0,True,True,9.121861458886555,261.4067614195176,261.688888888889,18.243722917773137,18.243722917773084
r574_svd_normalised_tr050_tid4_010,r574,4,10,False,546,circle,344.21904761904767,142.29761904761907,15.555555555555708,2.225193726041526,4.450387452083052,4.450387452083052,,0.0,1.0,15.444444444444445,False,circle,360.0,1.0,True,True,7.1206199233328835,159.28888888889048,158.15111111111113,14.241239846665767,14.241239846665767
r574_svd_normalised_tr050_tid4_010,r574,4,10,False,547,circle,196.62826236046,26.089735113665572,24.453642470992346,2.7899527149614354,5.579905429922881,5.57990542992286,,8.688795409866125e-08,1.0,24.88888888888889,False,circle,360.0,1.0,True,True,8.927848687876594,250.40529890296168,254.86222222222227,17.85569737575322,17.855697375753152
r574_svd_normalised_tr050_tid4_010,r574,4,10,False,548,ellipse,45.98749361919347,234.58601327207757,145.1111111111113,6.796344698570052,14.813686522265229,12.472331230273145,-42.40045864442709,0.5395610475346331,1.0,145.44444444444446,False,ellipse,360.0,1.0,True,True,21.74830303542417,1485.9377777777802,1489.3511111111115,47.40379687124874,39.91145993687407
r574_svd_normalised_tr050_tid4_010,r574,4,10,False,549,ellipse,167.06537753222838,113.35819521178638,40.22222222222224,3.5781463046687594,7.592801111267762,6.7448788872474355,-69.67986159787574,0.4592143245032907,1.0,40.666666666666664,False,ellipse,360.0,1.0,True,True,11.45006817494003,411.8755555555558,416.42666666666673,24.296963556056838,21.583612439191796
r574_svd_normalised_tr050_tid4_010,r574,4,10,False,550,circle,163.62727272727273,102.34848484848486,12.22222222222218,1.9724234242343959,3.944846848468805,3.9448468484687784,,1.1638178938488147e-07,1.0,12.0,False,circle,360.0,1.0,True,True,6.311754957550067,125.15555555555515,122.88000000000002,12.623509915100177,12.623509915100092
r574_svd_normalised_tr050_tid4_010,r574,4,10,False,551,ellipse,155.15611814345993,114.94936708860766,8.777777777777777,1.671542235598925,3.515664338428953,3.178976348623352,-84.10712319639475,0.42704146367814577,1.0,8.555555555555555,False,ellipse,360.0,1.0,True,True,5.34893515391656,89.88444444444445,87.6088888888889,11.25012588297265,10.172724315594728
r574_svd_normalised_tr050_tid4_010,r574,4,10,False,552,ellipse,41.9345777496442,248.1479748586916,74.83373012941456,4.880606122214992,12.839538850630476,7.420925750470479,-83.95316415454931,0.8160548413462009,1.0,54.0,True,ellipse,222.0,0.6166666666666667,True,True,15.617939591087975,766.2973965252053,552.9600000000002,41.086524322017524,23.746962401505535
r574_svd_normalised_tr050_tid4_010,r574,4,10,False,553,circle,309.6575368809033,249.7617546821557,101.9691418768942,5.697173504913906,11.394347009827811,11.394347009827811,,0.0,1.0,47.55555555555556,True,circle,175.0,0.4861111111111111,True,True,18.2309552157245,1044.1640128193967,486.968888888889,36.461910431449,36.461910431449
r574_svd_normalised_tr050_tid4_010,r574,4,10,False,554,circle,7.9907407407407405,173.17592592592595,63.9999999999999,4.513516668382047,9.027033336764099,9.027033336764088,,4.9421560620597e-08,1.0,64.22222222222223,False,circle,360.0,1.0,True,True,14.44325333882255,655.3599999999991,657.6355555555557,28.886506677645116,28.886506677645084
r574_svd_normalised_tr050_tid4_010,r574,4,10,False,555,circle,75.90194886126231,248.045376610864,19.805980761331742,2.5108642898209084,5.021728579641831,5.0217285796418025,,1.0641557616804317e-07,1.0,17.0,True,circle,251.0,0.6972222222222222,True,True,8.034765727426906,202.81324299603708,174.08000000000004,16.06953145485386,16.06953145485377
r574_svd_normalised_tr050_tid4_010,r574,4,10,False,556,circle,358.4934275032831,230.1234305982091,112.68201224859797,5.98897307506151,11.977946150123037,11.977946150123007,,7.146345858741878e-08,1.0,113.0,False,circle,360.0,1.0,True,True,19.164713840196836,1153.8638054256435,1157.1200000000001,38.32942768039372,38.32942768039362
r574_svd_normalised_tr050_tid4_010,r574,4,10,False,557,circle,139.3421346268886,255.67900215392459,704.256853225713,14.97237184932405,29.94474369864811,29.944743698648093,,3.332000937312528e-08,1.0,172.22222222222223,True,circle,131.0,0.3638888888888889,False,True,47.91158991783696,7211.590177031303,1763.5555555555559,95.82317983567395,95.8231798356739
r574_svd_normalised_tr050_tid4_010,r574,4,10,False,558,circle,167.16479400749063,122.8558052434457,19.777777777777843,2.509075964057838,5.01815192811569,5.018151928115662,,1.043081283569336e-07,1.0,19.77777777777778,False,circle,360.0,1.0,True,True,8.029043084985082,202.52444444444515,202.5244444444445,16.058086169970206,16.05808616997012
r574_svd_normalised_tr050_tid4_010,r574,4,10,False,559,circle,109.95698797620295,201.62023425696768,19.369631702705803,2.4830516029092564,4.966103205818513,4.966103205818513,,0.0,1.0,19.77777777777778,False,circle,360.0,1.0,True,True,7.9457651293096205,198.34502863570745,202.5244444444445,15.891530258619241,15.891530258619241
r574_svd_normalised_tr050_tid4_010,r574,4,10,False,560,ellipse,219.50354609929076,16.40602836879433,20.888888888888832,2.5785926092983464,5.454599774395101,4.875987327935842,6.728108598447392,0.44822233886126117,1.0,20.666666666666668,False,ellipse,360.0,1.0,True,True,8.251496349754708,213.9022222222217,211.62666666666672,17.454719278064324,15.603159449394695
r574_svd_normalised_tr050_tid4_010,r574,4,10,False,561,ellipse,51.59752321981424,169.98658410732716,35.88888888888883,3.3799094865816914,7.272032642118694,6.2836836409780545,83.56764192134972,0.5033389971639292,1.0,36.0,False,ellipse,360.0,1.0,True,True,10.815710357061413,367.5022222222217,368.6400000000001,23.27050445477982,20.107787651129776
r574_svd_normalised_tr050_tid4_010,r574,4,10,False,562,ellipse,168.40866005953532,140.25560656978288,34.13805765185831,3.2964346263347473,7.026814605129003,6.185722468196077,69.89851354041929,0.4744128027628014,1.0,34.22222222222222,False,ellipse,360.0,1.0,True,True,10.548590804271193,349.57371035502916,350.4355555555556,22.485806736412812,19.79431189822745
r574_svd_normalised_tr050_tid4_010,r574,4,10,False,563,circle,308.98281786941584,224.83848797250857,43.11111111111135,3.70441532107762,7.408830642155268,7.408830642155213,,1.219712610821791e-07,1.0,43.333333333333336,False,circle,360.0,1.0,True,True,11.854129027448385,441.4577777777803,443.73333333333346,23.70825805489686,23.70825805489668
r574_svd_normalised_tr050_tid4_010,r574,4,10,False,564,circle,342.5784946236559,191.4021505376344,17.222222222222268,2.341367889800217,4.6827357796004625,4.682735779600406,,1.55572690202453e-07,1.0,17.22222222222222,False,circle,360.0,1.0,True,True,7.492377247360695,176.35555555555607,176.35555555555558,14.98475449472148,14.9847544947213
r574_svd_normalised_tr050_tid4_010,r574,4,10,False,565,circle,133.36362999708675,81.6416317349664,27.905720659123332,2.980380305746601,5.960760611493215,5.96076061149319,,9.18569267238524e-08,1.0,27.444444444444443,False,circle,360.0,1.0,True,True,9.537216978389123,285.754579549423,281.03111111111116,19.07443395677829,19.074433956778208
r574_svd_normalised_tr050_tid4_010,r574,4,10,False,566,ellipse,100.61752870540133,155.67426596312063,169.53485671719136,7.346061594203689,16.66066494999582,12.95617458433986,86.91286809836555,0.6286968151026393,1.0,169.77777777777777,False,ellipse,360.0,1.0,True,True,23.507397101451804,1736.03693278404,1738.5244444444447,53.314127839986625,41.459758669887556
r574_svd_normalised_tr050_tid4_010,r574,4,10,False,567,circle,145.12596670665627,244.79451594046867,14.03112752243024,2.1133496172415542,4.2266992344831085,4.226699234483108,,2.1073424255447017e-08,1.0,13.444444444444445,False,circle,360.0,1.0,True,True,6.762718775172974,143.67874582968568,137.67111111111114,13.525437550345949,13.525437550345945
r574_svd_normalised_tr050_tid4_010,r574,4,10,False,568,circle,228.5353165374514,197.13297937862345,9.123375560859895,1.704130463429749,3.408260926859498,3.408260926859498,,0.0,1.0,9.222222222222221,False,circle,360.0,1.0,True,True,5.453217482975197,93.42336574320534,94.43555555555557,10.906434965950394,10.906434965950394
r574_svd_normalised_tr050_tid4_010,r574,4,10,False,569,ellipse,172.75336282589242,114.39821540553726,13.58751391108538,2.079673052803796,4.444231306005978,3.8927226858902313,-0.16502075029814023,0.48248431616196225,1.0,13.666666666666666,False,ellipse,360.0,1.0,True,True,6.654953768972148,139.13614244951432,139.9466666666667,14.221540179219131,12.45671259484874
r574_svd_normalised_tr050_tid4_010,r574,4,10,False,570,circle,45.50244293319314,137.26213328471385,22.349646659531633,2.6672295522589446,5.33445910451789,5.334459104517889,,1.4901161193847656e-08,1.0,22.333333333333332,False,circle,360.0,1.0,True,True,8.535134567228623,228.86038179360398,228.69333333333336,17.07026913445725,17.070269134457245
r574_svd_normalised_tr050_tid4_010,r574,4,10,False,571,ellipse,52.448506096859205,74.03136123864901,24.676337710286063,2.802627739817391,5.8488350628477885,5.371819970022877,-69.2601116097535,0.3955540095283944,1.0,24.666666666666668,False,ellipse,360.0,1.0,True,True,8.968408767415651,252.68569815332933,252.58666666666673,18.716272201112925,17.189823904073204
r574_svd_normalised_tr050_tid4_010,r574,4,10,False,572,ellipse,50.72932330827068,137.94486215538845,29.555555555555525,3.0672178802601526,6.4967916360711495,5.792290134566694,-6.108960063499751,0.45289939460069367,1.0,29.11111111111111,False,ellipse,360.0,1.0,True,True,9.81509721683249,302.6488888888886,298.0977777777778,20.78973323542768,18.535328430613422
r574_svd_normalised_tr050_tid4_010,r574,4,10,False,573,ellipse,122.34564936562506,246.82853471863916,36.89792095203318,3.4270939611659594,7.356829687495556,6.385888224990818,-42.01969216395426,0.4965261633197326,1.0,34.77777777777778,True,ellipse,281.0,0.7805555555555556,True,True,10.96670067573107,377.8347105488199,356.1244444444445,23.54185499998578,20.43484231997062
r574_svd_normalised_tr050_tid4_010,r574,4,10,False,574,ellipse,153.67765953678386,192.8224309200884,67.51593895834587,4.635837663834103,10.004234510123641,8.59275772621097,60.55592361663287,0.5121230944274666,1.0,67.0,False,ellipse,360.0,1.0,True,True,14.83468052426913,691.3632149334619,686.0800000000002,32.013550432395654,27.496824723875104
r574_svd_normalised_tr050_tid4_010,r574,4,10,False,575,circle,398.90747583839527,162.94733828049374,234.5498687429111,8.640575329454578,17.281150658909155,17.281150658909155,,0.0,1.0,127.44444444444444,True,circle,187.00000000000003,0.5194444444444445,True,True,27.64984105425465,2401.79065592741,1305.0311111111114,55.2996821085093,55.2996821085093
r574_svd_normalised_tr050_tid4_010,r574,4,10,False,576,ellipse,122.97348484848484,114.25,9.777777777777807,1.7641891428004117,3.7765720823965765,3.296495619487581,-81.17933573431168,0.487934286134445,1.0,9.777777777777779,False,ellipse,360.0,1.0,True,True,5.645405256961318,100.12444444444476,100.12444444444448,12.085030663669045,10.54878598236026
r574_svd_normalised_tr050_tid4_010,r574,4,10,False,577,circle,96.52109611220864,48.42654838701535,10.55838315902132,1.833258776505087,3.6665175530101815,3.6665175530101664,,9.06402249678704e-08,1.0,10.444444444444445,False,circle,360.0,1.0,True,True,5.866428084816278,108.11784354837833,106.95111111111113,11.732856169632582,11.732856169632534
r574_svd_normalised_tr050_tid4_010,r574,4,10,False,578,circle,114.08521132607908,98.49036117621134,18.920589947857888,2.4541008196145526,4.908201639229105,4.908201639229105,,0.0,1.0,18.88888888888889,False,circle,360.0,1.0,True,True,7.853122622766569,193.7468410660648,193.42222222222227,15.706245245533138,15.706245245533138
r574_svd_normalised_tr050_tid4_010,r574,4,10,False,579,ellipse,348.39795918367355,82.79931972789115,10.888888888888989,1.861730641873361,3.992818162325446,3.4722753123037786,85.36821021346137,0.49370364712735076,1.0,10.88888888888889,False,ellipse,360.0,1.0,True,True,5.957538053994756,111.50222222222327,111.50222222222224,12.77701811944143,11.111280999372092
r574_svd_normalised_tr050_tid4_010,r574,4,10,False,580,circle,254.39523809523808,138.28571428571428,15.555555555555577,2.2251937260415167,4.450387452083033,4.450387452083033,,0.0,1.0,15.666666666666666,False,circle,360.0,1.0,True,True,7.120619923332853,159.28888888888915,160.4266666666667,14.241239846665707,14.241239846665707
r574_svd_normalised_tr050_tid4_010,r574,4,10,False,581,ellipse,281.7001886378637,153.15837735162427,19.687079066833377,2.503316180001044,5.232228138179619,4.790763500029855,-26.176856181453985,0.40203139870827054,1.0,20.0,False,ellipse,360.0,1.0,True,True,8.010611776003342,201.5956896443738,204.80000000000004,16.74313004217478,15.330443200095537
r574_svd_normalised_tr050_tid4_010,r574,4,10,False,582,ellipse,117.88527131782945,144.26046511627908,47.77777777777763,3.8997614037988066,8.306259912354355,7.323700036854827,-55.52061654614286,0.4717945595229656,1.0,48.111111111111114,False,ellipse,360.0,1.0,True,True,12.479236492156183,489.24444444444305,492.6577777777779,26.580031719533935,23.43584011793545
r574_svd_normalised_tr050_tid4_010,r574,4,10,False,583,ellipse,330.30662020905925,200.69238427078147,223.22222222222283,8.429343992817506,17.754106511241645,16.008429397279624,-45.4861569737441,0.432414917324227,1.0,223.55555555555554,False,ellipse,360.0,1.0,True,True,26.97390077701602,2285.7955555555623,2289.2088888888893,56.813140835973265,51.2269740712948
r574_svd_normalised_tr050_tid5_010,r574,5,10,False,0,circle,180.30680405261117,25.83176463828174,153.39954275297228,6.987745773448268,13.97549154689654,13.975491546896533,,3.332000937312528e-08,1.0,153.55555555555554,False,circle,360.0,1.0,True,True,22.36078647503446,1570.8113177904365,1572.4088888888891,44.72157295006893,44.72157295006891
r574_svd_normalised_tr050_tid5_010,r574,5,10,False,1,circle,114.17804125698864,32.03277424330055,384.22222222222246,11.059011340297955,22.11802268059591,22.118022680595907,,1.4901161193847656e-08,1.0,384.6666666666667,False,circle,360.0,1.0,True,True,35.388836288953456,3934.4355555555585,3938.9866666666676,70.77767257790691,70.7776725779069
r574_svd_normalised_tr050_tid5_010,r574,5,10,False,2,circle,298.79630215794214,201.62831628579966,488.3234838804379,12.467485415064832,24.934970830129668,24.934970830129664,,1.4901161193847656e-08,1.0,488.44444444444446,False,circle,360.0,1.0,True,True,39.89595332820747,5000.432474935685,5001.671111111113,79.79190665641494,79.79190665641494
r574_svd_normalised_tr050_tid5_010,r574,5,10,False,3,circle,262.6999401167683,163.60789482965342,462.14102338320004,12.128646113807052,24.25729222761411,24.257292227614105,,1.4901161193847656e-08,1.0,462.77777777777777,False,circle,360.0,1.0,True,True,38.81166756418257,4732.324079443969,4738.844444444445,77.62333512836516,77.62333512836514
r574_svd_normalised_tr050_tid5_010,r574,5,10,False,4,circle,373.51091127098323,151.7599920063949,926.666666666666,17.174608036196318,34.349216072392636,34.349216072392636,,0.0,1.0,926.2222222222222,False,circle,360.0,1.0,True,True,54.95874571582822,9489.06666666666,9484.515555555558,109.91749143165644,109.91749143165644
r574_svd_normalised_tr050_tid5_010,r574,5,10,False,5,circle,43.00202976995941,44.16035182679296,164.22222222222223,7.230045426164675,14.46009085232935,14.46009085232935,,0.0,1.0,164.11111111111111,False,circle,360.0,1.0,True,True,23.13614536372696,1681.635555555556,1680.497777777778,46.27229072745392,46.27229072745392
r574_svd_normalised_tr050_tid5_010,r574,5,10,False,6,circle,230.21641674472835,154.45732396683798,371.13835900979916,10.869085003570817,21.738170007141633,21.73817000714163,,1.4901161193847656e-08,1.0,370.77777777777777,False,circle,360.0,1.0,True,True,34.781072011426616,3800.456796260344,3796.764444444445,69.56214402285323,69.56214402285322
r574_svd_normalised_tr050_tid5_010,r574,5,10,False,7,ellipse,84.42135642135644,198.83766233766235,51.33333333333345,4.042265143551071,8.39966873830049,7.781215188290401,18.9586953874213,0.37661057077502386,1.0,51.111111111111114,False,ellipse,360.0,1.0,True,True,12.935248459363429,525.6533333333347,523.377777777778,26.878939962561567,24.899888602529284
r574_svd_normalised_tr050_tid5_010,r574,5,10,False,8,ellipse,370.01541483231773,15.021343067015875,563.056425151666,13.387547445483765,27.82848683561148,25.761577000403328,-89.42280046726546,0.3781928471998256,1.0,562.0,False,ellipse,360.0,1.0,True,True,42.84015182554805,5765.69779355306,5754.880000000001,89.05115787395674,82.43704640129066
r574_svd_normalised_tr050_tid5_010,r574,5,10,False,9,circle,81.90328253223916,36.72157092614302,189.55555555555546,7.767715707619201,15.535431415238403,15.535431415238403,,0.0,1.0,189.44444444444446,False,circle,360.0,1.0,True,True,24.856690264381445,1941.0488888888883,1939.9111111111117,49.71338052876289,49.71338052876289
r574_svd_normalised_tr050_tid5_010,r574,5,10,False,10,circle,245.82255561303674,205.1434730125884,214.77777777777825,8.268366827811409,16.536733655622818,16.536733655622815,,2.1073424255447017e-08,1.0,214.77777777777777,False,circle,360.0,1.0,True,True,26.45877384899651,2199.32444444445,2199.324444444445,52.91754769799302,52.91754769799301
r574_svd_normalised_tr050_tid5_010,r574,5,10,False,11,circle,173.61057979677227,171.7118947997609,371.7777777777775,10.878443920437654,21.75688784087531,21.756887840875308,,1.4901161193847656e-08,1.0,371.6666666666667,False,circle,360.0,1.0,True,True,34.811020545400496,3807.004444444442,3805.8666666666677,69.622041090801,69.62204109080099
r574_svd_normalised_tr050_tid5_010,r574,5,10,False,12,circle,332.78717093066365,140.12013348164626,199.77777777777706,7.974411684036311,15.948823368072645,15.9488233680726,,7.450580596923828e-08,1.0,200.22222222222223,False,circle,360.0,1.0,True,True,25.518117388916195,2045.7244444444375,2050.275555555556,51.03623477783247,51.03623477783233
r574_svd_normalised_tr050_tid5_010,r574,5,10,False,13,ellipse,209.44888049569954,198.28015043387944,163.8134395952721,7.221041290073498,14.982951291834622,13.92073865750691,46.33106046849733,0.3698154139623121,1.0,163.77777777777777,False,ellipse,360.0,1.0,True,True,23.107332128235196,1677.4496214555866,1677.0844444444447,47.945444133870794,44.54636370402211
r574_svd_normalised_tr050_tid5_010,r574,5,10,False,14,circle,88.77793009371435,206.95815106275253,86.09935541219374,5.235100383159155,10.47020076631832,10.470200766318301,,5.7711949142924205e-08,1.0,85.88888888888889,False,circle,360.0,1.0,True,True,16.7523212261093,881.6573994208641,879.5022222222224,33.504642452218626,33.50464245221857
r574_svd_normalised_tr050_tid5_010,r574,5,10,False,15,circle,35.20217312248532,44.75005854003181,174.97525982603003,7.462999064732811,14.925998129465624,14.925998129465622,,1.4901161193847656e-08,1.0,174.66666666666666,False,circle,360.0,1.0,True,True,23.881597007144997,1791.7466606185478,1788.5866666666668,47.76319401429,47.763194014289994
r574_svd_normalised_tr050_tid5_010,r574,5,10,False,16,ellipse,285.35681829401653,3.082689948067905,78.48806561819886,4.998352451930013,12.522017208449869,7.9806717457170935,-88.09372780513263,0.7705900292857041,1.0,77.33333333333333,True,ellipse,307.0,0.8527777777777777,True,True,15.994727846176042,803.7177919303565,791.8933333333334,40.07045506703958,25.5381495862947
r574_svd_normalised_tr050_tid5_010,r574,5,10,False,17,circle,127.0166360481731,221.14319248826294,725.7777777777791,15.199415838747532,30.39883167749507,30.39883167749506,,2.5809568279517847e-08,1.0,725.3333333333334,False,circle,360.0,1.0,True,True,48.6381306839921,7431.964444444459,7427.413333333335,97.27626136798423,97.2762613679842
r574_svd_normalised_tr050_tid5_010,r574,5,10,False,18,circle,225.5883495145631,13.825889967637542,114.44444444444423,6.035627397833484,12.071254795666976,12.071254795666963,,4.470348358154297e-08,1.0,114.66666666666667,False,circle,360.0,1.0,True,True,19.314007673067152,1171.9111111111092,1174.186666666667,38.628015346134326,38.62801534613428
r574_svd_normalised_tr050_tid5_010,r574,5,10,False,19,circle,318.28548408687567,120.23265620449371,77.88426050474934,4.979089283872651,9.958178567745309,9.958178567745295,,5.3726900748371916e-08,1.0,77.77777777777777,False,circle,360.0,1.0,True,True,15.933085708392483,797.5348275686333,796.4444444444446,31.86617141678499,31.866171416784944
r574_svd_normalised_tr050_tid5_010,r574,5,10,False,20,circle,110.85605698763453,215.0005201904404,299.2323523854782,9.75953974479993,19.519079489599882,19.519079489599843,,6.322027276634104e-08,1.0,298.44444444444446,False,circle,360.0,1.0,True,True,31.23052718335978,3064.1392884272973,3056.071111111112,62.46105436671962,62.4610543667195
r574_svd_normalised_tr050_tid5_010,r574,5,10,False,21,circle,330.31973240616287,53.55231095620681,96.19461052540929,5.5335066212879065,11.067013242575815,11.067013242575811,,2.5809568279517847e-08,1.0,95.88888888888889,False,circle,360.0,1.0,True,True,17.707221188121302,985.0328117801913,981.9022222222223,35.41444237624261,35.4144423762426
r574_svd_normalised_tr050_tid5_010,r574,5,10,False,22,circle,333.57323876683193,162.13602825527406,343.4868334122767,10.456349977362677,20.912699954725397,20.912699954725316,,8.815645848363066e-08,1.0,343.0,False,circle,360.0,1.0,True,True,33.46031992756057,3517.3051741417144,3512.3200000000006,66.92063985512128,66.92063985512101
r574_svd_normalised_tr050_tid5_010,r574,5,10,False,23,ellipse,250.19619047619045,96.71238095238095,19.444444444444525,2.4878422172674415,5.198600252046853,4.762327240361467,-69.4423777196564,0.400998400058684,1.0,19.77777777777778,False,ellipse,360.0,1.0,True,True,7.961095095255813,199.11111111111197,202.5244444444445,16.63552080654993,15.239447169156694
r574_svd_normalised_tr050_tid5_010,r574,5,10,False,24,circle,240.86994222657773,10.010837324672801,164.15214308686413,7.228502610001954,14.457005220003907,14.457005220003905,,1.4901161193847656e-08,1.0,164.11111111111111,False,circle,360.0,1.0,True,True,23.131208352006254,1680.917945209489,1680.497777777778,46.26241670401251,46.2624167040125
r574_svd_normalised_tr050_tid5_010,r574,5,10,False,25,ellipse,306.9082091540415,6.723733722741758,208.77376562403634,8.151978506715311,17.25232211788588,15.407723811289896,-86.34507069002194,0.4498955941475309,1.0,207.22222222222223,True,ellipse,319.0,0.8861111111111111,True,True,26.086331221488997,2137.8433599901327,2121.955555555556,55.20743077723481,49.30471619612767
r574_svd_normalised_tr050_tid5_010,r574,5,10,False,26,circle,166.1304732541975,85.4598160161584,207.2072382710728,8.121336862273525,16.242673724547068,16.242673724547032,,6.664001874625056e-08,1.0,206.77777777777777,False,circle,360.0,1.0,True,True,25.98827795927528,2121.802119895786,2117.404444444445,51.976555918550616,51.9765559185505
r574_svd_normalised_tr050_tid5_010,r574,5,10,False,27,ellipse,260.7810204606858,171.17308434840675,116.75225408456797,6.0961788613327155,12.853893512551707,11.564868395111608,76.78798590976152,0.4364734309579433,1.0,116.33333333333333,False,ellipse,360.0,1.0,True,True,19.50777235626469,1195.5430818259763,1191.2533333333336,41.13245924016547,37.00757886435715
r574_svd_normalised_tr050_tid5_010,r574,5,10,False,28,ellipse,317.04536094402266,131.40070799001083,59.612288590463805,4.3560510553006395,9.186354864374456,8.26233302611609,81.2360667802422,0.4370984706044886,1.0,59.55555555555556,False,ellipse,360.0,1.0,True,True,13.939363376962048,610.4298351663494,609.8488888888891,29.39633556599826,26.43946568357149
r574_svd_normalised_tr050_tid5_010,r574,5,10,False,29,circle,32.89079617754783,181.84184324018207,756.4925040330764,15.517700952707504,31.03540190541502,31.035401905414993,,4.2146848510894035e-08,1.0,755.8888888888889,False,circle,360.0,1.0,True,True,49.656643048664016,7746.483241298704,7740.302222222224,99.31328609732807,99.31328609732799
r574_svd_normalised_tr050_tid5_010,r574,5,10,False,30,circle,304.70058612640287,129.14971150522985,242.66784449187816,8.78883234341602,17.57766468683206,17.577664686832026,,5.960464477539063e-08,1.0,242.11111111111111,False,circle,360.0,1.0,True,True,28.124263498931267,2484.918727596833,2479.2177777777783,56.24852699786259,56.248526997862484
r574_svd_normalised_tr050_tid5_010,r574,5,10,False,31,circle,151.35535846267555,84.34560236511456,250.55555555555546,8.930526880963145,17.8610537619263,17.861053761926275,,5.3726900748371916e-08,1.0,249.33333333333334,False,circle,360.0,1.0,True,True,28.577686019082066,2565.6888888888884,2553.173333333334,57.15537203816416,57.15537203816408
r574_svd_normalised_tr050_tid5_010,r574,5,10,False,32,circle,92.64053840063342,99.12905779889152,93.55555555555544,5.457074146532202,10.914148293064404,10.914148293064404,,0.0,1.0,93.44444444444444,False,circle,360.0,1.0,True,True,17.46263726890305,958.0088888888879,956.8711111111113,34.9252745378061,34.9252745378061
r574_svd_normalised_tr050_tid5_010,r574,5,10,False,33,ellipse,292.5436371406171,160.10989067864378,130.77505296528489,6.45189834274061,13.395544975700568,12.430100395488239,-85.40990252205034,0.3727596361465715,1.0,130.66666666666666,False,ellipse,360.0,1.0,True,True,20.646074696769954,1339.1365423645175,1338.0266666666669,42.86574392224182,39.776321265562366
r574_svd_normalised_tr050_tid5_010,r574,5,10,False,34,circle,82.64349944886001,214.29554640211944,1915.2222222222222,24.69077089870266,49.381541797405326,49.38154179740532,,1.4901161193847656e-08,1.0,1913.888888888889,False,circle,360.0,1.0,True,True,79.01046687584852,19611.875555555558,19598.222222222226,158.02093375169704,158.02093375169704
r574_svd_normalised_tr050_tid5_010,r574,5,10,False,35,ellipse,270.2323024054983,199.92646048109964,107.77777777777793,5.857194906914604,12.292698825415643,11.163287302428932,81.26257208944679,0.41870265409630236,1.0,107.33333333333333,False,ellipse,360.0,1.0,True,True,18.74302370212673,1103.6444444444462,1099.0933333333335,39.33663624133006,35.722519367772584
r574_svd_normalised_tr050_tid5_010,r574,5,10,False,36,circle,265.0723844497054,220.8495764456042,866.7829693522149,16.61040602515639,33.220812050312794,33.22081205031276,,4.712160915387242e-08,1.0,867.4444444444445,False,circle,360.0,1.0,True,True,53.15329928050045,8875.857606166683,8882.631111111114,106.30659856100095,106.30659856100084
r574_svd_normalised_tr050_tid5_010,r574,5,10,False,37,circle,77.91310160427807,70.47860962566845,83.1111111111111,5.143451012538776,10.286902025077556,10.286902025077547,,4.2146848510894035e-08,1.0,82.77777777777777,False,circle,360.0,1.0,True,True,16.459043240124085,851.0577777777778,847.6444444444445,32.91808648024818,32.91808648024815
r574_svd_normalised_tr050_tid5_010,r574,5,10,False,38,circle,203.03725782414307,161.43666169895675,74.55555555555598,4.871526496208176,9.743052992416352,9.743052992416352,,0.0,1.0,74.66666666666667,False,circle,360.0,1.0,True,True,15.588884787866164,763.4488888888934,764.5866666666668,31.177769575732327,31.177769575732327
r574_svd_normalised_tr050_tid5_010,r574,5,10,False,39,circle,247.93200733530824,109.21921286500212,262.5555555555556,9.141883230812503,18.283766461625014,18.283766461624996,,4.470348358154297e-08,1.0,262.6666666666667,False,circle,360.0,1.0,True,True,29.254026338600013,2688.56888888889,2689.7066666666674,58.50805267720005,58.50805267719999
r574_svd_normalised_tr050_tid5_010,r574,5,10,False,40,circle,195.94390667659465,37.170017374038224,149.2222222222224,6.891945195055452,13.783890390110905,13.783890390110901,,2.1073424255447017e-08,1.0,149.55555555555554,False,circle,360.0,1.0,True,True,22.054224624177447,1528.0355555555577,1531.448888888889,44.1084492483549,44.10844924835489
r574_svd_normalised_tr050_tid5_010,r574,5,10,False,41,ellipse,234.16023727526934,99.35341620905507,33.67089903038389,3.273802076801132,6.937076487882768,6.179998191911837,84.95427942718823,0.45426827783139395,1.0,33.666666666666664,False,ellipse,360.0,1.0,True,True,10.476166645763623,344.79000607113113,344.7466666666667,22.19864476122486,19.77599421411788
r574_svd_normalised_tr050_tid5_010,r574,5,10,False,42,circle,144.19538859073742,178.28205128205127,186.3333333333338,7.701411696928026,15.402823393856053,15.40282339385605,,2.1073424255447017e-08,1.0,186.22222222222223,False,circle,360.0,1.0,True,True,24.644517430169685,1908.0533333333385,1906.915555555556,49.28903486033937,49.28903486033936
r574_svd_normalised_tr050_tid5_010,r574,5,10,False,43,circle,232.03196664350244,110.70141301829973,159.8888888888887,7.134018084100637,14.268036168201274,14.268036168201272,,1.4901161193847656e-08,1.0,160.33333333333334,False,circle,360.0,1.0,True,True,22.82885786912204,1637.2622222222205,1641.8133333333337,45.65771573824408,45.65771573824407
r574_svd_normalised_tr050_tid5_010,r574,5,10,False,44,circle,67.9994182253875,230.9178772546631,275.35282459293717,9.36202575602968,18.72405151205936,18.72405151205936,,0.0,1.0,274.8888888888889,False,circle,360.0,1.0,True,True,29.95848241929498,2819.612923831677,2814.862222222223,59.91696483858996,59.91696483858996
r574_svd_normalised_tr050_tid5_010,r574,5,10,False,45,circle,377.0349139588751,219.58681337859852,299.7151854308356,9.76741043276277,19.534820865525543,19.53482086552554,,2.1073424255447017e-08,1.0,299.8888888888889,False,circle,360.0,1.0,True,True,31.255713384840863,3069.083498811757,3070.862222222223,62.51142676968174,62.51142676968173
r574_svd_normalised_tr050_tid5_010,r574,5,10,False,46,circle,294.5486234304905,104.82241571485335,26.61761784435392,2.910781837671785,5.821563675343584,5.821563675343556,,9.8843121241194e-08,1.0,27.11111111111111,False,circle,360.0,1.0,True,True,9.314501880549711,272.5644067261842,277.6177777777778,18.62900376109947,18.62900376109938
r574_svd_normalised_tr050_tid5_010,r574,5,10,False,47,circle,335.5753868873931,191.73028930014482,230.72880124009112,8.56990422712272,17.13980845424544,17.13980845424544,,0.0,1.0,230.33333333333334,False,circle,360.0,1.0,True,True,27.423693526792704,2362.6629246985335,2358.6133333333337,54.84738705358541,54.84738705358541
r574_svd_normalised_tr050_tid5_010,r574,5,10,False,48,circle,179.6633905748203,153.53326384771847,138.24636537178282,6.633640390224279,13.26728078044856,13.267280780448559,,1.4901161193847656e-08,1.0,138.0,False,circle,360.0,1.0,True,True,21.227649248717697,1415.6427814070562,1413.1200000000003,42.45529849743539,42.45529849743539
r574_svd_normalised_tr050_tid5_010,r574,5,10,False,49,circle,304.0502271363676,218.81109111168252,432.1111111111123,11.727968221159601,23.455936442319228,23.455936442319175,,6.664001874625056e-08,1.0,432.55555555555554,False,circle,360.0,1.0,True,True,37.529498307710725,4424.817777777791,4429.36888888889,75.05899661542153,75.05899661542136
r574_svd_normalised_tr050_tid5_010,r574,5,10,False,50,circle,321.78648029229635,63.35507557616694,49.90204948736817,3.9855132282633376,7.9710264565266815,7.971026456526669,,5.5755039852469285e-08,1.0,50.111111111111114,False,circle,360.0,1.0,True,True,12.75364233044268,510.99698675065014,513.137777777778,25.507284660885382,25.507284660885343
r574_svd_normalised_tr050_tid5_010,r574,5,10,False,51,ellipse,263.56669297553276,195.52275716916603,140.77777777777757,6.6940987759108666,14.00385389727261,12.799607522434588,71.3474308975581,0.4057005010733448,1.0,140.11111111111111,False,ellipse,360.0,1.0,True,True,21.421116082914775,1441.5644444444426,1434.737777777778,44.812332471272356,40.95874407179068
r574_svd_normalised_tr050_tid5_010,r574,5,10,False,52,circle,15.735418503686232,73.20519818023959,75.26201314343331,4.894552363357574,9.789104726715154,9.789104726715143,,4.712160915387242e-08,1.0,75.44444444444444,False,circle,360.0,1.0,True,True,15.662567562744238,770.6830145887573,772.5511111111113,31.325135125488494,31.32513512548846
r574_svd_normalised_tr050_tid5_010,r574,5,10,False,53,circle,56.49278736927666,224.60343311036314,175.43838997026194,7.472869190859797,14.945738381719597,14.945738381719591,,2.5809568279517847e-08,1.0,175.0,False,circle,360.0,1.0,True,True,23.91318141075135,1796.4891132954826,1792.0000000000005,47.82636282150271,47.8263628215027
r574_svd_normalised_tr050_tid5_010,r574,5,10,False,54,circle,337.902873080151,124.66046419842708,46.71345706056822,3.856080289646581,7.71216057929318,7.712160579293144,,9.771344846937061e-08,1.0,46.77777777777778,False,circle,360.0,1.0,True,True,12.33945692686906,478.3458003002186,479.0044444444446,24.67891385373818,24.678913853738063
r574_svd_normalised_tr050_tid5_010,r574,5,10,False,55,circle,8.690250215703191,58.61317227494966,128.77777777777777,6.402440143214611,12.804880286429226,12.80488028642922,,2.9802322387695312e-08,1.0,129.22222222222223,False,circle,360.0,1.0,True,True,20.487808458286757,1318.6844444444446,1323.235555555556,40.97561691657353,40.97561691657351
r574_svd_normalised_tr050_tid5_010,r574,5,10,False,56,circle,223.66867873910127,76.72635814889335,55.222222222222335,4.19258622694532,8.38517245389065,8.385172453890627,,7.450580596923828e-08,1.0,55.0,False,circle,360.0,1.0,True,True,13.416275926225024,565.4755555555569,563.2000000000002,26.83255185245008,26.83255185245001
r574_svd_normalised_tr050_tid5_010,r574,5,10,False,57,ellipse,289.53025793650795,82.35813492063492,74.66666666666677,4.875155194287638,10.167815837660674,9.34994832630953,-82.66690598264759,0.3929423515745167,1.0,74.22222222222223,False,ellipse,360.0,1.0,True,True,15.600496621720442,764.5866666666678,760.0355555555558,32.53701068051416,29.919834644190498
r574_svd_normalised_tr050_tid5_010,r574,5,10,False,58,ellipse,232.300978179082,230.64484574868325,541.4444444444445,13.128104184761671,27.40801412963739,25.1528065726719,49.727742005070866,0.39723431554116995,1.0,541.3333333333334,False,ellipse,360.0,1.0,True,True,42.009933391237354,5544.391111111112,5543.253333333335,87.70564521483965,80.48898103255009
r574_svd_normalised_tr050_tid5_010,r574,5,10,False,59,circle,252.38668223449346,12.900857309824357,43.28671468189621,3.711952211931695,7.4239044238633936,7.423904423863386,,4.712160915387242e-08,1.0,43.22222222222222,False,circle,360.0,1.0,True,True,11.878247078181424,443.25595834261725,442.5955555555556,23.756494156362862,23.756494156362834
r574_svd_normalised_tr050_tid5_010,r574,5,10,False,60,circle,189.90444258172673,203.8826487845767,132.55555555555557,6.495671158696231,12.991342317392464,12.991342317392462,,1.4901161193847656e-08,1.0,132.44444444444446,False,circle,360.0,1.0,True,True,20.78614770782794,1357.3688888888894,1356.2311111111114,41.57229541565589,41.57229541565588
r574_svd_normalised_tr050_tid5_010,r574,5,10,False,61,circle,20.84020618556701,239.55228276877762,150.88888888888883,6.930326474894299,13.86065294978861,13.860652949788586,,5.960464477539063e-08,1.0,151.11111111111111,False,circle,360.0,1.0,True,True,22.177044719661758,1545.1022222222218,1547.3777777777782,44.35408943932356,44.354089439323474
r574_svd_normalised_tr050_tid5_010,r574,5,10,False,62,circle,190.2608695652174,158.61019490254873,74.11111111111093,4.8569845936272005,9.713969187254403,9.713969187254401,,2.1073424255447017e-08,1.0,74.22222222222223,False,circle,360.0,1.0,True,True,15.542350699607042,758.897777777776,760.0355555555558,31.08470139921409,31.084701399214083
r574_svd_normalised_tr050_tid5_010,r574,5,10,False,63,circle,262.46457326892113,65.94524959742351,45.999999999999986,3.826519928662906,7.653039857325821,7.653039857325802,,6.989264130329236e-08,1.0,46.0,False,circle,360.0,1.0,True,True,12.244863771721299,471.03999999999996,471.0400000000001,24.489727543442626,24.48972754344257
r574_svd_normalised_tr050_tid5_010,r574,5,10,False,64,circle,11.653439153439152,84.08359788359788,69.99999999999993,4.7203487194131455,9.440697438826295,9.44069743882629,,3.332000937312528e-08,1.0,70.22222222222223,False,circle,360.0,1.0,True,True,15.105115902122066,716.7999999999994,719.0755555555558,30.210231804244145,30.210231804244128
r574_svd_normalised_tr050_tid5_010,r574,5,10,False,65,ellipse,18.04992756329189,150.37618827872467,146.5493503004265,6.829941948101553,14.330412471426792,13.020729754275598,-49.39495045670671,0.4176496207058792,1.0,146.77777777777777,False,ellipse,360.0,1.0,True,True,21.85581423392497,1500.6653470763677,1503.0044444444447,45.857319908565735,41.66633521368192
r574_svd_normalised_tr050_tid5_010,r574,5,10,False,66,circle,242.82049756854204,68.83127739735335,70.0371670245799,4.721601705378077,9.443203410756155,9.443203410756153,,2.1073424255447017e-08,1.0,69.77777777777777,False,circle,360.0,1.0,True,True,15.10912545720985,717.1805903316983,714.5244444444445,30.2182509144197,30.21825091441969
r574_svd_normalised_tr050_tid5_010,r574,5,10,False,67,circle,152.59100559737504,177.78865083960625,191.8888888888886,7.815377814421782,15.630755628843565,15.630755628843565,,0.0,1.0,191.88888888888889,False,circle,360.0,1.0,True,True,25.009209006149703,1964.9422222222197,1964.9422222222227,50.018418012299406,50.018418012299406
r574_svd_normalised_tr050_tid5_010,r574,5,10,False,68,circle,26.438129233983158,46.47244198143561,70.80419927769482,4.7473862928370885,9.494772585674179,9.494772585674175,,2.5809568279517847e-08,1.0,70.44444444444444,False,circle,360.0,1.0,True,True,15.191636137078683,725.0350006035951,721.3511111111112,30.383272274157374,30.383272274157363
r574_svd_normalised_tr050_tid5_010,r574,5,10,False,69,circle,216.72484653122387,68.2375401088797,62.666882524051914,4.466261103397779,8.93252220679557,8.932522206795547,,7.146345858741878e-08,1.0,63.111111111111114,False,circle,360.0,1.0,True,True,14.292035530872893,641.7088770462917,646.257777777778,28.584071061745824,28.58407106174575
r574_svd_normalised_tr050_tid5_010,r574,5,10,False,70,circle,195.57459789240156,65.72212978369384,66.77777777777767,4.610425885322404,9.220851770644817,9.220851770644801,,5.960464477539063e-08,1.0,66.55555555555556,False,circle,360.0,1.0,True,True,14.753362833031694,683.8044444444434,681.528888888889,29.506725666063417,29.506725666063364
r574_svd_normalised_tr050_tid5_010,r574,5,10,False,71,circle,375.3554952510176,169.93532338308458,81.88888888888913,5.105491445682715,10.210982891365449,10.210982891365411,,8.560065398421926e-08,1.0,81.88888888888889,False,circle,360.0,1.0,True,True,16.33757262618469,838.5422222222248,838.5422222222223,32.67514525236944,32.67514525236932
r574_svd_normalised_tr050_tid5_010,r574,5,10,False,72,circle,111.02852852852854,133.1936936936937,24.666666666666774,2.802078489121995,5.604156978244005,5.604156978243977,,9.8843121241194e-08,1.0,24.666666666666668,False,circle,360.0,1.0,True,True,8.966651165190385,252.5866666666678,252.58666666666673,17.933302330380815,17.933302330380727
r574_svd_normalised_tr050_tid5_010,r574,5,10,False,73,circle,41.907850494484684,155.9540786106828,219.19597308574413,8.352978226050183,16.705956452100367,16.705956452100367,,0.0,1.0,219.22222222222223,False,circle,360.0,1.0,True,True,26.72953032336059,2244.5667643980205,2244.835555555556,53.45906064672118,53.45906064672118
r574_svd_normalised_tr050_tid5_010,r574,5,10,False,74,circle,76.98115497015931,46.46359993498944,55.256986236673214,4.193905697539555,8.387811395079115,8.387811395079103,,5.3726900748371916e-08,1.0,55.44444444444444,False,circle,360.0,1.0,True,True,13.420498232126576,565.8315390635338,567.7511111111112,26.84099646425317,26.84099646425313
r574_svd_normalised_tr050_tid5_010,r574,5,10,False,75,circle,243.46418733209018,60.14878362211788,96.2359711143156,5.534696108386112,11.069392216772224,11.069392216772224,,0.0,1.0,96.22222222222223,False,circle,360.0,1.0,True,True,17.71102754683556,985.456344210592,985.3155555555558,35.42205509367112,35.42205509367112
r574_svd_normalised_tr050_tid5_010,r574,5,10,False,76,circle,314.15888352120237,148.74610842726784,68.9999999999996,4.68651065790759,9.37302131581518,9.37302131581518,,0.0,1.0,69.33333333333333,False,circle,360.0,1.0,True,True,14.996834105304288,706.5599999999961,709.9733333333335,29.993668210608575,29.993668210608575
r574_svd_normalised_tr050_tid5_010,r574,5,10,False,77,circle,161.5513361462729,25.198312236286924,26.333333333333293,2.895196079054602,5.7903921581092135,5.790392158109195,,8.024520884654677e-08,1.0,26.333333333333332,False,circle,360.0,1.0,True,True,9.264627452974727,269.65333333333297,269.65333333333336,18.529254905949482,18.529254905949426
r574_svd_normalised_tr050_tid5_010,r574,5,10,False,78,circle,207.45626477541373,134.43971631205673,62.66666666666625,4.46625341132633,8.93250682265266,8.93250682265266,,0.0,1.0,62.111111111111114,False,circle,360.0,1.0,True,True,14.292010916244259,641.7066666666625,636.017777777778,28.584021832488517,28.584021832488517
r574_svd_normalised_tr050_tid5_010,r574,5,10,False,79,circle,363.16851851851857,118.81080246913582,119.99999999999943,6.180387232371019,12.36077446474205,12.360774464742025,,6.322027276634104e-08,1.0,119.55555555555556,False,circle,360.0,1.0,True,True,19.777239143587263,1228.7999999999945,1224.248888888889,39.55447828717456,39.55447828717448
r574_svd_normalised_tr050_tid5_010,r574,5,10,False,80,circle,292.2306626765491,135.9177087273077,221.75145753841753,8.40152850439391,16.803057008787825,16.803057008787817,,2.9802322387695312e-08,1.0,221.55555555555554,False,circle,360.0,1.0,True,True,26.884891214060517,2270.734925193396,2268.7288888888893,53.76978242812104,53.76978242812102
r574_svd_normalised_tr050_tid5_010,r574,5,10,False,81,circle,395.14168851728215,0.09920334910557571,239.63809548847263,8.73379498844781,17.467589976895624,17.467589976895617,,2.9802322387695312e-08,1.0,104.0,True,circle,123.0,0.3416666666666667,False,True,27.948143963032994,2453.89409780196,1064.9600000000003,55.896287926066,55.89628792606598
r574_svd_normalised_tr050_tid5_010,r574,5,10,False,82,ellipse,231.15625,66.87708333333333,17.777777777777786,2.378832154870362,5.12937994230175,4.412886145849302,-81.86567099578298,0.5097615908311677,1.0,17.88888888888889,False,ellipse,360.0,1.0,True,True,7.612262895585158,182.04444444444457,183.18222222222226,16.414015815365598,14.121235666717766
r574_svd_normalised_tr050_tid5_010,r574,5,10,False,83,ellipse,383.71781828458387,204.84463755828742,524.222222222223,12.917628106218633,27.56703987766009,24.212264592948852,-56.27705155486592,0.47810104082033367,1.0,524.1111111111111,False,ellipse,360.0,1.0,True,True,41.336409939899625,5368.035555555564,5366.897777777778,88.2145276085123,77.47924669743634
r574_svd_normalised_tr050_tid5_010,r574,5,10,False,84,circle,324.17019400352734,86.23280423280423,42.0,3.656366395715726,7.312732791431466,7.312732791431438,,8.688795409866125e-08,1.0,42.22222222222222,False,circle,360.0,1.0,True,True,11.700372466290325,430.0800000000001,432.3555555555556,23.400744932580693,23.400744932580604
r574_svd_normalised_tr050_tid5_010,r574,5,10,False,85,circle,267.7764423076923,221.75320512820514,46.22222222222197,3.835751594501051,7.671503189002142,7.671503189002062,,1.444721179430583e-07,1.0,46.111111111111114,False,circle,360.0,1.0,True,True,12.274405102403364,473.3155555555531,472.1777777777779,24.548810204806855,24.5488102048066
r574_svd_normalised_tr050_tid5_010,r574,5,10,False,86,ellipse,255.6078495051347,2.507125283401672,37.936200653042306,3.474977368575994,7.5935864329351555,6.360877205395975,-86.12231722242308,0.5461852366864246,1.0,37.666666666666664,True,ellipse,322.0,0.8944444444444445,True,True,11.119927579443182,388.4666946871533,385.7066666666667,24.299476585392497,20.354807057267124
r574_svd_normalised_tr050_tid5_010,r574,5,10,False,87,circle,37.77864178330741,183.63348885432865,71.44444444444454,4.768802048688465,9.537604097376938,9.53760409737692,,6.143906154658885e-08,1.0,71.44444444444444,False,circle,360.0,1.0,True,True,15.260166555803089,731.5911111111122,731.5911111111112,30.520333111606206,30.52033311160615
r574_svd_normalised_tr050_tid5_010,r574,5,10,False,88,circle,127.39723359137781,125.50034778177655,58.53883322040245,4.316652561849078,8.633305123698163,8.63330512369815,,5.3726900748371916e-08,1.0,58.44444444444444,False,circle,360.0,1.0,True,True,13.81328819791705,599.4376521769212,598.4711111111112,27.62657639583412,27.626576395834082
r574_svd_normalised_tr050_tid5_010,r574,5,10,False,89,circle,263.77450980392155,105.95588235294117,37.77777777777761,3.4677139652400584,6.935427930480132,6.935427930480101,,9.424321830774485e-08,1.0,37.888888888888886,False,circle,360.0,1.0,True,True,11.096684688768187,386.8444444444428,387.9822222222223,22.193369377536424,22.193369377536325
r574_svd_normalised_tr050_tid5_010,r574,5,10,False,90,circle,237.57622109685366,126.95064190318541,109.75227866130636,5.910603634916836,11.821207269833678,11.821207269833664,,4.9421560620597e-08,1.0,109.55555555555556,False,circle,360.0,1.0,True,True,18.913931631733874,1123.8633334917774,1121.8488888888892,37.82786326346777,37.82786326346773
r574_svd_normalised_tr050_tid5_010,r574,5,10,False,91,ellipse,392.5698368920167,116.9350996539657,60.336159533696694,4.382418975170908,9.134924690309077,8.40974467772573,78.88743394575172,0.39047257425596915,1.0,60.55555555555556,False,ellipse,360.0,1.0,True,True,14.023740720546906,617.8422736250543,620.0888888888891,29.231759008989048,26.911182968722336
r574_svd_normalised_tr050_tid5_010,r574,5,10,False,92,circle,276.28377289736915,111.1146072161674,65.12437800599004,4.5529916923795115,9.105983384759032,9.105983384759016,,5.960464477539063e-08,1.0,64.88888888888889,False,circle,360.0,1.0,True,True,14.569573415614437,666.8736307813381,664.4622222222223,29.139146831228903,29.139146831228853
r574_svd_normalised_tr050_tid5_010,r574,5,10,False,93,circle,52.90887633959067,64.29928457165889,89.48662716321887,5.337085169574822,10.674170339149645,10.674170339149644,,1.4901161193847656e-08,1.0,89.55555555555556,False,circle,360.0,1.0,True,True,17.07867254263943,916.3430621513614,917.0488888888891,34.15734508527887,34.15734508527886
r574_svd_normalised_tr050_tid5_010,r574,5,10,False,94,circle,272.9769053117783,99.23633564280216,48.11111111111115,3.913341577469758,7.826683154939527,7.826683154939507,,7.300048299977713e-08,1.0,47.77777777777778,False,circle,360.0,1.0,True,True,12.522693047903227,492.6577777777783,489.2444444444445,25.04538609580649,25.04538609580642
r574_svd_normalised_tr050_tid5_010,r574,5,10,False,95,circle,304.17938496583145,147.86503416856493,195.11111111111097,7.880723036052635,15.761446072105285,15.761446072105258,,5.7711949142924205e-08,1.0,195.88888888888889,False,circle,360.0,1.0,True,True,25.218313715368435,1997.9377777777768,2005.9022222222227,50.43662743073691,50.43662743073683
r574_svd_normalised_tr050_tid5_010,r574,5,10,False,96,circle,85.005101481586,155.15746069143674,205.31514463444563,8.084172209966763,16.16834441993354,16.168344419933515,,5.5755039852469285e-08,1.0,205.22222222222223,False,circle,360.0,1.0,True,True,25.869351071893643,2102.4270810567236,2101.475555555556,51.73870214378733,51.73870214378725
r574_svd_normalised_tr050_tid5_010,r574,5,10,False,97,ellipse,82.2869306087697,230.64708386547468,87.00000000000004,5.262410103554245,10.920761820182706,10.143233797777853,50.704258630247324,0.37057444564822273,1.0,86.77777777777777,False,ellipse,360.0,1.0,True,True,16.839712331373587,890.8800000000006,888.6044444444445,34.94643782458466,32.45834815288913
r574_svd_normalised_tr050_tid5_010,r574,5,10,False,98,circle,280.1765935214211,89.92789968652038,35.44444444444411,3.3589160568490986,6.717832113698238,6.717832113698156,,1.562846970811712e-07,1.0,35.333333333333336,False,circle,360.0,1.0,True,True,10.748531381917116,362.95111111110776,361.81333333333345,21.497062763834364,21.4970627638341
r574_svd_normalised_tr050_tid5_010,r574,5,10,False,99,circle,341.8802224164498,91.72269518520932,52.01532325890093,4.069028339340221,8.138056678680474,8.138056678680408,,1.2731557704981462e-07,1.0,52.0,False,circle,360.0,1.0,True,True,13.020890685888709,532.6369101711456,532.4800000000001,26.041781371777518,26.041781371777308
r574_svd_normalised_tr050_tid5_010,r574,5,10,False,100,ellipse,164.41572392163738,109.70054015760817,49.02745899244692,3.950433506814947,8.263897076120465,7.5537847328043135,-84.89659882264266,0.4055552695726191,1.0,49.22222222222222,False,ellipse,360.0,1.0,True,True,12.641387221807832,502.0411800826565,504.0355555555556,26.44447064358549,24.172111144973805
r574_svd_normalised_tr050_tid5_010,r574,5,10,False,101,circle,126.50275492138744,147.22319551816693,92.478045358818,5.425557675729269,10.851115351458546,10.851115351458532,,5.1619136559035694e-08,1.0,92.0,False,circle,360.0,1.0,True,True,17.361784562333664,946.9751844742964,942.0800000000002,34.72356912466735,34.7235691246673
r574_svd_normalised_tr050_tid5_010,r574,5,10,False,102,circle,144.93762039859232,25.200003593748853,27.97838067267172,2.9842578922614753,5.96851578452297,5.968515784522931,,1.1445799094242763e-07,1.0,28.0,False,circle,360.0,1.0,True,True,9.549625255236721,286.4986180881585,286.72,19.099250510473507,19.09925051047338
r574_svd_normalised_tr050_tid5_010,r574,5,10,False,103,circle,214.37805045989143,112.7001249728109,29.01926484556721,3.0392628859856425,6.078525771971285,6.078525771971285,,0.0,1.0,29.0,False,circle,360.0,1.0,True,True,9.725641235154058,297.1572720186083,296.96000000000004,19.451282470308115,19.451282470308115
r574_svd_normalised_tr050_tid5_010,r574,5,10,False,104,circle,343.7414452933974,134.3045840876175,28.22689124526067,2.9974820332407606,5.994964066481549,5.994964066481493,,1.3657139822709083e-07,1.0,28.0,False,circle,360.0,1.0,True,True,9.591942506370435,289.04336635146933,286.72,19.183885012740955,19.183885012740777
r574_svd_normalised_tr050_tid5_010,r574,5,10,False,105,circle,120.96310193871169,120.42776735459661,59.22222222222218,4.341775997803975,8.68355199560795,8.68355199560795,,0.0,1.0,59.22222222222222,False,circle,360.0,1.0,True,True,13.89368319297272,606.4355555555552,606.4355555555557,27.78736638594544,27.78736638594544
r574_svd_normalised_tr050_tid5_010,r574,5,10,False,106,circle,221.78277153558057,28.63830925628678,69.22222222222226,4.694051307446973,9.388102614893949,9.388102614893942,,3.942476676500724e-08,1.0,69.11111111111111,False,circle,360.0,1.0,True,True,15.020964183830314,708.8355555555561,707.6977777777779,30.04192836766064,30.041928367660617
r574_svd_normalised_tr050_tid5_010,r574,5,10,False,107,circle,368.3198950142575,130.48197748305,116.35114533603816,6.0856979738784265,12.171395947756855,12.171395947756853,,1.4901161193847656e-08,1.0,116.66666666666667,False,circle,360.0,1.0,True,True,19.474233516410965,1191.435728241031,1194.666666666667,38.94846703282194,38.94846703282193
r574_svd_normalised_tr050_tid5_010,r574,5,10,False,108,circle,68.82125845859784,39.12654162236421,53.37317707891791,4.1217969286777905,8.243593857355588,8.243593857355574,,5.960464477539063e-08,1.0,53.0,False,circle,360.0,1.0,True,True,13.18975017176893,546.5413332881195,542.7200000000001,26.379500343537885,26.37950034353784
r574_svd_normalised_tr050_tid5_010,r574,5,10,False,109,circle,361.1479076479077,89.05772005772005,51.33333333333303,4.042265143551054,8.08453028710213,8.084530287102087,,1.021572142899192e-07,1.0,51.333333333333336,False,circle,360.0,1.0,True,True,12.935248459363374,525.6533333333304,525.6533333333334,25.870496918726815,25.87049691872668
r574_svd_normalised_tr050_tid5_010,r574,5,10,False,110,circle,109.40074906367042,167.7134831460674,237.33333333333317,8.691694099596058,17.38338819919212,17.383388199192115,,2.1073424255447017e-08,1.0,237.0,False,circle,360.0,1.0,True,True,27.813421118707385,2430.293333333332,2426.8800000000006,55.626842237414785,55.62684223741477
r574_svd_normalised_tr050_tid5_010,r574,5,10,False,111,ellipse,83.28499496475328,217.38267875125882,73.5555555555554,4.838745758672833,10.18435158600687,9.195857122310679,-35.24428503171126,0.4297668980908611,1.0,73.55555555555556,False,ellipse,360.0,1.0,True,True,15.483986427753067,753.2088888888875,753.2088888888891,32.589925075221984,29.426742791394176
r574_svd_normalised_tr050_tid5_010,r574,5,10,False,112,ellipse,225.2755863477297,176.20846913255977,58.86343369581908,4.328604033646792,9.071519470790033,8.26181895566014,-89.9539902194997,0.4129745408436309,1.0,58.44444444444444,False,ellipse,360.0,1.0,True,True,13.851532907669736,602.7615610451875,598.4711111111112,29.028862306528108,26.437820658112447
r574_svd_normalised_tr050_tid5_010,r574,5,10,False,113,circle,225.5151515151515,70.44507575757576,19.555555555555504,2.4949402123397,4.9898804246794,4.9898804246794,,0.0,1.0,19.333333333333332,False,circle,360.0,1.0,True,True,7.983808679487041,200.2488888888884,197.97333333333336,15.967617358974081,15.967617358974081
r574_svd_normalised_tr050_tid5_010,r574,5,10,False,114,circle,32.99830548323796,232.61341875938382,196.13984868971215,7.901471566267147,15.802943132534306,15.802943132534281,,5.5755039852469285e-08,1.0,195.88888888888889,False,circle,360.0,1.0,True,True,25.284709012054872,2008.4720505826529,2005.9022222222227,50.56941802410978,50.5694180241097
r574_svd_normalised_tr050_tid5_010,r574,5,10,False,115,circle,169.79944674965424,203.8118948824343,53.55555555555576,4.12883310311747,8.25766620623494,8.257666206234939,,2.1073424255447017e-08,1.0,53.111111111111114,False,circle,360.0,1.0,True,True,13.212265929975906,548.4088888888912,543.8577777777779,26.424531859951813,26.424531859951806
r574_svd_normalised_tr050_tid5_010,r574,5,10,False,116,ellipse,126.35376930063578,220.63283378746593,163.11111111111063,7.205545032340667,14.952331937065926,13.88943997006461,35.37161480633091,0.3702939374258024,1.0,163.66666666666666,False,ellipse,360.0,1.0,True,True,23.057744103490137,1670.2577777777733,1675.946666666667,47.84746219861097,44.44620790420675
r574_svd_normalised_tr050_tid5_010,r574,5,10,False,117,circle,309.3497132360231,106.61489419437117,58.814305613558744,4.326797305840726,8.65359461168146,8.653594611681445,,5.7711949142924205e-08,1.0,58.666666666666664,False,circle,360.0,1.0,True,True,13.845751378690323,602.2584894828417,600.7466666666668,27.691502757380672,27.691502757380626
r574_svd_normalised_tr050_tid5_010,r574,5,10,False,118,circle,380.7595459236326,120.921568627451,35.888888888888744,3.379909486581687,6.759818973163384,6.759818973163365,,7.450580596923828e-08,1.0,35.77777777777778,False,circle,360.0,1.0,True,True,10.815710357061398,367.5022222222208,366.36444444444453,21.63142071412283,21.63142071412277
r574_svd_normalised_tr050_tid5_010,r574,5,10,False,119,circle,201.7683615819209,19.871939736346516,39.333333333333364,3.538387889500308,7.076775779000628,7.076775779000604,,8.296615425989064e-08,1.0,38.888888888888886,False,circle,360.0,1.0,True,True,11.322841246400985,402.7733333333337,398.2222222222223,22.64568249280201,22.645682492801935
r574_svd_normalised_tr050_tid5_010,r574,5,10,False,120,ellipse,125.06148373983739,134.66209349593498,72.88888888888893,4.816767995895712,10.009733058112394,9.27147758749939,-35.46966969593234,0.37691896578546147,1.0,72.77777777777777,False,ellipse,360.0,1.0,True,True,15.413657586866279,746.3822222222228,745.2444444444445,32.03114578595966,29.66872827999805
r574_svd_normalised_tr050_tid5_010,r574,5,10,False,121,circle,249.53703703703704,64.9292929292929,21.99999999999989,2.646283714200607,5.292567428401215,5.292567428401213,,2.5809568279517847e-08,1.0,22.11111111111111,False,circle,360.0,1.0,True,True,8.468107885441944,225.27999999999892,226.41777777777781,16.936215770883887,16.936215770883884
r574_svd_normalised_tr050_tid5_010,r574,5,10,False,122,circle,281.1707006369427,139.33460721868363,87.2222222222228,5.26912664758146,10.538253295162939,10.538253295162903,,8.161702118890973e-08,1.0,87.11111111111111,False,circle,360.0,1.0,True,True,16.861205272260673,893.1555555555616,892.017777777778,33.7224105445214,33.72241054452129
r574_svd_normalised_tr050_tid5_010,r574,5,10,False,123,circle,356.58532533807664,61.758194771304495,27.41872292647242,2.9542597336778513,5.908519467355724,5.9085194673556805,,1.210576058124894e-07,1.0,27.666666666666668,False,circle,360.0,1.0,True,True,9.453631147769125,280.76772276707766,283.30666666666673,18.907262295538317,18.907262295538178
r574_svd_normalised_tr050_tid5_010,r574,5,10,False,124,circle,331.7095709570957,63.28052805280527,22.444444444444244,2.67288019869381,5.345760397387636,5.345760397387604,,1.0950072449966572e-07,1.0,22.444444444444443,False,circle,360.0,1.0,True,True,8.553216635820192,229.8311111111091,229.83111111111114,17.106433271640437,17.106433271640334
r574_svd_normalised_tr050_tid5_010,r574,5,10,False,125,circle,327.84189325276935,121.43202416918429,36.77777777777774,3.421509938395208,6.843019876790428,6.843019876790404,,8.429369702178807e-08,1.0,36.44444444444444,False,circle,360.0,1.0,True,True,10.948831802864667,376.60444444444414,373.1911111111112,21.89766360572937,21.897663605729292
r574_svd_normalised_tr050_tid5_010,r574,5,10,False,126,circle,144.47781316631873,209.390272960739,157.27529033874086,7.075470285941934,14.150940571883869,14.150940571883867,,1.4901161193847656e-08,1.0,157.66666666666666,False,circle,360.0,1.0,True,True,22.641504915014192,1610.4989730687066,1614.506666666667,45.283009830028384,45.28300983002838
r574_svd_normalised_tr050_tid5_010,r574,5,10,False,127,ellipse,334.8921158037616,223.1427374708661,137.32218731612787,6.611430239751899,14.095326432965976,12.404398017452104,69.76602569557781,0.4749065419138153,1.0,138.11111111111111,False,ellipse,360.0,1.0,True,True,21.156576767206076,1406.1791981171496,1414.257777777778,45.10504458549113,39.694073655846736
r574_svd_normalised_tr050_tid5_010,r574,5,10,False,128,ellipse,246.24952532913966,87.42161224191806,26.642273076873195,2.9121296177843763,6.055025116444265,5.6022881806026525,74.21544968516639,0.3794077946607073,1.0,26.88888888888889,False,ellipse,360.0,1.0,True,True,9.318814776910004,272.8168763071816,275.3422222222223,19.37608037262165,17.927322177928488
r574_svd_normalised_tr050_tid5_010,r574,5,10,False,129,ellipse,27.92558830719633,121.17330899416459,87.66486213735168,5.282479748116231,10.957765452186495,10.18623456069324,86.89132403570196,0.3685939773053764,1.0,87.66666666666667,False,ellipse,360.0,1.0,True,True,16.90393519397194,897.6881882864814,897.7066666666669,35.06484944699678,32.59595059421837
r574_svd_normalised_tr050_tid5_010,r574,5,10,False,130,circle,35.8271375464684,119.93494423791822,59.777777777777814,4.362093263648129,8.724186527296263,8.724186527296254,,4.470348358154297e-08,1.0,60.111111111111114,False,circle,360.0,1.0,True,True,13.958698443674013,612.124444444445,615.5377777777779,27.917396887348044,27.917396887348016
r574_svd_normalised_tr050_tid5_010,r574,5,10,False,131,circle,157.24339497448688,224.12608814923965,475.137605614978,12.298007853507919,24.59601570701584,24.596015707015837,,1.4901161193847656e-08,1.0,475.77777777777777,False,circle,360.0,1.0,True,True,39.35362513122534,4865.409081497375,4871.964444444446,78.7072502624507,78.70725026245069
r574_svd_normalised_tr050_tid5_010,r574,5,10,False,132,circle,377.94510282177737,84.29448556044824,40.9180449920828,3.6089635969753284,7.217927193950686,7.217927193950628,,1.2644054553268208e-07,1.0,40.666666666666664,False,circle,360.0,1.0,True,True,11.548683510321052,419.00078071892796,416.42666666666673,23.097367020642196,23.09736702064201
r574_svd_normalised_tr050_tid5_010,r574,5,10,False,133,circle,246.80350877192984,148.940350877193,21.111111111111207,2.5922722416812563,5.184544483362513,5.1845444833625125,,2.1073424255447017e-08,1.0,21.22222222222222,False,circle,360.0,1.0,True,True,8.295271173380021,216.1777777777788,217.3155555555556,16.590542346760042,16.590542346760042
r574_svd_normalised_tr050_tid5_010,r574,5,10,False,134,ellipse,132.47138047138048,136.3939393939394,22.0000000000001,2.64628371420062,5.508305704141519,5.085278756971118,3.3093711777381145,0.3843150997868854,1.0,21.88888888888889,False,ellipse,360.0,1.0,True,True,8.468107885441984,225.28000000000105,224.14222222222227,17.626578253252863,16.27289202230758
r574_svd_normalised_tr050_tid5_010,r574,5,10,False,135,circle,247.71161198336512,226.8174421497672,235.0189317671963,8.649210913248233,17.29842182649648,17.29842182649645,,5.7711949142924205e-08,1.0,234.77777777777777,False,circle,360.0,1.0,True,True,27.677474922394346,2406.593861296091,2404.1244444444446,55.354949844788734,55.35494984478865
r574_svd_normalised_tr050_tid5_010,r574,5,10,False,136,circle,359.3989548882267,50.52941489649438,32.80198967150461,3.2312842027495057,6.462568405499025,6.462568405498998,,9.06402249678704e-08,1.0,33.0,False,circle,360.0,1.0,True,True,10.340109448798419,335.8923742362072,337.9200000000001,20.68021889759688,20.680218897596795
r574_svd_normalised_tr050_tid5_010,r574,5,10,False,137,ellipse,315.9623655913978,100.39605734767024,20.66666666666655,2.5648400173236867,5.349618872213574,4.918783540736948,-83.95813098002202,0.39317351339701284,1.0,20.666666666666668,False,ellipse,360.0,1.0,True,True,8.207488055435798,211.62666666666553,211.62666666666672,17.118780391083437,15.740107330358235
r574_svd_normalised_tr050_tid5_010,r574,5,10,False,138,circle,146.91429639975186,153.9938774527991,42.03578975131631,3.657923926407881,7.315847852815763,7.315847852815762,,1.4901161193847656e-08,1.0,41.666666666666664,False,circle,360.0,1.0,True,True,11.70535656450522,430.4464870534791,426.66666666666674,23.410713129010443,23.41071312901044
r574_svd_normalised_tr050_tid5_010,r574,5,10,False,139,circle,191.85610249012657,84.19971685462092,39.72544767409614,3.5559812608816816,7.111962521763363,7.111962521763363,,0.0,1.0,39.888888888888886,False,circle,360.0,1.0,True,True,11.379140034821383,406.78858418274456,408.4622222222223,22.758280069642765,22.758280069642765
r574_svd_normalised_tr050_tid5_010,r574,5,10,False,140,circle,383.72573226813313,88.76910782418328,47.941689079931884,3.9064451352209972,7.812890270442024,7.812890270441966,,1.219712610821791e-07,1.0,47.77777777777778,False,circle,360.0,1.0,True,True,12.500624432707191,490.9228961785026,489.2444444444445,25.001248865414478,25.001248865414293
r574_svd_normalised_tr050_tid5_010,r574,5,10,False,141,circle,85.25948640362702,53.580474382698206,34.62827806444106,3.3200185616096918,6.640037123219394,6.640037123219374,,7.884953353001448e-08,1.0,34.666666666666664,False,circle,360.0,1.0,True,True,10.624059397151015,354.59356737987656,354.98666666666674,21.248118794302062,21.248118794302
r574_svd_normalised_tr050_tid5_010,r574,5,10,False,142,ellipse,77.3656973710273,170.2798226517126,97.95818151467813,5.584000144046229,11.605661861763057,10.746843387343523,17.371893436713435,0.3775234028197768,1.0,98.44444444444444,False,ellipse,360.0,1.0,True,True,17.868800460947934,1003.0917787103043,1008.0711111111112,37.13811795764178,34.389898839499274
r574_svd_normalised_tr050_tid5_010,r574,5,10,False,143,circle,359.60147213459516,230.59450578338593,281.7777777777781,9.470620485140666,18.941240970281356,18.941240970281306,,7.300048299977713e-08,1.0,282.44444444444446,False,circle,360.0,1.0,True,True,30.30598555245013,2885.4044444444485,2892.2311111111117,60.61197110490034,60.611971104900185
r574_svd_normalised_tr050_tid5_010,r574,5,10,False,144,circle,185.59072795935487,103.73397770139101,48.768589235416385,3.9399903665960188,7.879980733192052,7.879980733192022,,8.688795409866125e-08,1.0,48.666666666666664,False,circle,360.0,1.0,True,True,12.60796917310726,499.39035377066386,498.34666666666675,25.215938346214568,25.21593834621447
r574_svd_normalised_tr050_tid5_010,r574,5,10,False,145,ellipse,17.412579140079956,39.817869908323395,14.756774535277875,2.1673087511391085,4.5156615038596435,4.160832001025169,-7.9928864864074285,0.38856224958046903,1.0,15.0,False,ellipse,360.0,1.0,True,True,6.935388003645148,151.10937124124547,153.60000000000002,14.45011681235086,13.314662403280543
r574_svd_normalised_tr050_tid5_010,r574,5,10,False,146,ellipse,55.23897300855826,178.50691244239633,168.77777777777737,7.329640866699911,15.381122844663766,13.971316860897703,-85.69876721340648,0.41822860787962135,1.0,169.33333333333334,False,ellipse,360.0,1.0,True,True,23.454850773439716,1728.2844444444406,1733.9733333333338,49.21959310292405,44.708213954872654
r574_svd_normalised_tr050_tid5_010,r574,5,10,False,147,circle,297.5819175817524,195.1767891401193,20.95694652345185,2.5827898216153296,5.16557964323066,5.165579643230659,,2.1073424255447017e-08,1.0,21.22222222222222,False,circle,360.0,1.0,True,True,8.264927429169054,214.599132400147,217.3155555555556,16.529854858338112,16.52985485833811
r574_svd_normalised_tr050_tid5_010,r574,5,10,False,148,circle,335.8980549966466,9.753856472166332,55.22222222222202,4.192586226945307,8.385172453890625,8.385172453890604,,7.146345858741878e-08,1.0,55.0,False,circle,360.0,1.0,True,True,13.416275926224984,565.4755555555536,563.2000000000002,26.832551852450003,26.832551852449935
r574_svd_normalised_tr050_tid5_010,r574,5,10,False,149,ellipse,230.78627034677987,228.24790213325247,366.33333333333326,10.798496267474558,22.743496416242557,20.508284127393047,-73.441912649747,0.4323188309092093,1.0,366.55555555555554,False,ellipse,360.0,1.0,True,True,34.555188055918585,3751.253333333333,3753.5288888888895,72.77918853197619,65.62650920765775
r574_svd_normalised_tr050_tid5_010,r574,5,10,False,150,circle,61.272268907563024,165.4948646125117,198.33333333333337,7.9455308670840346,15.891061734168076,15.89106173416806,,4.470348358154297e-08,1.0,199.11111111111111,False,circle,360.0,1.0,True,True,25.425698774668913,2030.933333333334,2038.8977777777782,50.85139754933785,50.8513975493378
r574_svd_normalised_tr050_tid5_010,r574,5,10,False,151,circle,370.0161823999826,239.79252745931853,329.1510754797746,10.235821480137261,20.47164296027455,20.471642960274494,,7.450580596923828e-08,1.0,326.44444444444446,True,circle,323.0,0.8972222222222223,True,True,32.75462873643924,3370.5070129128926,3342.791111111112,65.50925747287856,65.50925747287839
r574_svd_normalised_tr050_tid5_010,r574,5,10,False,152,circle,398.6841873564341,125.47371716372504,114.15502914397003,6.027990903619912,12.055981807239846,12.055981807239803,,8.429369702178807e-08,1.0,66.66666666666667,True,circle,195.0,0.5416666666666666,True,True,19.289570891583722,1168.9474984342532,682.6666666666669,38.57914178316751,38.57914178316737
r574_svd_normalised_tr050_tid5_010,r574,5,10,False,153,circle,315.7276688453159,54.9041394335512,17.00000000000003,2.326213245840641,4.65242649168131,4.652426491681254,,1.548574096771071e-07,1.0,17.0,False,circle,360.0,1.0,True,True,7.443882386690051,174.08000000000033,174.08000000000004,14.887764773380193,14.887764773380013
r574_svd_normalised_tr050_tid5_010,r574,5,10,False,154,ellipse,116.45715630885121,238.3824152542373,314.66666666666595,10.00807228453608,21.725547620773874,18.4412402579395,54.59634213583752,0.5286700603478031,1.0,315.1111111111111,False,ellipse,360.0,1.0,True,True,32.02583131051546,3222.18666666666,3226.7377777777783,69.5217523864764,59.011968825406406
r574_svd_normalised_tr050_tid5_010,r574,5,10,False,155,circle,214.21746880570413,171.1907308377897,20.777777777777846,2.571725506269392,5.143451012538785,5.143451012538784,,2.1073424255447017e-08,1.0,20.666666666666668,False,circle,360.0,1.0,True,True,8.229521620062055,212.7644444444452,211.62666666666672,16.459043240124114,16.45904324012411
r574_svd_normalised_tr050_tid5_010,r574,5,10,False,156,circle,200.52984056691236,151.96623818333924,80.42861874915208,5.059765259373412,10.119530518746824,10.119530518746824,,0.0,1.0,80.44444444444444,False,circle,360.0,1.0,True,True,16.19124882999492,823.5890559913174,823.7511111111113,32.38249765998984,32.38249765998984
r574_svd_normalised_tr050_tid5_010,r574,5,10,False,157,ellipse,178.5085910652921,77.87113402061854,43.111111111111235,3.7044153210776156,7.696843705858135,7.131594921481963,-24.82555900386862,0.3761446271891609,1.0,43.333333333333336,False,ellipse,360.0,1.0,True,True,11.854129027448371,441.45777777777914,443.73333333333346,24.629899858746032,22.821103748742285
r574_svd_normalised_tr050_tid5_010,r574,5,10,False,158,circle,341.24494674525147,62.022539888946284,15.42635488107729,2.2159334977445684,4.4318669954891385,4.431866995489134,,4.470348358154297e-08,1.0,15.444444444444445,False,circle,360.0,1.0,True,True,7.090987192782619,157.96587398223147,158.15111111111113,14.181974385565244,14.18197438556523
r574_svd_normalised_tr050_tid5_010,r574,5,10,False,159,circle,259.1088359126726,132.78570407620728,70.79517459541736,4.747083732970053,9.49416746594011,9.4941674659401,,4.712160915387242e-08,1.0,70.44444444444444,False,circle,360.0,1.0,True,True,15.190667945504169,724.9425878570739,721.3511111111112,30.381335891008355,30.38133589100832
r574_svd_normalised_tr050_tid5_010,r574,5,10,False,160,ellipse,338.5627135187897,3.3460224499755977,75.88888888888873,4.914894056318662,11.831737577498922,8.16657179103623,-87.56313703366789,0.7235939458335542,1.0,75.66666666666667,True,ellipse,320.0,0.8888888888888888,True,True,15.727660980219719,777.1022222222207,774.8266666666668,37.86156024799655,26.133029731315936
r574_svd_normalised_tr050_tid5_010,r574,5,10,False,161,circle,178.37264150943398,138.06761006289307,23.55555555555545,2.738241444410046,5.476482888820092,5.476482888820091,,1.4901161193847656e-08,1.0,23.666666666666668,False,circle,360.0,1.0,True,True,8.762372622112148,241.20888888888786,242.34666666666672,17.524745244224295,17.52474524422429
r574_svd_normalised_tr050_tid5_010,r574,5,10,False,162,circle,148.9322493224932,109.28319783197833,27.333333333333297,2.949655949828206,5.89931189965642,5.899311899656402,,7.884953353001448e-08,1.0,27.22222222222222,False,circle,360.0,1.0,True,True,9.43889903945026,279.89333333333303,278.7555555555556,18.877798078900547,18.877798078900486
r574_svd_normalised_tr050_tid5_010,r574,5,10,False,163,circle,182.21566223394183,123.82276595449503,26.36527092818338,2.8969512229850984,5.793902445970211,5.793902445970183,,9.8843121241194e-08,1.0,26.77777777777778,False,circle,360.0,1.0,True,True,9.270243913552315,269.9803743045979,274.2044444444445,18.540487827104677,18.540487827104585
r574_svd_normalised_tr050_tid5_010,r574,5,10,False,164,ellipse,201.34451582203187,206.9274327861051,155.66666666666623,7.039193060946448,14.619109738018667,13.557662494430986,-71.2671281181112,0.37408810700287265,1.0,155.66666666666666,False,ellipse,360.0,1.0,True,True,22.525417795028634,1594.0266666666625,1594.0266666666669,46.781151161659736,43.38451998217916
r574_svd_normalised_tr050_tid5_010,r574,5,10,False,165,circle,71.69389217831666,207.0588045011842,174.75650379294046,7.45833244312749,14.916664886254988,14.91666488625497,,4.9421560620597e-08,1.0,175.44444444444446,False,circle,360.0,1.0,True,True,23.866663818007968,1789.5065988397107,1796.5511111111116,47.733327636015964,47.73332763601591
r574_svd_normalised_tr050_tid5_010,r574,5,10,False,166,circle,322.6060606060606,95.75757575757578,25.66666666666655,2.8583130943589654,5.716626188717942,5.716626188717919,,8.940696716308594e-08,1.0,25.666666666666668,False,circle,360.0,1.0,True,True,9.14660190194869,262.8266666666655,262.8266666666667,18.293203803897416,18.29320380389734
r574_svd_normalised_tr050_tid5_010,r574,5,10,False,167,circle,44.335201167538905,61.32607425088057,50.76694876192647,4.019903193151191,8.039806386302386,8.03980638630238,,3.650024149988857e-08,1.0,50.333333333333336,False,circle,360.0,1.0,True,True,12.863690218083812,519.8535553221271,515.4133333333334,25.727380436167635,25.72738043616762
r574_svd_normalised_tr050_tid5_010,r574,5,10,False,168,ellipse,145.08114035087718,120.2061403508772,16.888888888888918,2.318598779434018,4.853391952868574,4.430633546351449,-87.82140693727769,0.4081961673578976,1.0,16.88888888888889,False,ellipse,360.0,1.0,True,True,7.419516094188857,172.94222222222254,172.94222222222226,15.530854249179436,14.178027348324637
r574_svd_normalised_tr050_tid5_010,r574,5,10,False,169,circle,355.55770023317956,99.99821364277449,19.278620244147273,2.477211217416682,4.954422434833365,4.954422434833364,,2.1073424255447017e-08,1.0,19.444444444444443,False,circle,360.0,1.0,True,True,7.927075895733383,197.4130713000681,199.11111111111114,15.85415179146677,15.854151791466766
r574_svd_normalised_tr050_tid5_010,r574,5,10,False,170,ellipse,183.2189021857855,74.42880157518633,29.393359043795666,3.0587900829886796,6.3677202027651925,5.877266257852818,3.701301444304164,0.38485248787339343,1.0,29.333333333333332,False,ellipse,360.0,1.0,True,True,9.788128265563776,300.98799660846765,300.3733333333334,20.376704648848616,18.807252025129017
r574_svd_normalised_tr050_tid5_010,r574,5,10,False,171,ellipse,134.99888143176736,112.17897091722594,33.111111111111256,3.246474088791819,6.739807931552268,6.255130185449817,89.70098085719047,0.3723626627831871,1.0,33.111111111111114,False,ellipse,360.0,1.0,True,True,10.388717084133821,339.05777777777934,339.05777777777786,21.56738538096726,20.016416593439416
r574_svd_normalised_tr050_tid5_010,r574,5,10,False,172,circle,386.7421509686039,69.59385437541751,55.44444444444462,4.201013544447895,8.402027088895819,8.402027088895764,,1.1445799094242763e-07,1.0,55.333333333333336,False,circle,360.0,1.0,True,True,13.443243342233266,567.751111111113,566.6133333333335,26.88648668446662,26.886486684466448
r574_svd_normalised_tr050_tid5_010,r574,5,10,False,173,circle,245.24908424908423,124.41575091575092,20.22222222222212,2.5371112025173126,5.074222405034639,5.074222405034612,,1.043081283569336e-07,1.0,20.333333333333332,False,circle,360.0,1.0,True,True,8.1187558480554,207.07555555555453,208.21333333333337,16.237511696110847,16.237511696110758
r574_svd_normalised_tr050_tid5_010,r574,5,10,False,174,ellipse,213.47950089126562,164.81639928698752,20.777777777777928,2.571725506269397,5.41279563462772,4.887509173474617,10.558934208407493,0.42973577706660215,1.0,20.444444444444443,False,ellipse,360.0,1.0,True,True,8.229521620062071,212.764444444446,209.35111111111112,17.320946030808706,15.640029355118777
r574_svd_normalised_tr050_tid5_010,r574,5,10,False,175,circle,121.82047086205749,190.0379276018313,194.5776615919514,7.869942395929095,15.739884791858197,15.739884791858184,,3.942476676500724e-08,1.0,194.33333333333334,False,circle,360.0,1.0,True,True,25.183815666973103,1992.4752547015828,1989.9733333333338,50.367631333946235,50.36763133394619
r574_svd_normalised_tr050_tid5_010,r574,5,10,False,176,ellipse,282.0901912561213,55.93197298601005,16.74533392134643,2.3087237458417045,4.793450421001668,4.447906928387105,-72.79458993474185,0.37279579201938806,1.0,16.666666666666668,False,ellipse,360.0,1.0,True,True,7.3879159866934545,171.47221935458745,170.6666666666667,15.339041347205338,14.233302170838735
r574_svd_normalised_tr050_tid5_010,r574,5,10,False,177,circle,189.25095999959012,11.60389422539736,28.246812737388804,2.9985396024553483,5.997079204910698,5.997079204910696,,2.5809568279517847e-08,1.0,28.333333333333332,False,circle,360.0,1.0,True,True,9.595326727857115,289.2473624308614,290.1333333333334,19.190653455714234,19.190653455714227
r574_svd_normalised_tr050_tid5_010,r574,5,10,False,178,ellipse,369.92459297343623,111.2604970008569,43.22222222222214,3.709185980261173,7.833793707517541,7.0249797989770375,-66.72567787485247,0.44253095608435516,1.0,43.22222222222222,False,ellipse,360.0,1.0,True,True,11.869395136835754,442.5955555555548,442.5955555555556,25.068139864056132,22.47993535672652
r574_svd_normalised_tr050_tid5_010,r574,5,10,False,179,ellipse,234.0959089535561,83.99898401989518,20.808553926391255,2.5736294278623078,5.423151629773012,4.88540161451182,-85.38654510037634,0.4341475230223887,1.0,21.22222222222222,False,ellipse,360.0,1.0,True,True,8.235614169159385,213.0795922062465,217.3155555555556,17.35408521527364,15.633285166437824
r574_svd_normalised_tr050_tid5_010,r574,5,10,False,180,circle,264.0109289617487,97.99453551912569,27.111111111111253,2.937641008035857,5.87528201607172,5.875282016071708,,6.495265578539184e-08,1.0,26.77777777777778,False,circle,360.0,1.0,True,True,9.400451225714743,277.6177777777793,274.2044444444445,18.800902451429504,18.800902451429465
r574_svd_normalised_tr050_tid5_010,r574,5,10,False,181,circle,262.61194501625073,8.207173541541003,21.154890391408436,2.594958718885483,5.189917437770987,5.189917437770945,,1.2644054553268208e-07,1.0,21.22222222222222,False,circle,360.0,1.0,True,True,8.303867900433545,216.62607760802243,217.3155555555556,16.607735800867157,16.607735800867026
r574_svd_normalised_tr050_tid5_010,r574,5,10,False,182,circle,146.8342647442798,125.72129732728139,13.93037295342009,2.1057481875335675,4.211496375067136,4.211496375067134,,2.9802322387695312e-08,1.0,13.777777777777779,False,circle,360.0,1.0,True,True,6.738394200107416,142.64701904302174,141.08444444444447,13.476788400214836,13.47678840021483
r574_svd_normalised_tr050_tid5_010,r574,5,10,False,183,ellipse,52.14061772466243,219.79616120854675,715.888888888889,15.095512934062977,31.36802401225782,29.058191316534966,-8.269573209273574,0.3766307694302242,1.0,716.1111111111111,False,ellipse,360.0,1.0,True,True,48.30564138900153,7330.702222222225,7332.977777777779,100.37767683922503,92.9862122129119
r574_svd_normalised_tr050_tid5_010,r574,5,10,False,184,circle,127.85770990804858,157.30442562457355,78.95831299592909,5.013303464084167,10.026606928168349,10.02660692816832,,7.598131170262075e-08,1.0,78.66666666666667,False,circle,360.0,1.0,True,True,16.042571085069337,808.533125078314,805.5466666666669,32.08514217013872,32.085142170138624
r574_svd_normalised_tr050_tid5_010,r574,5,10,False,185,circle,67.36149228021532,56.44475470738013,13.448987183644332,2.0690446055397373,4.13808921107948,4.138089211079469,,7.146345858741878e-08,1.0,13.666666666666666,False,circle,360.0,1.0,True,True,6.62094273772716,137.71762876051798,139.9466666666667,13.241885475454337,13.241885475454303
r574_svd_normalised_tr050_tid5_010,r574,5,10,False,186,circle,299.2673657112821,239.76789725742805,1255.5502464805904,19.991349530616162,39.982699061232324,39.982699061232324,,0.0,1.0,1000.7777777777778,True,circle,239.0,0.6638888888888889,True,True,63.97231849797172,12856.834523961248,10247.964444444448,127.94463699594344,127.94463699594344
r574_svd_normalised_tr050_tid5_010,r574,5,10,False,187,ellipse,214.65215053763438,204.91989247311827,68.88888888888863,4.682735779600419,10.386176512899432,8.445076724554323,-80.26722182962226,0.5821137312549861,1.0,68.88888888888889,False,ellipse,360.0,1.0,True,True,14.984754494721342,705.4222222222197,705.4222222222223,33.23576484127818,27.024245518573835
r574_svd_normalised_tr050_tid5_010,r574,5,10,False,188,circle,294.091533180778,115.40350877192984,48.555555555555344,3.931375505148236,7.862751010296503,7.862751010296441,,1.2467205919833117e-07,1.0,48.77777777777778,False,circle,360.0,1.0,True,True,12.580401616474356,497.2088888888868,499.48444444444453,25.16080323294881,25.160803232948613
r574_svd_normalised_tr050_tid5_010,r574,5,10,False,189,ellipse,251.81431861430673,197.39690504556353,116.71689573255007,6.095255679325796,12.741823187558486,11.663053630387804,66.64736572533769,0.4026902149907932,1.0,116.66666666666667,False,ellipse,360.0,1.0,True,True,19.50481817384255,1195.1810123013129,1194.666666666667,40.77383420018716,37.32177161724098
r574_svd_normalised_tr050_tid5_010,r574,5,10,False,190,circle,339.71303587051625,227.31420504255152,931.3333333333336,17.217799143110707,34.43559828622141,34.43559828622141,,0.0,1.0,931.2222222222222,False,circle,360.0,1.0,True,True,55.096957257954266,9536.853333333338,9535.715555555556,110.19391451590853,110.19391451590853
r574_svd_normalised_tr050_tid5_010,r574,5,10,False,191,ellipse,78.03314917127072,33.937384898710874,20.111111111111093,2.5301315161088644,5.251000864648239,4.876453578139852,-3.9123328732171103,0.37090388886359205,1.0,20.22222222222222,False,ellipse,360.0,1.0,True,True,8.096420851548366,205.93777777777763,207.07555555555558,16.803202766874364,15.604651450047527
r574_svd_normalised_tr050_tid5_010,r574,5,10,False,192,circle,118.71498049240783,154.34027714067344,91.52466104072185,5.3975183592908875,10.795036718581793,10.795036718581757,,8.161702118890973e-08,1.0,91.77777777777777,False,circle,360.0,1.0,True,True,17.272058749730842,937.2125290569919,939.8044444444446,34.54411749946174,34.54411749946163
r574_svd_normalised_tr050_tid5_010,r574,5,10,False,193,circle,281.54347826086956,82.76811594202898,15.333333333333401,2.2092423108730013,4.418484621746031,4.418484621745974,,1.6049041769309353e-07,1.0,15.333333333333334,False,circle,360.0,1.0,True,True,7.069575394793604,157.01333333333406,157.01333333333338,14.1391507895873,14.139150789587118
r574_svd_normalised_tr050_tid5_010,r574,5,10,False,194,circle,194.3553719008264,102.1542699724518,13.444444444444382,2.0686951396751017,4.13739027935022,4.137390279350186,,1.2731557704981462e-07,1.0,13.666666666666666,False,circle,360.0,1.0,True,True,6.619824446960326,137.6711111111105,139.9466666666667,13.239648893920705,13.239648893920597
r574_svd_normalised_tr050_tid5_010,r574,5,10,False,195,circle,393.2882882882883,63.737987987987985,49.33333333333353,3.962737402150236,7.925474804300478,7.925474804300467,,5.3726900748371916e-08,1.0,49.0,False,circle,360.0,1.0,True,True,12.680759686880755,505.1733333333354,501.7600000000001,25.36151937376153,25.361519373761496
r574_svd_normalised_tr050_tid5_010,r574,5,10,False,196,ellipse,344.96989966555185,178.46711259754738,33.22222222222201,3.2519166309006278,6.749095673590672,6.267483696050182,-86.69216814607034,0.37098084864809,1.0,33.111111111111114,False,ellipse,360.0,1.0,True,True,10.40613321888201,340.1955555555534,339.05777777777786,21.597106155490152,20.055947827360583
r574_svd_normalised_tr050_tid5_010,r574,5,10,False,197,ellipse,253.61987577639752,188.38467908902695,89.44444444444483,5.335827108413805,11.534314437240074,9.873513015723253,-85.17450245049372,0.5169557440212905,1.0,89.44444444444444,False,ellipse,360.0,1.0,True,True,17.074646746924177,915.9111111111152,915.9111111111113,36.90980619916824,31.59524165031441
r574_svd_normalised_tr050_tid5_010,r574,5,10,False,198,ellipse,77.12193754141026,101.8879407733122,47.63378275029527,3.8938803224739584,8.085250400400037,7.501216766273415,-0.3246815049834595,0.3731636215421894,1.0,47.55555555555556,False,ellipse,360.0,1.0,True,True,12.460417031916668,487.76993536302365,486.968888888889,25.87280128128012,24.00389365207493
r574_svd_normalised_tr050_tid5_010,r574,5,10,False,199,circle,195.2682266218199,79.290224345425,16.894177309461295,2.318961762630726,4.637923525261466,4.637923525261438,,1.1050996910178159e-07,1.0,16.77777777777778,False,circle,360.0,1.0,True,True,7.420677640418323,172.99637564888369,171.8044444444445,14.841355280836693,14.841355280836602
r574_svd_normalised_tr050_tid5_010,r574,5,10,False,200,ellipse,368.66473988439304,69.67244701348748,19.222222222222275,2.4735851244206466,5.252916729832863,4.659219768709173,83.8959452668202,0.4618123402222279,1.0,18.88888888888889,False,ellipse,360.0,1.0,True,True,7.915472398146069,196.83555555555614,193.42222222222227,16.809333535465164,14.909503259869354
r574_svd_normalised_tr050_tid5_010,r574,5,10,False,201,circle,158.04167938353308,141.64326127438892,22.53705071064497,2.678388703422959,5.356777406845918,5.356777406845918,,0.0,1.0,22.444444444444443,False,circle,360.0,1.0,True,True,8.57084385095347,230.77939927700453,229.83111111111114,17.14168770190694,17.14168770190694
r574_svd_normalised_tr050_tid5_010,r574,5,10,False,202,ellipse,272.20999096003476,85.25495929491292,12.758470872396957,2.015228873173438,4.259041195113556,3.8141424092645853,-80.33345820284038,0.44498070962992126,1.0,12.444444444444445,False,ellipse,360.0,1.0,True,True,6.448732394155002,130.64674173334487,127.43111111111114,13.62893182436338,12.205255709646673
r574_svd_normalised_tr050_tid5_010,r574,5,10,False,203,circle,28.62070297412128,155.60911548860565,95.88888888888913,5.524706445460469,11.049412890920955,11.049412890920921,,7.884953353001448e-08,1.0,95.88888888888889,False,circle,360.0,1.0,True,True,17.6790606254735,981.9022222222249,981.9022222222223,35.35812125094706,35.35812125094695
r574_svd_normalised_tr050_tid5_010,r574,5,10,False,204,ellipse,161.45197740112994,117.11581920903956,26.222222222222285,2.8890816137730764,6.0827262801128,5.488849694474076,-7.868690855042473,0.4309690507264647,1.0,26.11111111111111,False,ellipse,360.0,1.0,True,True,9.245061164073844,268.51555555555626,267.37777777777785,19.46472409636096,17.564319022317044
r574_svd_normalised_tr050_tid5_010,r574,5,10,False,205,circle,257.28119180633144,122.71135940409684,19.888888888888907,2.516114059128538,5.032228118257094,5.032228118257057,,1.2013700229374393e-07,1.0,20.0,False,circle,360.0,1.0,True,True,8.051564989211322,203.66222222222245,204.80000000000004,16.1031299784227,16.103129978422583
r574_svd_normalised_tr050_tid5_010,r574,5,10,False,206,circle,22.25529026801601,68.95155079760292,37.47302363748832,3.4536985810883096,6.907397162176625,6.907397162176614,,5.5755039852469285e-08,1.0,37.666666666666664,False,circle,360.0,1.0,True,True,11.051835459482591,383.7237620478804,385.7066666666667,22.1036709189652,22.103670918965165
r574_svd_normalised_tr050_tid5_010,r574,5,10,False,207,circle,386.6726255512753,58.58052736896943,21.38065598378865,2.6087687081714526,5.217537416342934,5.217537416342876,,1.4975481660844222e-07,1.0,21.11111111111111,False,circle,360.0,1.0,True,True,8.348059866148649,218.93791727399582,216.1777777777778,16.69611973229739,16.696119732297202
r574_svd_normalised_tr050_tid5_010,r574,5,10,False,208,ellipse,293.5132924335378,181.72801635991817,18.111111111111075,2.4010301365121913,5.01815159046244,4.595274265844562,-79.35507629288628,0.40179313590279075,1.0,17.88888888888889,False,ellipse,360.0,1.0,True,True,7.683296436839012,185.45777777777744,183.18222222222226,16.05808508947981,14.7048776507026
r574_svd_normalised_tr050_tid5_010,r574,5,10,False,209,ellipse,357.39300797747535,232.7442515251056,473.5555555555563,12.277516645909746,25.975026323199213,23.212667908784674,-81.4307895586746,0.44875804736832425,1.0,473.3333333333333,False,ellipse,360.0,1.0,True,True,39.28805326691119,4849.2088888888975,4846.933333333334,83.12008423423748,74.28053730811097
r574_svd_normalised_tr050_tid5_010,r574,5,10,False,210,circle,73.24626865671642,58.7363184079602,14.888888888888841,2.176988867133985,4.353977734267973,4.353977734267968,,4.9421560620597e-08,1.0,15.0,False,circle,360.0,1.0,True,True,6.966364374828753,152.46222222222175,153.60000000000002,13.932728749657514,13.932728749657498
r574_svd_normalised_tr050_tid5_010,r574,5,10,False,211,circle,194.12745325887715,16.84501749061031,38.14335602192367,3.4844522258177584,6.968904451635519,6.968904451635514,,3.942476676500724e-08,1.0,37.44444444444444,False,circle,360.0,1.0,True,True,11.150247122616827,390.5879656644985,383.4311111111112,22.300494245233665,22.300494245233647
r574_svd_normalised_tr050_tid5_010,r574,5,10,False,212,ellipse,30.94162440128688,59.069486284732314,16.518098030647675,2.293005430457625,4.758323770336002,4.419937909132132,-14.390246044918172,0.37036704177076224,1.0,16.555555555555557,False,ellipse,360.0,1.0,True,True,7.337617377464401,169.14532383383224,169.52888888888893,15.226636065075207,14.143801309222823
r574_svd_normalised_tr050_tid5_010,r574,5,10,False,213,ellipse,346.73226950354615,68.81382978723406,20.888888888888747,2.578592609298341,5.44213513109261,4.887155268702847,87.210397517903,0.439951228591589,1.0,20.666666666666668,False,ellipse,360.0,1.0,True,True,8.251496349754692,213.90222222222081,211.62666666666672,17.414832419496353,15.638896859849112
r574_svd_normalised_tr050_tid5_010,r574,5,10,False,214,ellipse,128.98778890154432,97.64197159200675,33.7177574707339,3.2760792943520105,6.950175193732607,6.176935253407878,-74.20598514052506,0.4584014227846685,1.0,34.0,False,ellipse,360.0,1.0,True,True,10.483453741926434,345.2698365003152,348.1600000000001,22.240560619944343,19.76619281090521
r574_svd_normalised_tr050_tid5_010,r574,5,10,False,215,circle,255.23394281956615,200.22351103787577,15.6977877468665,2.2353436046931083,4.470687209386231,4.4706872093862025,,1.1250129990683123e-07,1.0,15.444444444444445,False,circle,360.0,1.0,True,True,7.153099535017947,160.74534652791297,158.15111111111113,14.30619907003594,14.306199070035849
r574_svd_normalised_tr050_tid5_010,r574,5,10,False,216,ellipse,159.48940340561066,228.74702927845155,302.3333333333333,9.809979048035698,21.455536351476823,17.94141844722988,-69.60305505257142,0.5484033711297818,1.0,302.3333333333333,False,ellipse,360.0,1.0,True,True,31.391932953714235,3095.893333333334,3095.893333333334,68.65771632472584,57.412539031135616
r574_svd_normalised_tr050_tid5_010,r574,5,10,False,217,circle,348.4609297725025,117.01681503461919,37.44444444444416,3.452381330230815,6.904762660461662,6.904762660461599,,1.3493575361575808e-07,1.0,37.44444444444444,False,circle,360.0,1.0,True,True,11.04762025673861,383.43111111110824,383.4311111111112,22.09524051347732,22.09524051347712
r574_svd_normalised_tr050_tid5_010,r574,5,10,False,218,circle,243.2146118721461,169.92009132420094,16.222222222222307,2.272376225276911,4.544752450553822,4.544752450553822,,0.0,1.0,16.555555555555557,False,circle,360.0,1.0,True,True,7.271603920886115,166.11555555555645,169.52888888888893,14.54320784177223,14.54320784177223
r574_svd_normalised_tr050_tid5_010,r574,5,10,False,219,circle,294.3522012578616,109.33962264150944,11.777777777777693,1.9362290938683875,3.872458187736785,3.8724581877367648,,1.0323827311807139e-07,1.0,11.555555555555555,False,circle,360.0,1.0,True,True,6.1959331003788405,120.6044444444436,118.32888888888891,12.391866200757713,12.391866200757647
r574_svd_normalised_tr050_tid5_010,r574,5,10,False,220,circle,263.6430014455383,120.53792535214677,21.621761998318036,2.6234367918395947,5.246873583679189,5.246873583679189,,0.0,1.0,21.555555555555557,False,circle,360.0,1.0,True,True,8.394997733886703,221.40684286277673,220.72888888888895,16.789995467773405,16.789995467773405
r574_svd_normalised_tr050_tid5_010,r574,5,10,False,221,ellipse,336.3411227504701,189.04082728982007,137.8888888888894,6.625058228289902,14.527096984176367,12.085386798488486,65.80883822457966,0.5548951467815706,1.0,138.11111111111111,False,ellipse,360.0,1.0,True,True,21.200186330527686,1411.9822222222276,1414.257777777778,46.48671034936438,38.67323775516316
r574_svd_normalised_tr050_tid5_010,r574,5,10,False,222,circle,82.63476347634764,142.89383938393843,67.33333333333309,4.629564306682487,9.259128613364974,9.259128613364974,,0.0,1.0,67.11111111111111,False,circle,360.0,1.0,True,True,14.814605781383959,689.493333333331,687.217777777778,29.629211562767917,29.629211562767917
r574_svd_normalised_tr050_tid5_010,r574,5,10,False,223,circle,366.4643678160919,38.19310344827586,32.222222222222406,3.202600800621961,6.405201601243925,6.4052016012439195,,3.942476676500724e-08,1.0,32.22222222222222,False,circle,360.0,1.0,True,True,10.248322561990276,329.9555555555575,329.95555555555563,20.49664512398056,20.496645123980542
r574_svd_normalised_tr050_tid5_010,r574,5,10,False,224,circle,312.90196078431376,81.12044817927168,13.222222222222237,2.051527248332897,4.103054496665812,4.103054496665776,,1.3160349229466688e-07,1.0,13.11111111111111,False,circle,360.0,1.0,True,True,6.564887194665271,135.39555555555575,134.2577777777778,13.1297743893306,13.129774389330485
r574_svd_normalised_tr050_tid5_010,r574,5,10,False,225,circle,99.65598819565598,38.938106122044395,40.063238604686546,3.5710677563456876,7.142135512691382,7.142135512691368,,6.322027276634104e-08,1.0,39.888888888888886,False,circle,360.0,1.0,True,True,11.4274168203062,410.2475633119903,408.4622222222223,22.854833640612426,22.85483364061238
r574_svd_normalised_tr050_tid5_010,r574,5,10,False,226,circle,18.35067343941268,55.84979108430076,30.182574290493115,3.0995825182015513,6.199165036403105,6.1991650364031,,4.2146848510894035e-08,1.0,30.11111111111111,False,circle,360.0,1.0,True,True,9.918664058244964,309.06956073464954,308.33777777777783,19.83732811648994,19.83732811648992
r574_svd_normalised_tr050_tid5_010,r574,5,10,False,227,circle,71.17583966425693,253.24793375650307,492.6569061650314,12.522681970290932,25.045363940581865,25.045363940581865,,0.0,1.0,153.66666666666666,True,circle,145.0,0.4027777777777778,True,True,40.07258230493099,5044.806719129922,1573.5466666666669,80.14516460986198,80.14516460986198
r574_svd_normalised_tr050_tid5_010,r574,5,10,False,228,circle,181.39029231651034,142.0280242070885,10.795590088030728,1.8537375898999082,3.7074751797998164,3.7074751797998164,,0.0,1.0,10.777777777777779,False,circle,360.0,1.0,True,True,5.931960287679707,110.54684250143468,110.36444444444447,11.863920575359414,11.863920575359414
r574_svd_normalised_tr050_tid5_010,r574,5,10,False,229,circle,136.94047504466823,163.15012919199162,25.980050327847536,2.875709801580525,5.75141960316105,5.75141960316105,,0.0,1.0,26.0,False,circle,360.0,1.0,True,True,9.202271365057682,266.03571535715884,266.24000000000007,18.404542730115363,18.404542730115363
r574_svd_normalised_tr050_tid5_010,r574,5,10,False,230,circle,211.39039039039042,127.05555555555551,24.666666666666742,2.8020784891219934,5.604156978243987,5.604156978243987,,0.0,1.0,24.88888888888889,False,circle,360.0,1.0,True,True,8.96665116519038,252.5866666666675,254.86222222222227,17.93330233038076,17.93330233038076
r574_svd_normalised_tr050_tid5_010,r574,5,10,False,231,circle,67.48595195560658,8.557300342368569,24.68573410837975,2.8031612894019635,5.606322578803933,5.606322578803921,,6.664001874625056e-08,1.0,24.22222222222222,False,circle,360.0,1.0,True,True,8.970116126086284,252.7819172698087,248.0355555555556,17.94023225217259,17.940232252172546
r574_svd_normalised_tr050_tid5_010,r574,5,10,False,232,circle,211.47207904996003,94.64689522047743,14.32152613898275,2.1351073404580347,4.2702146809160695,4.2702146809160695,,0.0,1.0,14.222222222222221,False,circle,360.0,1.0,True,True,6.832343489465711,146.65242766318337,145.63555555555558,13.664686978931423,13.664686978931423
r574_svd_normalised_tr050_tid5_010,r574,5,10,False,233,circle,316.78225586082306,191.1904119361776,32.00730213744262,3.191902363860706,6.38380472772144,6.383804727721383,,1.3328003749250113e-07,1.0,31.88888888888889,False,circle,360.0,1.0,True,True,10.214087564354259,327.7547738874125,326.5422222222223,20.42817512870861,20.42817512870843
r574_svd_normalised_tr050_tid5_010,r574,5,10,False,234,ellipse,159.2014652014652,104.5934065934066,10.111111111111137,1.794008535924355,3.7440775625506113,3.4384614882571003,82.34004612693394,0.3957147670562311,1.0,10.0,False,ellipse,360.0,1.0,True,True,5.7408273149579365,103.53777777777806,102.40000000000002,11.981048200161958,11.003076762422722
r574_svd_normalised_tr050_tid5_010,r574,5,10,False,235,circle,114.89208633093526,99.54676258992806,15.444444444444416,2.217232363394279,4.434464726788558,4.434464726788558,,0.0,1.0,15.444444444444445,False,circle,360.0,1.0,True,True,7.0951435628616935,158.15111111111085,158.15111111111113,14.190287125723387,14.190287125723387
r574_svd_normalised_tr050_tid5_010,r574,5,10,False,236,circle,91.77018633540372,58.006211180124225,17.88888888888893,2.386254426119879,4.772508852239764,4.772508852239751,,7.450580596923828e-08,1.0,18.0,False,circle,360.0,1.0,True,True,7.636014163583614,183.18222222222266,184.32000000000005,15.272028327167247,15.272028327167204
r574_svd_normalised_tr050_tid5_010,r574,5,10,False,237,ellipse,344.18933634959905,121.73499276302583,14.352135601478635,2.1373878098747063,4.442246171637632,4.113618627413299,-83.37901146807991,0.3774690216939642,1.0,14.222222222222221,False,ellipse,360.0,1.0,True,True,6.839640991599061,146.96586855914126,145.63555555555558,14.215187749240423,13.163579607722557
r574_svd_normalised_tr050_tid5_010,r574,5,10,False,238,circle,54.93275696445725,127.45821325648413,38.55555555555549,3.503229153315793,7.00645830663159,7.006458306631582,,4.712160915387242e-08,1.0,38.666666666666664,False,circle,360.0,1.0,True,True,11.210333290610539,394.8088888888883,395.9466666666667,22.420666581221088,22.420666581221063
r574_svd_normalised_tr050_tid5_010,r574,5,10,False,239,circle,129.75755081367333,202.36903425047416,68.48040841656048,4.66883186770469,9.337663735409382,9.337663735409379,,2.5809568279517847e-08,1.0,68.33333333333333,False,circle,360.0,1.0,True,True,14.940261976655009,701.2393821855794,699.7333333333335,29.880523953310025,29.880523953310014
r574_svd_normalised_tr050_tid5_010,r574,5,10,False,240,circle,336.90714285714284,176.20714285714286,15.555555555555566,2.225193726041516,4.450387452083032,4.4503874520830315,,2.1073424255447017e-08,1.0,15.555555555555555,False,circle,360.0,1.0,True,True,7.120619923332852,159.28888888888903,159.28888888888892,14.241239846665705,14.241239846665701
r574_svd_normalised_tr050_tid5_010,r574,5,10,False,241,circle,86.22084195997239,121.88681849551415,53.66666666666653,4.133113905825734,8.266227811651468,8.266227811651468,,0.0,1.0,53.333333333333336,False,circle,360.0,1.0,True,True,13.22596449864235,549.5466666666654,546.1333333333334,26.4519289972847,26.4519289972847
r574_svd_normalised_tr050_tid5_010,r574,5,10,False,242,circle,111.74755193118179,180.56394091655497,68.316458622277,4.663239664496844,9.326479328993688,9.326479328993686,,2.1073424255447017e-08,1.0,68.55555555555556,False,circle,360.0,1.0,True,True,14.922366926389902,699.5605362921166,702.008888888889,29.844733852779804,29.844733852779797
r574_svd_normalised_tr050_tid5_010,r574,5,10,False,243,circle,133.82962962962964,118.16851851851851,20.00000000000003,2.523132522020162,5.046265044040344,5.046265044040304,,1.255594160136038e-07,1.0,20.0,False,circle,360.0,1.0,True,True,8.07402407046452,204.80000000000032,204.80000000000004,16.148048140929102,16.148048140928974
r574_svd_normalised_tr050_tid5_010,r574,5,10,False,244,ellipse,290.68688293370946,152.66666666666666,78.77777777777804,5.007568819123357,10.827267012823366,9.263924293566534,86.5501162253118,0.5176200556124945,1.0,78.55555555555556,False,ellipse,360.0,1.0,True,True,16.024220221194742,806.6844444444473,804.408888888889,34.647254441034775,29.64455773941291
r574_svd_normalised_tr050_tid5_010,r574,5,10,False,245,circle,396.61587301587304,91.55555555555556,11.666666666666508,1.9270742950936897,3.854148590187419,3.85414859018734,,2.0267770452403194e-07,1.0,11.555555555555555,False,circle,360.0,1.0,True,True,6.166637744299807,119.46666666666506,118.32888888888891,12.33327548859974,12.333275488599488
r574_svd_normalised_tr050_tid5_010,r574,5,10,False,246,ellipse,275.80825242718447,132.57362459546925,45.77777777777781,3.817265937053812,7.977129522396856,7.306647933084116,77.6296319803069,0.40129351142008646,1.0,46.0,False,ellipse,360.0,1.0,True,True,12.215250998572198,468.76444444444485,471.0400000000001,25.52681447166994,23.38127338586917
r574_svd_normalised_tr050_tid5_010,r574,5,10,False,247,circle,74.65829145728644,211.93271915131214,132.66666666666654,6.498392998815132,12.996785997630283,12.996785997630244,,7.742870483855355e-08,1.0,132.88888888888889,False,circle,360.0,1.0,True,True,20.794857596208423,1358.5066666666658,1360.7822222222223,41.58971519241691,41.58971519241678
r574_svd_normalised_tr050_tid5_010,r574,5,10,False,248,circle,111.9391891891892,143.21621621621622,16.44444444444436,2.287887505859227,4.575775011718457,4.57577501171845,,5.1619136559035694e-08,1.0,16.555555555555557,False,circle,360.0,1.0,True,True,7.321240018749527,168.3911111111103,169.52888888888893,14.642480037499062,14.642480037499041
r574_svd_normalised_tr050_tid5_010,r574,5,10,False,249,circle,183.8025573513261,220.96005726739546,291.5752739271977,9.633861752058408,19.267723504116816,19.267723504116816,,0.0,1.0,292.22222222222223,False,circle,360.0,1.0,True,True,30.828357606586906,2985.730805014505,2992.3555555555563,61.65671521317381,61.65671521317381
r574_svd_normalised_tr050_tid5_010,r574,5,10,False,250,ellipse,127.96805780591525,113.77690614753814,21.08809046565218,2.590858482425319,5.448200099908556,4.9282680906436545,80.6275575464916,0.4263291294429295,1.0,21.11111111111111,False,ellipse,360.0,1.0,True,True,8.290747143761022,215.94204636827837,216.1777777777778,17.43424031970738,15.770457890059696
r574_svd_normalised_tr050_tid5_010,r574,5,10,False,251,ellipse,29.321832015370212,196.38002398319176,139.94085161281095,6.6741708510748055,14.226521728654278,12.524370299064007,67.6974612655205,0.4743178837422768,1.0,139.55555555555554,False,ellipse,360.0,1.0,True,True,21.357346723439377,1432.9943205151844,1429.048888888889,45.524869531693696,40.07798495700482
r574_svd_normalised_tr050_tid5_010,r574,5,10,False,252,ellipse,33.66902515723271,48.492924528301884,47.111111111111185,3.872458187736792,8.087903746353765,7.416474224253854,64.91071092091096,0.3989251489953636,1.0,46.888888888888886,False,ellipse,360.0,1.0,True,True,12.391866200757734,482.4177777777786,480.1422222222223,25.881291988332052,23.732717517612333
r574_svd_normalised_tr050_tid5_010,r574,5,10,False,253,circle,91.44405208242381,249.00210616374838,345.3554188710153,10.484752933368924,20.969505866737848,20.969505866737844,,2.1073424255447017e-08,1.0,182.88888888888889,True,circle,184.99999999999997,0.5138888888888888,True,True,33.551209386780556,3536.439489239197,1872.7822222222226,67.10241877356111,67.1024187735611
r574_svd_normalised_tr050_tid5_010,r574,5,10,False,254,ellipse,114.57828282828282,46.66666666666666,14.666666666666686,2.160681604809526,4.558841612274007,4.096255491564262,-88.29294685376783,0.4389123162317418,1.0,14.88888888888889,False,ellipse,360.0,1.0,True,True,6.914181135390483,150.1866666666669,152.46222222222227,14.588293159276823,13.10801757300564
r574_svd_normalised_tr050_tid5_010,r574,5,10,False,255,ellipse,186.59454234427204,22.512220336992154,53.76523671925024,4.13690782840869,9.176109947404543,7.460244691418413,-63.42304744741253,0.5822534445538162,1.0,54.0,False,ellipse,360.0,1.0,True,True,13.238105050907809,550.5560240051226,552.9600000000002,29.363551831694537,23.87278301253892
r574_svd_normalised_tr050_tid5_010,r574,5,10,False,256,ellipse,46.75980784627702,234.8097144382172,138.7777777777779,6.646377859351955,14.340774309670302,12.321325946673925,-33.32508370306826,0.5116711776160366,1.0,139.11111111111111,False,ellipse,360.0,1.0,True,True,21.268409149926256,1421.084444444446,1424.497777777778,45.89047779094497,39.428243029356565
r574_svd_normalised_tr050_tid5_010,r574,5,10,False,257,circle,139.83211928417094,28.608247335823965,26.588676627497364,2.909198967254784,5.818397934509575,5.818397934509561,,6.828569911354542e-08,1.0,26.555555555555557,False,circle,360.0,1.0,True,True,9.30943669521531,272.2680486655731,271.92888888888893,18.61887339043064,18.618873390430597
r574_svd_normalised_tr050_tid5_010,r574,5,10,False,258,circle,370.0164609053498,182.15857338820302,135.00000000000034,6.555290583552483,13.110581167104993,13.110581167104938,,9.18569267238524e-08,1.0,135.33333333333334,False,circle,360.0,1.0,True,True,20.976929867367947,1382.4000000000037,1385.8133333333337,41.95385973473598,41.9538597347358
r574_svd_normalised_tr050_tid5_010,r574,5,10,False,259,ellipse,385.23540489642187,130.7758945386064,19.666666666666824,2.502018071134033,5.197502594556882,4.817771084779979,-62.03969339805701,0.37521052643895864,1.0,19.666666666666668,False,ellipse,360.0,1.0,True,True,8.006457827628905,201.3866666666683,201.3866666666667,16.632008302582022,15.416867471295934
r574_svd_normalised_tr050_tid5_010,r574,5,10,False,260,circle,96.37800687285224,92.60996563573886,21.55555555555553,2.619417193865318,5.238834387730637,5.238834387730635,,2.5809568279517847e-08,1.0,21.444444444444443,False,circle,360.0,1.0,True,True,8.382135020369018,220.72888888888866,219.59111111111113,16.764270040738037,16.764270040738033
r574_svd_normalised_tr050_tid5_010,r574,5,10,False,261,circle,313.4622685363985,48.56340693771747,20.84117730989172,2.575646089323577,5.151292178647168,5.1512921786471395,,1.0536712127723508e-07,1.0,21.0,False,circle,360.0,1.0,True,True,8.242067485835447,213.41365565329124,215.04000000000005,16.484134971670937,16.484134971670848
r574_svd_normalised_tr050_tid5_010,r574,5,10,False,262,ellipse,118.90040650406505,201.76693766937666,54.66666666666682,4.171443448581551,8.755487179402408,7.949730306567184,60.50641038703054,0.41903255010512797,1.0,54.888888888888886,False,ellipse,360.0,1.0,True,True,13.348619035460963,559.7866666666683,562.0622222222223,28.017558974087706,25.43913698101499
r574_svd_normalised_tr050_tid5_010,r574,5,10,False,263,circle,274.44208887335606,242.03907405472165,47.00129641203442,3.867942258023675,7.735884516047363,7.735884516047337,,8.161702118890973e-08,1.0,46.888888888888886,False,circle,360.0,1.0,True,True,12.377415225675762,481.2932752592326,480.1422222222223,24.754830451351562,24.75483045135148
r574_svd_normalised_tr050_tid5_010,r574,5,10,False,264,circle,319.49108453109744,175.56833320996708,15.16962723828685,2.1974171929038913,4.394834385807811,4.394834385807755,,1.597971513087095e-07,1.0,15.11111111111111,False,circle,360.0,1.0,True,True,7.031735017292452,155.33698292005738,154.7377777777778,14.063470034584995,14.063470034584817
r574_svd_normalised_tr050_tid5_010,r574,5,10,False,265,ellipse,303.49298813376487,157.59331175836027,34.33333333333353,3.3058492744896193,7.038822823571665,6.210492691502693,88.54737008347007,0.47065038422669314,1.0,34.333333333333336,False,ellipse,360.0,1.0,True,True,10.578717678366782,351.57333333333537,351.57333333333344,22.52423303542933,19.87357661280862
r574_svd_normalised_tr050_tid5_010,r574,5,10,False,266,ellipse,285.3546798029557,194.70935960591135,22.555555555555475,2.6794880708264093,5.692193396223566,5.04526520582685,46.337342786193574,0.4630193513580197,1.0,22.444444444444443,False,ellipse,360.0,1.0,True,True,8.57436182664451,230.9688888888881,229.83111111111114,18.21501886791541,16.144848658645923
r574_svd_normalised_tr050_tid5_010,r574,5,10,False,267,circle,260.88931726831964,216.24437595446923,72.95012371690294,4.818790883346239,9.637581766692477,9.637581766692477,,0.0,1.0,73.0,False,circle,360.0,1.0,True,True,15.420130826707965,747.0092668610862,747.5200000000001,30.84026165341593,30.84026165341593
r574_svd_normalised_tr050_tid5_010,r574,5,10,False,268,circle,329.0698602794411,131.40319361277443,18.555555555555628,2.4303120739867783,4.860624147973573,4.8606241479735415,,1.1348386266624791e-07,1.0,18.666666666666668,False,circle,360.0,1.0,True,True,7.776998636757691,190.00888888888966,191.1466666666667,15.553997273515433,15.553997273515334
r574_svd_normalised_tr050_tid5_010,r574,5,10,False,269,circle,379.8188048245613,234.155975877193,135.11111111111126,6.557987679154583,13.115975358309168,13.115975358309166,,1.4901161193847656e-08,1.0,135.55555555555554,False,circle,360.0,1.0,True,True,20.985560573294666,1383.5377777777796,1388.088888888889,41.97112114658934,41.97112114658933
r574_svd_normalised_tr050_tid5_010,r574,5,10,False,270,circle,53.24673999673602,170.39608732681393,28.87653323976699,3.0317793470060908,6.063558694012183,6.063558694012181,,2.9802322387695312e-08,1.0,28.555555555555557,False,circle,360.0,1.0,True,True,9.701693910419491,295.695700375214,292.40888888888895,19.403387820838986,19.40338782083898
r574_svd_normalised_tr050_tid5_010,r574,5,10,False,271,ellipse,90.56410256410257,106.92504930966469,18.77777777777782,2.444821528706947,5.2142749716488686,4.585222175453371,82.84223503685405,0.4761584702693757,1.0,18.88888888888889,False,ellipse,360.0,1.0,True,True,7.82342889186223,192.28444444444492,193.42222222222227,16.68567990927638,14.672710961450788
r574_svd_normalised_tr050_tid5_010,r574,5,10,False,272,circle,379.1272264631043,111.93893129770993,14.555555555555594,2.1524816450392192,4.304963290078453,4.304963290078424,,1.1445799094242763e-07,1.0,14.555555555555555,False,circle,360.0,1.0,True,True,6.887941264125502,149.0488888888893,149.0488888888889,13.77588252825105,13.775882528250959
r574_svd_normalised_tr050_tid5_010,r574,5,10,False,273,ellipse,362.16993464052285,46.30392156862745,11.333333333333306,1.8993451617376673,3.9710582012174425,3.633804251280224,80.76761878909872,0.4032904629378735,1.0,11.555555555555555,False,ellipse,360.0,1.0,True,True,6.077904517560536,116.05333333333307,118.32888888888891,12.707386243895817,11.628173604096718
r574_svd_normalised_tr050_tid5_010,r574,5,10,False,274,circle,291.2120719510453,169.09608311906086,18.57064303335829,2.431299913689811,4.86259982737965,4.8625998273795945,,1.5049435106459375e-07,1.0,18.333333333333332,False,circle,360.0,1.0,True,True,7.780159723807396,190.16338466158894,187.73333333333335,15.56031944761488,15.560319447614702
r574_svd_normalised_tr050_tid5_010,r574,5,10,False,275,circle,205.01893939393938,104.36363636363636,9.777777777777809,1.7641891428004117,3.528378285600844,3.5283782856008035,,1.5123026915031998e-07,1.0,10.0,False,circle,360.0,1.0,True,True,5.645405256961318,100.12444444444478,102.40000000000002,11.2908105139227,11.290810513922573
r574_svd_normalised_tr050_tid5_010,r574,5,10,False,276,circle,281.89225125039735,149.84199039331892,22.376084860359676,2.6688066668719057,5.337613333743851,5.3376133337437714,,1.731358474287726e-07,1.0,22.555555555555557,False,circle,360.0,1.0,True,True,8.540181333990098,229.13110897008312,230.96888888888896,17.080362667980324,17.08036266798007
r574_svd_normalised_tr050_tid5_010,r574,5,10,False,277,circle,348.58719934607774,110.27945725545293,19.89227594401584,2.516328295687238,5.03265659137449,5.032656591374462,,1.0641557616804317e-07,1.0,20.11111111111111,False,circle,360.0,1.0,True,True,8.052250546199161,203.69690566672224,205.93777777777782,16.10450109239837,16.104501092398277
r574_svd_normalised_tr050_tid5_010,r574,5,10,False,278,ellipse,134.62592592592594,159.4185185185185,19.999999999999986,2.523132522020159,5.258170868693642,4.842899086128366,-84.15189960305838,0.3895069450392214,1.0,19.88888888888889,False,ellipse,360.0,1.0,True,True,8.074024070464509,204.7999999999999,203.66222222222225,16.826146779819656,15.497277075610771
r574_svd_normalised_tr050_tid5_010,r574,5,10,False,279,ellipse,167.30260382158008,114.0065335189297,36.30796301095531,3.399585794414147,7.076063096838902,6.533115047402798,-46.99946901430471,0.38415225892309895,1.0,36.44444444444444,False,ellipse,360.0,1.0,True,True,10.878674542125271,371.79354123218246,373.1911111111112,22.64340190988449,20.905968151688953
r574_svd_normalised_tr050_tid5_010,r574,5,10,False,280,ellipse,2.630490956072352,63.81395348837209,14.333333333333355,2.1359872897486243,4.487816886218777,4.066513244760992,78.07754195367886,0.4230147212414057,1.0,14.222222222222221,False,ellipse,360.0,1.0,True,True,6.835159327195598,146.7733333333336,145.63555555555558,14.361014035900087,13.012842383235176
r574_svd_normalised_tr050_tid5_010,r574,5,10,False,281,circle,354.942455367895,214.9950752943421,331.687519287107,10.275184500186015,20.55036900037203,20.55036900037203,,0.0,1.0,331.0,False,circle,360.0,1.0,True,True,32.880590400595246,3396.4801974999764,3389.4400000000005,65.76118080119049,65.76118080119049
r574_svd_normalised_tr050_tid5_010,r574,5,10,False,282,ellipse,357.0849337497278,175.47118880984044,80.76029084174121,5.070187273267574,10.789700270939734,9.5301253382326,57.46400254472917,0.4688809757830251,1.0,81.22222222222223,False,ellipse,360.0,1.0,True,True,16.224599274456235,826.9853782194301,831.7155555555557,34.52704086700715,30.49640108234432
r574_svd_normalised_tr050_tid5_010,r574,5,10,False,283,circle,338.4369492415239,70.30117491915794,16.8575748190261,2.316448299008405,4.632896598016842,4.632896598016779,,1.6526187220825877e-07,1.0,16.88888888888889,False,circle,360.0,1.0,True,True,7.412634556826896,172.62156614682732,172.94222222222226,14.825269113653896,14.825269113653693
r574_svd_normalised_tr050_tid5_010,r574,5,10,False,284,ellipse,172.57458649200282,248.2210170502785,140.81769364586873,6.69504772477989,14.895109724899699,12.0371490683684,-73.38727562250779,0.5890074739769816,1.0,89.22222222222223,True,ellipse,204.0,0.5666666666666667,True,True,21.42415271929565,1441.973182933696,913.6355555555558,47.66435111967904,38.51887701877888
r574_svd_normalised_tr050_tid5_010,r574,5,10,False,285,circle,158.61048689138576,122.9550561797753,19.777777777777725,2.5090759640578306,5.018151928115663,5.0181519281156595,,3.650024149988857e-08,1.0,20.0,False,circle,360.0,1.0,True,True,8.029043084985059,202.52444444444396,204.80000000000004,16.05808616997012,16.05808616997011
r574_svd_normalised_tr050_tid5_010,r574,5,10,False,286,circle,269.42942942942943,8.969969969969968,12.33333333333347,1.9813687010751253,3.9627374021502857,3.9627374021502155,,1.8789649326977866e-07,1.0,12.222222222222221,False,circle,360.0,1.0,True,True,6.3403798434404015,126.29333333333476,125.15555555555557,12.680759686880915,12.680759686880691
r574_svd_normalised_tr050_tid5_010,r574,5,10,False,287,ellipse,391.9492753623188,94.6618357487923,15.33333333333354,2.209242310873011,4.618043115427824,4.22754960588917,-40.29687466236652,0.402450430417049,1.0,15.222222222222221,False,ellipse,360.0,1.0,True,True,7.0695753947936355,157.01333333333548,155.87555555555556,14.777737969369037,13.528158738845343
r574_svd_normalised_tr050_tid5_010,r574,5,10,False,288,circle,56.82730923694779,46.768406961178044,27.666666666666696,2.9675871541964107,5.9351743083928215,5.9351743083928215,,0.0,1.0,27.88888888888889,False,circle,360.0,1.0,True,True,9.496278893428515,283.306666666667,285.5822222222223,18.99255778685703,18.99255778685703
r574_svd_normalised_tr050_tid5_010,r574,5,10,False,289,ellipse,71.43144846016982,24.1708204178641,15.865888825169217,2.24728041555661,4.694776643299148,4.302883523417487,-70.24249523747596,0.399975764662891,1.0,15.666666666666666,False,ellipse,360.0,1.0,True,True,7.191297329781152,162.4667015697328,160.4266666666667,15.023285258557275,13.769227274935957
r574_svd_normalised_tr050_tid5_010,r574,5,10,False,290,circle,395.22522425689,158.89312307213638,75.71750880647873,4.90934126032306,9.81868252064612,9.81868252064612,,0.0,1.0,73.55555555555556,True,circle,301.0,0.8361111111111111,True,True,15.709892033033794,775.3472901783424,753.2088888888891,31.41978406606759,31.41978406606759
r574_svd_normalised_tr050_tid5_010,r574,5,10,False,291,ellipse,376.64909396244485,49.50918384124894,19.35328302452037,2.4820034884781625,5.151674450430425,4.783175937138704,-13.45223765758135,0.3714070342656318,1.0,19.555555555555557,False,ellipse,360.0,1.0,True,True,7.942411163130121,198.17761817108862,200.24888888888896,16.485358241377362,15.306162998843854
r574_svd_normalised_tr050_tid5_010,r574,5,10,False,292,ellipse,355.5422222222222,105.00888888888889,8.333333333333254,1.628675039676392,3.440836841878126,3.0836479690993164,-84.6315935983817,0.44366788478913394,1.0,8.444444444444445,False,ellipse,360.0,1.0,True,True,5.211760126964455,85.33333333333253,86.47111111111113,11.010677894010003,9.867673501117814
r574_svd_normalised_tr050_tid5_010,r574,5,10,False,293,ellipse,264.7075664621677,88.32106339468302,18.111111111111164,2.4010301365121975,5.3220629183618735,4.332865510890448,-72.86737058379396,0.5806788520084495,1.0,17.77777777777778,False,ellipse,360.0,1.0,True,True,7.683296436839033,185.45777777777835,182.04444444444448,17.030601338757997,13.865169634849435
r574_svd_normalised_tr050_tid5_010,r574,5,10,False,294,ellipse,227.75496688741723,128.61147902869754,16.777777777777786,2.310959223972024,4.831515818336073,4.421413681059296,-86.749488937369,0.40318302333261025,1.0,16.666666666666668,False,ellipse,360.0,1.0,True,True,7.395069516710477,171.80444444444456,170.6666666666667,15.460850618675435,14.148523779389748
r574_svd_normalised_tr050_tid5_010,r574,5,10,False,295,circle,168.49993131491112,189.36348224427866,72.5927828832783,4.80697414777123,9.61394829554246,9.61394829554246,,0.0,1.0,72.0,False,circle,360.0,1.0,True,True,15.382317272867937,743.35009672477,737.2800000000002,30.764634545735873,30.764634545735873
r574_svd_normalised_tr050_tid5_010,r574,5,10,False,296,ellipse,357.7774656630854,4.3939519606412745,83.55625374657915,5.157206765296262,10.900694656882695,9.75966484969812,-47.53744137201832,0.44541337842233586,1.0,83.11111111111111,True,ellipse,324.0,0.9,True,True,16.50306164894804,855.6160383649706,851.057777777778,34.88222290202463,31.230927519033987
r574_svd_normalised_tr050_tid5_010,r574,5,10,False,297,ellipse,322.63697796227365,215.38367282115092,198.70521355232572,7.952976418295645,16.809794368183333,15.05070972900953,72.6332750199486,0.4453559806288372,1.0,197.88888888888889,False,ellipse,360.0,1.0,True,True,25.449524538546065,2034.7413867758157,2026.3822222222225,53.791341978186665,48.1622711328305
r574_svd_normalised_tr050_tid5_010,r574,5,10,False,298,circle,205.11560693641619,129.11560693641624,19.222222222222168,2.4735851244206395,4.947170248841289,4.947170248841269,,8.940696716308594e-08,1.0,19.11111111111111,False,circle,360.0,1.0,True,True,7.915472398146047,196.83555555555503,195.69777777777782,15.830944796292124,15.830944796292062
r574_svd_normalised_tr050_tid5_010,r574,5,10,False,299,ellipse,189.34804918181402,151.2653150472868,39.568375886341414,3.54894424087767,7.420749488108436,6.789074470195745,-14.590836569918253,0.4037322375263667,1.0,39.55555555555556,False,ellipse,360.0,1.0,True,True,11.356621570808544,405.18016907613617,405.048888888889,23.746398361946998,21.725038304626384
r574_svd_normalised_tr050_tid5_010,r574,5,10,False,300,ellipse,387.0698924731183,118.8293010752688,27.55555555555571,2.9616221488603265,6.203118733171321,5.6559973329001965,89.64604140517162,0.4106368472425359,1.0,27.333333333333332,False,ellipse,360.0,1.0,True,True,9.477190876353045,282.16888888889054,279.8933333333334,19.849979946148228,18.09919146528063
r574_svd_normalised_tr050_tid5_010,r574,5,10,False,301,ellipse,278.4746835443038,198.59915611814347,17.555555555555845,2.3639176996634625,4.971212841098449,4.496373073857313,75.02439879057141,0.4265115647243588,1.0,17.22222222222222,False,ellipse,360.0,1.0,True,True,7.56453663892308,179.7688888888919,176.35555555555558,15.907881091515037,14.388393836343404
r574_svd_normalised_tr050_tid5_010,r574,5,10,False,302,circle,125.7022341839619,251.16933382224994,231.44433657383314,8.583182418701107,17.166364837402227,17.1663648374022,,5.7711949142924205e-08,1.0,87.44444444444444,True,circle,157.0,0.4361111111111111,True,True,27.466183739843544,2369.990006516052,895.4311111111112,54.93236747968713,54.93236747968704
r574_svd_normalised_tr050_tid5_010,r574,5,10,False,303,circle,207.04870624048704,218.75443937087772,73.00000000000026,4.820437914901176,9.640875829802354,9.64087582980235,,2.5809568279517847e-08,1.0,73.0,False,circle,360.0,1.0,True,True,15.425401327683765,747.5200000000027,747.5200000000001,30.850802655367534,30.850802655367524
r574_svd_normalised_tr050_tid5_010,r574,5,10,False,304,ellipse,67.03278761258264,231.62048005679046,834.777777777777,16.300859469156894,34.760666893205745,30.576860938780055,-41.01868463338036,0.4756407069898965,1.0,834.4444444444445,False,ellipse,360.0,1.0,True,True,52.16275030130206,8548.124444444438,8544.711111111113,111.23413405825839,97.84595500409618
r574_svd_normalised_tr050_tid5_010,r574,5,10,False,305,ellipse,299.1477987421383,189.4764150943396,47.111111111111164,3.872458187736791,8.181308563004622,7.3318014106351646,88.9960366924517,0.44372120410493326,1.0,47.333333333333336,False,ellipse,360.0,1.0,True,True,12.391866200757732,482.41777777777844,484.69333333333344,26.18018740161479,23.461764514032527
r574_svd_normalised_tr050_tid5_010,r574,5,10,False,306,ellipse,311.9025931917996,95.54310550915919,16.234768878624777,2.2732548106130115,4.746857296050702,4.35461789700282,51.602668741062786,0.3980387250500575,1.0,16.555555555555557,False,ellipse,360.0,1.0,True,True,7.274415393961637,166.24403331711775,169.52888888888893,15.189943347362245,13.934777270409024
r574_svd_normalised_tr050_tid5_010,r574,5,10,False,307,ellipse,319.82142857142856,214.94494047619048,74.66666666666633,4.875155194287624,10.336953300863806,9.196960642708332,50.903548726955364,0.45651295652036494,1.0,75.11111111111111,False,ellipse,360.0,1.0,True,True,15.600496621720396,764.5866666666634,769.137777777778,33.07825056276418,29.43027405666666
r574_svd_normalised_tr050_tid5_010,r574,5,10,False,308,circle,192.87922705314008,117.53864734299518,15.33333333333331,2.2092423108729946,4.41848462174599,4.418484621745989,,2.1073424255447017e-08,1.0,15.444444444444445,False,circle,360.0,1.0,True,True,7.069575394793583,157.01333333333312,158.15111111111113,14.13915078958717,14.139150789587166
r574_svd_normalised_tr050_tid5_010,r574,5,10,False,309,ellipse,352.8361266294227,187.19925512104282,39.77777777777782,3.558322626897198,7.51689006246688,6.737711905784237,-74.40918933937343,0.4433612506318263,1.0,39.666666666666664,False,ellipse,360.0,1.0,True,True,11.386632406071035,407.32444444444496,406.1866666666667,24.054048199894016,21.56067809850956
r574_svd_normalised_tr050_tid5_010,r574,5,10,False,310,circle,313.40245627371183,87.19710998047483,11.090461409487439,1.8788835804752964,3.757767160950607,3.7577671609505785,,1.228781230931777e-07,1.0,11.11111111111111,False,circle,360.0,1.0,True,True,6.012427457520949,113.5663248331514,113.7777777777778,12.024854915041942,12.024854915041852
r574_svd_normalised_tr050_tid5_010,r574,5,10,False,311,circle,351.39365079365086,180.38412698412696,23.33333333333325,2.7252946038220816,5.450589207644191,5.450589207644136,,1.4214801809444213e-07,1.0,23.333333333333332,False,circle,360.0,1.0,True,True,8.720942732230661,238.93333333333254,238.93333333333337,17.44188546446141,17.441885464461233
r574_svd_normalised_tr050_tid5_010,r574,5,10,False,312,circle,173.24643172612846,247.366498536555,220.81858293131043,8.383837903975206,16.76767580795041,16.76767580795041,,0.0,1.0,145.66666666666666,True,circle,209.00000000000003,0.5805555555555556,True,True,26.82828129272066,2261.182289216619,1491.6266666666668,53.65656258544132,53.65656258544132
r574_svd_normalised_tr050_tid5_010,r574,5,10,False,313,ellipse,90.96450803058507,242.40308246236503,687.243261574038,14.790413259006968,38.890108312574256,22.499944984877207,78.44846905156109,0.8156455914545164,1.0,591.4444444444445,True,ellipse,254.00000000000003,0.7055555555555556,True,True,47.3293224288223,7037.37099851815,6056.391111111112,124.44834660023763,71.99982395160707
r574_svd_normalised_tr050_tid5_010,r574,5,10,False,314,circle,133.4767596510916,35.37231907823756,54.11854370563777,4.15047798300076,8.30095596600152,8.30095596600152,,0.0,1.0,54.22222222222222,False,circle,360.0,1.0,True,True,13.281529545602433,554.1738875457308,555.2355555555556,26.563059091204867,26.563059091204867
r574_svd_normalised_tr050_tid5_010,r574,5,10,False,315,ellipse,273.55622471476875,160.71543325297634,29.665528512582224,3.072918971340124,6.405922170903217,5.896313287921593,-12.339409447309436,0.39086686399922904,1.0,29.666666666666668,False,ellipse,360.0,1.0,True,True,9.833340708288397,303.775011968842,303.78666666666675,20.498950946890297,18.8682025213491
r574_svd_normalised_tr050_tid5_010,r574,5,10,False,316,circle,55.03038576853119,76.99871057795423,27.664730895311273,2.9674833348465044,5.934966669693009,5.934966669693008,,1.4901161193847656e-08,1.0,27.11111111111111,False,circle,360.0,1.0,True,True,9.495946671508815,283.2868443679875,277.6177777777778,18.99189334301763,18.991893343017626
r574_svd_normalised_tr050_tid5_010,r574,5,10,False,317,circle,248.06830601092895,141.67759562841533,13.555555555555639,2.0772258774738406,4.154451754947681,4.154451754947681,,0.0,1.0,13.666666666666666,False,circle,360.0,1.0,True,True,6.64712280791629,138.80888888888978,139.9466666666667,13.29424561583258,13.29424561583258
r574_svd_normalised_tr050_tid5_010,r574,5,10,False,318,ellipse,271.47747747747746,80.26576576576578,8.222222222222157,1.617780769985034,3.487617208236003,3.0017223375923496,-82.35941110073026,0.5091463030710979,1.0,8.222222222222221,False,ellipse,360.0,1.0,True,True,5.176898463952109,84.1955555555549,84.19555555555556,11.16037506635521,9.605511480295519
r574_svd_normalised_tr050_tid5_010,r574,5,10,False,319,ellipse,158.11125195640363,222.07131783648268,168.00638405846033,7.312871733306877,15.274205686063153,14.00481153310498,82.50459629610262,0.39913320522669626,1.0,168.0,False,ellipse,360.0,1.0,True,True,23.401189546582007,1720.385372758634,1720.3200000000004,48.87745819540209,44.81539690593594
r574_svd_normalised_tr050_tid5_010,r574,5,10,False,320,circle,116.22368201013701,40.74285384587836,18.88121041407589,2.451545622238489,4.903091244476978,4.903091244476978,,0.0,1.0,18.77777777777778,False,circle,360.0,1.0,True,True,7.844945991163165,193.34359464013716,192.2844444444445,15.68989198232633,15.68989198232633
r574_svd_normalised_tr050_tid5_010,r574,5,10,False,321,ellipse,140.57088122605364,156.72605363984673,19.333333333333385,2.4807239130718752,5.221308548436643,4.714520182668964,83.38550242415494,0.42976991286347316,1.0,19.22222222222222,False,ellipse,360.0,1.0,True,True,7.938316521830001,197.9733333333339,196.83555555555557,16.70818735499726,15.086464584540686
r574_svd_normalised_tr050_tid5_010,r574,5,10,False,322,circle,318.8617700571381,113.88678580600418,11.894939245505048,1.9458357477957429,3.8916714955914875,3.8916714955914835,,4.470348358154297e-08,1.0,12.11111111111111,False,circle,360.0,1.0,True,True,6.226674392946378,121.80417787397172,124.0177777777778,12.45334878589276,12.453348785892748
r574_svd_normalised_tr050_tid5_010,r574,5,10,False,323,ellipse,22.54419223413985,215.4681134114908,445.4444444444448,11.907534186905075,26.315981008797596,21.55182744126651,-6.647909833697327,0.5738456369290296,1.0,444.55555555555554,False,ellipse,360.0,1.0,True,True,38.10410939809624,4561.351111111116,4552.248888888889,84.21113922815232,68.96584781205284
r574_svd_normalised_tr050_tid5_010,r574,5,10,False,324,circle,164.76111111111112,207.57407407407405,20.000000000000153,2.5231325220201697,5.046265044040339,5.046265044040339,,0.0,1.0,19.88888888888889,False,circle,360.0,1.0,True,True,8.074024070464544,204.8000000000016,203.66222222222225,16.148048140929088,16.148048140929088
r574_svd_normalised_tr050_tid5_010,r574,5,10,False,325,ellipse,80.02939895653194,186.56248259245493,113.52234563644846,6.0112631716516,13.125410021488191,11.01231423923403,-39.27433104476293,0.5441202305050036,1.0,113.44444444444444,False,ellipse,360.0,1.0,True,True,19.236042149285122,1162.4688193172326,1161.6711111111113,42.00131206876222,35.2394055655489
r574_svd_normalised_tr050_tid5_010,r574,5,10,False,326,circle,65.8592809844938,49.77199158584752,32.439091337733394,3.2133601528025935,6.426720305605187,6.426720305605187,,0.0,1.0,32.44444444444444,False,circle,360.0,1.0,True,True,10.282752488968299,332.17629529839,332.23111111111115,20.565504977936598,20.565504977936598
r574_svd_normalised_tr050_tid5_010,r574,5,10,False,327,circle,274.5206611570248,4.462809917355372,13.444444444444285,2.068695139675094,4.137390279350212,4.137390279350164,,1.519626234052415e-07,1.0,13.333333333333334,False,circle,360.0,1.0,True,True,6.619824446960301,137.6711111111095,136.53333333333336,13.23964889392068,13.239648893920526
r574_svd_normalised_tr050_tid5_010,r574,5,10,False,328,circle,98.63164008149755,163.37664741992882,50.21934056434324,3.998163650885381,7.996327301770776,7.996327301770748,,8.429369702178807e-08,1.0,49.666666666666664,False,circle,360.0,1.0,True,True,12.79412368283322,514.2460473788749,508.58666666666676,25.588247365666486,25.588247365666394
r574_svd_normalised_tr050_tid5_010,r574,5,10,False,329,circle,59.65041404263715,109.72843660536202,35.28815093969271,3.3515022466425433,6.703004493285087,6.703004493285085,,2.9802322387695312e-08,1.0,35.22222222222222,False,circle,360.0,1.0,True,True,10.72480718925614,361.35066562245345,360.6755555555556,21.44961437851228,21.449614378512273
r574_svd_normalised_tr050_tid5_010,r574,5,10,False,330,circle,395.19401709401706,167.66923076923075,43.33333333333322,3.7139505114227847,7.427901022845608,7.427901022845529,,1.4600096599955427e-07,1.0,43.55555555555556,False,circle,360.0,1.0,True,True,11.884641636552912,443.73333333333227,446.008888888889,23.76928327310595,23.769283273105696
r574_svd_normalised_tr050_tid5_010,r574,5,10,False,331,ellipse,326.3890534631119,206.1010015516998,262.5555555555549,9.14188323081249,19.036954024487102,17.560378387910152,-79.94617178172507,0.3861491680190245,1.0,263.0,False,ellipse,360.0,1.0,True,True,29.25402633859997,2688.568888888883,2693.1200000000003,60.91825287835873,56.19321084131249
r574_svd_normalised_tr050_tid5_010,r574,5,10,False,332,ellipse,212.69316949869466,89.45278742969002,32.27361562259046,3.205153805290189,6.7993610840138246,6.043515435424869,47.72857608000808,0.4582258724987017,1.0,32.22222222222222,False,ellipse,360.0,1.0,True,True,10.256492176928605,330.4818239753264,329.95555555555563,21.75795546884424,19.33924939335958
r574_svd_normalised_tr050_tid5_010,r574,5,10,False,333,ellipse,390.058524173028,101.89058524173028,14.55555555555555,2.152481645039216,4.516468424667666,4.103362890284482,-0.7432507010747713,0.41781200246950306,1.0,14.444444444444445,False,ellipse,360.0,1.0,True,True,6.887941264125492,149.04888888888885,147.91111111111115,14.452698958936532,13.130761248910344
r574_svd_normalised_tr050_tid5_010,r574,5,10,False,334,circle,201.59012191464325,94.3352106217755,23.925430175891673,2.7596559488795536,5.519311897759114,5.519311897759101,,6.989264130329236e-08,1.0,23.88888888888889,False,circle,360.0,1.0,True,True,8.830899036414571,244.99640500113077,244.62222222222226,17.661798072829168,17.661798072829125
r574_svd_normalised_tr050_tid5_010,r574,5,10,False,335,ellipse,69.2359598006925,233.07727387889537,438.55555555555605,11.815099194427363,25.029708930426672,22.30894004595658,44.72084125744797,0.4534171642678412,1.0,438.1111111111111,False,ellipse,360.0,1.0,True,True,37.80831742216756,4490.808888888895,4486.257777777779,80.09506857736535,71.38860814706105
r574_svd_normalised_tr050_tid5_010,r574,5,10,False,336,ellipse,134.0925720437263,153.28615694429755,11.364792890060732,1.9019794771073595,3.965388849511795,3.649100825794638,12.570134212312439,0.39135960213069526,1.0,11.444444444444445,False,ellipse,360.0,1.0,True,True,6.08633432674355,116.37547919422192,117.19111111111114,12.689244318437744,11.677122642542841
r574_svd_normalised_tr050_tid5_010,r574,5,10,False,337,ellipse,52.278195488721806,47.948621553884706,29.555555555555557,3.067217880260154,6.442407918152638,5.84118586994739,-0.5048897121579898,0.4218246478195103,1.0,29.333333333333332,False,ellipse,360.0,1.0,True,True,9.815097216832493,302.64888888888896,300.3733333333334,20.615705338088443,18.69179478383165
r574_svd_normalised_tr050_tid5_010,r574,5,10,False,338,ellipse,337.64145992354554,138.9473799715258,46.923887638484274,3.8647557922211475,8.572119929798596,6.969728587947016,4.082076296937402,0.5821667430014349,1.0,47.0,False,ellipse,360.0,1.0,True,True,12.367218535107673,480.5006094180791,481.2800000000001,27.430783775355508,22.303131481430455
r574_svd_normalised_tr050_tid5_010,r574,5,10,False,339,circle,43.11309523809524,211.3531746031746,18.666666666666746,2.4375775971438225,4.875155194287648,4.875155194287642,,4.712160915387242e-08,1.0,18.444444444444443,False,circle,360.0,1.0,True,True,7.8002483108602325,191.14666666666753,188.87111111111113,15.600496621720474,15.600496621720456
r574_svd_normalised_tr050_tid5_010,r574,5,10,False,340,ellipse,82.19471947194721,106.95049504950495,11.222222222222282,1.890011713795653,4.011792331573483,3.5616442557820376,85.95749491451971,0.46024147390514436,1.0,11.555555555555555,False,ellipse,360.0,1.0,True,True,6.048037484146089,114.91555555555618,118.32888888888891,12.837735461035146,11.39726161850252
r574_svd_normalised_tr050_tid5_010,r574,5,10,False,341,circle,317.84324324324325,155.1765765765766,20.55555555555544,2.5579359939868387,5.115871987973707,5.115871987973649,,1.5049435106459375e-07,1.0,20.666666666666668,False,circle,360.0,1.0,True,True,8.185395180757885,210.48888888888774,211.62666666666672,16.370790361515862,16.370790361515677
r574_svd_normalised_tr050_tid5_010,r574,5,10,False,342,ellipse,109.22227741202923,45.43632762366348,20.075772740012518,2.527907620132712,5.2526616181498005,4.866345788462162,86.01842894070083,0.37640968127449653,1.0,20.0,False,ellipse,360.0,1.0,True,True,8.089304384424679,205.5759128577282,204.80000000000004,16.808517178079363,15.57230652307892
r574_svd_normalised_tr050_tid5_010,r574,5,10,False,343,circle,154.3231272373983,244.501266967403,57.21948427743677,4.267730957762696,8.535461915525392,8.535461915525392,,0.0,1.0,57.22222222222222,False,circle,360.0,1.0,True,True,13.656739064840629,585.9275190009527,585.9555555555556,27.313478129681258,27.313478129681258
r574_svd_normalised_tr050_tid5_010,r574,5,10,False,344,circle,212.3443526170799,10.071625344352617,13.444444444444391,2.068695139675102,4.137390279350211,4.137390279350198,,8.024520884654677e-08,1.0,13.333333333333334,False,circle,360.0,1.0,True,True,6.619824446960327,137.6711111111106,136.53333333333336,13.239648893920677,13.239648893920634
r574_svd_normalised_tr050_tid5_010,r574,5,10,False,345,circle,49.25144545816344,196.25662826483972,27.901343076404366,2.9801465297909715,5.960293059581943,5.960293059581943,,0.0,1.0,28.22222222222222,False,circle,360.0,1.0,True,True,9.53646889533111,285.7097531023808,288.9955555555556,19.07293779066222,19.07293779066222
r574_svd_normalised_tr050_tid5_010,r574,5,10,False,346,circle,323.34805771016516,125.15318749743705,10.424515404161163,1.821599931878488,3.6431998637569905,3.6431998637569616,,1.255594160136038e-07,1.0,10.444444444444445,False,circle,360.0,1.0,True,True,5.829119782011162,106.74703773861033,106.95111111111113,11.65823956402237,11.658239564022278
r574_svd_normalised_tr050_tid5_010,r574,5,10,False,347,circle,307.5420168067227,144.1862745098039,26.44444444444444,2.901297658170338,5.802595316340716,5.802595316340636,,1.6593230851978128e-07,1.0,26.666666666666668,False,circle,360.0,1.0,True,True,9.284152506145082,270.7911111111111,273.0666666666667,18.568305012290292,18.568305012290036
r574_svd_normalised_tr050_tid5_010,r574,5,10,False,348,ellipse,78.09818379310802,189.70182585292184,52.792657680227286,4.09932004819494,8.61560309517401,7.801856548821703,62.16397841532387,0.42424025415137034,1.0,52.666666666666664,False,ellipse,360.0,1.0,True,True,13.11782415422381,540.5968146455275,539.3066666666667,27.56992990455683,24.96594095622945
r574_svd_normalised_tr050_tid5_010,r574,5,10,False,349,ellipse,175.29116686305377,192.13180448501248,15.940260083281853,2.2525413143490773,4.695979278856899,4.321946134382921,-76.17436801200896,0.3910949352115552,1.0,15.777777777777779,False,ellipse,360.0,1.0,True,True,7.208132205917048,163.22826325280622,161.5644444444445,15.027133692342076,13.830227630025348
r574_svd_normalised_tr050_tid5_010,r574,5,10,False,350,circle,178.95406963257378,196.05705360810595,35.89298742846587,3.3801024752440867,6.760204950488173,6.760204950488173,,0.0,1.0,36.0,False,circle,360.0,1.0,True,True,10.816327920781077,367.5441912674906,368.6400000000001,21.632655841562155,21.632655841562155
r574_svd_normalised_tr050_tid5_010,r574,5,10,False,351,ellipse,370.91666666666663,123.68939393939394,19.555555555555575,2.4949402123397046,5.2026397434967055,4.785821790509783,86.82852264034028,0.3921920217594501,1.0,19.555555555555557,False,ellipse,360.0,1.0,True,True,7.983808679487055,200.24888888888913,200.24888888888896,16.648447179189457,15.314629729631307
r574_svd_normalised_tr050_tid5_010,r574,5,10,False,352,ellipse,36.34771241830065,69.22156862745098,56.666666666666686,4.247064894380762,9.266332616982671,7.786277899855884,-10.797517654021817,0.5421587070125368,1.0,56.55555555555556,False,ellipse,360.0,1.0,True,True,13.59060766201844,580.266666666667,579.128888888889,29.65226437434455,24.91608927953883
r574_svd_normalised_tr050_tid5_010,r574,5,10,False,353,ellipse,348.43087037364575,247.61708522970977,109.36056169919921,5.900046436043323,13.591021101683683,10.245160444392251,71.84880404087352,0.6570829233180344,1.0,78.88888888888889,True,ellipse,222.0,0.6166666666666667,True,True,18.880148595338635,1119.8521517998001,807.8222222222223,43.49126752538779,32.784513422055205
r574_svd_normalised_tr050_tid5_010,r574,5,10,False,354,ellipse,140.15942028985506,169.00724637681157,10.222222222222237,1.8038387932686712,3.781314567310513,3.4420139707290094,11.999019191695567,0.4140170132247309,1.0,10.222222222222221,False,ellipse,360.0,1.0,True,True,5.7722841384597485,104.67555555555573,104.67555555555556,12.100206615393642,11.014444706332831
r574_svd_normalised_tr050_tid5_010,r574,5,10,False,355,circle,90.80729166666666,91.78385416666666,14.222222222222118,2.1276921621409666,4.255384324281933,4.255384324281933,,0.0,1.0,14.0,False,circle,360.0,1.0,True,True,6.808614918851093,145.63555555555453,143.36,13.617229837702187,13.617229837702187
r574_svd_normalised_tr050_tid5_010,r574,5,10,False,356,circle,389.59779614325066,219.43250688705234,26.888888888888786,2.925576722943834,5.8511534458877055,5.851153445887631,,1.597971513087095e-07,1.0,26.77777777777778,False,circle,360.0,1.0,True,True,9.361845513420269,275.3422222222212,274.2044444444445,18.72369102684066,18.72369102684042
r574_svd_normalised_tr050_tid5_010,r574,5,10,False,357,circle,218.83094617678972,131.5873030484147,11.244390385418107,1.8918775393213347,3.7837550786426695,3.783755078642669,,1.4901161193847656e-08,1.0,11.333333333333334,False,circle,360.0,1.0,True,True,6.054008125828272,115.14255754668145,116.05333333333336,12.108016251656544,12.108016251656542
r574_svd_normalised_tr050_tid5_010,r574,5,10,False,358,circle,343.96963543272375,139.60968444440851,11.306004108962302,1.8970537370135987,3.7941074740272263,3.7941074740271685,,1.744136200952474e-07,1.0,11.222222222222221,False,circle,360.0,1.0,True,True,6.070571958443516,115.773482075774,114.91555555555557,12.141143916887124,12.14114391688694
r574_svd_normalised_tr050_tid5_010,r574,5,10,False,359,circle,15.412803532008834,142.62030905077262,16.77777777777776,2.3109592239720222,4.621918447944046,4.621918447944043,,3.942476676500724e-08,1.0,16.555555555555557,False,circle,360.0,1.0,True,True,7.395069516710471,171.8044444444443,169.52888888888893,14.79013903342095,14.790139033420937
r574_svd_normalised_tr050_tid5_010,r574,5,10,False,360,circle,17.681647940074907,192.24933119315142,69.22222222222234,4.694051307446975,9.388102614893956,9.388102614893945,,4.712160915387242e-08,1.0,69.33333333333333,False,circle,360.0,1.0,True,True,15.020964183830323,708.8355555555569,709.9733333333335,30.04192836766066,30.041928367660628
r574_svd_normalised_tr050_tid5_010,r574,5,10,False,361,circle,143.07625645966095,245.31057592462304,483.0686599092369,12.400222988102492,24.800445976204998,24.80044597620497,,4.712160915387242e-08,1.0,343.3333333333333,True,circle,218.99999999999997,0.6083333333333333,True,True,39.68071356192797,4946.623077470586,3515.733333333334,79.361427123856,79.3614271238559
r574_svd_normalised_tr050_tid5_010,r574,5,10,False,362,circle,304.9741100323625,207.36440129449835,57.22222222222226,4.267833061723378,8.535666123446779,8.535666123446735,,1.021572142899192e-07,1.0,56.77777777777778,False,circle,360.0,1.0,True,True,13.65706579751481,585.955555555556,581.4044444444446,27.314131595029693,27.31413159502955
r574_svd_normalised_tr050_tid5_010,r574,5,10,False,363,ellipse,153.08070670372982,130.585271835919,74.00813521337874,4.853609079483553,10.185250086697208,9.25162205971291,22.940726224936867,0.41824276032082247,1.0,74.33333333333333,False,ellipse,360.0,1.0,True,True,15.53154905434737,757.8433045849984,761.1733333333334,32.59280027743107,29.60519059108131
r574_svd_normalised_tr050_tid5_010,r574,5,10,False,364,ellipse,90.24871794871794,135.02307692307693,14.444444444444374,2.14425032752689,4.524751425936578,4.064585241738424,-87.90296860718666,0.43938217842433636,1.0,14.333333333333334,False,ellipse,360.0,1.0,True,True,6.861601048086048,147.91111111111042,146.77333333333337,14.47920456299705,13.006672773562958
r574_svd_normalised_tr050_tid5_010,r574,5,10,False,365,ellipse,394.5844155844155,111.90909090909093,8.55555555555556,1.6502478344563851,3.454354667649358,3.1534896409246476,71.99378845736294,0.408177281418199,1.0,8.555555555555555,False,ellipse,360.0,1.0,True,True,5.280793070260433,87.60888888888896,87.6088888888889,11.053934936477946,10.091166850958873
r574_svd_normalised_tr050_tid5_010,r574,5,10,False,366,circle,143.85733521375644,255.5159607604885,307.5913711505056,9.894916590958893,19.7898331819178,19.78983318191777,,5.3726900748371916e-08,1.0,42.22222222222222,True,circle,105.0,0.2916666666666667,False,True,31.66373309106846,3149.735640581178,432.3555555555556,63.32746618213696,63.327466182136874
r574_svd_normalised_tr050_tid5_010,r574,5,10,False,367,circle,47.93618461745529,72.376854511085,40.44445811758368,3.58801767835293,7.176035356705867,7.176035356705853,,6.322027276634104e-08,1.0,40.22222222222222,False,circle,360.0,1.0,True,True,11.481656570729378,414.15125112405696,411.87555555555565,22.963313141458777,22.96331314145873
r574_svd_normalised_tr050_tid5_010,r574,5,10,False,368,ellipse,50.332920507914025,39.60212386143038,16.6742098317823,2.3038154947302676,4.78216531243008,4.439466632375535,71.76564889363345,0.371736771821299,1.0,16.77777777777778,False,ellipse,360.0,1.0,True,True,7.372209583136857,170.74390867745078,171.8044444444445,15.302928999776256,14.206293223601714
r574_svd_normalised_tr050_tid5_010,r574,5,10,False,369,circle,29.87879888004227,144.5893097998655,15.545197200260395,2.2244527307900857,4.448905461580177,4.448905461580165,,7.146345858741878e-08,1.0,15.444444444444445,False,circle,360.0,1.0,True,True,7.1182487385282744,159.18281933066646,158.15111111111113,14.236497477056567,14.23649747705653
r574_svd_normalised_tr050_tid5_010,r574,5,10,False,370,circle,252.05314353279874,234.9703583588709,97.62798398449375,5.574580923303306,11.149161846606642,11.149161846606583,,1.021572142899192e-07,1.0,97.33333333333333,False,circle,360.0,1.0,True,True,17.83865895457058,999.7105560012162,996.6933333333335,35.67731790914126,35.67731790914107
r574_svd_normalised_tr050_tid5_010,r574,5,10,False,371,circle,167.38125478584232,158.57628170000848,23.217326853152052,2.718511480225658,5.437022960451316,5.437022960451316,,0.0,1.0,23.11111111111111,False,circle,360.0,1.0,True,True,8.699236736722105,237.74542697627706,236.65777777777782,17.39847347344421,17.39847347344421
r574_svd_normalised_tr050_tid5_010,r574,5,10,False,372,circle,325.20370370370375,188.31649831649835,22.000000000000238,2.646283714200628,5.292567428401297,5.292567428401216,,1.7504900879369274e-07,1.0,21.77777777777778,False,circle,360.0,1.0,True,True,8.46810788544201,225.28000000000247,223.0044444444445,16.93621577088415,16.93621577088389
r574_svd_normalised_tr050_tid5_010,r574,5,10,False,373,ellipse,179.63220016920002,205.50710581321283,84.47024153298186,5.185336340902176,11.011207035536312,9.767398935105454,31.990024215147656,0.4616894660645973,1.0,84.88888888888889,False,ellipse,360.0,1.0,True,True,16.593076290886966,864.9752732977344,869.2622222222224,35.2358625137162,31.255676592337455
r574_svd_normalised_tr050_tid5_010,r574,5,10,False,374,circle,12.17751004016064,196.82650602409637,46.1111111111113,3.8311385422072592,7.662277084414523,7.662277084414514,,4.712160915387242e-08,1.0,46.0,False,circle,360.0,1.0,True,True,12.259643335063231,472.1777777777798,471.0400000000001,24.519286670126476,24.519286670126448
r574_svd_normalised_tr050_tid5_010,r574,5,10,False,375,ellipse,96.08512820512821,138.31692307692308,36.11111111111122,3.3903574542735213,7.074793606574013,6.49886021102701,-51.15987280328042,0.39520346223379327,1.0,36.111111111111114,False,ellipse,360.0,1.0,True,True,10.849143853675269,369.77777777777897,369.7777777777779,22.639339541036843,20.796352675286432
r574_svd_normalised_tr050_tid5_010,r574,5,10,False,376,circle,8.618562566043575,146.63863635004532,64.4950784777336,4.5309404200079735,9.061880840015965,9.06188084001593,,8.815645848363066e-08,1.0,64.77777777777777,False,circle,360.0,1.0,True,True,14.499009344025517,660.4296036119922,663.3244444444445,28.99801868805109,28.998018688050976
r574_svd_normalised_tr050_tid5_010,r574,5,10,False,377,circle,113.23784261715295,151.40406719717063,83.77777777777769,5.1640386239042915,10.328077247808583,10.328077247808581,,2.1073424255447017e-08,1.0,83.77777777777777,False,circle,360.0,1.0,True,True,16.524923596493732,857.8844444444437,857.8844444444445,33.049847192987464,33.049847192987464
r574_svd_normalised_tr050_tid5_010,r574,5,10,False,378,circle,235.36086899270782,93.02954231279256,10.314744787019201,1.8119837855706464,3.623967571141293,3.623967571141293,,0.0,1.0,10.444444444444445,False,circle,360.0,1.0,True,True,5.798348113826069,105.62298661907664,106.95111111111113,11.596696227652139,11.596696227652139
r574_svd_normalised_tr050_tid5_010,r574,5,10,False,379,circle,307.9025617963298,250.55277508195093,115.67418559849371,6.067968099146469,12.135936198292939,12.135936198292937,,1.4901161193847656e-08,1.0,45.333333333333336,True,circle,161.0,0.44722222222222224,True,True,19.417497917268705,1184.503660528576,464.2133333333334,38.83499583453741,38.8349958345374
r574_svd_normalised_tr050_tid5_010,r574,5,10,False,380,ellipse,316.4718681066421,3.069162590901324,16.507007415131678,2.292235513978778,4.913322578895073,4.277629703464062,-26.037858845174355,0.4919587048508407,1.0,16.444444444444443,False,ellipse,360.0,1.0,True,True,7.33515364473209,169.0317559309484,168.39111111111112,15.722632252464235,13.688415051085
r574_svd_normalised_tr050_tid5_010,r574,5,10,False,381,circle,149.1479225242112,195.78381755701344,474.2222222222216,12.28615568765835,24.5723113753167,24.5723113753167,,0.0,1.0,474.55555555555554,False,circle,360.0,1.0,True,True,39.31569820050672,4856.03555555555,4859.44888888889,78.63139640101345,78.63139640101345
r574_svd_normalised_tr050_tid5_010,r574,5,10,False,382,ellipse,146.95207737123707,198.13149303051196,23.980003833814482,2.7628015294313766,5.752173699575707,5.30795674100828,11.037621736360137,0.385341425442771,1.0,24.0,False,ellipse,360.0,1.0,True,True,8.840964894180406,245.55523925826034,245.76000000000005,18.40695583864226,16.985461571226498
r574_svd_normalised_tr050_tid5_010,r574,5,10,False,383,ellipse,231.87708908288835,90.92887687006434,7.691767577329865,1.5647254270612594,3.2858124745791453,2.9805299980250797,-83.72104600633804,0.420935183407668,1.0,7.777777777777778,False,ellipse,360.0,1.0,True,True,5.007121366596031,78.76369999185783,79.64444444444446,10.514599918653266,9.537695993680256
r574_svd_normalised_tr050_tid5_010,r574,5,10,False,384,ellipse,280.9400390525897,191.14579294623104,10.530778272007229,1.8308606809884134,3.851189021327769,3.4815749781439447,-79.66806086785925,0.42747749004282304,1.0,10.555555555555555,False,ellipse,360.0,1.0,True,True,5.858754179162923,107.83516950535405,108.0888888888889,12.323804868248862,11.141039930060623
r574_svd_normalised_tr050_tid5_010,r574,5,10,False,385,ellipse,253.862043695129,217.78678165342927,29.664765215395217,3.0728794378207103,6.375679530241902,5.924129652120743,-13.97056182250401,0.3696371152797189,1.0,29.77777777777778,False,ellipse,360.0,1.0,True,True,9.833214201026273,303.7671958056471,304.92444444444453,20.402174496774087,18.957214886786378
r574_svd_normalised_tr050_tid5_010,r574,5,10,False,386,ellipse,152.43597178139436,136.98731100198017,24.475138134787503,2.7911786818505124,5.967719760926848,5.221879542686027,88.30406890549034,0.48408513381701385,1.0,24.444444444444443,False,ellipse,360.0,1.0,True,True,8.93177178192164,250.62541450022408,250.31111111111113,19.096703234965915,16.71001453659529
r574_svd_normalised_tr050_tid5_010,r574,5,10,False,387,circle,90.45787545787545,45.88278388278389,10.111111111111073,1.7940085359243494,3.5880170718487063,3.588017071848691,,9.30577218293905e-08,1.0,9.88888888888889,False,circle,360.0,1.0,True,True,5.740827314957919,103.5377777777774,101.26222222222225,11.48165462991586,11.48165462991581
r574_svd_normalised_tr050_tid5_010,r574,5,10,False,388,circle,385.0071283185016,46.25545939942773,23.962641371505615,2.761801160045188,5.52360232009039,5.523602320090362,,1.0106459234841567e-07,1.0,23.88888888888889,False,circle,360.0,1.0,True,True,8.837763712144602,245.37744764421754,244.62222222222226,17.67552742428925,17.675527424289157
r574_svd_normalised_tr050_tid5_010,r574,5,10,False,389,ellipse,314.54313557753545,200.45393030128676,100.90137298531225,5.667266056110561,12.079023012786696,10.635927927860841,89.8198902148518,0.47399260563956924,1.0,101.33333333333333,False,ellipse,360.0,1.0,True,True,18.135251379553797,1033.2300593695977,1037.6533333333334,38.65287364091743,34.034969369154695
r574_svd_normalised_tr050_tid5_010,r574,5,10,False,390,circle,348.8917801721596,192.32629718561935,44.600988860273155,3.76788212233319,7.535764244666406,7.535764244666354,,1.1733186057227569e-07,1.0,44.55555555555556,False,circle,360.0,1.0,True,True,12.05722279146621,456.7141259291972,456.248888888889,24.1144455829325,24.114445582932333
r574_svd_normalised_tr050_tid5_010,r574,5,10,False,391,ellipse,176.18000000000004,117.69000000000004,11.111111111111018,1.88063194515918,3.9606705131551774,3.5718967295118005,83.67396176766047,0.4320671807954145,1.0,11.333333333333334,False,ellipse,360.0,1.0,True,True,6.018022224509377,113.77777777777685,116.05333333333336,12.674145642096569,11.430069534437763
r574_svd_normalised_tr050_tid5_010,r574,5,10,False,392,circle,43.533214427847085,207.75104326335241,649.3756911048068,14.37715904920341,28.754318098406824,28.754318098406817,,2.1073424255447017e-08,1.0,649.5555555555555,False,circle,360.0,1.0,True,True,46.00690895745092,6649.607076913223,6651.44888888889,92.01381791490184,92.01381791490182
r574_svd_normalised_tr050_tid5_010,r574,5,10,False,393,circle,136.15323565323567,235.8113553113553,60.666666666666934,4.394405507212178,8.788811014424356,8.788811014424356,,0.0,1.0,60.333333333333336,False,circle,360.0,1.0,True,True,14.06209762307897,621.2266666666695,617.8133333333335,28.12419524615794,28.12419524615794
r574_svd_normalised_tr050_tid5_010,r574,5,10,False,394,circle,85.66040674207333,45.48433205123977,8.741839976137301,1.6681169287076898,3.3362338574153796,3.3362338574153796,,0.0,1.0,8.777777777777779,False,circle,360.0,1.0,True,True,5.337974171864608,89.51644135564598,89.88444444444447,10.675948343729216,10.675948343729216
r574_svd_normalised_tr050_tid5_010,r574,5,10,False,395,circle,128.34514808259888,93.53106049266229,13.076005372997901,2.040152391861352,4.08030478372271,4.0803047837227,,6.989264130329236e-08,1.0,13.11111111111111,False,circle,360.0,1.0,True,True,6.5284876539563275,133.89829501949853,134.2577777777778,13.056975307912673,13.05697530791264
r574_svd_normalised_tr050_tid5_010,r574,5,10,False,396,ellipse,304.75438100868377,195.45703459637423,50.263906269972324,3.9999372850018053,8.37897644595831,7.637924936125174,55.563756979133586,0.411171003099896,1.0,50.333333333333336,False,ellipse,360.0,1.0,True,True,12.799799312005778,514.7024002045167,515.4133333333334,26.812724627066594,24.441359795600558
r574_svd_normalised_tr050_tid5_010,r574,5,10,False,397,circle,19.018281315490157,214.5454821548938,24.39815407994577,2.786785540417871,5.573571080835753,5.573571080835731,,8.688795409866125e-08,1.0,24.555555555555557,False,circle,360.0,1.0,True,True,8.917713729337187,249.83709777864473,251.44888888888894,17.83542745867441,17.835427458674342
r574_svd_normalised_tr050_tid5_010,r574,5,10,False,398,circle,222.81749622926094,142.06938159879337,24.555555555555575,2.795760378513982,5.591520757027964,5.591520757027964,,0.0,1.0,24.555555555555557,False,circle,360.0,1.0,True,True,8.946433211244743,251.44888888888914,251.44888888888894,17.892866422489487,17.892866422489487
r574_svd_normalised_tr050_tid5_010,r574,5,10,False,399,ellipse,350.1207951070337,2.0038226299694197,48.44444444444431,3.9268747875821095,11.974307989165062,5.15114380264851,-88.48166629573083,0.9027417025690104,1.0,48.44444444444444,True,ellipse,332.0,0.9222222222222223,True,True,12.565999320262751,496.0711111111098,496.0711111111112,38.3177855653282,16.483660168475232
r574_svd_normalised_tr050_tid5_010,r574,5,10,False,400,ellipse,324.43693693693695,145.53153153153153,16.444444444444333,2.2878875058592247,4.849142687368648,4.317818284128215,75.25811447260185,0.45512176939425286,1.0,16.22222222222222,False,ellipse,360.0,1.0,True,True,7.32124001874952,168.39111111111,166.11555555555557,15.517256599579675,13.817018509210289
r574_svd_normalised_tr050_tid5_010,r574,5,10,False,401,circle,101.51639344262296,139.69945355191257,40.66666666666669,3.5978607585815254,7.195721517163051,7.195721517163051,,0.0,1.0,40.55555555555556,False,circle,360.0,1.0,True,True,11.513154427460883,416.426666666667,415.288888888889,23.026308854921766,23.026308854921766
r574_svd_normalised_tr050_tid5_010,r574,5,10,False,402,ellipse,340.43767189004797,108.89606318620906,18.455003321746165,2.423718219361834,5.125034533030962,4.584874477629992,-67.12061644098208,0.4468605509515231,1.0,18.666666666666668,False,ellipse,360.0,1.0,True,True,7.75589830195787,188.97923401468077,191.1466666666667,16.40011050569908,14.671598328415975
r574_svd_normalised_tr050_tid5_010,r574,5,10,False,403,circle,389.76155689339305,169.1614857925155,48.27699570904339,3.9200822707490404,7.840164541498082,7.840164541498081,,1.4901161193847656e-08,1.0,48.55555555555556,False,circle,360.0,1.0,True,True,12.54426326639693,494.35643606060444,497.208888888889,25.088526532793864,25.08852653279386
r574_svd_normalised_tr050_tid5_010,r574,5,10,False,404,circle,104.96783625730994,231.11111111111111,63.333333333333435,4.4899472296423975,8.97989445928481,8.979894459284782,,7.742870483855355e-08,1.0,63.44444444444444,False,circle,360.0,1.0,True,True,14.367831134855672,648.5333333333346,649.6711111111113,28.73566226971139,28.735662269711305
r574_svd_normalised_tr050_tid5_010,r574,5,10,False,405,ellipse,351.91869918699194,91.62330623306235,13.666666666666687,2.085721724290774,4.523442412319789,3.846835851678295,-85.5061576166135,0.5261008271337514,1.0,13.555555555555555,False,ellipse,360.0,1.0,True,True,6.674309517730477,139.9466666666669,138.8088888888889,14.475015719423325,12.309874725370545
r574_svd_normalised_tr050_tid5_010,r574,5,10,False,406,circle,107.4020673770448,89.28631527461494,22.856205778783714,2.697286833104322,5.394573666208645,5.394573666208643,,2.5809568279517847e-08,1.0,23.0,False,circle,360.0,1.0,True,True,8.63131786593383,234.0475471747453,235.52000000000004,17.262635731867665,17.262635731867658
r574_svd_normalised_tr050_tid5_010,r574,5,10,False,407,ellipse,350.11267605633805,99.70892018779344,15.777777777777779,2.241031603676661,4.861699962726371,4.132071240250866,-11.935880308751734,0.5269067055033011,1.0,15.777777777777779,False,ellipse,360.0,1.0,True,True,7.171301131765316,161.5644444444445,161.5644444444445,15.557439880724388,13.222627968802772
r574_svd_normalised_tr050_tid5_010,r574,5,10,False,408,circle,311.4254742547425,191.34146341463412,13.666666666666636,2.08572172429077,4.171443448581578,4.171443448581502,,1.914088812271525e-07,1.0,13.88888888888889,False,circle,360.0,1.0,True,True,6.674309517730464,139.94666666666637,142.22222222222226,13.34861903546105,13.348619035460807
r574_svd_normalised_tr050_tid5_010,r574,5,10,False,409,ellipse,340.59523809523813,104.28911564625851,10.888888888888975,1.86173064187336,3.8865668416927326,3.567200693124437,69.75414235495003,0.39697780064357374,1.0,10.88888888888889,False,ellipse,360.0,1.0,True,True,5.957538053994752,111.50222222222312,111.50222222222224,12.437013893416745,11.415042217998199
r574_svd_normalised_tr050_tid5_010,r574,5,10,False,410,ellipse,176.4444444444444,204.42222222222225,21.66666666666662,2.626159591618298,5.611044799997311,4.916527631825067,-0.9441976862465253,0.4819054919907197,1.0,21.88888888888889,False,ellipse,360.0,1.0,True,True,8.403710693178553,221.86666666666625,224.14222222222227,17.955343359991396,15.732888421840215
r574_svd_normalised_tr050_tid5_010,r574,5,10,False,411,circle,224.34279361012207,7.417931956158863,13.611222317325453,2.08148663859515,4.1629732771903045,4.162973277190296,,6.495265578539184e-08,1.0,13.777777777777779,False,circle,360.0,1.0,True,True,6.660757243504481,139.37891652941266,141.08444444444447,13.321514487008976,13.321514487008947
r574_svd_normalised_tr050_tid5_010,r574,5,10,False,412,ellipse,345.39028475711893,56.64489112227806,22.111111111111008,2.652957832528609,5.662363111601112,4.9719066915754535,57.720411298502825,0.478546624675736,1.0,21.88888888888889,False,ellipse,360.0,1.0,True,True,8.489465064091549,226.41777777777676,224.14222222222227,18.11956195712356,15.910101413041453
r574_svd_normalised_tr050_tid5_010,r574,5,10,False,413,circle,206.81073446327684,9.550847457627114,13.111111111111153,2.042889200500317,4.085778401000636,4.085778401000632,,4.2146848510894035e-08,1.0,13.0,False,circle,360.0,1.0,True,True,6.537245441601015,134.25777777777824,133.12000000000003,13.074490883202035,13.074490883202024
r574_svd_normalised_tr050_tid5_010,r574,5,10,False,414,ellipse,56.521670606776986,235.39243498817967,282.00000000000034,9.474354220939235,21.42562115814916,16.75813965742373,37.28341688735938,0.6230849071440905,1.0,282.22222222222223,False,ellipse,360.0,1.0,True,True,30.317933507005552,2887.680000000004,2889.955555555556,68.56198770607732,53.626046903755935
r574_svd_normalised_tr050_tid5_010,r574,5,10,False,415,circle,98.58171046496695,156.29427317409443,99.44373795092699,5.62618208991233,11.25236417982466,11.25236417982466,,0.0,1.0,99.11111111111111,False,circle,360.0,1.0,True,True,18.003782687719458,1018.3038766174925,1014.8977777777781,36.007565375438915,36.007565375438915
r574_svd_normalised_tr050_tid5_010,r574,5,10,False,416,circle,232.16666666666663,214.5567375886525,20.888888888888918,2.5785926092983518,5.1571852185967035,5.1571852185967035,,0.0,1.0,20.88888888888889,False,circle,360.0,1.0,True,True,8.251496349754726,213.90222222222255,213.90222222222226,16.502992699509452,16.502992699509452
r574_svd_normalised_tr050_tid5_010,r574,5,10,False,417,circle,300.188679245283,202.9937106918239,17.66666666666688,2.3713866525545138,4.742773305109056,4.742773305109,,1.5341684432308377e-07,1.0,17.77777777777778,False,circle,360.0,1.0,True,True,7.588437288174444,180.90666666666888,182.04444444444448,15.176874576348979,15.176874576348801
r574_svd_normalised_tr050_tid5_010,r574,5,10,False,418,ellipse,62.05555555555556,147.3045267489712,17.999999999999897,2.3936536824085892,5.015419990014676,4.569569816857099,73.54549972021704,0.4121762758394078,1.0,18.11111111111111,False,ellipse,360.0,1.0,True,True,7.659691783707486,184.31999999999897,185.4577777777778,16.049343968046966,14.622623413942717
r574_svd_normalised_tr050_tid5_010,r574,5,10,False,419,ellipse,122.4386007763196,168.96328068886203,65.56852705974953,4.5684910403357115,9.693811167119035,8.612138208931292,-48.0551448356089,0.45903897295673146,1.0,65.77777777777777,False,ellipse,360.0,1.0,True,True,14.619171329074277,671.4217170918353,673.5644444444445,31.020195734780913,27.558842268580136
r574_svd_normalised_tr050_tid5_010,r574,5,10,False,420,circle,217.68563040037563,123.75591867986861,19.92393597960983,2.5183299613042642,5.0366599226085285,5.0366599226085285,,0.0,1.0,20.0,False,circle,360.0,1.0,True,True,8.058655876173646,204.0211044312047,204.80000000000004,16.11731175234729,16.11731175234729
r574_svd_normalised_tr050_tid5_010,r574,5,10,False,421,ellipse,123.00120152185818,173.47023346903654,48.6057716390996,3.933407891169833,8.66582280485883,7.141478881678635,86.89748836306973,0.5664486529735263,1.0,48.333333333333336,False,ellipse,360.0,1.0,True,True,12.586905251743467,497.72310158438,494.93333333333345,27.73063297554826,22.852732421371634
r574_svd_normalised_tr050_tid5_010,r574,5,10,False,422,circle,119.37894736842105,143.69473684210527,10.55555555555544,1.8330132807744552,3.66602656154893,3.6660265615488905,,1.4675941767984784e-07,1.0,10.555555555555555,False,circle,360.0,1.0,True,True,5.865642498478257,108.08888888888772,108.0888888888889,11.731284996956576,11.73128499695645
r574_svd_normalised_tr050_tid5_010,r574,5,10,False,423,ellipse,105.88353413654619,152.2530120481928,18.444444444444468,2.42302476500641,5.201934642838845,4.514511938297148,-85.6247553445171,0.49682195372337523,1.0,18.444444444444443,False,ellipse,360.0,1.0,True,True,7.753679248020513,188.8711111111114,188.87111111111113,16.646190857084303,14.446438202550874
r574_svd_normalised_tr050_tid5_010,r574,5,10,False,424,circle,385.7848837209302,226.7906976744186,19.11111111111093,2.466425673443961,4.93285134688795,4.932851346887895,,1.4975481660844222e-07,1.0,19.0,False,circle,360.0,1.0,True,True,7.892562155020676,195.69777777777597,194.56000000000003,15.78512431004144,15.785124310041263
r574_svd_normalised_tr050_tid5_010,r574,5,10,False,425,ellipse,104.64757589460385,99.06475654703927,108.9741789426311,5.889614460743669,12.428438000667315,11.163931781077713,-45.55094728423916,0.4394704900909107,1.0,108.66666666666667,False,ellipse,360.0,1.0,True,True,18.846766274379743,1115.8955923725428,1112.746666666667,39.771001602135414,35.724581699448684
r574_svd_normalised_tr050_tid5_010,r574,5,10,False,426,ellipse,372.887037037037,179.39999999999998,19.99999999999994,2.5231325220201564,5.261076779916997,4.840224151814209,80.45648191152873,0.391903404844514,1.0,20.0,False,ellipse,360.0,1.0,True,True,8.074024070464501,204.79999999999941,204.80000000000004,16.83544569573439,15.488717285805471
r574_svd_normalised_tr050_tid5_010,r574,5,10,False,427,ellipse,58.649924396836454,238.65049172782403,155.61989990107273,7.038135592999282,14.942799774035164,13.259992337317332,-43.28223536023532,0.4610322299414501,1.0,156.33333333333334,False,ellipse,360.0,1.0,True,True,22.522033897597705,1593.5477749869851,1600.8533333333337,47.81695927691253,42.43197547941546
r574_svd_normalised_tr050_tid5_010,r574,5,10,False,428,ellipse,23.7601246105919,172.78193146417442,11.888888888888955,1.945340810519837,4.23235315172738,3.576592721266129,-75.24405479979018,0.5346713475562239,1.0,12.0,False,ellipse,360.0,1.0,True,True,6.225090593663479,121.74222222222292,122.88000000000002,13.543530085527616,11.445096708051613
r574_svd_normalised_tr050_tid5_010,r574,5,10,False,429,ellipse,20.946995147443076,182.60656961552814,99.2222222222224,5.619912300246188,12.791073395563192,9.87670488183225,-46.35133973850506,0.6354329339172341,1.0,99.33333333333333,False,ellipse,360.0,1.0,True,True,17.983719360787802,1016.0355555555576,1017.1733333333335,40.93143486580222,31.6054556218632
r574_svd_normalised_tr050_tid5_010,r574,5,10,False,430,circle,403.34220985178683,178.53914692886678,230.4232669568016,8.564228154312374,17.128456308624777,17.12845630862472,,8.161702118890973e-08,1.0,51.55555555555556,True,circle,127.00000000000001,0.3527777777777778,False,True,27.405530093799598,2359.534253637649,527.928888888889,54.81106018759929,54.81106018759911
r574_svd_normalised_tr050_tid5_010,r574,5,10,False,431,circle,359.7041847041847,201.0509860509861,77.00000000000018,4.95074350336916,9.90148700673836,9.901487006738279,,1.2818463544611077e-07,1.0,76.66666666666667,False,circle,360.0,1.0,True,True,15.842379210781312,788.4800000000021,785.0666666666668,31.684758421562755,31.684758421562492
r574_svd_normalised_tr050_tid5_010,r574,5,10,False,432,ellipse,285.7432243920856,209.81344899551218,40.17635185990362,3.576105421796993,7.6256385750655715,6.708175249544072,50.03704759161832,0.47555310157323205,1.0,40.55555555555556,False,ellipse,360.0,1.0,True,True,11.443537349750379,411.4058430454131,415.288888888889,24.40204344020983,21.466160798541033
r574_svd_normalised_tr050_tid5_010,r574,5,10,False,433,ellipse,198.58706467661693,95.83706467661692,29.77777777777775,3.0787271810361254,6.6411027996189835,5.709028359443227,56.62849187535511,0.510882329415632,1.0,29.88888888888889,False,ellipse,360.0,1.0,True,True,9.851926979315602,304.92444444444425,306.06222222222226,21.25152895878075,18.26889075021833
r574_svd_normalised_tr050_tid5_010,r574,5,10,False,434,ellipse,219.25686560158167,246.93689810070214,188.13834232678803,7.738623542520139,17.638549817486673,13.580775052941439,-2.006135189970564,0.6381060260403059,1.0,128.55555555555554,True,ellipse,214.0,0.5944444444444444,True,True,24.763595336064444,1926.53662542631,1316.4088888888891,56.44335941595736,43.45848016941261
r574_svd_normalised_tr050_tid5_010,r574,5,10,False,435,ellipse,152.07309941520467,203.0950292397661,50.66666666666663,4.015930888346899,8.733286217080364,7.386773088204311,53.88139151674264,0.5334711282806698,1.0,50.44444444444444,False,ellipse,360.0,1.0,True,True,12.850978842710077,518.8266666666664,516.5511111111111,27.946515894657168,23.637673882253797
r574_svd_normalised_tr050_tid5_010,r574,5,10,False,436,circle,25.544681983120974,183.1841877791902,219.12209849044734,8.351570524808354,16.70314104961671,16.7031410496167,,3.650024149988857e-08,1.0,219.88888888888889,False,circle,360.0,1.0,True,True,26.725025679386732,2243.8102885421813,2251.6622222222227,53.45005135877348,53.45005135877344
r574_svd_normalised_tr050_tid5_010,r574,5,10,False,437,circle,238.76278118609406,167.7955010224949,18.111111111111015,2.4010301365121878,4.8020602730243755,4.802060273024375,,2.1073424255447017e-08,1.0,18.22222222222222,False,circle,360.0,1.0,True,True,7.683296436839001,185.45777777777684,186.5955555555556,15.366592873678002,15.366592873678
r574_svd_normalised_tr050_tid5_010,r574,5,10,False,438,circle,368.8351213216411,102.09035367155448,14.142859184484736,2.1217473688747006,4.243494737749415,4.243494737749387,,1.1542389828584841e-07,1.0,14.0,False,circle,360.0,1.0,True,True,6.789591580399042,144.82287804912372,143.36,13.57918316079813,13.579183160798038
r574_svd_normalised_tr050_tid5_010,r574,5,10,False,439,circle,326.059925093633,225.7677902621723,19.777777777777555,2.50907596405782,5.018151928115668,5.018151928115611,,1.519626234052415e-07,1.0,19.77777777777778,False,circle,360.0,1.0,True,True,8.029043084985025,202.5244444444422,202.5244444444445,16.05808616997014,16.058086169969954
r574_svd_normalised_tr050_tid5_010,r574,5,10,False,440,circle,245.23735964124964,241.93091622440517,52.18001342851913,4.075464898082253,8.150929796164508,8.150929796164506,,2.1073424255447017e-08,1.0,52.111111111111114,False,circle,360.0,1.0,True,True,13.04148767386321,534.323337508036,533.6177777777779,26.08297534772643,26.08297534772642
r574_svd_normalised_tr050_tid5_010,r574,5,10,False,441,ellipse,48.967972070431074,212.70127504553733,244.00000000000006,8.81292302410755,20.202001983588357,15.378201089563369,-55.816074317945095,0.6484917996148665,1.0,244.22222222222223,False,ellipse,360.0,1.0,True,True,28.20135367714416,2498.560000000001,2500.8355555555563,64.64640634748274,49.210243486602785
r574_svd_normalised_tr050_tid5_010,r574,5,10,False,442,ellipse,163.95867319195213,182.3306144643828,68.11111111111137,4.656225942287313,9.850918205721056,8.803418959681613,86.0933872868498,0.4487351167466703,1.0,68.22222222222223,False,ellipse,360.0,1.0,True,True,14.899923015319402,697.4577777777806,698.5955555555557,31.52293825830738,28.170940670981164
r574_svd_normalised_tr050_tid5_010,r574,5,10,False,443,circle,358.8022598870056,67.38135593220338,13.111111111111246,2.0428892005003245,4.085778401000664,4.085778401000633,,1.2377834115800373e-07,1.0,13.11111111111111,False,circle,360.0,1.0,True,True,6.537245441601039,134.25777777777918,134.2577777777778,13.074490883202126,13.074490883202026
r574_svd_normalised_tr050_tid5_010,r574,5,10,False,444,circle,283.79737170792345,4.417228343479472,26.00304432975538,2.876982113437012,5.753964226874031,5.753964226874018,,6.828569911354542e-08,1.0,26.0,False,circle,360.0,1.0,True,True,9.206342762998439,266.27117393669516,266.24000000000007,18.412685525996903,18.41268552599686
r574_svd_normalised_tr050_tid5_010,r574,5,10,False,445,circle,396.0665261898323,213.90075316265967,80.24181770661764,5.053886015866794,10.107772031733589,10.107772031733589,,0.0,1.0,71.66666666666667,True,circle,265.0,0.7361111111111112,True,True,16.17243525077374,821.6762133157648,733.8666666666669,32.34487050154748,32.34487050154748
r574_svd_normalised_tr050_tid5_010,r574,5,10,False,446,ellipse,249.9816513761468,232.98012232415905,24.222222222222157,2.7767197911697936,5.773767256769011,5.3415196392856465,-59.10685621638294,0.3796359827892419,1.0,24.77777777777778,False,ellipse,360.0,1.0,True,True,8.88550333174334,248.03555555555494,253.72444444444452,18.476055221660836,17.09286284571407
r574_svd_normalised_tr050_tid5_010,r574,5,10,False,447,circle,194.54771241830068,238.88758169934638,28.333333333333556,3.003128386955977,6.006256773911954,6.006256773911954,,0.0,1.0,28.555555555555557,False,circle,360.0,1.0,True,True,9.610010838259127,290.13333333333566,292.40888888888895,19.220021676518254,19.220021676518254
r574_svd_normalised_tr050_tid5_010,r574,5,10,False,448,circle,380.6494391025641,191.30969551282055,92.44444444444404,5.424571926837614,10.849143853675228,10.849143853675228,,0.0,1.0,93.0,False,circle,360.0,1.0,True,True,17.358630165880367,946.6311111111072,952.3200000000002,34.717260331760734,34.717260331760734
r574_svd_normalised_tr050_tid5_010,r574,5,10,False,449,ellipse,169.08310749774165,140.47515808491417,41.00000000000003,3.6125759969217848,7.579489073934872,6.8873799836537986,-88.92476726324185,0.41747898675759665,1.0,40.666666666666664,False,ellipse,360.0,1.0,True,True,11.560243190149713,419.8400000000004,416.42666666666673,24.254365036591594,22.039615947692155
r574_svd_normalised_tr050_tid5_010,r574,5,10,False,450,ellipse,219.13333333333333,87.5764705882353,9.444444444444457,1.733856982620034,3.6496595754428376,3.294838846240041,48.28189621379531,0.4301031037805881,1.0,9.444444444444445,False,ellipse,360.0,1.0,True,True,5.54834234438411,96.71111111111126,96.71111111111114,11.678910641417081,10.543484307968132
r574_svd_normalised_tr050_tid5_010,r574,5,10,False,451,circle,164.92488262910797,31.894366197183096,15.777777777777708,2.2410316036766558,4.482063207353318,4.482063207353305,,7.450580596923828e-08,1.0,15.666666666666666,False,circle,360.0,1.0,True,True,7.171301131765299,161.56444444444375,160.4266666666667,14.342602263530617,14.342602263530578
r574_svd_normalised_tr050_tid5_010,r574,5,10,False,452,circle,73.7439479376363,150.34734975542932,24.346252440315133,2.783819829528942,5.567639659057904,5.567639659057863,,1.210576058124894e-07,1.0,24.666666666666668,False,circle,360.0,1.0,True,True,8.908223454492614,249.30562498882702,252.58666666666673,17.816446908985295,17.816446908985164
r574_svd_normalised_tr050_tid5_010,r574,5,10,False,453,circle,8.558478925608487,174.32067396514873,68.52938109699137,4.6705009899612415,9.341001979922485,9.341001979922483,,2.1073424255447017e-08,1.0,68.44444444444444,False,circle,360.0,1.0,True,True,14.945603167875973,701.7408624331918,700.8711111111112,29.891206335751953,29.891206335751946
r574_svd_normalised_tr050_tid5_010,r574,5,10,False,454,ellipse,337.1474217258871,246.6982875929853,129.87214344702807,6.429586860683075,14.396824852926985,11.485751232338922,9.804838507529269,0.6029254592873279,1.0,96.33333333333333,True,ellipse,226.0,0.6277777777777778,True,True,20.57467795418584,1329.8907488975676,986.4533333333335,46.069839529366355,36.754403943484554
r574_svd_normalised_tr050_tid5_010,r574,5,10,False,455,ellipse,206.46102343376373,245.2941176470588,77.4444444444445,4.965010805293179,12.477542668165132,7.902624083048909,-89.19649691220326,0.7738672857370689,1.0,76.88888888888889,False,ellipse,360.0,1.0,True,True,15.888034576938175,793.0311111111118,787.3422222222223,39.92813653812843,25.288397065756513
r574_svd_normalised_tr050_tid5_010,r574,5,10,False,456,circle,93.16596092808928,65.50205421106205,21.35560232229343,2.6072397942259773,5.214479588451958,5.214479588451951,,5.1619136559035694e-08,1.0,21.333333333333332,False,circle,360.0,1.0,True,True,8.343167341523127,218.68136778028475,218.45333333333338,16.686334683046265,16.686334683046244
r574_svd_normalised_tr050_tid5_010,r574,5,10,False,457,circle,116.06052029250573,167.74923229638438,74.79472797251219,4.879334109084757,9.758668218169515,9.758668218169515,,0.0,1.0,74.88888888888889,False,circle,360.0,1.0,True,True,15.613869149071224,765.898014438525,766.8622222222224,31.227738298142448,31.227738298142448
r574_svd_normalised_tr050_tid5_010,r574,5,10,False,458,circle,285.70906050936424,126.96440972005908,16.635531766065114,2.301141938921418,4.602283877842851,4.60228387784282,,1.1638178938488147e-07,1.0,16.333333333333332,False,circle,360.0,1.0,True,True,7.363654204548538,170.3478452845068,167.25333333333336,14.727308409097123,14.727308409097024
r574_svd_normalised_tr050_tid5_010,r574,5,10,False,459,circle,295.5900329102021,150.9087917254349,78.77777777777773,5.007568819123346,10.015137638246731,10.015137638246653,,1.2467205919833117e-07,1.0,78.88888888888889,False,circle,360.0,1.0,True,True,16.024220221194707,806.6844444444441,807.8222222222223,32.04844044238954,32.04844044238929
r574_svd_normalised_tr050_tid5_010,r574,5,10,False,460,ellipse,250.43154761904765,135.26190476190476,12.444444444444505,1.9902737738139535,4.230185483287927,3.7456416134762844,-77.27430981441444,0.46472389826214067,1.0,12.444444444444445,False,ellipse,360.0,1.0,True,True,6.368876076204652,127.43111111111176,127.43111111111114,13.536593546521367,11.986053163124112
r574_svd_normalised_tr050_tid5_010,r574,5,10,False,461,ellipse,390.73730043541366,230.99274310595067,76.55555555555517,4.936434966210498,11.037965114583207,8.83075455400034,-31.034018696955712,0.5999537976020174,1.0,76.33333333333333,False,ellipse,360.0,1.0,True,True,15.796591891873593,783.9288888888851,781.6533333333334,35.321488366666266,28.258414572801087
r574_svd_normalised_tr050_tid5_010,r574,5,10,False,462,ellipse,193.16666666666666,244.64102564102564,17.333333333333247,2.348908546648637,4.897064878367701,4.5066761397354185,-90.0,0.3912578939352775,1.0,17.333333333333332,False,ellipse,360.0,1.0,True,True,7.5165073492756385,177.4933333333325,177.49333333333337,15.670607610776642,14.42136364715334
r574_svd_normalised_tr050_tid5_010,r574,5,10,False,463,circle,305.9301069906101,96.3696092653139,13.371317028049251,2.063061414821609,4.1261228296432435,4.126122829643193,,1.5699347485382465e-07,1.0,13.555555555555555,False,circle,360.0,1.0,True,True,6.601796527429149,136.92228636722436,138.8088888888889,13.20359305485838,13.203593054858217
r574_svd_normalised_tr050_tid5_010,r574,5,10,False,464,ellipse,164.7530864197531,42.09567901234568,11.999999999999945,1.9544100476116752,4.187194934211379,3.6489522883174583,32.2715408233305,0.4904753275074439,1.0,11.777777777777779,False,ellipse,360.0,1.0,True,True,6.2541121523573615,122.87999999999946,120.60444444444448,13.399023789476415,11.676647322615867
r574_svd_normalised_tr050_tid5_010,r574,5,10,False,465,ellipse,322.5892659666282,233.10866946995128,80.04065653385065,5.047547153951697,10.880239401556537,9.366607233925759,53.33790147288957,0.5088038860034475,1.0,80.22222222222223,False,ellipse,360.0,1.0,True,True,16.152150892645434,819.6163229066308,821.4755555555557,34.81676608498092,29.97314314856243
r574_svd_normalised_tr050_tid5_010,r574,5,10,False,466,circle,121.32664950487386,161.10404347847373,37.73327685988786,3.4656709397477954,6.931341879495601,6.93134187949558,,7.884953353001448e-08,1.0,37.77777777777778,False,circle,360.0,1.0,True,True,11.090147007192947,386.38875504525174,386.84444444444455,22.180294014385925,22.180294014385858
r574_svd_normalised_tr050_tid5_010,r574,5,10,False,467,circle,246.45486610650636,253.13027701638845,299.71371704077274,9.767386506070558,19.53477301214113,19.534773012141102,,5.3726900748371916e-08,1.0,80.33333333333333,True,circle,137.0,0.38055555555555554,False,True,31.25563681942579,3069.0684624975133,822.6133333333335,62.51127363885162,62.51127363885153
r574_svd_normalised_tr050_tid5_010,r574,5,10,False,468,ellipse,308.98039215686276,97.71323529411765,15.111111111111066,2.1931748808265104,4.667270601355297,4.122337416212062,70.2797690069956,0.4689142172965397,1.0,15.0,False,ellipse,360.0,1.0,True,True,7.018159618644834,154.73777777777735,153.60000000000002,14.935265924336953,13.1914797318786
r574_svd_normalised_tr050_tid5_010,r574,5,10,False,469,ellipse,2.1867537786319797,68.88555462313276,10.353097613986355,1.8153493666943759,3.9099677636351395,3.371376463824158,-85.51688159643015,0.5064799661854695,1.0,10.333333333333334,False,ellipse,360.0,1.0,True,True,5.809117973422003,106.0157195672203,105.81333333333336,12.511896843632448,10.788404684237307
r574_svd_normalised_tr050_tid5_010,r574,5,10,False,470,ellipse,34.147410358565736,132.24169986719787,27.88888888888892,2.979481338759251,6.337136306015902,5.603356859840497,81.13761107026491,0.4670903070380469,1.0,27.88888888888889,False,ellipse,360.0,1.0,True,True,9.534340284029604,285.5822222222226,285.5822222222223,20.278836179250888,17.93074195148959
r574_svd_normalised_tr050_tid5_010,r574,5,10,False,471,ellipse,162.98675833969952,230.55631949749596,436.3333333333333,11.7851267991281,28.940330650438543,19.196631213254324,-89.4072264737801,0.7483379828920687,1.0,437.1111111111111,False,ellipse,360.0,1.0,True,True,37.71240575720992,4468.053333333334,4476.017777777778,92.60905808140335,61.42921988241384
r574_svd_normalised_tr050_tid5_010,r574,5,10,False,472,ellipse,308.4943181818182,214.0407196969697,39.11111111111143,3.5283782856008323,7.441031226091976,6.692326882137229,-78.9188057078652,0.4371643421777836,1.0,39.0,False,ellipse,360.0,1.0,True,True,11.290810513922665,400.4977777777811,399.36000000000007,23.811299923494325,21.415446022839134
r574_svd_normalised_tr050_tid5_010,r574,5,10,False,473,ellipse,375.28703703703695,103.44629629629627,19.99999999999983,2.5231325220201493,5.235436495797659,4.863928903567626,-74.13674357500577,0.36997978305040424,1.0,19.666666666666668,False,ellipse,360.0,1.0,True,True,8.074024070464478,204.7999999999983,201.3866666666667,16.75339678655251,15.564572491416403
r574_svd_normalised_tr050_tid5_010,r574,5,10,False,474,circle,194.58540630182426,226.67993366500832,22.333333333333186,2.6662559500989294,5.332511900197859,5.332511900197859,,0.0,1.0,22.22222222222222,False,circle,360.0,1.0,True,True,8.532019040316575,228.69333333333188,227.5555555555556,17.06403808063315,17.06403808063315
r574_svd_normalised_tr050_tid5_010,r574,5,10,False,475,circle,9.188802083333334,156.28385416666666,85.33333333333343,5.211760126964482,10.423520253928972,10.423520253928956,,5.5755039852469285e-08,1.0,85.44444444444444,False,circle,360.0,1.0,True,True,16.677632406286346,873.8133333333345,874.9511111111112,33.35526481257271,33.35526481257266
r574_svd_normalised_tr050_tid5_010,r574,5,10,False,476,ellipse,337.98271525105974,233.1064059151159,75.84393333211685,4.913438082104742,10.229087305470847,9.440480099828758,-63.162552910736224,0.38502673755159667,1.0,75.55555555555556,False,ellipse,360.0,1.0,True,True,15.723001862735174,776.6418773208767,773.6888888888891,32.73307937750671,30.209536319452027
r574_svd_normalised_tr050_tid5_010,r574,5,10,False,477,circle,262.82993197278915,137.8843537414966,10.888888888888667,1.8617306418733335,3.7234612837467074,3.723461283746627,,2.075491588888186e-07,1.0,10.777777777777779,False,circle,360.0,1.0,True,True,5.957538053994668,111.50222222221997,110.36444444444447,11.915076107989464,11.915076107989208
r574_svd_normalised_tr050_tid5_010,r574,5,10,False,478,ellipse,303.8735632183908,117.71455938697318,19.333333333333403,2.480723913071876,5.204521166226839,4.729727047952922,-79.50919423248266,0.41729135688880004,1.0,19.666666666666668,False,ellipse,360.0,1.0,True,True,7.938316521830004,197.9733333333341,201.3866666666667,16.654467731925887,15.135126553449352
r574_svd_normalised_tr050_tid5_010,r574,5,10,False,479,circle,86.96774193548386,243.45967741935482,13.77777777777778,2.0941831047714063,4.188366209542831,4.188366209542793,,1.3493575361575808e-07,1.0,13.88888888888889,False,circle,360.0,1.0,True,True,6.701385935268501,141.0844444444445,142.22222222222226,13.40277187053706,13.402771870536938
r574_svd_normalised_tr050_tid5_010,r574,5,10,False,480,ellipse,330.1179841773653,245.06792957955435,286.352256181458,9.54718566246575,23.211612848334756,15.707440007578922,84.30338072758312,0.7362532540439403,1.0,240.11111111111111,True,ellipse,248.0,0.6888888888888889,True,True,30.550994119890404,2932.2471032981307,2458.7377777777783,74.27716111467122,50.263808024252555
r574_svd_normalised_tr050_tid5_010,r574,5,10,False,481,circle,147.04504504504504,236.11411411411416,12.33333333333317,1.981368701075101,3.9627374021502026,3.9627374021502018,,2.1073424255447017e-08,1.0,12.222222222222221,False,circle,360.0,1.0,True,True,6.340379843440324,126.29333333333169,125.15555555555557,12.680759686880648,12.680759686880647
r574_svd_normalised_tr050_tid5_010,r574,5,10,False,482,circle,265.2191122892188,187.50368957308172,51.12163849305596,4.033921532485918,8.067843064971836,8.067843064971836,,0.0,1.0,51.111111111111114,False,circle,360.0,1.0,True,True,12.908548903954937,523.4855781688932,523.377777777778,25.817097807909875,25.817097807909875
r574_svd_normalised_tr050_tid5_010,r574,5,10,False,483,circle,347.59615384615387,83.29807692307692,11.555555555555436,1.9178757972505207,3.8357515945010703,3.835751594501013,,1.731358474287726e-07,1.0,11.444444444444445,False,circle,360.0,1.0,True,True,6.137202551201667,118.32888888888769,117.19111111111114,12.274405102403426,12.274405102403243
r574_svd_normalised_tr050_tid5_010,r574,5,10,False,484,circle,208.87926812667246,228.90821009754558,22.037184128563343,2.6485191280740707,5.2970382561481415,5.2970382561481415,,0.0,1.0,22.22222222222222,False,circle,360.0,1.0,True,True,8.475261209837027,225.66076547648868,227.5555555555556,16.950522419674055,16.950522419674055
r574_svd_normalised_tr050_tid5_010,r574,5,10,False,485,circle,294.51500789889417,140.41943127962085,46.88888888888846,3.863314235925741,7.726628471851508,7.726628471851456,,1.1542389828584841e-07,1.0,46.888888888888886,False,circle,360.0,1.0,True,True,12.362605554962371,480.1422222222179,480.1422222222223,24.725211109924828,24.72521110992466
r574_svd_normalised_tr050_tid5_010,r574,5,10,False,486,circle,233.07127882599582,60.79874213836478,17.666666666666615,2.3713866525544964,4.742773305109002,4.742773305108983,,8.815645848363066e-08,1.0,17.555555555555557,False,circle,360.0,1.0,True,True,7.588437288174389,180.90666666666615,179.76888888888894,15.176874576348807,15.176874576348746
r574_svd_normalised_tr050_tid5_010,r574,5,10,False,487,circle,305.4804768152693,235.95710969328263,57.07127220433729,4.262200154817549,8.524400309635098,8.524400309635098,,0.0,1.0,57.22222222222222,False,circle,360.0,1.0,True,True,13.639040495416157,584.4098273724139,585.9555555555556,27.278080990832315,27.278080990832315
r574_svd_normalised_tr050_tid5_010,r574,5,10,False,488,circle,329.297385620915,101.88235294117644,11.333333333333236,1.8993451617376615,3.798690323475334,3.7986903234753115,,1.0950072449966572e-07,1.0,11.333333333333334,False,circle,360.0,1.0,True,True,6.077904517560517,116.05333333333236,116.05333333333336,12.15580903512107,12.155809035120997
r574_svd_normalised_tr050_tid5_010,r574,5,10,False,489,ellipse,385.47704590818364,175.66666666666663,18.555555555555433,2.430312073986766,5.12808202787609,4.6071156778372595,-89.28833584176425,0.4391594784754309,1.0,18.22222222222222,False,ellipse,360.0,1.0,True,True,7.776998636757651,190.00888888888767,186.5955555555556,16.409862489203487,14.74277016907923
r574_svd_normalised_tr050_tid5_010,r574,5,10,False,490,circle,198.1546036363145,129.09808359377493,24.766524442146494,2.807744571065488,5.615489142130983,5.6154891421309685,,7.146345858741878e-08,1.0,24.555555555555557,False,circle,360.0,1.0,True,True,8.984782627409562,253.60921028758014,251.44888888888894,17.969565254819145,17.9695652548191
r574_svd_normalised_tr050_tid5_010,r574,5,10,False,491,ellipse,100.65681782913308,47.125692734815985,47.262309143834706,3.878667328394787,8.499580975723537,7.079906780028769,9.42912236608754,0.5533162381431431,1.0,47.333333333333336,False,ellipse,360.0,1.0,True,True,12.411735450863318,483.96604563286746,484.69333333333344,27.19865912231532,22.655701696092063
r574_svd_normalised_tr050_tid5_010,r574,5,10,False,492,ellipse,130.51374370858346,218.09495671755087,10.488922640654241,1.8272185889863415,3.802441646744224,3.5121935662533734,88.99269274843422,0.383193784719827,1.0,10.222222222222221,False,ellipse,360.0,1.0,True,True,5.847099484756293,107.40656784029945,104.67555555555556,12.167813269581517,11.239019412010796
r574_svd_normalised_tr050_tid5_010,r574,5,10,False,493,ellipse,112.95369867968891,236.74769397721104,204.77777777777797,8.073586014740544,16.763234844864417,15.553750034679847,44.53203172810322,0.37295617098331335,1.0,205.22222222222223,False,ellipse,360.0,1.0,True,True,25.83547524716974,2096.9244444444466,2101.475555555556,53.64235150356614,49.77200011097551
r574_svd_normalised_tr050_tid5_010,r574,5,10,False,494,circle,33.40129004228441,62.77334955493471,18.106163893452745,2.400702182310418,4.801404364620838,4.801404364620834,,4.2146848510894035e-08,1.0,17.88888888888889,False,circle,360.0,1.0,True,True,7.6822469833933384,185.40711826895614,183.18222222222226,15.364493966786682,15.364493966786668
r574_svd_normalised_tr050_tid5_010,r574,5,10,False,495,circle,42.025584050615706,252.85358106798037,194.3599608597973,7.865538571513593,15.731077143027193,15.731077143027179,,4.2146848510894035e-08,1.0,45.888888888888886,True,circle,129.0,0.35833333333333334,False,True,25.169723428843497,1990.2459992043248,469.9022222222223,50.33944685768702,50.33944685768697
r574_svd_normalised_tr050_tid5_010,r574,5,10,False,496,ellipse,315.760907504363,159.2460732984293,21.222222222221912,2.5990850582700387,5.546205883270829,4.871974306254005,89.16050027456859,0.47786419283386244,1.0,21.11111111111111,False,ellipse,360.0,1.0,True,True,8.317072186464124,217.31555555555244,216.1777777777778,17.747858826466654,15.590317780012818
r574_svd_normalised_tr050_tid5_010,r574,5,10,False,497,circle,199.86085626911313,220.1651376146789,96.88888888888908,5.5534395823396,11.1068791646792,11.1068791646792,,0.0,1.0,97.11111111111111,False,circle,360.0,1.0,True,True,17.77100666348672,992.1422222222244,994.417777777778,35.54201332697344,35.54201332697344
r574_svd_normalised_tr050_tid5_010,r574,5,10,False,498,ellipse,359.5194737779134,220.6176620978864,29.525050347684413,3.065634586140709,6.952806576113716,5.406803892994365,88.55337067590094,0.6287056536214924,1.0,29.22222222222222,False,ellipse,360.0,1.0,True,True,9.81003067565027,302.33651556028843,299.2355555555556,22.24898104356389,17.30177245758197
r574_svd_normalised_tr050_tid5_010,r574,5,10,False,499,ellipse,29.240227434257285,201.60483297796725,52.11111111111104,4.072773237818259,8.586573099815302,7.727172017924321,49.36683933511554,0.43606869770118656,1.0,52.0,False,ellipse,360.0,1.0,True,True,13.032874361018429,533.6177777777772,532.4800000000001,27.477033919408967,24.72695045735783
r574_svd_normalised_tr050_tid5_010,r574,5,10,False,500,circle,69.51995404277935,103.87311456544832,24.381419162279144,2.7858296355923073,5.571659271184615,5.571659271184615,,0.0,1.0,23.666666666666668,False,circle,360.0,1.0,True,True,8.914654833895383,249.6657322217385,242.34666666666672,17.829309667790767,17.829309667790767
r574_svd_normalised_tr050_tid5_010,r574,5,10,False,501,circle,312.9007936507937,184.8531746031746,9.333333333333387,1.7236276486088087,3.4472552972176445,3.44725529721759,,1.781919709310144e-07,1.0,9.333333333333334,False,circle,360.0,1.0,True,True,5.515608475548188,95.5733333333339,95.57333333333335,11.031216951096463,11.031216951096289
r574_svd_normalised_tr050_tid5_010,r574,5,10,False,502,ellipse,400.9134161262702,208.42749681901182,265.20184004302524,9.187838022071745,21.224984009938577,15.90886805479794,81.51469798891833,0.6619647327778906,1.0,110.11111111111111,True,ellipse,164.0,0.45555555555555555,True,True,29.401081670629583,2715.666842040579,1127.537777777778,67.91994883180345,50.908377775353415
r574_svd_normalised_tr050_tid5_010,r574,5,10,False,503,circle,179.50716012188963,147.06156266246188,19.250080915004375,2.4753769541392687,4.950753908278538,4.9507539082785375,,2.1073424255447017e-08,1.0,19.11111111111111,False,circle,360.0,1.0,True,True,7.921206253245661,197.12082856964483,195.69777777777782,15.842412506491323,15.842412506491321
r574_svd_normalised_tr050_tid5_010,r574,5,10,False,504,ellipse,138.87408491947292,36.4787701317716,75.88888888888908,4.914894056318674,10.989507368773648,8.792453664838767,-2.9586087130606984,0.5998971281298892,1.0,75.44444444444444,False,ellipse,360.0,1.0,True,True,15.727660980219756,777.1022222222243,772.5511111111113,35.16642358007567,28.135851727484056
r574_svd_normalised_tr050_tid5_010,r574,5,10,False,505,ellipse,151.9149263623525,122.98536904019616,14.279756966200056,2.1319915137362373,4.491011209428594,4.048431502553882,-76.00387888326804,0.43287885684687716,1.0,14.222222222222221,False,ellipse,360.0,1.0,True,True,6.82237284395596,146.2247113338886,145.63555555555558,14.371235870171502,12.954980808172422
r574_svd_normalised_tr050_tid5_010,r574,5,10,False,506,circle,357.6123301985371,135.71577847439917,35.44444444444447,3.358916056849116,6.71783211369826,6.717832113698203,,1.2990531157078367e-07,1.0,35.44444444444444,False,circle,360.0,1.0,True,True,10.748531381917172,362.95111111111146,362.9511111111112,21.497062763834435,21.49706276383425
r574_svd_normalised_tr050_tid5_010,r574,5,10,False,507,circle,147.35151515151517,138.33333333333334,12.222222222222138,1.9724234242343923,3.944846848468785,3.9448468484687846,,1.4901161193847656e-08,1.0,12.11111111111111,False,circle,360.0,1.0,True,True,6.311754957550056,125.15555555555471,124.0177777777778,12.623509915100113,12.623509915100112
r574_svd_normalised_tr050_tid5_010,r574,5,10,False,508,ellipse,208.15105857362838,245.8215604476226,21.02375568306514,2.586903415018096,5.4215520176223135,4.937382695494029,67.38738270863962,0.41307846365382034,1.0,21.0,False,ellipse,360.0,1.0,True,True,8.278090928057907,215.28325819458706,215.04000000000005,17.348966456391405,15.799624625580893
r574_svd_normalised_tr050_tid5_010,r574,5,10,False,509,circle,141.08417027992888,211.5368631707767,14.823129666407215,2.172176032692022,4.344352065384044,4.344352065384044,,0.0,1.0,14.88888888888889,False,circle,360.0,1.0,True,True,6.95096330461447,151.7888477840099,152.46222222222227,13.90192660922894,13.90192660922894
r574_svd_normalised_tr050_tid5_010,r574,5,10,False,510,circle,16.826335877862597,173.34541984732823,58.22222222222226,4.304963290078434,8.609926580156868,8.609926580156868,,0.0,1.0,58.0,False,circle,360.0,1.0,True,True,13.775882528250989,596.195555555556,593.9200000000001,27.551765056501978,27.551765056501978
r574_svd_normalised_tr050_tid5_010,r574,5,10,False,511,ellipse,374.5811965811966,243.12321937321937,52.00000000000024,4.068428945128229,8.481166032011977,7.806527554858186,79.04571417283404,0.39084970048766793,1.0,52.22222222222222,False,ellipse,360.0,1.0,True,True,13.018972624410333,532.4800000000026,534.7555555555557,27.139731302438328,24.9808881755462
r574_svd_normalised_tr050_tid5_010,r574,5,10,False,512,ellipse,362.93080110447335,63.20613516346914,12.379692343851122,1.9850890309912037,4.123939708640025,3.8221494389995367,80.13231246685399,0.3755061253906344,1.0,12.555555555555555,False,ellipse,360.0,1.0,True,True,6.352284899171853,126.76804960103551,128.56888888888892,13.196607067648081,12.230878204798518
r574_svd_normalised_tr050_tid5_010,r574,5,10,False,513,circle,234.81928476801178,203.600179117188,12.353782147559789,1.983010587296271,3.966021174592542,3.9660211745925418,,1.4901161193847656e-08,1.0,12.444444444444445,False,circle,360.0,1.0,True,True,6.3456338793480676,126.50272919101226,127.43111111111114,12.691267758696135,12.691267758696135
r574_svd_normalised_tr050_tid5_010,r574,5,10,False,514,ellipse,2.8388852699128804,220.85772267592745,40.16709346446571,3.5756933522056618,7.456281429242385,6.858959426539175,32.66627922579244,0.39217625443221704,1.0,39.888888888888886,True,ellipse,323.0,0.8972222222222223,True,True,11.442218727058119,411.3110370761289,408.4622222222223,23.860100573575636,21.94867016492536
r574_svd_normalised_tr050_tid5_010,r574,5,10,False,515,circle,173.23963963963962,99.21261261261265,20.555555555555543,2.5579359939868453,5.115871987973701,5.11587198797368,,9.18569267238524e-08,1.0,20.666666666666668,False,circle,360.0,1.0,True,True,8.185395180757906,210.4888888888888,211.62666666666672,16.370790361515844,16.370790361515777
r574_svd_normalised_tr050_tid5_010,r574,5,10,False,516,circle,349.6174556775976,100.09269956564837,14.709481384421297,2.1638330215840895,4.327666043168193,4.327666043168165,,1.1445799094242763e-07,1.0,14.777777777777779,False,circle,360.0,1.0,True,True,6.9242656690690865,150.6250893764741,151.32444444444448,13.84853133813822,13.848531338138129
r574_svd_normalised_tr050_tid5_010,r574,5,10,False,517,ellipse,118.23483878548063,36.47092594288804,20.434085385543856,2.5503669134738876,5.374671427897484,4.84075834632873,70.1192585148371,0.4345219128269558,1.0,20.22222222222222,False,ellipse,360.0,1.0,True,True,8.16117412311644,209.24503434796912,207.07555555555558,17.19894856927195,15.490426708251938
r574_svd_normalised_tr050_tid5_010,r574,5,10,False,518,ellipse,91.29105691056911,188.28292682926832,22.77777777777771,2.6926551676670556,5.644383351780875,5.13812857851089,-80.02030344902863,0.4139310803273959,1.0,22.555555555555557,False,ellipse,360.0,1.0,True,True,8.616496536534578,233.24444444444381,230.96888888888896,18.0620267256988,16.442011451234848
r574_svd_normalised_tr050_tid5_010,r574,5,10,False,519,ellipse,359.110649751446,247.55478752368094,172.21606488933662,7.4039230151282,17.201104360383788,12.747571287387263,-88.6984420505276,0.671405386772819,1.0,119.22222222222223,True,ellipse,216.0,0.6,True,True,23.69255364841024,1763.4925044668073,1220.8355555555559,55.04353395322812,40.79222811963925
r574_svd_normalised_tr050_tid5_010,r574,5,10,False,520,ellipse,179.07008547008544,85.44957264957263,21.6666666666668,2.6261595916183085,5.476669179693061,5.037159612430974,84.7308159108606,0.3925076349688073,1.0,21.333333333333332,False,ellipse,360.0,1.0,True,True,8.403710693178587,221.86666666666807,218.45333333333338,17.525341375017796,16.11891075977912
r574_svd_normalised_tr050_tid5_010,r574,5,10,False,521,circle,186.50290270116312,127.61935238217947,8.010978536943455,1.596863696849315,3.1937273936986372,3.193727393698623,,9.424321830774485e-08,1.0,8.0,False,circle,360.0,1.0,True,True,5.109963829917809,82.032420218301,81.92000000000002,10.21992765983564,10.219927659835594
r574_svd_normalised_tr050_tid5_010,r574,5,10,False,522,ellipse,156.34831460674158,115.82022471910115,9.888888888888946,1.7741846286974736,3.7041344270105134,3.3991542788006472,82.50246043541196,0.3973550890208864,1.0,9.88888888888889,False,ellipse,360.0,1.0,True,True,5.677390811831916,101.26222222222283,101.26222222222225,11.853230166433644,10.877293692162072
r574_svd_normalised_tr050_tid5_010,r574,5,10,False,523,ellipse,263.69219314940887,194.74684772237595,9.617258955463408,1.749648137058877,3.71596170253504,3.2952638897491244,76.50211309858875,0.4621797019877887,1.0,9.666666666666666,False,ellipse,360.0,1.0,True,True,5.598874038588407,98.48073170394531,98.98666666666668,11.891077448112128,10.5448444471972
r574_svd_normalised_tr050_tid5_010,r574,5,10,False,524,circle,214.3798596898841,29.43554281511752,23.715420453149463,2.7475175677769097,5.49503513555383,5.49503513555381,,8.560065398421926e-08,1.0,23.555555555555557,False,circle,360.0,1.0,True,True,8.792056216886111,242.84590544025053,241.20888888888896,17.58411243377226,17.58411243377219
r574_svd_normalised_tr050_tid5_010,r574,5,10,False,525,circle,84.97734627831717,168.91585760517805,11.444444444444441,1.908632968526905,3.8172659370538167,3.817265937053804,,8.161702118890973e-08,1.0,11.333333333333334,False,circle,360.0,1.0,True,True,6.1076254992860965,117.1911111111111,116.05333333333336,12.215250998572214,12.215250998572174
r574_svd_normalised_tr050_tid5_010,r574,5,10,False,526,circle,399.254558698779,236.20829617695117,129.53429004689522,6.421218351818084,12.842436703636167,12.842436703636167,,0.0,1.0,67.77777777777777,True,circle,184.99999999999997,0.5138888888888888,True,True,20.54789872581787,1326.4311300802074,694.0444444444445,41.09579745163574,41.09579745163574
r574_svd_normalised_tr050_tid5_010,r574,5,10,False,527,ellipse,98.95104491046439,202.31639604398129,53.06402913720099,4.10984246353991,8.694480040238798,7.770817804834197,-66.95896325113745,0.4485364841850641,1.0,52.333333333333336,False,ellipse,360.0,1.0,True,True,13.151495883327712,543.3756583649382,535.8933333333334,27.822336128764153,24.86661697546943
r574_svd_normalised_tr050_tid5_010,r574,5,10,False,528,circle,196.11510791366908,27.31654676258993,15.44444444444454,2.217232363394288,4.434464726788588,4.434464726788565,,1.021572142899192e-07,1.0,15.333333333333334,False,circle,360.0,1.0,True,True,7.095143562861722,158.15111111111213,157.01333333333338,14.190287125723481,14.190287125723408
r574_svd_normalised_tr050_tid5_010,r574,5,10,False,529,ellipse,360.66273352999013,2.009832841691249,37.66666666666658,3.4626106306643,9.136153401932605,5.24933058897772,88.30485910626604,0.8184576785910327,1.0,37.22222222222222,True,ellipse,325.0,0.9027777777777778,True,True,11.08035401812576,385.70666666666585,381.1555555555556,29.235690886184337,16.797857884728707
r574_svd_normalised_tr050_tid5_010,r574,5,10,False,530,ellipse,76.57333333333334,159.5866666666667,11.111111111111125,1.8806319451591889,3.950662274133728,3.580945439259297,44.62421674425866,0.42238506505958706,1.0,10.88888888888889,False,ellipse,360.0,1.0,True,True,6.018022224509405,113.77777777777794,111.50222222222224,12.64211927722793,11.459025405629752
r574_svd_normalised_tr050_tid5_010,r574,5,10,False,531,ellipse,69.69123605431687,228.08762197966027,571.9935946538877,13.493376746097928,30.109243028045338,24.188082821284553,31.502628560357522,0.5955151154814499,1.0,571.7777777777778,False,ellipse,360.0,1.0,True,True,43.178805587513374,5857.214409255811,5855.004444444446,96.34957768974509,77.40186502811058
r574_svd_normalised_tr050_tid5_010,r574,5,10,False,532,circle,340.21303114525745,213.6890912792432,24.256083652149478,2.7786599695860965,5.557319939172213,5.5573199391721735,,1.1827430029502171e-07,1.0,24.22222222222222,False,circle,360.0,1.0,True,True,8.891711902675508,248.3822965980107,248.0355555555556,17.78342380535108,17.783423805350957
r574_svd_normalised_tr050_tid5_010,r574,5,10,False,533,circle,147.00091249940226,114.26957462322873,12.377774363222748,1.9849352505223123,3.9698705010446247,3.9698705010446247,,0.0,1.0,12.222222222222221,False,circle,360.0,1.0,True,True,6.3517928016714,126.74840947940096,125.15555555555557,12.7035856033428,12.7035856033428
r574_svd_normalised_tr050_tid5_010,r574,5,10,False,534,ellipse,51.86097987751532,215.00971128608924,423.333333333333,11.60823781420496,25.66818328790995,20.998943889356987,81.39640190355192,0.5750868965160317,1.0,423.0,False,ellipse,360.0,1.0,True,True,37.14636100545587,4334.933333333331,4331.52,82.13818652131185,67.19662044594236
r574_svd_normalised_tr050_tid5_010,r574,5,10,False,535,ellipse,67.37716338486875,47.268308855871155,16.293582077538474,2.277368713368023,4.86266715193679,4.266307435467211,43.90767719014525,0.4798335444719258,1.0,16.333333333333332,False,ellipse,360.0,1.0,True,True,7.287579882777674,166.846280473994,167.25333333333336,15.560534886197729,13.652183793495077
r574_svd_normalised_tr050_tid5_010,r574,5,10,False,536,ellipse,249.68490096363664,109.82707925114123,15.064934861425039,2.1898213856628637,4.582947889263785,4.185356514605061,-14.212237946146558,0.4074097022623299,1.0,15.444444444444445,False,ellipse,360.0,1.0,True,True,7.007428434121164,154.26493298099243,158.15111111111113,14.665433245644113,13.393140846736197
r574_svd_normalised_tr050_tid5_010,r574,5,10,False,537,ellipse,366.22778561186783,206.91952383216346,15.011322769094244,2.1859214171828167,4.5683184502797385,4.183817300920378,75.06199553178783,0.4015591012152929,1.0,15.11111111111111,False,ellipse,360.0,1.0,True,True,6.994948534985014,153.71594515552508,154.7377777777778,14.618619040895164,13.38821536294521
r574_svd_normalised_tr050_tid5_010,r574,5,10,False,538,ellipse,16.620546120546123,169.24109224109222,222.4444444444445,8.414645910157342,17.65420359637897,16.042924940063717,-16.97196557782516,0.41738193068256624,1.0,222.88888888888889,False,ellipse,360.0,1.0,True,True,26.926866912503495,2277.8311111111125,2282.3822222222225,56.493451508412704,51.3373598082039
r574_svd_normalised_tr050_tid5_010,r574,5,10,False,539,ellipse,148.4924623115578,132.822445561139,22.111111111111132,2.6529578325286165,5.667654939020076,4.967264476684475,-87.99361984167265,0.4815416005924879,1.0,21.88888888888889,False,ellipse,360.0,1.0,True,True,8.489465064091574,226.41777777777804,224.14222222222227,18.136495804864243,15.895246325390321
r574_svd_normalised_tr050_tid5_010,r574,5,10,False,540,ellipse,376.14833572935527,245.7145706600105,266.2596445169556,9.206143445630678,23.000526753038766,14.739328025229918,-81.16507277069178,0.7676864317004847,1.0,214.77777777777777,True,ellipse,240.0,0.6666666666666666,True,True,29.459659026018173,2726.4987598536254,2199.324444444445,73.60168560972406,47.16584968073574
r574_svd_normalised_tr050_tid5_010,r574,5,10,False,541,circle,394.522633596722,101.74086942763819,8.585010205124316,1.6530860900993034,3.3061721801986153,3.306172180198599,,9.996002811937585e-08,1.0,8.777777777777779,False,circle,360.0,1.0,True,True,5.289875488317771,87.91050450047301,89.88444444444447,10.57975097663557,10.579750976635516
r574_svd_normalised_tr050_tid5_010,r574,5,10,False,542,circle,90.47517730496455,198.92375886524817,20.88888888888897,2.578592609298355,5.15718521859671,5.15718521859671,,0.0,1.0,21.11111111111111,False,circle,360.0,1.0,True,True,8.251496349754737,213.90222222222312,216.1777777777778,16.502992699509473,16.502992699509473
r574_svd_normalised_tr050_tid5_010,r574,5,10,False,543,ellipse,276.7789855072464,235.6702898550724,10.222222222222117,1.8038387932686606,3.766018489908425,3.4559940699388956,-13.382534439172446,0.3973238394982313,1.0,10.11111111111111,False,ellipse,360.0,1.0,True,True,5.772284138459714,104.6755555555545,103.53777777777779,12.05125916770696,11.059181023804467
r574_svd_normalised_tr050_tid5_010,r574,5,10,False,544,ellipse,213.41681264490032,235.2005098693675,172.51890925263945,7.4104301068669,16.65715920501069,13.186996340225983,-67.15882246248691,0.6109471451427277,1.0,172.11111111111111,False,ellipse,360.0,1.0,True,True,23.713376341974083,1766.5936307470283,1762.4177777777782,53.30290945603421,42.19838828872315
r574_svd_normalised_tr050_tid5_010,r574,5,10,False,545,ellipse,186.63874433336463,248.09672785825558,59.78402619524689,4.362321236889576,12.43932957321302,6.119251511688176,-86.07692792655041,0.8706360207430618,1.0,46.22222222222222,True,ellipse,235.0,0.6527777777777778,True,True,13.959427958046644,612.1884282393282,473.31555555555565,39.805854634281665,19.581604837402164
r574_svd_normalised_tr050_tid5_010,r574,5,10,False,546,ellipse,219.2776757089743,239.61312859814274,54.76801379495986,4.175308400296432,9.087218944407455,7.673722992363846,-0.7224614235989861,0.5356307524402062,1.0,54.666666666666664,False,ellipse,360.0,1.0,True,True,13.360986880948582,560.8244612603891,559.7866666666667,29.07910062210386,24.555913575564308
r574_svd_normalised_tr050_tid5_010,r574,5,10,False,547,circle,185.15384615384616,145.45787545787545,10.111111111111224,1.7940085359243627,3.5880170718487254,3.5880170718487254,,0.0,1.0,9.777777777777779,False,circle,360.0,1.0,True,True,5.740827314957961,103.53777777777896,100.12444444444448,11.481654629915923,11.481654629915923
r574_svd_normalised_tr050_tid5_010,r574,5,10,False,548,ellipse,106.91025641025641,136.41452991452988,8.666666666666679,1.660929161722294,3.48122825436082,3.16978431598538,-47.792673998578124,0.41342937029326365,1.0,8.555555555555555,False,ellipse,360.0,1.0,True,True,5.314973317511342,88.74666666666681,87.6088888888889,11.139930413954625,10.143309811153216
r574_svd_normalised_tr050_tid5_010,r574,5,10,False,549,circle,168.2134292565947,122.22541966426857,15.444444444444457,2.2172323633942823,4.4344647267885815,4.434464726788547,,1.2467205919833117e-07,1.0,15.444444444444445,False,circle,360.0,1.0,True,True,7.095143562861704,158.15111111111128,158.15111111111113,14.190287125723462,14.190287125723351
r574_svd_normalised_tr050_tid5_010,r574,5,10,False,550,circle,6.718844293303606,45.82844630845268,10.38547370767516,1.8181856213970098,3.636371242794022,3.636371242794018,,4.712160915387242e-08,1.0,10.333333333333334,False,circle,360.0,1.0,True,True,5.818193988470432,106.34725076659366,105.81333333333336,11.63638797694087,11.636387976940858
r574_svd_normalised_tr050_tid5_010,r574,5,10,False,551,ellipse,259.43956043956047,118.63369963369966,10.111111111111164,1.7940085359243574,3.8365032111963187,3.3556251094244303,39.469849862836156,0.48474199730493617,1.0,10.11111111111111,False,ellipse,360.0,1.0,True,True,5.740827314957944,103.53777777777835,103.53777777777779,12.27681027582822,10.738000350158178
r574_svd_normalised_tr050_tid5_010,r574,5,10,False,552,ellipse,175.22445394931376,124.59293380184775,10.129218949501382,1.7956142489261109,3.8798737161700965,3.3240571903244165,89.2473512969957,0.5157424830521183,1.0,10.333333333333334,False,ellipse,360.0,1.0,True,True,5.745965596563555,103.72320204289417,105.81333333333336,12.41559589174431,10.636983009038133
r574_svd_normalised_tr050_tid5_010,r574,5,10,False,553,ellipse,208.23797250859104,245.30498281786944,43.11111111111104,3.7044153210776067,7.894515791795277,6.953025737333465,-71.29499918933865,0.47359776571823686,1.0,42.888888888888886,False,ellipse,360.0,1.0,True,True,11.854129027448343,441.45777777777715,439.18222222222226,25.262450533744886,22.249682359467087
r574_svd_normalised_tr050_tid5_010,r574,5,10,False,554,ellipse,304.1677419354839,180.95913978494622,17.222222222222218,2.3413678898002135,5.159809831764988,4.249771812626905,-77.94339798690982,0.5671281832542913,1.0,17.444444444444443,False,ellipse,360.0,1.0,True,True,7.492377247360683,176.35555555555555,178.63111111111112,16.51139146164796,13.599269800406098
r574_svd_normalised_tr050_tid5_010,r574,5,10,False,555,circle,13.661238489726756,234.26276743348484,40.32157402163425,3.582562719280388,7.1651254385607785,7.165125438560773,,3.942476676500724e-08,1.0,40.111111111111114,False,circle,360.0,1.0,True,True,11.464200701697242,412.89291798153477,410.73777777777786,22.928401403394492,22.928401403394474
r574_svd_normalised_tr050_tid5_010,r574,5,10,False,556,circle,166.58002167210492,247.43071686101513,91.84444335867116,5.4069394588909745,10.813878917781949,10.813878917781949,,0.0,1.0,67.44444444444444,True,circle,225.0,0.625,True,True,17.30220626845112,940.4870999927929,690.6311111111112,34.60441253690224,34.60441253690224
r574_svd_normalised_tr050_tid5_010,r574,5,10,False,557,ellipse,331.32494758909854,179.9797344514326,52.99999999999989,4.107362166615073,8.668928577854519,7.784317896371986,2.7299753798514814,0.44008489895966396,1.0,53.0,False,ellipse,360.0,1.0,True,True,13.143558933168235,542.719999999999,542.7200000000001,27.740571449134464,24.909817268390356
r574_svd_normalised_tr050_tid5_010,r574,5,10,False,558,ellipse,219.12073438270588,17.113353905173195,11.547266874572122,1.9171878375837117,4.17485998167126,3.5216598599385898,-3.444576029302823,0.5370669290469391,1.0,11.333333333333334,False,ellipse,360.0,1.0,True,True,6.135001080267878,118.24401279561854,116.05333333333336,13.359551941348034,11.269311551803488
r574_svd_normalised_tr050_tid5_010,r574,5,10,False,559,ellipse,133.5913231185885,83.31874607551231,13.93779438345081,2.106309033320919,4.489327345654847,3.952964355021571,84.15700425889582,0.47399996001887135,1.0,13.666666666666666,False,ellipse,360.0,1.0,True,True,6.7401889066269405,142.7230144865363,139.9466666666667,14.365847506095513,12.649485936069027
r574_svd_normalised_tr050_tid5_010,r574,5,10,False,560,ellipse,280.31981981981977,107.69819819819818,8.222222222222053,1.6177807699850237,3.4224079740037965,3.0589159908618573,28.05565222316673,0.4484845684049349,1.0,8.333333333333334,False,ellipse,360.0,1.0,True,True,5.176898463952076,84.19555555555384,85.33333333333336,10.951705516812149,9.788531170757944
r574_svd_normalised_tr050_tid5_010,r574,5,10,False,561,circle,142.50218258663503,239.51322673980673,17.046993333544613,2.32942621857324,4.65885243714648,4.6588524371464795,,2.1073424255447017e-08,1.0,17.11111111111111,False,circle,360.0,1.0,True,True,7.454163899434369,174.56121173549687,175.2177777777778,14.908327798868738,14.908327798868735
r574_svd_normalised_tr050_tid5_010,r574,5,10,False,562,ellipse,126.2188972938141,231.52202321339894,99.45360516373727,5.6264612093425885,12.462014583629784,10.161139044668388,-88.72736497468136,0.5789417648968058,1.0,99.55555555555556,False,ellipse,360.0,1.0,True,True,18.004675869896285,1018.4049168766697,1019.4488888888891,39.878446667615314,32.51564494293884
r574_svd_normalised_tr050_tid5_010,r574,5,10,False,563,ellipse,176.7699214365881,18.937149270482603,32.99999999999986,3.24102240721428,6.958220037519913,6.038455919717665,40.41671265600962,0.49688538007627936,1.0,33.22222222222222,False,ellipse,360.0,1.0,True,True,10.371271703085696,337.9199999999986,340.1955555555556,22.266304120063722,19.323058943096527
r574_svd_normalised_tr050_tid5_010,r574,5,10,False,564,ellipse,103.45983767142457,232.59054016232858,132.3333333333335,6.490224054041203,13.809534744826951,12.201137561838365,-85.31659602952516,0.46837466305710307,1.0,133.11111111111111,False,ellipse,360.0,1.0,True,True,20.768716972931852,1355.0933333333355,1363.057777777778,44.19051118344625,39.04364019788277
r574_svd_normalised_tr050_tid5_010,r574,5,10,False,565,circle,187.16950925729162,141.72234651273752,8.398493315390764,1.6350301071654187,3.2700602143308375,3.2700602143308375,,0.0,1.0,8.666666666666666,False,circle,360.0,1.0,True,True,5.23209634292934,86.00057154960145,88.74666666666668,10.46419268585868,10.46419268585868
r574_svd_normalised_tr050_tid5_010,r574,5,10,False,566,ellipse,38.490196078431374,201.39651416122,17.0000000000001,2.326213245840646,4.890373128532615,4.426057417625437,18.50532450808072,0.42529420820257663,1.0,17.333333333333332,False,ellipse,360.0,1.0,True,True,7.443882386690068,174.08000000000106,177.49333333333337,15.649194011304369,14.163383736401398
r574_svd_normalised_tr050_tid5_010,r574,5,10,False,567,ellipse,195.10526315789474,148.6290726817042,14.777777777777903,2.168850562508592,4.565708913134506,4.121079860314134,12.770750453092859,0.43044763848040585,1.0,14.666666666666666,False,ellipse,360.0,1.0,True,True,6.940321800027495,151.32444444444576,150.1866666666667,14.610268522030418,13.187455553005229
r574_svd_normalised_tr050_tid5_010,r574,5,10,False,568,ellipse,353.55555555555554,75.3913043478261,15.333333333333501,2.2092423108730084,4.736090727475482,4.122177440425123,-1.3466377564512868,0.4923885155447628,1.0,15.222222222222221,False,ellipse,360.0,1.0,True,True,7.0695753947936275,157.01333333333508,155.87555555555556,15.155490327921544,13.190967809360394
r574_svd_normalised_tr050_tid5_010,r574,5,10,False,569,ellipse,172.77192372283548,169.23593988066742,20.472961869019862,2.55279183686661,5.304811660798052,4.913837910989982,17.550001858184544,0.3767910543129123,1.0,20.444444444444443,False,ellipse,360.0,1.0,True,True,8.168933877973151,209.64312953876342,209.35111111111112,16.975397314553767,15.724281315167943
r574_svd_normalised_tr050_tid5_010,r574,5,10,False,570,circle,291.80495203408316,126.89598897041836,31.585867922129374,3.170819140744115,6.341638281488258,6.341638281488201,,1.341104507446289e-07,1.0,31.77777777777778,False,circle,360.0,1.0,True,True,10.146621250381168,323.43928752260484,325.4044444444445,20.293242500762428,20.293242500762247
r574_svd_normalised_tr050_tid5_010,r574,5,10,False,571,circle,156.52592592592592,32.50617283950618,15.000000000000124,2.1850968611841672,4.370193722368354,4.370193722368315,,1.341104507446289e-07,1.0,15.0,False,circle,360.0,1.0,True,True,6.992309955789335,153.6000000000013,153.60000000000002,13.984619911578733,13.984619911578609
r574_svd_normalised_tr050_tid5_010,r574,5,10,False,572,ellipse,63.76357495453364,195.20576773187838,142.55555555555574,6.736233566597583,14.317566273268735,12.67725025264265,56.60861006857348,0.4647664297559203,1.0,142.88888888888889,False,ellipse,360.0,1.0,True,True,21.555947413112268,1459.768888888891,1463.1822222222224,45.816212074459955,40.567200808456484
r574_svd_normalised_tr050_tid5_010,r574,5,10,False,573,ellipse,256.0690476190476,71.84285714285714,31.111111111111,3.1468991462754263,6.570537270505221,6.0287150527448725,79.45870176534729,0.3976490126554855,1.0,31.22222222222222,False,ellipse,360.0,1.0,True,True,10.070077268081365,318.5777777777767,319.7155555555556,21.025719265616708,19.291888168783593
r574_svd_normalised_tr050_tid5_010,r574,5,10,False,574,ellipse,47.73161831277982,202.46981738845875,15.5320482953578,2.223511755106431,4.612254101700245,4.28771218244367,88.24565913527823,0.3684820654866737,1.0,15.333333333333334,False,ellipse,360.0,1.0,True,True,7.115237616340579,159.0481745444639,157.01333333333338,14.759213125440784,13.720678983819745
r574_svd_normalised_tr050_tid5_010,r574,5,10,False,575,circle,60.895238095238085,116.22857142857146,15.55555555555554,2.225193726041514,4.450387452083028,4.450387452083028,,0.0,1.0,15.333333333333334,False,circle,360.0,1.0,True,True,7.120619923332845,159.28888888888875,157.01333333333338,14.24123984666569,14.24123984666569
r574_svd_normalised_tr050_tid5_010,r574,5,10,False,576,circle,179.9112709832134,102.83453237410072,15.44444444444438,2.2172323633942765,4.434464726788553,4.434464726788553,,0.0,1.0,15.555555555555555,False,circle,360.0,1.0,True,True,7.0951435628616855,158.15111111111048,159.28888888888892,14.190287125723371,14.190287125723371
r574_svd_normalised_tr050_tid5_010,r574,5,10,False,577,ellipse,92.2515406162465,126.97759103641454,66.11111111111103,4.587354384965445,9.707069514361011,8.67154406265605,-40.282630615409005,0.4494160956041908,1.0,65.66666666666667,False,ellipse,360.0,1.0,True,True,14.679534031889425,676.9777777777771,672.4266666666668,31.06262244595524,27.74894100049936
r574_svd_normalised_tr050_tid5_010,r574,5,10,False,578,ellipse,116.41748836354296,137.91766985668505,68.52507604502908,4.670354285986108,10.057374703224403,8.67511047376441,40.50114212927241,0.5059511679186832,1.0,68.55555555555556,False,ellipse,360.0,1.0,True,True,14.945133715155547,701.696778701098,702.008888888889,32.18359905031809,27.76035351604611
r574_svd_normalised_tr050_tid5_010,r574,5,10,False,579,ellipse,284.7373113854595,3.930727023319616,54.00000000000009,4.1459297936560295,9.705430266263779,7.084171801706937,84.386792404369,0.683534328992628,1.0,54.111111111111114,False,ellipse,360.0,1.0,True,True,13.266975339699295,552.9600000000011,554.0977777777779,31.057376852044094,22.6693497654622
r574_svd_normalised_tr050_tid5_010,r574,5,10,False,580,circle,87.72577783529724,153.84805219982337,43.25424068622955,3.710559584456233,7.421119168912485,7.4211191689124485,,9.8843121241194e-08,1.0,43.22222222222222,False,circle,360.0,1.0,True,True,11.873790670259947,442.9234246269907,442.5955555555556,23.747581340519954,23.747581340519837
r574_svd_normalised_tr050_tid5_010,r574,5,10,False,581,circle,391.61073825503354,229.70693512304243,49.66666666666635,3.976102490353441,7.952204980706883,7.952204980706882,,1.4901161193847656e-08,1.0,49.55555555555556,False,circle,360.0,1.0,True,True,12.723527969131013,508.5866666666635,507.44888888888903,25.447055938262025,25.447055938262025
r574_svd_normalised_tr050_tid5_010,r574,5,10,False,582,ellipse,188.49449035812674,216.92217630853995,53.77777777777791,4.1373902793502175,9.292293740796978,7.368685838462744,69.49287822082579,0.60923607620136,1.0,54.0,False,ellipse,360.0,1.0,True,True,13.239648893920696,550.6844444444458,552.9600000000002,29.73533997055033,23.57979468308078
r574_svd_normalised_tr050_tid5_010,r574,5,10,False,583,circle,381.00366300366295,53.369963369963365,10.111111111110972,1.7940085359243403,3.5880170718487063,3.5880170718486553,,1.6858739404357614e-07,1.0,10.333333333333334,False,circle,360.0,1.0,True,True,5.7408273149578894,103.53777777777637,105.81333333333336,11.48165462991586,11.481654629915697
r574_svd_normalised_tr050_tid5_010,r574,5,10,False,584,ellipse,316.8692726150016,142.24533770307357,18.046030236932264,2.3967122962064416,5.061065714365976,4.539936965830732,-60.519670250067264,0.4419659738986778,1.0,18.0,False,ellipse,360.0,1.0,True,True,7.669479347860613,184.79134962618642,184.32000000000005,16.195410285971125,14.527798290658342
r574_svd_normalised_tr050_tid5_010,r574,5,10,False,585,circle,233.5345238095238,240.29642857142858,31.111111111111125,3.1468991462754325,6.293798292550892,6.293798292550839,,1.2904784139758926e-07,1.0,30.88888888888889,False,circle,360.0,1.0,True,True,10.070077268081384,318.57777777777795,316.30222222222227,20.140154536162854,20.140154536162687
r574_svd_normalised_tr050_tid5_010,r574,5,10,False,586,circle,277.3823457006542,229.05459506237744,43.49201359919,3.7207442667646546,7.441488533529309,7.441488533529308,,1.4901161193847656e-08,1.0,43.22222222222222,False,circle,360.0,1.0,True,True,11.906381653646896,445.3582192557057,442.5955555555556,23.812763307293793,23.81276330729379
r574_svd_normalised_tr050_tid5_010,r574,5,10,False,587,ellipse,135.16666666666669,228.53582554517135,23.777777777777914,2.7511273576750233,5.903988347739717,5.127856826509867,-88.46255687894237,0.4956170613773296,1.0,23.77777777777778,False,ellipse,360.0,1.0,True,True,8.803607544560075,243.48444444444587,243.4844444444445,18.892762712767095,16.409141844831577
r574_svd_normalised_tr050_tid5_010,r574,5,10,False,588,ellipse,90.38549307253464,175.9445802770986,45.44444444444454,3.8033427322286824,8.009916162856966,7.223753979286213,82.84660182625686,0.4320463872163734,1.0,45.333333333333336,False,ellipse,360.0,1.0,True,True,12.170696743131785,465.35111111111223,464.2133333333334,25.63173172114229,23.116012733715884
r574_svd_normalised_tr050_tid5_010,r574,5,10,False,589,circle,219.54316999257986,241.25324546652365,22.582737060513143,2.6811020986621177,5.362204197324235,5.3622041973242345,,1.4901161193847656e-08,1.0,22.444444444444443,False,circle,360.0,1.0,True,True,8.579526715718776,231.24722749965463,229.83111111111114,17.159053431437552,17.159053431437552
r574_svd_normalised_tr050_tid5_010,r574,5,10,False,590,ellipse,141.05372268717304,213.54556137356704,50.168035650616076,3.996120833760155,8.40621702440368,7.598653078621778,86.04956398004981,0.4276750742786254,1.0,50.0,False,ellipse,360.0,1.0,True,True,12.787586668032496,513.7206850623087,512.0000000000001,26.89989447809178,24.315689851589692
r574_svd_normalised_tr050_tid5_010,r574,5,10,False,591,circle,161.65740740740742,163.96527777777777,16.000000000000007,2.256758334191026,4.513516668382052,4.513516668382051,,2.1073424255447017e-08,1.0,15.777777777777779,False,circle,360.0,1.0,True,True,7.221626669411283,163.84000000000012,161.5644444444445,14.443253338822567,14.443253338822565
r574_svd_normalised_tr050_tid5_010,r574,5,10,False,592,ellipse,37.545027420539434,171.62137968080344,38.88653842138394,3.518233877813174,7.472672311766026,6.625725899690642,-76.41427628228558,0.4624203250491243,1.0,39.111111111111114,False,ellipse,360.0,1.0,True,True,11.258348409002158,398.19815343497163,400.4977777777779,23.912551397651285,21.202322879010055
r574_svd_normalised_tr050_tid5_010,r574,5,10,False,593,circle,183.13219387551098,236.35255776763628,98.78927133241508,5.607637801606009,11.215275603212017,11.215275603212016,,1.4901161193847656e-08,1.0,98.88888888888889,False,circle,360.0,1.0,True,True,17.94444096513923,1011.6021384439307,1012.6222222222224,35.88888193027846,35.88888193027845
r574_svd_normalised_tr050_tid5_010,r574,5,10,False,594,ellipse,364.66300971800695,192.11087839600003,63.666743167507065,4.501750078729583,9.501880019677476,8.531260647102842,60.220103457146365,0.4403019617950632,1.0,63.333333333333336,False,ellipse,360.0,1.0,True,True,14.405600251934667,651.9474500352725,648.5333333333335,30.40601606296792,27.300034070729097
r574_svd_normalised_tr050_tid5_010,r574,5,10,False,595,circle,270.00323624595467,120.27831715210355,11.44444444444421,1.9086329685268857,3.8172659370537914,3.817265937053752,,1.4370159448672764e-07,1.0,11.222222222222221,False,circle,360.0,1.0,True,True,6.107625499286034,117.19111111110874,114.91555555555557,12.215250998572133,12.215250998572007
r574_svd_normalised_tr050_tid5_010,r574,5,10,False,596,circle,42.99622320002063,67.85364115651389,19.132251191261375,2.467789435735979,4.935578871471958,4.935578871471958,,0.0,1.0,18.77777777777778,False,circle,360.0,1.0,True,True,7.896926194355133,195.91425219851652,192.2844444444445,15.793852388710267,15.793852388710267
r574_svd_normalised_tr050_tid5_010,r574,5,10,False,597,ellipse,200.97816593886463,72.99708879184861,25.44444444444443,2.8459125452341105,6.262436809610366,5.173205550077115,88.13140654948236,0.5635688415224581,1.0,25.555555555555557,False,ellipse,360.0,1.0,True,True,9.106920144749154,260.551111111111,261.688888888889,20.039797790753173,16.554257760246767
r574_svd_normalised_tr050_tid5_010,r574,5,10,False,598,ellipse,315.77050453687673,226.10658473562393,26.504280731196875,2.904578210847577,6.094964125484651,5.536750936829946,66.65933777184523,0.41807169989838366,1.0,26.555555555555557,False,ellipse,360.0,1.0,True,True,9.294650274712247,271.403834687456,271.92888888888893,19.503885201550887,17.717602997855828
r574_svd_normalised_tr050_tid5_010,r574,5,10,False,599,ellipse,330.07013376900477,223.18605169057554,14.733467221401405,2.1655965169756097,4.556141544870468,4.117350813753284,-22.813709391370736,0.4281821069707457,1.0,14.88888888888889,False,ellipse,360.0,1.0,True,True,6.929908854321951,150.87070434715042,152.46222222222227,14.579652943585499,13.17552260401051
r574_svd_normalised_tr050_tid5_010,r574,5,10,False,600,circle,190.89704780858722,192.14430361962255,16.90026818185613,2.3193797536070204,4.638759507214042,4.638759507214041,,2.1073424255447017e-08,1.0,17.0,False,circle,360.0,1.0,True,True,7.422015211542465,173.05874618220682,174.08000000000004,14.844030423084934,14.84403042308493
r574_svd_normalised_tr050_tid5_010,r574,5,10,False,601,circle,257.17021276595744,206.0124113475177,20.88888888888887,2.5785926092983487,5.157185218596697,5.157185218596697,,0.0,1.0,20.88888888888889,False,circle,360.0,1.0,True,True,8.251496349754715,213.9022222222221,213.90222222222226,16.50299269950943,16.50299269950943
r574_svd_normalised_tr050_tid5_010,r574,5,10,False,602,circle,397.4687642109843,237.40298732498877,163.44377007867237,7.2128890086560915,14.425778017312211,14.425778017312155,,8.815645848363066e-08,1.0,110.55555555555556,True,circle,213.0,0.5916666666666667,True,True,23.081244827699493,1673.6642056056055,1132.0888888888892,46.16248965539908,46.1624896553989
r574_svd_normalised_tr050_tid5_010,r574,5,10,False,603,ellipse,253.9961685823755,136.51340996168582,9.666666666666742,1.7541367011847548,3.7322881927296745,3.2977041509679554,75.97298406097835,0.4683161582642831,1.0,9.666666666666666,False,ellipse,360.0,1.0,True,True,5.613237443791216,98.98666666666746,98.98666666666668,11.943322216734959,10.552653283097458
r574_svd_normalised_tr050_tid5_010,r574,5,10,False,604,circle,326.880363981134,245.06862303890637,178.28374099199982,7.5332248940001705,15.066449788000341,15.066449788000341,,0.0,1.0,151.88888888888889,True,circle,252.99999999999997,0.7027777777777777,True,True,24.106319660800548,1825.6255077580786,1555.3422222222225,48.212639321601095,48.212639321601095
r574_svd_normalised_tr050_tid5_010,r574,5,10,False,605,ellipse,41.309049174317686,152.31986999254215,48.75658896593679,3.9395055888343657,8.356778870512757,7.4285580724023355,49.639274354414795,0.45805082049084317,1.0,48.44444444444444,False,ellipse,360.0,1.0,True,True,12.606417884269971,499.26747101119287,496.0711111111112,26.741692385640825,23.771385831687475
r574_svd_normalised_tr050_tid5_010,r574,5,10,False,606,circle,74.3097643097643,155.96969696969694,10.999999999999988,1.8712051592547767,3.742410318509562,3.7424103185095445,,9.657056180250437e-08,1.0,10.88888888888889,False,circle,360.0,1.0,True,True,5.987856509615286,112.6399999999999,111.50222222222224,11.975713019230598,11.975713019230543
r574_svd_normalised_tr050_tid5_010,r574,5,10,False,607,ellipse,290.08138601300124,240.96365255119818,34.31295256126598,3.304867928436231,7.049680775828432,6.197246299069696,-46.6054577687874,0.4766708830443939,1.0,34.0,False,ellipse,360.0,1.0,True,True,10.575577370995939,351.3646342273637,348.1600000000001,22.558978482650986,19.83118815702303
r574_svd_normalised_tr050_tid5_010,r574,5,10,False,608,circle,277.1134341024885,148.4479993590541,14.913293373653289,2.1787722956731983,4.357544591346425,4.357544591346368,,1.6118070224511577e-07,1.0,14.777777777777779,False,circle,360.0,1.0,True,True,6.972071346154235,152.7121241462097,151.32444444444448,13.94414269230856,13.944142692308379
r574_svd_normalised_tr050_tid5_010,r574,5,10,False,609,circle,212.63219944307883,15.811726720409638,16.014045166921946,2.2577486340212913,4.515497268042585,4.515497268042581,,4.470348358154297e-08,1.0,16.0,False,circle,360.0,1.0,True,True,7.224795628868133,163.98382250928077,163.84000000000003,14.449591257736273,14.449591257736259
r574_svd_normalised_tr050_tid5_010,r574,5,10,False,610,ellipse,383.82415108747625,190.66476445187493,183.68526117709266,7.646491651660925,17.09382022889829,13.681864860161474,-71.9426409007524,0.5994685494975165,1.0,184.0,False,ellipse,360.0,1.0,True,True,24.468773285314963,1880.9370744534292,1884.1600000000003,54.70022473247454,43.78196755251672
r574_svd_normalised_tr050_tid5_010,r574,5,10,False,611,circle,350.20888849505315,129.9009258239073,20.08752006923064,2.528647113962606,5.05729422792524,5.057294227925183,,1.4975481660844222e-07,1.0,19.88888888888889,False,circle,360.0,1.0,True,True,8.09167076468034,205.6962055089218,203.66222222222225,16.18334152936077,16.183341529360586
r574_svd_normalised_tr050_tid5_010,r574,5,10,False,612,ellipse,294.7486960567401,216.76914050119217,38.8142724154787,3.51496324801237,7.319770890154374,6.751559206037993,-3.9154371159421544,0.3863004087911687,1.0,38.888888888888886,False,ellipse,360.0,1.0,True,True,11.247882393639586,397.45814953450196,398.2222222222223,23.423266848494,21.60498945932158
r574_svd_normalised_tr050_tid5_010,r574,5,10,False,613,ellipse,154.25714285714287,209.6285714285714,15.55555555555553,2.2251937260415136,4.6714370855107745,4.23979775625994,-62.02332560056354,0.41983529350481263,1.0,15.666666666666666,False,ellipse,360.0,1.0,True,True,7.1206199233328435,159.28888888888866,160.4266666666667,14.948598673634478,13.56735282003181
r574_svd_normalised_tr050_tid5_010,r574,5,10,False,614,ellipse,349.8425925925925,203.08333333333334,20.00000000000001,2.523132522020161,5.317610865806925,4.78876539433261,57.43652750162798,0.43475598885315336,1.0,20.22222222222222,False,ellipse,360.0,1.0,True,True,8.074024070464516,204.80000000000015,207.07555555555558,17.01635477058216,15.324049261864353
r574_svd_normalised_tr050_tid5_010,r574,5,10,False,615,circle,324.89664740482016,178.79061541725005,25.940358397870224,2.873512228822562,5.747024457645125,5.747024457645124,,1.4901161193847656e-08,1.0,25.77777777777778,False,circle,360.0,1.0,True,True,9.1952391322322,265.62926999419113,263.9644444444445,18.390478264464402,18.3904782644644
r574_svd_normalised_tr050_tid5_010,r574,5,10,False,616,circle,265.1225727992648,229.03702789848495,76.17402763587204,4.924118811212352,9.848237622424739,9.848237622424673,,1.1542389828584841e-07,1.0,76.33333333333333,False,circle,360.0,1.0,True,True,15.757180195879528,780.0220429913298,781.6533333333334,31.514360391759165,31.514360391758956
r574_svd_normalised_tr050_tid5_010,r574,5,10,False,617,circle,53.54255319148936,56.45035460992907,10.444444444444462,1.8233403199523786,3.646680639904757,3.646680639904757,,0.0,1.0,10.222222222222221,False,circle,360.0,1.0,True,True,5.834689023847612,106.95111111111132,104.67555555555556,11.669378047695224,11.669378047695224
r574_svd_normalised_tr050_tid5_010,r574,5,10,False,618,ellipse,22.38822355289421,181.55239520958082,74.22222222222213,4.860624147973544,10.354193275265692,9.126994824136043,-44.353743446791725,0.4722248655728659,1.0,74.55555555555556,False,ellipse,360.0,1.0,True,True,15.553997273515343,760.0355555555548,763.4488888888891,33.13341848085022,29.20638343723534
r574_svd_normalised_tr050_tid5_010,r574,5,10,False,619,circle,116.87555377672228,125.58382217272442,12.067266362348608,1.9598801448937309,3.9197602897874617,3.9197602897874617,,0.0,1.0,12.222222222222221,False,circle,360.0,1.0,True,True,6.271616463659939,123.56880755044978,125.15555555555557,12.543232927319877,12.543232927319877
r574_svd_normalised_tr050_tid5_010,r574,5,10,False,620,circle,79.20248077523748,55.11410293768596,10.41273504671244,1.8205703797384503,3.64114075947691,3.641140759476891,,1.0106459234841567e-07,1.0,10.222222222222221,False,circle,360.0,1.0,True,True,5.825825215163041,106.6264068783354,104.67555555555556,11.651650430326113,11.651650430326052
r574_svd_normalised_tr050_tid5_010,r574,5,10,False,621,circle,19.76392287155461,248.36120523017433,30.665025377043044,3.124256829645992,6.248513659291994,6.248513659291973,,8.296615425989064e-08,1.0,22.555555555555557,True,circle,223.0,0.6194444444444445,True,True,9.997621854867175,314.0098598609208,230.96888888888896,19.995243709734382,19.995243709734314
r574_svd_normalised_tr050_tid5_010,r574,5,10,False,622,ellipse,37.383764529433826,225.27821522309713,197.55555555555586,7.929936090780589,17.623777766103416,14.27251006871225,63.58244049691939,0.5866453374526492,1.0,197.88888888888889,False,ellipse,360.0,1.0,True,True,25.375795490497886,2022.9688888888923,2026.3822222222225,56.39608885153093,45.672032219879206
r574_svd_normalised_tr050_tid5_010,r574,5,10,False,623,circle,326.13953488372096,148.8294573643411,14.333333333333258,2.1359872897486167,4.271974579497274,4.2719745794971935,,1.9428737179048804e-07,1.0,13.555555555555555,False,circle,360.0,1.0,True,True,6.835159327195574,146.77333333333257,138.8088888888889,13.670318654391279,13.67031865439102
r574_svd_normalised_tr050_tid6_010,r574,6,10,False,0,ellipse,112.50031466331026,33.562198447661004,353.11111111111126,10.60182803048652,22.19910832865393,20.25284185724321,-32.09414146337335,0.4094627916021674,1.0,353.22222222222223,False,ellipse,360.0,1.0,True,True,33.92584969755686,3615.85777777778,3616.995555555556,71.03714665169258,64.80909394317828
r574_svd_normalised_tr050_tid6_010,r574,6,10,False,1,circle,179.70796510655563,26.8502473160098,148.9867567081894,6.886505468717489,13.773010937434986,13.773010937434972,,4.470348358154297e-08,1.0,149.11111111111111,False,circle,360.0,1.0,True,True,22.036817499895967,1525.6243886918598,1526.8977777777782,44.073634999791956,44.07363499979191
r574_svd_normalised_tr050_tid6_010,r574,6,10,False,2,circle,369.64342428179583,16.453731774216834,513.1111111111103,12.779997628224187,25.559995256448406,25.559995256448346,,6.828569911354542e-08,1.0,513.0,False,circle,360.0,1.0,True,True,40.895992410317405,5254.257777777771,5253.120000000001,81.79198482063491,81.79198482063471
r574_svd_normalised_tr050_tid6_010,r574,6,10,False,3,ellipse,260.66969346777717,171.72066696485655,115.20959862087432,6.055770324598738,12.924632153444838,11.349600913637245,84.29247583894033,0.4784087930499199,1.0,115.11111111111111,False,ellipse,360.0,1.0,True,True,19.378465038715962,1179.7462898777533,1178.737777777778,41.358822891023486,36.318722923639186
r574_svd_normalised_tr050_tid6_010,r574,6,10,False,4,circle,262.5834723877632,163.20627731426302,466.1111111111114,12.180631130067855,24.36126226013572,24.361262260135696,,4.470348358154297e-08,1.0,465.8888888888889,False,circle,360.0,1.0,True,True,38.97801961621714,4772.977777777782,4770.702222222223,77.9560392324343,77.95603923243424
r574_svd_normalised_tr050_tid6_010,r574,6,10,False,5,circle,246.01019542565726,204.95677516271832,209.1489869377129,8.159300841836789,16.318601683673577,16.318601683673574,,2.1073424255447017e-08,1.0,209.44444444444446,False,circle,360.0,1.0,True,True,26.109762693877727,2141.68562624218,2144.7111111111117,52.21952538775545,52.21952538775544
r574_svd_normalised_tr050_tid6_010,r574,6,10,False,6,circle,230.00289495450787,153.80138544251446,358.2222222222221,10.678280516265719,21.35656103253144,21.356561032531438,,1.4901161193847656e-08,1.0,357.8888888888889,False,circle,360.0,1.0,True,True,34.1704976520503,3668.195555555555,3664.782222222223,68.34099530410062,68.3409953041006
r574_svd_normalised_tr050_tid6_010,r574,6,10,False,7,circle,41.96331835973894,45.87413049397845,158.3145906723429,7.098809712772056,14.197619425544111,14.197619425544111,,0.0,1.0,158.44444444444446,False,circle,360.0,1.0,True,True,22.71619108087058,1621.1414084847916,1622.4711111111117,45.43238216174116,45.43238216174116
r574_svd_normalised_tr050_tid6_010,r574,6,10,False,8,circle,330.0688196847366,54.53325643983083,96.33333333333323,5.537495134899756,11.074990269799532,11.074990269799493,,8.429369702178807e-08,1.0,96.44444444444444,False,circle,360.0,1.0,True,True,17.71998443167922,986.4533333333325,987.5911111111113,35.4399688633585,35.43996886335838
r574_svd_normalised_tr050_tid6_010,r574,6,10,False,9,ellipse,85.10309278350516,199.12457044673542,43.11111111111103,3.7044153210776063,7.762908131762978,7.070903139964401,25.24388733269933,0.4127209757449471,1.0,43.111111111111114,False,ellipse,360.0,1.0,True,True,11.85412902744834,441.45777777777704,441.4577777777779,24.84130602164153,22.626890047886086
r574_svd_normalised_tr050_tid6_010,r574,6,10,False,10,ellipse,332.9907479019442,161.35517143329912,344.3044667688444,10.468787686726749,21.725042715827428,20.178651349655127,89.03294258152556,0.37053157654004026,1.0,344.3333333333333,False,ellipse,360.0,1.0,True,True,33.5001205975256,3525.677739712967,3525.973333333334,69.52013669064777,64.5716843188964
r574_svd_normalised_tr050_tid6_010,r574,6,10,False,11,circle,83.12041666666664,230.88041666666663,88.88888888888903,5.31923040535244,10.638460810704892,10.638460810704867,,6.828569911354542e-08,1.0,88.88888888888889,False,circle,360.0,1.0,True,True,17.021537297127807,910.2222222222239,910.2222222222224,34.04307459425566,34.04307459425558
r574_svd_normalised_tr050_tid6_010,r574,6,10,False,12,circle,372.8176369959185,150.6711061473518,932.1607623562874,17.22544589177956,34.45089178355912,34.45089178355912,,0.0,1.0,931.7777777777778,False,circle,360.0,1.0,True,True,55.1214268536946,9545.326206528385,9541.404444444446,110.2428537073892,110.2428537073892
r574_svd_normalised_tr050_tid6_010,r574,6,10,False,13,circle,174.1185252362497,171.46289688261945,393.415451241688,11.190532941182308,22.381065882364616,22.381065882364616,,0.0,1.0,393.44444444444446,False,circle,360.0,1.0,True,True,35.80970541178339,4028.574220714886,4028.871111111112,71.61941082356678,71.61941082356678
r574_svd_normalised_tr050_tid6_010,r574,6,10,False,14,circle,209.58414832925834,198.4698451507743,181.7777777777782,7.606685464457366,15.213370928914733,15.213370928914731,,1.4901161193847656e-08,1.0,181.88888888888889,False,circle,360.0,1.0,True,True,24.34139348626357,1861.4044444444492,1862.5422222222226,48.68278697252715,48.68278697252714
r574_svd_normalised_tr050_tid6_010,r574,6,10,False,15,circle,84.16893665313194,215.08358075150517,1984.0865323574515,25.13074527930862,50.26149055861725,50.261490558617226,,2.9802322387695312e-08,1.0,1983.6666666666667,False,circle,360.0,1.0,True,True,80.41838489378759,20317.046091340308,20312.74666666667,160.8367697875752,160.83676978757512
r574_svd_normalised_tr050_tid6_010,r574,6,10,False,16,circle,81.67930622647506,37.870699124515184,180.58773116941916,7.581745191888659,15.163490383777319,15.163490383777317,,1.4901161193847656e-08,1.0,181.0,False,circle,360.0,1.0,True,True,24.261584614043713,1849.2183671748526,1853.4400000000003,48.523169228087426,48.52316922808742
r574_svd_normalised_tr050_tid6_010,r574,6,10,False,17,circle,314.05639959348247,148.41214024138367,67.51448835170689,4.6357878621641735,9.271575724328375,9.27157572432832,,1.0848209096909341e-07,1.0,67.66666666666667,False,circle,360.0,1.0,True,True,14.834521158925355,691.3483607214787,692.9066666666669,29.669042317850803,29.669042317850625
r574_svd_normalised_tr050_tid6_010,r574,6,10,False,18,circle,33.710532912217374,182.6082117611671,738.7777777777776,15.334936268519611,30.669872537039225,30.66987253703922,,2.1073424255447017e-08,1.0,738.3333333333334,False,circle,360.0,1.0,True,True,49.07179605926276,7565.084444444444,7560.533333333336,98.14359211852553,98.1435921185255
r574_svd_normalised_tr050_tid6_010,r574,6,10,False,19,circle,297.4085812972812,203.11428718808807,475.53284392036863,12.303121775587968,24.606243551175965,24.606243551175908,,6.828569911354542e-08,1.0,476.1111111111111,False,circle,360.0,1.0,True,True,39.3699896818815,4869.456321744576,4875.377777777779,78.7399793637631,78.73997936376291
r574_svd_normalised_tr050_tid6_010,r574,6,10,False,20,ellipse,338.3806852516561,3.7856311683456902,75.3647076248747,4.897890515961798,10.623373468636174,9.032660511154285,-81.913674011875,0.5263582168085185,1.0,74.33333333333333,True,ellipse,322.0,0.8944444444444445,True,True,15.673249651077754,771.7346060787171,761.1733333333334,33.99479509963576,28.904513635693714
r574_svd_normalised_tr050_tid6_010,r574,6,10,False,21,ellipse,317.7418422139612,120.59892606361008,89.66666666666687,5.342451353184849,11.104468114448903,10.281189937952508,-68.22906185135253,0.3778651587433107,1.0,89.88888888888889,False,ellipse,360.0,1.0,True,True,17.095844330191518,918.1866666666689,920.4622222222224,35.53429796623649,32.89980780144803
r574_svd_normalised_tr050_tid6_010,r574,6,10,False,22,circle,306.8292307692308,7.504615384615384,216.6666666666665,8.304645808611461,16.609291617222933,16.609291617222915,,4.712160915387242e-08,1.0,217.11111111111111,True,circle,329.0,0.9138888888888889,True,True,26.574866587556677,2218.666666666665,2223.2177777777783,53.14973317511339,53.14973317511333
r574_svd_normalised_tr050_tid6_010,r574,6,10,False,23,circle,332.42100648781343,139.7140101700859,211.2222222222223,8.199641547960674,16.399283095921376,16.399283095921323,,8.024520884654677e-08,1.0,211.33333333333334,False,circle,360.0,1.0,True,True,26.238852953474158,2162.9155555555567,2164.0533333333337,52.47770590694841,52.47770590694824
r574_svd_normalised_tr050_tid6_010,r574,6,10,False,24,circle,89.36125703083748,207.0877549867767,90.10695241525035,5.35555167724732,10.71110335449464,10.71110335449464,,0.0,1.0,90.0,False,circle,360.0,1.0,True,True,17.137765367191424,922.6951927321637,921.6000000000001,34.27553073438285,34.27553073438285
r574_svd_normalised_tr050_tid6_010,r574,6,10,False,25,circle,19.816830435878053,152.14840010078106,146.99999999999991,6.8404351666408765,13.680870333281755,13.680870333281753,,1.4901161193847656e-08,1.0,146.66666666666666,False,circle,360.0,1.0,True,True,21.889392533250806,1505.2799999999995,1501.8666666666668,43.77878506650162,43.77878506650161
r574_svd_normalised_tr050_tid6_010,r574,6,10,False,26,circle,33.380896226415096,181.10455974842773,94.22222222222207,5.476482888820099,10.952965777640214,10.952965777640184,,7.450580596923828e-08,1.0,94.44444444444444,False,circle,360.0,1.0,True,True,17.524745244224317,964.8355555555542,967.1111111111113,35.04949048844869,35.04949048844859
r574_svd_normalised_tr050_tid6_010,r574,6,10,False,27,circle,184.4072967251899,221.5802515253393,297.44444444444525,9.730339524246428,19.460679048492857,19.460679048492857,,0.0,1.0,297.0,False,circle,360.0,1.0,True,True,31.13708647758857,3045.83111111112,3041.2800000000007,62.27417295517714,62.27417295517714
r574_svd_normalised_tr050_tid6_010,r574,6,10,False,28,circle,225.481520223152,15.30160390516039,106.2222222222225,5.814772864501672,11.629545729003354,11.62954572900333,,6.322027276634104e-08,1.0,106.0,False,circle,360.0,1.0,True,True,18.60727316640535,1087.7155555555587,1085.4400000000003,37.214546332810734,37.21454633281066
r574_svd_normalised_tr050_tid6_010,r574,6,10,False,29,circle,151.76387630280607,85.59357324321925,244.00376629897258,8.812991040449447,17.625982080898893,17.625982080898893,,0.0,1.0,244.0,False,circle,360.0,1.0,True,True,28.20157132943823,2498.59856690148,2498.5600000000004,56.40314265887646,56.40314265887646
r574_svd_normalised_tr050_tid6_010,r574,6,10,False,30,circle,316.348133832464,131.3830819969047,62.78873139210112,4.470601071784902,8.941202143569848,8.94120214356976,,1.4057727354849284e-07,1.0,62.888888888888886,False,circle,360.0,1.0,True,True,14.305923429711687,642.9566094551155,643.9822222222223,28.611846859423515,28.61184685942323
r574_svd_normalised_tr050_tid6_010,r574,6,10,False,31,circle,42.959305833725594,156.65505510878637,220.55898976830147,8.378908456950695,16.757816913901394,16.75781691390139,,2.1073424255447017e-08,1.0,220.77777777777777,False,circle,360.0,1.0,True,True,26.812507062242226,2258.5240552274076,2260.764444444445,53.625014124484466,53.62501412448445
r574_svd_normalised_tr050_tid6_010,r574,6,10,False,32,circle,240.30481667864845,11.25449317038102,154.55555555555534,7.014026040581926,14.028052081163866,14.028052081163835,,6.495265578539184e-08,1.0,154.55555555555554,False,circle,360.0,1.0,True,True,22.444883329862165,1582.648888888887,1582.6488888888891,44.88976665972437,44.88976665972427
r574_svd_normalised_tr050_tid6_010,r574,6,10,False,33,circle,24.994221833534162,47.87229045569192,61.08673296361786,4.409593067051518,8.819186134103036,8.819186134103036,,0.0,1.0,61.0,False,circle,360.0,1.0,True,True,14.110697814564858,625.528145547447,624.6400000000001,28.221395629129717,28.221395629129717
r574_svd_normalised_tr050_tid6_010,r574,6,10,False,34,circle,52.621822740947024,220.26330862107457,744.5458429490352,15.394684229555406,30.78936845911081,30.789368459110808,,1.4901161193847656e-08,1.0,744.4444444444445,False,circle,360.0,1.0,True,True,49.2629895345773,7624.149431798122,7623.111111111113,98.5259790691546,98.52597906915459
r574_svd_normalised_tr050_tid6_010,r574,6,10,False,35,circle,200.3448123620309,152.44591611479026,83.88888888888918,5.1674619180316155,10.334923836063231,10.334923836063231,,0.0,1.0,84.11111111111111,False,circle,360.0,1.0,True,True,16.53587813770117,859.0222222222254,861.2977777777779,33.07175627540234,33.07175627540234
r574_svd_normalised_tr050_tid6_010,r574,6,10,False,36,circle,304.43477571722934,128.33238231098431,233.6666666666665,8.624291859139065,17.248583718278134,17.24858371827813,,2.1073424255447017e-08,1.0,233.55555555555554,False,circle,360.0,1.0,True,True,27.59773394924501,2392.746666666665,2391.6088888888894,55.19546789849003,55.19546789849002
r574_svd_normalised_tr050_tid6_010,r574,6,10,False,37,circle,242.68124685771747,69.07893413775766,73.66666666666681,4.842399021374216,9.684798042748442,9.68479804274842,,6.664001874625056e-08,1.0,73.55555555555556,False,circle,360.0,1.0,True,True,15.49567686839749,754.3466666666683,753.2088888888891,30.991353736795016,30.99135373679495
r574_svd_normalised_tr050_tid6_010,r574,6,10,False,38,circle,264.3702005053528,221.87400589868085,924.0231028802601,17.15009296502525,34.30018593005052,34.300185930050496,,3.650024149988857e-08,1.0,924.3333333333334,False,circle,360.0,1.0,True,True,54.88029748808081,9461.996573493865,9465.173333333336,109.76059497616166,109.7605949761616
r574_svd_normalised_tr050_tid6_010,r574,6,10,False,39,circle,262.5912897822446,66.36013400335008,44.22222222222211,3.751848947165893,7.503697894331786,7.503697894331785,,1.4901161193847656e-08,1.0,44.333333333333336,False,circle,360.0,1.0,True,True,12.005916630930859,452.8355555555545,453.97333333333347,24.011833261861717,24.011833261861714
r574_svd_normalised_tr050_tid6_010,r574,6,10,False,40,circle,180.3359082393933,153.71743286512682,151.65006825972299,6.947784968428176,13.895569936856353,13.895569936856353,,0.0,1.0,151.11111111111111,False,circle,360.0,1.0,True,True,22.232911898970166,1552.8966989795638,1547.3777777777782,44.46582379794033,44.46582379794033
r574_svd_normalised_tr050_tid6_010,r574,6,10,False,41,circle,93.39041666666667,100.37416666666668,88.88888888888862,5.319230405352428,10.638460810704856,10.638460810704855,,2.1073424255447017e-08,1.0,88.77777777777777,False,circle,360.0,1.0,True,True,17.02153729712777,910.2222222222196,909.0844444444446,34.04307459425554,34.043074594255536
r574_svd_normalised_tr050_tid6_010,r574,6,10,False,42,circle,79.20283882783883,72.4629120879121,80.88888888888887,5.0742224050346385,10.148444810069277,10.148444810069275,,2.1073424255447017e-08,1.0,80.66666666666667,False,circle,360.0,1.0,True,True,16.237511696110843,828.3022222222222,826.0266666666669,32.475023392221686,32.47502339222168
r574_svd_normalised_tr050_tid6_010,r574,6,10,False,43,circle,250.21142857142857,97.0914285714286,19.44444444444434,2.4878422172674295,4.975684434534861,4.975684434534856,,4.2146848510894035e-08,1.0,19.444444444444443,False,circle,360.0,1.0,True,True,7.961095095255775,199.1111111111101,199.11111111111114,15.922190190511555,15.922190190511541
r574_svd_normalised_tr050_tid6_010,r574,6,10,False,44,ellipse,352.06286794880845,194.51819065863089,172.6740197438485,7.41376069020049,15.524085143727905,14.162212346218347,73.22797310112384,0.4095814453492342,1.0,172.22222222222223,False,ellipse,360.0,1.0,True,True,23.72403420864157,1768.181962177009,1763.5555555555559,49.6770724599293,45.319079507898714
r574_svd_normalised_tr050_tid6_010,r574,6,10,False,45,circle,190.11813247169698,204.39622760063403,124.96970056401561,6.3070667637939435,12.614133527587889,12.614133527587887,,1.4901161193847656e-08,1.0,125.33333333333333,False,circle,360.0,1.0,True,True,20.18261364414062,1279.6897337755202,1283.4133333333336,40.36522728828125,40.36522728828124
r574_svd_normalised_tr050_tid6_010,r574,6,10,False,46,circle,381.96087321221944,206.90325843092714,486.2724984424193,12.441275804093165,24.88255160818633,24.88255160818633,,0.0,1.0,486.0,False,circle,360.0,1.0,True,True,39.81208257309813,4979.430384050374,4976.640000000001,79.62416514619626,79.62416514619626
r574_svd_normalised_tr050_tid6_010,r574,6,10,False,47,circle,247.92442188381273,108.68203609701072,262.66666666666714,9.14381740691176,18.287634813823534,18.287634813823505,,5.5755039852469285e-08,1.0,262.77777777777777,False,circle,360.0,1.0,True,True,29.260215702117634,2689.706666666672,2690.844444444445,58.52043140423531,58.52043140423522
r574_svd_normalised_tr050_tid6_010,r574,6,10,False,48,circle,216.7378498049709,68.7547725556779,60.49307057863306,4.388113764568178,8.776227529136358,8.776227529136353,,3.332000937312528e-08,1.0,60.55555555555556,False,circle,360.0,1.0,True,True,14.04196404661817,619.4490427252026,620.0888888888891,28.08392809323635,28.08392809323633
r574_svd_normalised_tr050_tid6_010,r574,6,10,False,49,ellipse,203.23971449800092,161.24700220300008,69.71169607342698,4.710618010708526,9.77829106045816,9.07721887418305,27.90962233157984,0.37182411210862304,1.0,70.0,False,ellipse,360.0,1.0,True,True,15.073977634267283,713.8477677918924,716.8000000000002,31.290531393466114,29.047100397385762
r574_svd_normalised_tr050_tid6_010,r574,6,10,False,50,circle,166.47570539273232,86.27895718539,202.05787850458077,8.019789293325063,16.03957858665014,16.039578586650112,,5.960464477539063e-08,1.0,202.0,False,circle,360.0,1.0,True,True,25.663325738640204,2069.0726758869073,2068.4800000000005,51.32665147728045,51.326651477280365
r574_svd_normalised_tr050_tid6_010,r574,6,10,False,51,circle,231.99490965941635,110.64982410788659,152.75629256048927,6.973079527639648,13.94615905527931,13.946159055279281,,6.322027276634104e-08,1.0,151.88888888888889,False,circle,360.0,1.0,True,True,22.313854488446875,1564.2244358194105,1555.3422222222225,44.62770897689379,44.6277089768937
r574_svd_normalised_tr050_tid6_010,r574,6,10,False,52,circle,127.1148444203586,222.08210269611163,820.1111111111107,16.157025544197168,32.31405108839435,32.31405108839432,,4.2146848510894035e-08,1.0,820.3333333333334,False,circle,360.0,1.0,True,True,51.702481741430944,8397.937777777775,8400.213333333335,103.40496348286193,103.40496348286183
r574_svd_normalised_tr050_tid6_010,r574,6,10,False,53,circle,303.91725486454067,146.66668865637988,192.9145694107713,7.8362372751428095,15.672474550285626,15.672474550285612,,4.2146848510894035e-08,1.0,193.0,False,circle,360.0,1.0,True,True,25.075959280456992,1975.4451907662983,1976.3200000000004,50.151918560914005,50.15191856091396
r574_svd_normalised_tr050_tid6_010,r574,6,10,False,54,circle,395.6822672105108,1.4530138590711825,225.33111026786688,8.4690684294692,16.93813685893842,16.93813685893838,,7.146345858741878e-08,1.0,111.55555555555556,True,circle,130.0,0.3611111111111111,False,True,27.10101897430144,2307.3905691429572,1142.3288888888892,54.20203794860295,54.202037948602815
r574_svd_normalised_tr050_tid6_010,r574,6,10,False,55,ellipse,291.98640565524744,159.22675367047307,136.22222222222214,6.584897877056149,14.080671149700864,12.317844679493065,-86.11037954356999,0.4844747878104252,1.0,136.55555555555554,False,ellipse,360.0,1.0,True,True,21.07167320657968,1394.915555555555,1398.328888888889,45.05814767904277,39.41710297437781
r574_svd_normalised_tr050_tid6_010,r574,6,10,False,56,circle,34.218034192911304,46.308651520477625,179.08089205840454,7.550047573942992,15.100095147885984,15.100095147885984,,0.0,1.0,179.0,False,circle,360.0,1.0,True,True,24.160152236617577,1833.788334678063,1832.9600000000003,48.320304473235154,48.320304473235154
r574_svd_normalised_tr050_tid6_010,r574,6,10,False,57,circle,149.72571063914083,195.35929734938486,506.97471089638316,12.70334847681854,25.40669695363708,25.406696953637077,,1.4901161193847656e-08,1.0,506.3333333333333,False,circle,360.0,1.0,True,True,40.65071512581933,5191.421039578964,5184.853333333334,81.30143025163866,81.30143025163865
r574_svd_normalised_tr050_tid6_010,r574,6,10,False,58,circle,362.72441684805324,118.49685294005977,122.78053839622389,6.251580536351313,12.503161072702632,12.50316107270262,,4.470348358154297e-08,1.0,122.77777777777777,False,circle,360.0,1.0,True,True,20.005057716324202,1257.272713177333,1257.2444444444445,40.010115432648426,40.010115432648384
r574_svd_normalised_tr050_tid6_010,r574,6,10,False,59,ellipse,231.98559364133132,232.56389716840536,596.4444444444446,13.778757680794936,28.69545838231529,26.464698447622016,19.85054793908307,0.3865680864007718,1.0,596.8888888888889,False,ellipse,360.0,1.0,True,True,44.0920245785438,6107.591111111114,6112.142222222224,91.82546682340893,84.68703503239045
r574_svd_normalised_tr050_tid6_010,r574,6,10,False,60,ellipse,91.04657933042212,198.919941775837,25.444444444444496,2.845912545234114,5.937484463209238,5.4563297068356444,-7.020595011608805,0.39434330452111815,1.0,25.555555555555557,False,ellipse,360.0,1.0,True,True,9.106920144749166,260.5511111111117,261.688888888889,18.999950282269563,17.46025506187406
r574_svd_normalised_tr050_tid6_010,r574,6,10,False,61,circle,223.43573463651413,77.28659263814886,59.17596310867405,4.340079962620301,8.680159925240616,8.680159925240588,,8.024520884654677e-08,1.0,59.22222222222222,False,circle,360.0,1.0,True,True,13.888255880384964,605.9618622328223,606.4355555555557,27.776511760769974,27.776511760769882
r574_svd_normalised_tr050_tid6_010,r574,6,10,False,62,circle,247.61888263317456,227.3083585967952,256.55555555555503,9.036822986465316,18.07364597293063,18.07364597293063,,0.0,1.0,257.0,False,circle,360.0,1.0,True,True,28.91783355668901,2627.128888888884,2631.6800000000003,57.83566711337802,57.83566711337802
r574_svd_normalised_tr050_tid6_010,r574,6,10,False,63,circle,291.95413694282047,135.25516941927023,209.14041789306899,8.159133692738047,16.3182673854761,16.318267385476087,,4.2146848510894035e-08,1.0,209.55555555555554,False,circle,360.0,1.0,True,True,26.109227816761752,2141.5978792250266,2145.848888888889,52.218455633523526,52.21845563352348
r574_svd_normalised_tr050_tid6_010,r574,6,10,False,64,circle,7.914881462439302,59.69694373036276,129.66666666666666,6.424498572534528,12.848997145069056,12.848997145069056,,0.0,1.0,129.66666666666666,False,circle,360.0,1.0,True,True,20.55839543211049,1327.7866666666669,1327.7866666666669,41.11679086422098,41.11679086422098
r574_svd_normalised_tr050_tid6_010,r574,6,10,False,65,circle,152.79914767463404,177.92736705577175,199.88888888888908,7.976628954115057,15.953257908230114,15.953257908230114,,0.0,1.0,200.33333333333334,False,circle,360.0,1.0,True,True,25.525212653168182,2046.8622222222245,2051.413333333334,51.050425306336365,51.050425306336365
r574_svd_normalised_tr050_tid6_010,r574,6,10,False,66,circle,190.5744298942273,158.51735607125107,66.88136621294882,4.614000440730382,9.228000881460765,9.228000881460764,,2.1073424255447017e-08,1.0,67.22222222222223,False,circle,360.0,1.0,True,True,14.764801410337222,684.8651900205961,688.3555555555557,29.52960282067445,29.529602820674445
r574_svd_normalised_tr050_tid6_010,r574,6,10,False,67,circle,195.82694630371887,38.38353401655433,145.04380180620456,6.794768284834831,13.589536569669669,13.589536569669653,,4.9421560620597e-08,1.0,145.11111111111111,False,circle,360.0,1.0,True,True,21.74325851147146,1485.2485304955349,1485.9377777777781,43.48651702294294,43.48651702294289
r574_svd_normalised_tr050_tid6_010,r574,6,10,False,68,circle,335.4169954126341,193.66075952245876,228.32772911702327,8.525196388813754,17.050392777627508,17.050392777627508,,0.0,1.0,228.33333333333334,False,circle,360.0,1.0,True,True,27.280628444204012,2338.075946158319,2338.1333333333337,54.561256888408025,54.561256888408025
r574_svd_normalised_tr050_tid6_010,r574,6,10,False,69,ellipse,285.29670316887535,3.625870919156929,90.85499758886061,5.377735949425074,12.610593239402005,9.17325407067374,-88.90087762402499,0.6861877616505097,1.0,89.22222222222223,True,ellipse,308.0,0.8555555555555555,True,True,17.208755038160238,930.3551753099329,913.6355555555558,40.35389836608642,29.35441302615597
r574_svd_normalised_tr050_tid6_010,r574,6,10,False,70,circle,243.55062445610722,61.13633012423678,89.2309814724318,5.329456215840196,10.658912431680392,10.658912431680392,,0.0,1.0,89.33333333333333,False,circle,360.0,1.0,True,True,17.054259890688627,913.7252502777018,914.7733333333334,34.108519781377254,34.108519781377254
r574_svd_normalised_tr050_tid6_010,r574,6,10,False,71,circle,391.93973634651604,116.42749529190208,59.00000000000042,4.3336224206596246,8.667244841319254,8.667244841319244,,4.9421560620597e-08,1.0,58.888888888888886,False,circle,360.0,1.0,True,True,13.867591746110799,604.1600000000044,603.0222222222224,27.735183492221616,27.73518349222158
r574_svd_normalised_tr050_tid6_010,r574,6,10,False,72,circle,336.9803579399733,123.54052190463243,51.50082023022,4.048854186785836,8.097708373571702,8.097708373571642,,1.219712610821791e-07,1.0,51.44444444444444,False,circle,360.0,1.0,True,True,12.956333397714676,527.3683991574529,526.7911111111111,25.91266679542945,25.912666795429256
r574_svd_normalised_tr050_tid6_010,r574,6,10,False,73,circle,201.3446540880503,21.0,29.44444444444444,3.0614470042540436,6.122894008508107,6.122894008508068,,1.1250129990683123e-07,1.0,29.0,False,circle,360.0,1.0,True,True,9.79663041361294,301.5111111111111,296.96000000000004,19.593260827225944,19.59326082722582
r574_svd_normalised_tr050_tid6_010,r574,6,10,False,74,ellipse,321.77803557617943,63.79273008507346,47.88888888888898,3.904293376744433,8.24995691334917,7.390829761559161,-74.11942264478247,0.44433071785539374,1.0,47.666666666666664,False,ellipse,360.0,1.0,True,True,12.493738805582186,490.3822222222232,488.10666666666674,26.399862122717344,23.650655236989316
r574_svd_normalised_tr050_tid6_010,r574,6,10,False,75,circle,15.120727426367317,74.43723998321849,70.80249248451919,4.74732907267613,9.49465814535226,9.494658145352258,,2.1073424255447017e-08,1.0,70.55555555555556,False,circle,360.0,1.0,True,True,15.191453032563615,725.0175230414767,722.488888888889,30.38290606512723,30.382906065127226
r574_svd_normalised_tr050_tid6_010,r574,6,10,False,76,circle,221.4756848978713,29.824114201782045,53.89005050888313,4.141706875663863,8.283413751327739,8.283413751327714,,7.742870483855355e-08,1.0,53.55555555555556,False,circle,360.0,1.0,True,True,13.253462002124364,551.8341172109633,548.408888888889,26.506924004248766,26.506924004248688
r574_svd_normalised_tr050_tid6_010,r574,6,10,False,77,circle,68.50861195542046,40.62917933130699,36.55555555555554,3.4111573883762856,6.822314776752571,6.822314776752571,,0.0,1.0,36.55555555555556,False,circle,360.0,1.0,True,True,10.915703642804115,374.32888888888886,374.32888888888897,21.83140728560823,21.83140728560823
r574_svd_normalised_tr050_tid6_010,r574,6,10,False,78,circle,308.99785407725324,105.7725321888412,51.7777777777778,4.059726413355222,8.119452826710463,8.119452826710427,,9.30577218293905e-08,1.0,51.55555555555556,False,circle,360.0,1.0,True,True,12.991124522736712,530.2044444444448,527.928888888889,25.98224904547348,25.982249045473367
r574_svd_normalised_tr050_tid6_010,r574,6,10,False,79,circle,185.87032617342874,104.1042163882259,46.555555555555635,3.849557583685697,7.699115167371403,7.699115167371384,,6.989264130329236e-08,1.0,46.333333333333336,False,circle,360.0,1.0,True,True,12.31858426779423,476.7288888888898,474.45333333333343,24.63716853558849,24.63716853558843
r574_svd_normalised_tr050_tid6_010,r574,6,10,False,80,ellipse,159.75316626246297,229.343707895446,274.88888888888897,9.35413549909402,20.067603117457995,17.441016831609478,-73.73547872299719,0.49461339728232995,1.0,275.3333333333333,False,ellipse,360.0,1.0,True,True,29.933233597100866,2814.8622222222234,2819.413333333334,64.21632997586559,55.811253861150334
r574_svd_normalised_tr050_tid6_010,r574,6,10,False,81,circle,237.59100827672285,126.2733743207279,107.74374585629855,5.856270099690899,11.712540199381806,11.712540199381792,,4.9421560620597e-08,1.0,107.77777777777777,False,circle,360.0,1.0,True,True,18.74006431901088,1103.2959575684972,1103.6444444444446,37.48012863802178,37.48012863802173
r574_svd_normalised_tr050_tid6_010,r574,6,10,False,82,ellipse,294.4017094017094,105.41709401709399,21.666666666666615,2.6261595916182974,5.588983821907766,4.935934273858485,-89.24352074515662,0.4690828731511457,1.0,21.88888888888889,False,ellipse,360.0,1.0,True,True,8.403710693178551,221.86666666666616,224.14222222222227,17.88474823010485,15.794989676347152
r574_svd_normalised_tr050_tid6_010,r574,6,10,False,83,ellipse,84.1106342393896,217.29995231282783,77.66666666666654,4.972129104009774,10.335319981026759,9.567993200916854,-23.832225019472503,0.3781193818655596,1.0,78.0,False,ellipse,360.0,1.0,True,True,15.910813132831278,795.3066666666656,798.7200000000001,33.073023939285626,30.617578242933934
r574_svd_normalised_tr050_tid6_010,r574,6,10,False,84,circle,386.48876810886395,70.02298441460348,58.667749746822345,4.321403099060551,8.642806198121114,8.64280619812109,,7.598131170262075e-08,1.0,58.333333333333336,False,circle,360.0,1.0,True,True,13.828489916993764,600.757757407461,597.3333333333335,27.656979833987567,27.65697983398749
r574_svd_normalised_tr050_tid6_010,r574,6,10,False,85,circle,336.2310502283105,11.07123287671233,40.555555555555635,3.592942286345456,7.185884572690919,7.185884572690906,,6.143906154658885e-08,1.0,40.44444444444444,False,circle,360.0,1.0,True,True,11.49741531630546,415.2888888888898,414.15111111111116,22.99483063261094,22.9948306326109
r574_svd_normalised_tr050_tid6_010,r574,6,10,False,86,ellipse,178.3867041198502,78.75655430711612,39.555555555555685,3.548369257394943,7.459906920932109,6.751250126993441,-4.871166837765429,0.42540176579070466,1.0,39.44444444444444,False,ellipse,360.0,1.0,True,True,11.354781623663818,405.0488888888903,403.91111111111115,23.871702146982752,21.604000406379015
r574_svd_normalised_tr050_tid6_010,r574,6,10,False,87,circle,282.1056910569106,56.18157181571816,13.666666666666725,2.0857217242907766,4.171443448581571,4.171443448581536,,1.2904784139758926e-07,1.0,13.444444444444445,False,circle,360.0,1.0,True,True,6.674309517730485,139.94666666666728,137.67111111111114,13.348619035461027,13.348619035460917
r574_svd_normalised_tr050_tid6_010,r574,6,10,False,88,circle,53.56339113680154,65.70982658959537,96.11111111111116,5.531104486336835,11.062208972673673,11.062208972673664,,3.942476676500724e-08,1.0,96.22222222222223,False,circle,360.0,1.0,True,True,17.699534356277873,984.1777777777785,985.3155555555558,35.39906871255575,35.399068712555724
r574_svd_normalised_tr050_tid6_010,r574,6,10,False,89,circle,279.7730496453901,90.51773049645391,36.555555555555664,3.4111573883762913,6.822314776752606,6.82231477675256,,1.1638178938488147e-07,1.0,36.22222222222222,False,circle,360.0,1.0,True,True,10.915703642804132,374.32888888889005,370.9155555555556,21.83140728560834,21.831407285608194
r574_svd_normalised_tr050_tid6_010,r574,6,10,False,90,ellipse,144.96519337016574,178.3254143646409,201.11111111111134,8.000978370679022,16.597378752582365,15.427895173655278,-89.62134744096,0.3687261900109395,1.0,200.77777777777777,False,ellipse,360.0,1.0,True,True,25.60313078617287,2059.3777777777805,2055.964444444445,53.11161200826357,49.369264555696894
r574_svd_normalised_tr050_tid6_010,r574,6,10,False,91,circle,85.6745975786907,155.50184242557202,217.50156438852414,8.32063087784259,16.64126175568518,16.64126175568518,,0.0,1.0,216.88888888888889,False,circle,360.0,1.0,True,True,26.626018809096287,2227.2160193384875,2220.9422222222224,53.252037618192574,53.252037618192574
r574_svd_normalised_tr050_tid6_010,r574,6,10,False,92,circle,122.53650818286619,190.37690854846852,190.00930082942216,7.777007067045459,15.554014134090927,15.55401413409091,,4.712160915387242e-08,1.0,190.0,False,circle,360.0,1.0,True,True,24.88642261454547,1945.6952404932833,1945.6000000000004,49.77284522909097,49.77284522909091
r574_svd_normalised_tr050_tid6_010,r574,6,10,False,93,circle,341.5029761904762,92.25372023809523,49.777777777777885,3.9805475476279017,7.9610950952558115,7.9610950952557955,,6.322027276634104e-08,1.0,50.0,False,circle,360.0,1.0,True,True,12.737752152409286,509.7244444444456,512.0000000000001,25.4755043048186,25.475504304818546
r574_svd_normalised_tr050_tid6_010,r574,6,10,False,94,circle,352.5594801732756,217.32211485060537,333.44444444444366,10.302362018475577,20.604724036951154,20.604724036951154,,0.0,1.0,333.0,False,circle,360.0,1.0,True,True,32.96755845912185,3414.4711111111037,3409.9200000000005,65.9351169182437,65.9351169182437
r574_svd_normalised_tr050_tid6_010,r574,6,10,False,95,circle,233.68888888888893,100.00952380952381,23.333333333333425,2.7252946038220913,5.450589207644189,5.450589207644177,,6.495265578539184e-08,1.0,23.77777777777778,False,circle,360.0,1.0,True,True,8.720942732230693,238.9333333333343,243.4844444444445,17.441885464461404,17.441885464461368
r574_svd_normalised_tr050_tid6_010,r574,6,10,False,96,ellipse,373.6485165794066,172.53856893542758,106.11111111111076,5.8117308695958405,12.057939091027697,11.204639680340096,-82.88130997442096,0.36949329803935604,1.0,106.0,False,ellipse,360.0,1.0,True,True,18.59753878270669,1086.5777777777744,1085.4400000000003,38.585405091288635,35.85484697708831
r574_svd_normalised_tr050_tid6_010,r574,6,10,False,97,circle,272.9818652849741,99.1286701208981,42.888888888889014,3.69485552366686,7.389711047333724,7.3897110473337175,,4.2146848510894035e-08,1.0,43.22222222222222,False,circle,360.0,1.0,True,True,11.823537675733952,439.1822222222236,442.5955555555556,23.64707535146792,23.647075351467898
r574_svd_normalised_tr050_tid6_010,r574,6,10,False,98,circle,359.3306458994663,51.08625002456688,24.22178031023278,2.7766944617150404,5.5533889234301075,5.553388923430055,,1.3738191809196602e-07,1.0,24.77777777777778,False,circle,360.0,1.0,True,True,8.88542227748813,248.03103037678372,253.72444444444452,17.770844554976346,17.770844554976176
r574_svd_normalised_tr050_tid6_010,r574,6,10,False,99,ellipse,216.25692011493715,124.78657509636828,44.249716001575045,3.7530150631360937,8.039143129440413,7.008270327987978,-69.03812998830699,0.4899183505604988,1.0,44.55555555555556,False,ellipse,360.0,1.0,True,True,12.0096482020355,453.1170918561285,456.248888888889,25.725258014209324,22.42646504956153
r574_svd_normalised_tr050_tid6_010,r574,6,10,False,100,circle,207.4517958621055,134.7457097884168,63.77607371453743,4.50561369463955,9.0112273892791,9.0112273892791,,0.0,1.0,64.0,False,circle,360.0,1.0,True,True,14.41796382284656,653.0669948368634,655.3600000000001,28.83592764569312,28.83592764569312
r574_svd_normalised_tr050_tid6_010,r574,6,10,False,101,circle,368.10140845070424,129.5962441314554,118.33333333333353,6.137317807078428,12.274635614156857,12.274635614156853,,2.5809568279517847e-08,1.0,118.66666666666667,False,circle,360.0,1.0,True,True,19.63941698265097,1211.7333333333356,1215.146666666667,39.27883396530194,39.278833965301935
r574_svd_normalised_tr050_tid6_010,r574,6,10,False,102,circle,28.966620087604042,122.67823447181502,98.98450670899994,5.613176201091539,11.22635240218308,11.226352402183075,,2.9802322387695312e-08,1.0,98.11111111111111,False,circle,360.0,1.0,True,True,17.962163843492927,1013.6013487001596,1004.657777777778,35.924327686985855,35.92432768698584
r574_svd_normalised_tr050_tid6_010,r574,6,10,False,103,circle,339.6996805111821,106.8551650692226,34.77777777777771,3.327177555552091,6.654355111104182,6.654355111104182,,0.0,1.0,34.77777777777778,False,circle,360.0,1.0,True,True,10.646968177766691,356.1244444444438,356.1244444444445,21.293936355533383,21.293936355533383
r574_svd_normalised_tr050_tid6_010,r574,6,10,False,104,circle,231.70338983050848,91.3446327683616,13.111111111111109,2.042889200500314,4.085778401000647,4.085778401000607,,1.3978528260658472e-07,1.0,13.11111111111111,False,circle,360.0,1.0,True,True,6.537245441601005,134.2577777777778,134.2577777777778,13.074490883202072,13.074490883201944
r574_svd_normalised_tr050_tid6_010,r574,6,10,False,105,circle,68.67443440278873,231.16876724075976,284.6734887570045,9.519158881213441,19.038317762426892,19.03831776242687,,4.712160915387242e-08,1.0,283.8888888888889,False,circle,360.0,1.0,True,True,30.46130841988301,2915.0565248717267,2907.0222222222233,60.92261683976606,60.92261683976599
r574_svd_normalised_tr050_tid6_010,r574,6,10,False,106,circle,164.41632088520058,110.32641770401105,53.55555555555557,4.128833103117462,8.257666206234928,8.257666206234921,,4.2146848510894035e-08,1.0,53.666666666666664,False,circle,360.0,1.0,True,True,13.21226592997588,548.4088888888891,549.5466666666667,26.42453185995177,26.42453185995175
r574_svd_normalised_tr050_tid6_010,r574,6,10,False,107,circle,289.37983193277313,83.11484593837535,66.11111111111084,4.587354384965438,9.17470876993089,9.174708769930863,,7.598131170262075e-08,1.0,65.88888888888889,False,circle,360.0,1.0,True,True,14.679534031889402,676.9777777777751,674.7022222222223,29.35906806377885,29.359068063778764
r574_svd_normalised_tr050_tid6_010,r574,6,10,False,108,circle,298.55054884182465,240.1918643657505,1301.0580422587993,20.350421060752133,40.70084212150428,40.70084212150425,,3.650024149988857e-08,1.0,1015.6666666666666,True,circle,235.0,0.6527777777777778,True,True,65.12134739440683,13322.834352730108,10400.426666666668,130.2426947888137,130.24269478881362
r574_svd_normalised_tr050_tid6_010,r574,6,10,False,109,circle,34.26899884059409,232.54399383575495,200.86397827282977,7.996060909125683,15.992121818251372,15.992121818251361,,3.650024149988857e-08,1.0,201.11111111111111,False,circle,360.0,1.0,True,True,25.58739490920219,2056.8471375137774,2059.377777777778,51.17478981840439,51.174789818404356
r574_svd_normalised_tr050_tid6_010,r574,6,10,False,110,circle,316.30375426621157,192.12627986348122,32.55555555555559,3.2191233563718824,6.438246712743793,6.438246712743737,,1.3160349229466688e-07,1.0,32.55555555555556,False,circle,360.0,1.0,True,True,10.301194740390024,333.36888888888933,333.368888888889,20.60238948078014,20.602389480779962
r574_svd_normalised_tr050_tid6_010,r574,6,10,False,111,circle,252.3834808259587,13.876106194690266,25.11111111111119,2.827209741021406,5.654419482042822,5.6544194820428,,8.815645848363066e-08,1.0,25.11111111111111,False,circle,360.0,1.0,True,True,9.047071171268499,257.13777777777864,257.13777777777784,18.094142342537033,18.094142342536962
r574_svd_normalised_tr050_tid6_010,r574,6,10,False,112,circle,11.914066776135742,85.27422003284073,67.6666666666666,4.641009476946061,9.282018953892127,9.282018953892116,,4.712160915387242e-08,1.0,68.11111111111111,False,circle,360.0,1.0,True,True,14.851230326227395,692.9066666666661,697.4577777777779,29.702460652454807,29.702460652454775
r574_svd_normalised_tr050_tid6_010,r574,6,10,False,113,circle,109.99377491228284,167.98245188543734,246.07117733505592,8.850247931591127,17.70049586318227,17.70049586318224,,5.5755039852469285e-08,1.0,246.66666666666666,False,circle,360.0,1.0,True,True,28.320793381091608,2519.7688559109733,2525.8666666666672,56.641586762183266,56.641586762183174
r574_svd_normalised_tr050_tid6_010,r574,6,10,False,114,ellipse,294.1641791044776,114.59825870646767,29.777777777777487,3.0787271810361116,6.4673532969013445,5.862404987086112,89.33716912537335,0.42228905852948184,1.0,29.88888888888889,False,ellipse,360.0,1.0,True,True,9.851926979315557,304.9244444444415,306.06222222222226,20.695530550084303,18.75969595867556
r574_svd_normalised_tr050_tid6_010,r574,6,10,False,115,circle,194.04504504504501,17.72222222222223,24.666666666666572,2.8020784891219837,5.604156978243977,5.604156978243958,,8.161702118890973e-08,1.0,24.88888888888889,False,circle,360.0,1.0,True,True,8.966651165190347,252.58666666666574,254.86222222222227,17.933302330380727,17.933302330380666
r574_svd_normalised_tr050_tid6_010,r574,6,10,False,116,circle,9.291346646185357,148.38453661034302,72.33333333333354,4.798376298356309,9.596752596712626,9.596752596712609,,6.143906154658885e-08,1.0,72.44444444444444,False,circle,360.0,1.0,True,True,15.354804154740188,740.6933333333357,741.8311111111112,30.709608309480405,30.70960830948035
r574_svd_normalised_tr050_tid6_010,r574,6,10,False,117,circle,354.48359929078015,175.52216312056737,83.55555555555553,5.157185218596699,10.314370437193398,10.314370437193398,,0.0,1.0,82.66666666666667,False,circle,360.0,1.0,True,True,16.502992699509438,855.6088888888888,846.5066666666669,33.005985399018876,33.005985399018876
r574_svd_normalised_tr050_tid6_010,r574,6,10,False,118,ellipse,369.4719171058222,110.17044967501992,50.235031259024076,3.998788201755517,8.366803562113112,7.6446432445991945,-65.87377576467117,0.4064176178823816,1.0,50.333333333333336,False,ellipse,360.0,1.0,True,True,12.796122245617655,514.4067200924067,515.4133333333334,26.773771398761962,24.462858382717425
r574_svd_normalised_tr050_tid6_010,r574,6,10,False,119,circle,249.48784722222226,110.61284722222221,21.333333333333385,2.6058800634822425,5.211760126964486,5.211760126964485,,2.1073424255447017e-08,1.0,21.444444444444443,False,circle,360.0,1.0,True,True,8.338816203143177,218.45333333333392,219.59111111111113,16.677632406286357,16.677632406286353
r574_svd_normalised_tr050_tid6_010,r574,6,10,False,120,ellipse,43.99131944444444,62.75231481481481,64.00000000000007,4.513516668382052,9.39330902980765,8.675039925170985,69.7464356581757,0.3835166449912444,1.0,63.333333333333336,False,ellipse,360.0,1.0,True,True,14.443253338822567,655.3600000000008,648.5333333333335,30.05858889538448,27.760127760547153
r574_svd_normalised_tr050_tid6_010,r574,6,10,False,121,circle,149.47720507788355,110.05656390788037,26.22190594980046,2.8890641907723422,5.778128381544685,5.778128381544684,,2.5809568279517847e-08,1.0,26.333333333333332,False,circle,360.0,1.0,True,True,9.245005410471496,268.5123169259567,269.65333333333336,18.490010820942995,18.490010820942988
r574_svd_normalised_tr050_tid6_010,r574,6,10,False,122,circle,76.46949404761905,47.89880952380952,49.777777777777686,3.9805475476278938,7.961095095255788,7.9610950952557875,,1.4901161193847656e-08,1.0,49.888888888888886,False,circle,360.0,1.0,True,True,12.73775215240926,509.72444444444363,510.8622222222223,25.475504304818525,25.47550430481852
r574_svd_normalised_tr050_tid6_010,r574,6,10,False,123,circle,195.8099539960629,66.4825352255008,60.152047076265625,4.375727511919376,8.751455023838751,8.751455023838751,,0.0,1.0,60.111111111111114,False,circle,360.0,1.0,True,True,14.002328038142004,615.9569620609601,615.5377777777779,28.004656076284007,28.004656076284007
r574_svd_normalised_tr050_tid6_010,r574,6,10,False,124,circle,56.13186029935851,179.00118793062487,155.88888888888903,7.0442156752572425,14.088431350514487,14.088431350514485,,1.4901161193847656e-08,1.0,156.11111111111111,False,circle,360.0,1.0,True,True,22.541490160823177,1596.302222222224,1598.577777777778,45.08298032164636,45.08298032164635
r574_svd_normalised_tr050_tid6_010,r574,6,10,False,125,circle,360.3325617283951,88.27160493827162,47.999999999999964,3.9088200952233576,7.817640190446735,7.817640190446697,,9.8843121241194e-08,1.0,47.666666666666664,False,circle,360.0,1.0,True,True,12.508224304714744,491.51999999999975,488.10666666666674,25.016448609429553,25.016448609429432
r574_svd_normalised_tr050_tid6_010,r574,6,10,False,126,ellipse,355.7589989364772,62.266594674907054,30.800670497031806,3.1311591975328614,6.511239374514859,6.022913523141744,66.01780683483236,0.3799607097893782,1.0,30.77777777777778,False,ellipse,360.0,1.0,True,True,10.019709432105158,315.39886588960576,315.16444444444454,20.83596599844755,19.27332327405358
r574_svd_normalised_tr050_tid6_010,r574,6,10,False,127,circle,121.7330873308733,121.09163591635917,60.22222222222231,4.378279194077342,8.756558388154684,8.756558388154682,,2.1073424255447017e-08,1.0,60.333333333333336,False,circle,360.0,1.0,True,True,14.010493421047494,616.6755555555566,617.8133333333335,28.020986842094988,28.020986842094985
r574_svd_normalised_tr050_tid6_010,r574,6,10,False,128,circle,303.049670598598,157.02013442952222,36.02799471545745,3.3864534394123114,6.772906878824649,6.772906878824596,,1.255594160136038e-07,1.0,36.333333333333336,False,circle,360.0,1.0,True,True,10.836651006119396,368.9266658862844,372.05333333333346,21.673302012238878,21.673302012238707
r574_svd_normalised_tr050_tid6_010,r574,6,10,False,129,circle,178.7699530516432,138.3755868544601,23.666666666666654,2.7446919632294575,5.489383926458916,5.489383926458915,,1.4901161193847656e-08,1.0,23.666666666666668,False,circle,360.0,1.0,True,True,8.783014282334264,242.34666666666658,242.34666666666672,17.56602856466853,17.566028564668528
r574_svd_normalised_tr050_tid6_010,r574,6,10,False,130,circle,161.32789855072465,26.65398550724638,20.444444444444347,2.551013285775265,5.102026571550541,5.102026571550518,,9.30577218293905e-08,1.0,20.444444444444443,False,circle,360.0,1.0,True,True,8.163242514480848,209.35111111111016,209.35111111111112,16.32648502896173,16.32648502896166
r574_svd_normalised_tr050_tid6_010,r574,6,10,False,131,circle,264.03891708967853,98.58544839255498,21.888888888888967,2.6395927206506475,5.279185441301298,5.279185441301292,,4.470348358154297e-08,1.0,21.88888888888889,False,circle,360.0,1.0,True,True,8.446696706082072,224.14222222222307,224.14222222222227,16.893393412164155,16.893393412164137
r574_svd_normalised_tr050_tid6_010,r574,6,10,False,132,ellipse,324.23591549295776,86.98239436619718,31.555555555555515,3.1692972876262586,6.580818266613853,6.105286540619521,84.02336404545383,0.373227811617497,1.0,31.77777777777778,False,ellipse,360.0,1.0,True,True,10.141751320404028,323.1288888888885,325.4044444444445,21.05861845316433,19.536916929982468
r574_svd_normalised_tr050_tid6_010,r574,6,10,False,133,circle,333.86206896551727,224.1176911544228,148.22222222222229,6.868813484544773,13.737626969089556,13.737626969089536,,5.3726900748371916e-08,1.0,148.11111111111111,False,circle,360.0,1.0,True,True,21.980203150543275,1517.7955555555566,1516.6577777777782,43.96040630108658,43.96040630108652
r574_svd_normalised_tr050_tid6_010,r574,6,10,False,134,circle,246.1324955586263,88.1147983822046,24.273476677032665,2.7796560215881327,5.559312043176276,5.559312043176254,,8.940696716308594e-08,1.0,23.88888888888889,False,circle,360.0,1.0,True,True,8.894899269082025,248.56040117281455,244.62222222222226,17.789798538164085,17.789798538164014
r574_svd_normalised_tr050_tid6_010,r574,6,10,False,135,circle,147.27902023429178,153.72310969116083,34.77777777777789,3.3271775555520997,6.654355111104199,6.654355111104199,,0.0,1.0,34.666666666666664,False,circle,360.0,1.0,True,True,10.64696817776672,356.12444444444566,354.98666666666674,21.29393635553344,21.29393635553344
r574_svd_normalised_tr050_tid6_010,r574,6,10,False,136,circle,36.71948909637189,121.24233587310022,61.95570375425477,4.440845979141079,8.881691958282167,8.88169195828215,,5.960464477539063e-08,1.0,62.22222222222222,False,circle,360.0,1.0,True,True,14.210707133251454,634.426406443569,637.1555555555557,28.421414266502936,28.421414266502882
r574_svd_normalised_tr050_tid6_010,r574,6,10,False,137,circle,263.7642062696393,106.3571248888114,39.91671820988409,3.564531670531018,7.1290633410620545,7.129063341062016,,1.0323827311807139e-07,1.0,39.666666666666664,False,circle,360.0,1.0,True,True,11.406501345699258,408.7471944692131,406.1866666666667,22.813002691398577,22.813002691398452
r574_svd_normalised_tr050_tid6_010,r574,6,10,False,138,circle,316.11425251262796,141.1977570649742,27.171557257729432,2.940914024269361,5.88182804853875,5.881828048538694,,1.3898877878619456e-07,1.0,27.666666666666668,False,circle,360.0,1.0,True,True,9.410924877661955,278.23674631914946,283.30666666666673,18.821849755324003,18.82184975532382
r574_svd_normalised_tr050_tid6_010,r574,6,10,False,139,circle,201.39629721222772,207.79579066026062,155.46018834267656,7.0345230724952525,14.069046144990505,14.069046144990503,,1.4901161193847656e-08,1.0,155.55555555555554,False,circle,360.0,1.0,True,True,22.51047383198481,1591.9123286290082,1592.8888888888891,45.02094766396962,45.020947663969615
r574_svd_normalised_tr050_tid6_010,r574,6,10,False,140,circle,398.6621516621786,125.12426677029983,144.66184516038768,6.785815755540387,13.571631511080795,13.571631511080753,,7.884953353001448e-08,1.0,83.55555555555556,True,circle,195.0,0.5416666666666666,True,True,21.71461041772924,1481.3372944423702,855.608888888889,43.42922083545855,43.42922083545841
r574_svd_normalised_tr050_tid6_010,r574,6,10,False,141,circle,77.5740519405619,102.996520223555,44.75716097457179,3.774473051397446,7.548946102794892,7.548946102794892,,0.0,1.0,45.111111111111114,False,circle,360.0,1.0,True,True,12.078313764471828,458.3133283796152,461.9377777777779,24.156627528943655,24.156627528943655
r574_svd_normalised_tr050_tid6_010,r574,6,10,False,142,circle,158.20199190787423,224.28081232492997,475.9999999999996,12.30916348999737,24.61832697999474,24.618326979994738,,1.4901161193847656e-08,1.0,475.8888888888889,False,circle,360.0,1.0,True,True,39.38932316799159,4874.239999999997,4873.102222222224,78.77864633598318,78.77864633598317
r574_svd_normalised_tr050_tid6_010,r574,6,10,False,143,circle,276.001996007984,111.1350632069195,55.66666666666656,4.209423990393181,8.418847980786362,8.41884798078636,,2.1073424255447017e-08,1.0,55.888888888888886,False,circle,360.0,1.0,True,True,13.47015676925818,570.0266666666656,572.3022222222223,26.94031353851636,26.940313538516353
r574_svd_normalised_tr050_tid6_010,r574,6,10,False,144,circle,62.3357326775406,165.8688263446625,198.08689885326882,7.940593065287003,15.881186130574012,15.881186130574003,,3.332000937312528e-08,1.0,198.11111111111111,False,circle,360.0,1.0,True,True,25.409897808918412,2028.4098442574732,2028.6577777777782,50.81979561783684,50.81979561783681
r574_svd_normalised_tr050_tid6_010,r574,6,10,False,145,circle,214.44098818655237,112.00849997984606,24.219243620866777,2.7765490596089966,5.553098119217994,5.553098119217991,,2.9802322387695312e-08,1.0,24.333333333333332,False,circle,360.0,1.0,True,True,8.884956990748789,248.00505467767584,249.17333333333337,17.76991398149758,17.769913981497574
r574_svd_normalised_tr050_tid6_010,r574,6,10,False,146,circle,348.4028728266834,116.69390570271176,18.662034714725525,2.4372751477833257,4.874550295566666,4.874550295566637,,1.0950072449966572e-07,1.0,19.0,False,circle,360.0,1.0,True,True,7.799280472906642,191.0992354787894,194.56000000000003,15.598560945813333,15.59856094581324
r574_svd_normalised_tr050_tid6_010,r574,6,10,False,147,circle,125.70481346259518,134.3681585068091,72.3468528952095,4.798824700989773,9.597649401979552,9.597649401979538,,5.3726900748371916e-08,1.0,72.66666666666667,False,circle,360.0,1.0,True,True,15.356239043167273,740.8317736469454,744.1066666666669,30.71247808633457,30.712478086334524
r574_svd_normalised_tr050_tid6_010,r574,6,10,False,148,circle,394.8366889929623,158.4425870378421,72.86701049103546,4.81604503882123,9.632090077642488,9.632090077642431,,1.0848209096909341e-07,1.0,72.88888888888889,True,circle,331.0,0.9194444444444444,True,True,15.411344124227936,746.1581874282033,746.3822222222224,30.82268824845596,30.82268824845578
r574_svd_normalised_tr050_tid6_010,r574,6,10,False,149,circle,383.10217391304343,89.35434782608695,51.11111111111135,4.033506162199946,8.06701232439991,8.067012324399872,,9.657056180250437e-08,1.0,51.333333333333336,False,circle,360.0,1.0,True,True,12.907219719039828,523.3777777777804,525.6533333333334,25.814439438079713,25.814439438079592
r574_svd_normalised_tr050_tid6_010,r574,6,10,False,150,circle,170.26532325776657,203.72795969773296,44.11111111111103,3.7471326047016666,7.494265209403333,7.494265209403333,,0.0,1.0,44.0,False,circle,360.0,1.0,True,True,11.990824335045334,451.69777777777705,450.56000000000006,23.981648670090667,23.981648670090667
r574_svd_normalised_tr050_tid6_010,r574,6,10,False,151,ellipse,185.6365698103823,23.848261179533903,64.0568316801826,4.515520213819573,9.436704378317362,8.64281511170909,-66.96859579897963,0.40146996195314577,1.0,63.77777777777778,False,ellipse,360.0,1.0,True,True,14.449664684222634,655.94195640507,653.0844444444446,30.19745401061556,27.657008357469092
r574_svd_normalised_tr050_tid6_010,r574,6,10,False,152,circle,249.40965249282135,65.94106388066194,18.103143793293277,2.400501955927547,4.801003911855105,4.801003911855084,,9.424321830774485e-08,1.0,18.11111111111111,False,circle,360.0,1.0,True,True,7.681606258968151,185.3761924433232,185.4577777777778,15.363212517936336,15.363212517936269
r574_svd_normalised_tr050_tid6_010,r574,6,10,False,153,circle,57.21218487394958,224.93720821661998,158.6666666666663,7.106698854449089,14.21339770889818,14.213397708898178,,1.4901161193847656e-08,1.0,158.55555555555554,False,circle,360.0,1.0,True,True,22.741436334237086,1624.746666666663,1623.6088888888892,45.48287266847418,45.48287266847417
r574_svd_normalised_tr050_tid6_010,r574,6,10,False,154,circle,259.11141181777174,132.51556156968874,82.11111111111096,5.112414149127819,10.22482829825565,10.224828298255625,,6.989264130329236e-08,1.0,81.66666666666667,False,circle,360.0,1.0,True,True,16.35972527720902,840.8177777777764,836.2666666666669,32.71945055441808,32.719450554418
r574_svd_normalised_tr050_tid6_010,r574,6,10,False,155,ellipse,380.16856780735105,120.94169835234473,29.222222222222,3.0498724939893673,6.420009764788134,5.79545674874835,-69.79356045199762,0.4302332736649528,1.0,29.0,False,ellipse,360.0,1.0,True,True,9.759591980765975,299.23555555555333,296.96000000000004,20.544031247322028,18.54546159599472
r574_svd_normalised_tr050_tid6_010,r574,6,10,False,156,circle,43.83871143871144,208.65520065520064,678.3333333333338,14.694223563291967,29.38844712658394,29.388447126583923,,3.332000937312528e-08,1.0,677.7777777777778,False,circle,360.0,1.0,True,True,47.0215154025343,6946.13333333334,6940.444444444446,94.04303080506861,94.04303080506855
r574_svd_normalised_tr050_tid6_010,r574,6,10,False,157,circle,114.888,237.312,97.22222222222241,5.562984315103793,11.125968630207588,11.125968630207586,,1.4901161193847656e-08,1.0,96.88888888888889,False,circle,360.0,1.0,True,True,17.801549808332137,995.5555555555577,992.1422222222224,35.60309961666428,35.603099616664274
r574_svd_normalised_tr050_tid6_010,r574,6,10,False,158,circle,378.88855943323233,162.59954442403938,97.05381616075007,5.558164191154387,11.11632838230881,11.116328382308737,,1.1445799094242763e-07,1.0,97.22222222222223,False,circle,360.0,1.0,True,True,17.78612541169404,993.831077486081,995.5555555555558,35.572250823388195,35.57225082338796
r574_svd_normalised_tr050_tid6_010,r574,6,10,False,159,circle,113.59264043477884,151.6839215962913,79.18372845016795,5.020454520317971,10.040909040635954,10.04090904063593,,6.989264130329236e-08,1.0,79.11111111111111,False,circle,360.0,1.0,True,True,16.065454465017506,810.84137932972,810.097777777778,32.130908930035055,32.13090893003498
r574_svd_normalised_tr050_tid6_010,r574,6,10,False,160,circle,337.0347417840376,137.2319248826291,39.44444444444453,3.543382088019015,7.0867641760380575,7.0867641760380025,,1.2467205919833117e-07,1.0,39.55555555555556,False,circle,360.0,1.0,True,True,11.338822681660849,403.91111111111206,405.048888888889,22.677645363321787,22.67764536332161
r574_svd_normalised_tr050_tid6_010,r574,6,10,False,161,circle,119.10729570506305,154.70626367427468,87.79723311190385,5.286466426555819,10.572932853111647,10.572932853111631,,5.5755039852469285e-08,1.0,87.33333333333333,False,circle,360.0,1.0,True,True,16.91669256497862,899.0436670658956,894.2933333333334,33.83338512995727,33.83338512995722
r574_svd_normalised_tr050_tid6_010,r574,6,10,False,162,ellipse,192.29236499068898,85.12476722532588,39.77777777777762,3.5583226268971893,7.397514913461669,6.846439684249849,69.6170181889284,0.37873451562425886,1.0,39.55555555555556,False,ellipse,360.0,1.0,True,True,11.386632406071007,407.3244444444429,405.048888888889,23.67204772307734,21.90860698959952
r574_svd_normalised_tr050_tid6_010,r574,6,10,False,163,circle,127.08402082828835,220.47206129180063,152.81304718999095,6.974374786204442,13.948749572408884,13.948749572408884,,0.0,1.0,153.11111111111111,False,circle,360.0,1.0,True,True,22.317999315854216,1564.8056032255076,1567.8577777777782,44.63599863170843,44.63599863170843
r574_svd_normalised_tr050_tid6_010,r574,6,10,False,164,circle,315.43798449612405,181.12790697674416,9.555555555555706,1.7440263189848444,3.4880526379697288,3.4880526379696484,,2.1490760299348766e-07,1.0,9.444444444444445,False,circle,360.0,1.0,True,True,5.580884220751503,97.84888888889046,96.71111111111114,11.161768441503133,11.161768441502876
r574_svd_normalised_tr050_tid6_010,r574,6,10,False,165,ellipse,145.00546448087434,208.96895181321406,149.11111111111083,6.889378840397461,14.513539989051205,13.081175465757363,32.75084308149579,0.43317799236716564,1.0,149.44444444444446,False,ellipse,360.0,1.0,True,True,22.046012289271875,1526.8977777777752,1530.3111111111116,46.443327964963856,41.859761490423566
r574_svd_normalised_tr050_tid6_010,r574,6,10,False,166,circle,368.6514463869559,240.63148383102703,328.86734234791294,10.231408813664416,20.462817627328832,20.462817627328832,,0.0,1.0,319.44444444444446,True,circle,301.0,0.8361111111111111,True,True,32.74050820372613,3367.6015856426293,3271.1111111111118,65.48101640745226,65.48101640745226
r574_svd_normalised_tr050_tid6_010,r574,6,10,False,167,circle,246.46781566269925,149.52457848392945,24.963047020144018,2.818862298123599,5.637724596247198,5.637724596247198,,0.0,1.0,24.666666666666668,False,circle,360.0,1.0,True,True,9.020359353995516,255.62160148627478,252.58666666666673,18.040718707991033,18.040718707991033
r574_svd_normalised_tr050_tid6_010,r574,6,10,False,168,ellipse,126.95403738343478,126.0983269509866,59.765933610342636,4.361661097010651,9.301320602203914,8.181241498403342,-84.19508455352215,0.4757538081408211,1.0,59.77777777777778,False,ellipse,360.0,1.0,True,True,13.957315510434084,612.0031601699087,612.1244444444445,29.764225927052525,26.179972794890695
r574_svd_normalised_tr050_tid6_010,r574,6,10,False,169,ellipse,173.7149080942768,247.8147019751114,316.7475263416113,10.041108955628134,23.78549272060751,16.955523308784393,-89.11123917344764,0.7013150434839066,1.0,197.55555555555554,True,ellipse,203.0,0.5638888888888889,True,True,32.13154865801003,3243.4946697381006,2022.968888888889,76.11357670594404,54.25767458811006
r574_svd_normalised_tr050_tid6_010,r574,6,10,False,170,ellipse,143.71866721066965,246.99834535099035,567.6770905840345,13.442366982527648,30.37315982213262,23.796961679472965,-76.23258683422154,0.6214087647500124,1.0,358.1111111111111,True,ellipse,204.0,0.5666666666666667,True,True,43.01557434408848,5813.0134075805145,3667.057777777778,97.19411143082439,76.15027737431349
r574_svd_normalised_tr050_tid6_010,r574,6,10,False,171,ellipse,225.71125265392783,71.27600849256899,17.44444444444449,2.35642507320954,4.900994325567508,4.5319286306315885,-77.96583129138176,0.3807069309699055,1.0,17.333333333333332,False,ellipse,360.0,1.0,True,True,7.5405602342705285,178.6311111111116,177.49333333333337,15.683181841816026,14.502171618021084
r574_svd_normalised_tr050_tid6_010,r574,6,10,False,172,circle,358.17218022742,231.07263811274035,273.91533975696024,9.337556458840416,18.67511291768086,18.675112917680806,,7.598131170262075e-08,1.0,274.22222222222223,False,circle,360.0,1.0,True,True,29.88018066828933,2804.8930791112734,2808.035555555556,59.760361336578754,59.76036133657858
r574_svd_normalised_tr050_tid6_010,r574,6,10,False,173,ellipse,264.5055292259084,88.69352290679306,23.444444444444176,2.731775694077614,5.784660716703086,5.160266994539634,-54.30184130465531,0.45191610747552396,1.0,23.11111111111111,False,ellipse,360.0,1.0,True,True,8.741682221048364,240.07111111110842,236.65777777777782,18.510914293449876,16.51285438252683
r574_svd_normalised_tr050_tid6_010,r574,6,10,False,174,circle,340.93086419753087,62.264197530864195,15.000000000000153,2.185096861184169,4.370193722368361,4.370193722368316,,1.4370159448672764e-07,1.0,15.0,False,circle,360.0,1.0,True,True,6.992309955789342,153.6000000000016,153.60000000000002,13.984619911578756,13.984619911578612
r574_svd_normalised_tr050_tid6_010,r574,6,10,False,175,ellipse,111.46766169154229,133.18242122719735,22.333333333333343,2.6662559500989387,5.624822279122201,5.055392287023439,-77.3318994170794,0.4384310995747327,1.0,22.11111111111111,False,ellipse,360.0,1.0,True,True,8.532019040316603,228.69333333333347,226.41777777777781,17.999431293191044,16.177255318475005
r574_svd_normalised_tr050_tid6_010,r574,6,10,False,176,circle,386.29931972789126,59.27891156462586,21.777777777777732,2.63288472322286,5.265769446445735,5.265769446445705,,1.0745380149674383e-07,1.0,21.666666666666668,False,circle,360.0,1.0,True,True,8.425231114313153,223.00444444444403,221.86666666666673,16.850462228626352,16.850462228626256
r574_svd_normalised_tr050_tid6_010,r574,6,10,False,177,circle,32.66259168704156,50.109209453952744,45.44444444444446,3.8033427322286792,7.60668546445736,7.606685464457356,,3.332000937312528e-08,1.0,45.666666666666664,False,circle,360.0,1.0,True,True,12.170696743131774,465.3511111111113,467.6266666666667,24.341393486263556,24.34139348626354
r574_svd_normalised_tr050_tid6_010,r574,6,10,False,178,circle,90.9353845859715,222.06657707285717,31.261121507750026,3.154476823359075,6.308953646718159,6.308953646718142,,7.300048299977713e-08,1.0,31.444444444444443,False,circle,360.0,1.0,True,True,10.094325834749041,320.11388423936035,321.99111111111114,20.18865166949811,20.188651669498057
r574_svd_normalised_tr050_tid6_010,r574,6,10,False,179,ellipse,325.7013333333333,183.5253333333333,13.888888888889161,2.1026104350168207,4.375309201124802,4.041744652291165,89.27733794552432,0.3829669067148877,1.0,14.11111111111111,False,ellipse,360.0,1.0,True,True,6.728353392053826,142.22222222222504,144.4977777777778,14.000989443599366,12.933582887331728
r574_svd_normalised_tr050_tid6_010,r574,6,10,False,180,circle,288.576402295404,189.7194717508848,61.0915226844065,4.409765938512826,8.819531877025678,8.819531877025623,,1.1151007970493857e-07,1.0,61.0,False,circle,360.0,1.0,True,True,14.111251003241044,625.5771922883226,624.6400000000001,28.222502006482173,28.222502006481996
r574_svd_normalised_tr050_tid6_010,r574,6,10,False,181,circle,348.36534045161704,111.02301838289088,18.873698674833236,2.451057909771478,4.902115819542985,4.902115819542928,,1.519626234052415e-07,1.0,19.333333333333332,False,circle,360.0,1.0,True,True,7.84338531126873,193.26667443029237,197.97333333333336,15.686770622537551,15.68677062253737
r574_svd_normalised_tr050_tid6_010,r574,6,10,False,182,circle,72.82113619278984,207.83426191730376,174.11050917737157,7.444534663741649,14.889069327483298,14.889069327483298,,0.0,1.0,173.77777777777777,False,circle,360.0,1.0,True,True,23.82251092397328,1782.8916139762853,1779.4844444444448,47.64502184794656,47.64502184794656
r574_svd_normalised_tr050_tid6_010,r574,6,10,False,183,circle,180.38130997079685,206.00125156445557,88.77777777777781,5.315904846787075,10.631809693574152,10.63180969357415,,2.1073424255447017e-08,1.0,88.33333333333333,False,circle,360.0,1.0,True,True,17.01089550971864,909.084444444445,904.5333333333334,34.02179101943729,34.02179101943728
r574_svd_normalised_tr050_tid6_010,r574,6,10,False,184,circle,77.86915535444946,170.7997737556561,98.22222222222217,5.59152075702796,11.183041514055933,11.18304151405591,,6.495265578539184e-08,1.0,98.44444444444444,False,circle,360.0,1.0,True,True,17.892866422489472,1005.7955555555552,1008.0711111111112,35.78573284497899,35.78573284497892
r574_svd_normalised_tr050_tid6_010,r574,6,10,False,185,circle,345.9221848943547,69.25446517664417,20.523571477803415,2.555945167875183,5.111890335750376,5.111890335750356,,8.688795409866125e-08,1.0,20.333333333333332,False,circle,360.0,1.0,True,True,8.179024537200586,210.161371932707,208.21333333333337,16.358049074401205,16.35804907440114
r574_svd_normalised_tr050_tid6_010,r574,6,10,False,186,circle,127.0930692043819,147.86003914911763,88.47178937558033,5.306735833506062,10.613471667012131,10.613471667012115,,5.5755039852469285e-08,1.0,88.88888888888889,False,circle,360.0,1.0,True,True,16.9815546672194,905.9511232059427,910.2222222222224,33.96310933443882,33.96310933443877
r574_svd_normalised_tr050_tid6_010,r574,6,10,False,187,circle,21.728598026883514,239.88259692865566,164.5600926553458,7.237479144254384,14.47495828850878,14.474958288508756,,5.7711949142924205e-08,1.0,164.66666666666666,False,circle,360.0,1.0,True,True,23.15993326161403,1685.0953487907414,1686.186666666667,46.3198665232281,46.31986652322802
r574_svd_normalised_tr050_tid6_010,r574,6,10,False,188,circle,255.32282633864537,3.3605003271765606,23.62517821906677,2.7422851401673958,5.484570280334793,5.48457028033479,,3.650024149988857e-08,1.0,24.0,False,circle,360.0,1.0,True,True,8.775312448535667,241.92182496324375,245.76000000000005,17.55062489707134,17.550624897071327
r574_svd_normalised_tr050_tid6_010,r574,6,10,False,189,circle,144.10485133020345,26.414710485133018,23.666666666666643,2.744691963229457,5.4893839264589195,5.489383926458909,,6.143906154658885e-08,1.0,23.77777777777778,False,circle,360.0,1.0,True,True,8.783014282334262,242.34666666666647,243.4844444444445,17.566028564668542,17.56602856466851
r574_svd_normalised_tr050_tid6_010,r574,6,10,False,190,circle,322.5358369987244,96.56879862368848,27.665528602727225,2.967526117955579,5.935052235911172,5.935052235911144,,9.771344846937061e-08,1.0,27.77777777777778,False,circle,360.0,1.0,True,True,9.496083577457853,283.29501289192683,284.4444444444445,18.99216715491575,18.99216715491566
r574_svd_normalised_tr050_tid6_010,r574,6,10,False,191,circle,112.26078867901602,181.16646187224094,74.9032082428487,4.882871254762094,9.765742509524204,9.765742509524172,,8.024520884654677e-08,1.0,74.66666666666667,False,circle,360.0,1.0,True,True,15.6251880152387,767.0088524067709,764.5866666666668,31.250376030477454,31.25037603047735
r574_svd_normalised_tr050_tid6_010,r574,6,10,False,192,ellipse,304.976969007677,237.2631978011563,390.7777777777789,11.152956108924641,23.571345808447326,21.108413745815405,72.61939147708705,0.4450381591680949,1.0,390.6666666666667,False,ellipse,360.0,1.0,True,True,35.68945954855885,4001.564444444457,4000.4266666666676,75.42830658703144,67.5469239866093
r574_svd_normalised_tr050_tid6_010,r574,6,10,False,193,ellipse,211.20625,127.74791666666667,17.777777777777892,2.378832154870369,4.944524155935859,4.577866134399859,-4.345209065670701,0.37790190507908084,1.0,17.88888888888889,False,ellipse,360.0,1.0,True,True,7.612262895585181,182.04444444444565,183.18222222222226,15.82247729899475,14.649171630079548
r574_svd_normalised_tr050_tid6_010,r574,6,10,False,194,ellipse,392.4273411307388,64.60274903638754,42.199542886729795,3.6650418405910394,7.609712893457927,7.060729823239932,-39.59018948714822,0.37293471692293334,1.0,42.333333333333336,False,ellipse,360.0,1.0,True,True,11.728133889891327,432.12331916011317,433.49333333333345,24.351081259065367,22.594335434367782
r574_svd_normalised_tr050_tid6_010,r574,6,10,False,195,circle,111.78595573001853,214.97186784429178,339.66666666666674,10.39804106584958,20.796082131699173,20.796082131699144,,5.1619136559035694e-08,1.0,339.8888888888889,False,circle,360.0,1.0,True,True,33.27373141071865,3478.1866666666683,3480.4622222222233,66.54746282143735,66.54746282143726
r574_svd_normalised_tr050_tid6_010,r574,6,10,False,196,ellipse,376.88706630877823,221.77602147330748,372.55555555555475,10.889817100669209,23.24925116539533,20.402913735567804,70.07434216384576,0.47944314797977194,1.0,372.6666666666667,False,ellipse,360.0,1.0,True,True,34.84741472214147,3814.9688888888813,3816.1066666666675,74.39760372926506,65.28932395381698
r574_svd_normalised_tr050_tid6_010,r574,6,10,False,197,circle,313.23260147225835,49.35128816957945,26.00252857245303,2.8769535815491167,5.7539071630982335,5.7539071630982335,,0.0,1.0,25.77777777777778,False,circle,360.0,1.0,True,True,9.206251460957175,266.2658925819191,263.9644444444445,18.41250292191435,18.41250292191435
r574_svd_normalised_tr050_tid6_010,r574,6,10,False,198,circle,315.7674135195777,157.64475590482945,23.600983353105605,2.7408805747337084,5.481761149467445,5.481761149467388,,1.4370159448672764e-07,1.0,23.333333333333332,False,circle,360.0,1.0,True,True,8.770817839147867,241.67406953580144,238.93333333333337,17.541635678295826,17.541635678295645
r574_svd_normalised_tr050_tid6_010,r574,6,10,False,199,ellipse,315.74681238615665,99.96357012750457,20.33333333333315,2.5440717401579604,5.2919397747881805,4.892195523392493,13.30799890058492,0.38127497445819825,1.0,20.22222222222222,False,ellipse,360.0,1.0,True,True,8.141029568505473,208.21333333333152,207.07555555555558,16.934207279322177,15.655025674855978
r574_svd_normalised_tr050_tid6_010,r574,6,10,False,200,circle,231.12941176470588,67.80196078431374,18.888888888888975,2.452044060036548,4.904088120073096,4.904088120073096,,0.0,1.0,18.666666666666668,False,circle,360.0,1.0,True,True,7.846540992116954,193.42222222222313,191.1466666666667,15.693081984233908,15.693081984233908
r574_svd_normalised_tr050_tid6_010,r574,6,10,False,201,circle,114.56491228070175,48.18421052631579,21.111111111111164,2.592272241681254,5.18454448336251,5.184544483362506,,3.650024149988857e-08,1.0,21.333333333333332,False,circle,360.0,1.0,True,True,8.295271173380014,216.17777777777837,218.45333333333338,16.59054234676003,16.59054234676002
r574_svd_normalised_tr050_tid6_010,r574,6,10,False,202,circle,75.23265725418848,212.69542713340672,152.14474446737893,6.959107435215619,13.918214870431251,13.918214870431221,,6.664001874625056e-08,1.0,151.77777777777777,False,circle,360.0,1.0,True,True,22.26914379268998,1557.9621833459605,1554.2044444444448,44.538287585380004,44.53828758537991
r574_svd_normalised_tr050_tid6_010,r574,6,10,False,203,ellipse,86.7177033492823,122.4736842105263,46.44444444444449,3.844961095379317,8.06079524554962,7.336112814994347,87.14172826033388,0.41439330924105616,1.0,46.22222222222222,False,ellipse,360.0,1.0,True,True,12.303875505213815,475.5911111111117,473.31555555555565,25.794544785758788,23.47556100798191
r574_svd_normalised_tr050_tid6_010,r574,6,10,False,204,circle,29.922858465849565,197.56707803116385,147.61306205857235,6.854684309514553,13.70936861902911,13.709368619029101,,3.650024149988857e-08,1.0,147.55555555555554,False,circle,360.0,1.0,True,True,21.934989790446572,1511.5577554797812,1510.968888888889,43.86997958089316,43.86997958089313
r574_svd_normalised_tr050_tid6_010,r574,6,10,False,205,circle,354.8421988374892,100.7047020364799,12.955959180691115,2.030765838841994,4.061531677684002,4.061531677683973,,1.1827430029502171e-07,1.0,13.0,False,circle,360.0,1.0,True,True,6.49845068429438,132.66902201027705,133.12000000000003,12.996901368588807,12.996901368588716
r574_svd_normalised_tr050_tid6_010,r574,6,10,False,206,circle,352.21709006928404,187.73210161662817,48.11111111111138,3.9133415774697675,7.826683154939539,7.8266831549395315,,4.2146848510894035e-08,1.0,48.111111111111114,False,circle,360.0,1.0,True,True,12.522693047903257,492.6577777777806,492.6577777777779,25.045386095806524,25.045386095806503
r574_svd_normalised_tr050_tid6_010,r574,6,10,False,207,ellipse,250.96401118099234,197.65199161425576,106.00000000000028,5.808687281605191,12.678575793559352,10.644996247172202,-88.01760730027692,0.5431973509889624,1.0,105.44444444444444,False,ellipse,360.0,1.0,True,True,18.58779930113661,1085.440000000003,1079.7511111111114,40.57144253938993,34.06398799095105
r574_svd_normalised_tr050_tid6_010,r574,6,10,False,208,circle,404.18980651619813,178.00288046515408,335.04875572168925,10.327116310945257,20.654232621890515,20.654232621890515,,0.0,1.0,74.55555555555556,True,circle,125.0,0.3472222222222222,False,True,33.04677219502482,3430.8992585900987,763.4488888888891,66.09354439004964,66.09354439004964
r574_svd_normalised_tr050_tid6_010,r574,6,10,False,209,ellipse,331.4978166627659,183.83170109480722,21.753734231612427,2.6314309163147303,5.665293904700889,4.889016375013696,86.28270195463512,0.505243798083121,1.0,21.555555555555557,False,ellipse,360.0,1.0,True,True,8.420578932207137,222.7582385317113,220.72888888888895,18.128940495042844,15.64485240004383
r574_svd_normalised_tr050_tid6_010,r574,6,10,False,210,circle,275.2832140015911,132.97454256165472,46.55555555555529,3.849557583685682,7.699115167371366,7.699115167371363,,2.5809568279517847e-08,1.0,46.77777777777778,False,circle,360.0,1.0,True,True,12.318584267794183,476.7288888888862,479.0044444444446,24.637168535588373,24.637168535588362
r574_svd_normalised_tr050_tid6_010,r574,6,10,False,211,circle,280.9779411764706,83.87990196078431,15.111111111111144,2.193174880826516,4.38634976165304,4.386349761653024,,8.560065398421926e-08,1.0,14.88888888888889,False,circle,360.0,1.0,True,True,7.018159618644852,154.73777777777815,152.46222222222227,14.03631923728973,14.036319237289678
r574_svd_normalised_tr050_tid6_010,r574,6,10,False,212,circle,96.9047619047619,94.13714285714286,19.44444444444441,2.487842217267434,4.975684434534868,4.975684434534867,,2.1073424255447017e-08,1.0,19.444444444444443,False,circle,360.0,1.0,True,True,7.961095095255789,199.1111111111108,199.11111111111114,15.922190190511579,15.922190190511575
r574_svd_normalised_tr050_tid6_010,r574,6,10,False,213,circle,128.52893352462937,157.1272118603539,77.44444444444454,4.965010805293182,9.930021610586376,9.93002161058635,,7.300048299977713e-08,1.0,77.77777777777777,False,circle,360.0,1.0,True,True,15.888034576938182,793.0311111111123,796.4444444444446,31.776069153876406,31.77606915387632
r574_svd_normalised_tr050_tid6_010,r574,6,10,False,214,ellipse,281.6565656565657,149.55176767676767,29.333333333333407,3.055665229491698,6.359363053700279,5.8729718154975545,2.408489836875475,0.38356055021377816,1.0,29.22222222222222,False,ellipse,360.0,1.0,True,True,9.778128734373434,300.37333333333413,299.2355555555556,20.349961771840896,18.793509809592177
r574_svd_normalised_tr050_tid6_010,r574,6,10,False,215,ellipse,305.5925154481705,219.37374158161498,533.444444444444,13.030757475929265,29.19148588224549,23.267145918017228,67.65995855558975,0.6039100599185451,1.0,533.5555555555555,False,ellipse,360.0,1.0,True,True,41.69842392297365,5462.471111111107,5463.60888888889,93.41275482318558,74.45486693765513
r574_svd_normalised_tr050_tid6_010,r574,6,10,False,216,circle,338.38396624472574,70.95569620253164,17.555555555555525,2.363917699663441,4.727835399326883,4.72783539932688,,3.942476676500724e-08,1.0,17.333333333333332,False,circle,360.0,1.0,True,True,7.564536638923011,179.76888888888863,177.49333333333337,15.129073277846027,15.129073277846016
r574_svd_normalised_tr050_tid6_010,r574,6,10,False,217,ellipse,132.75251548197213,137.15190374517786,15.75199465694227,2.2391997736733926,4.805123650072901,4.173891030956427,9.275687198558984,0.49545531255391223,1.0,15.88888888888889,False,ellipse,360.0,1.0,True,True,7.165439275754856,161.30042528708887,162.70222222222225,15.376395680233285,13.356451299060566
r574_svd_normalised_tr050_tid6_010,r574,6,10,False,218,ellipse,153.5702005730659,130.22110792741165,77.55555555555584,4.968571229418941,10.361920805536322,9.529777548046752,49.72970207252661,0.3926401554418191,1.0,77.77777777777777,False,ellipse,360.0,1.0,True,True,15.899427934140611,794.168888888892,796.4444444444446,33.15814657771623,30.49528815374961
r574_svd_normalised_tr050_tid6_010,r574,6,10,False,219,circle,85.47208287196764,55.066930330410436,26.336159264421326,2.8953514221897376,5.790702844379482,5.790702844379469,,6.828569911354542e-08,1.0,26.444444444444443,False,circle,360.0,1.0,True,True,9.26512455100716,269.68227086767445,270.79111111111115,18.530249102014345,18.530249102014302
r574_svd_normalised_tr050_tid6_010,r574,6,10,False,220,circle,327.3587342445914,121.6373868108951,43.261394093479375,3.710866398841049,7.4217327976820995,7.421732797682096,,2.9802322387695312e-08,1.0,43.333333333333336,False,circle,360.0,1.0,True,True,11.874772476291357,442.9966755172289,443.73333333333346,23.74954495258272,23.74954495258271
r574_svd_normalised_tr050_tid6_010,r574,6,10,False,221,ellipse,253.81377777777783,188.51022222222224,83.33333333333334,5.150322693642528,11.310704583115031,9.380785663254894,-82.72352892701281,0.5586962517167255,1.0,83.66666666666667,False,ellipse,360.0,1.0,True,True,16.48103261965609,853.3333333333336,856.7466666666669,36.1942546659681,30.018514122415663
r574_svd_normalised_tr050_tid6_010,r574,6,10,False,222,circle,9.61244019138756,158.35765550239233,92.88888888888867,5.437596127882332,10.875192255764668,10.875192255764661,,3.650024149988857e-08,1.0,93.11111111111111,False,circle,360.0,1.0,True,True,17.400307609223464,951.1822222222202,953.457777777778,34.80061521844694,34.800615218446914
r574_svd_normalised_tr050_tid6_010,r574,6,10,False,223,ellipse,21.821488021002686,69.83025747195313,43.354482169962196,3.71485669778497,7.878628444185175,7.006377002211884,10.778542277548581,0.45734583391404426,1.0,43.666666666666664,False,ellipse,360.0,1.0,True,True,11.887541432911904,443.949897420413,447.1466666666667,25.21161102139256,22.42040640707803
r574_svd_normalised_tr050_tid6_010,r574,6,10,False,224,circle,262.3208722741433,9.221183800623054,11.888888888888962,1.9453408105198378,3.890681621039689,3.890681621039662,,1.1733186057227569e-07,1.0,11.777777777777779,False,circle,360.0,1.0,True,True,6.225090593663481,121.74222222222299,120.60444444444448,12.450181187327004,12.450181187326919
r574_svd_normalised_tr050_tid6_010,r574,6,10,False,225,circle,107.9260808926081,91.26778242677824,26.555555555555497,2.9073864322508283,5.814772864501657,5.8147728645016565,,1.4901161193847656e-08,1.0,26.444444444444443,False,circle,360.0,1.0,True,True,9.303636583202652,271.92888888888837,270.79111111111115,18.607273166405303,18.607273166405303
r574_svd_normalised_tr050_tid6_010,r574,6,10,False,226,ellipse,3.3615948071021458,221.35928481359255,43.235803347367806,3.7097686777702736,7.722356558046018,7.1285926978992995,-71.1634569778503,0.38453346133008787,1.0,43.333333333333336,False,ellipse,360.0,1.0,True,True,11.871259768864876,442.7346262770464,443.73333333333346,24.71154098574726,22.81149663327776
r574_svd_normalised_tr050_tid6_010,r574,6,10,False,227,ellipse,312.5462962962963,81.50617283950618,12.000000000000131,1.9544100476116903,4.080180117247987,3.7446568773359603,-10.824423650471942,0.3971180413377172,1.0,12.0,False,ellipse,360.0,1.0,True,True,6.2541121523574095,122.88000000000137,122.88000000000002,13.056576375193558,11.982902007475074
r574_svd_normalised_tr050_tid6_010,r574,6,10,False,228,circle,137.114401653393,162.88670459840455,23.451545700176524,2.7321893863085616,5.464378772617124,5.464378772617123,,1.4901161193847656e-08,1.0,23.333333333333332,False,circle,360.0,1.0,True,True,8.743006036187397,240.14382796980766,238.93333333333337,17.4860120723748,17.486012072374795
r574_svd_normalised_tr050_tid6_010,r574,6,10,False,229,ellipse,263.7360478394913,228.2117603142011,92.79097087881655,5.43472937498451,11.39931190017953,10.364233784621458,50.548539951682784,0.41636359745019136,1.0,92.66666666666667,False,ellipse,360.0,1.0,True,True,17.391133999950434,950.1795417990817,948.9066666666669,36.477798080574495,33.16554811078867
r574_svd_normalised_tr050_tid6_010,r574,6,10,False,230,circle,161.76138433515484,117.92167577413481,20.33333333333326,2.544071740157967,5.0881434803159475,5.088143480315922,,1.0106459234841567e-07,1.0,20.333333333333332,False,circle,360.0,1.0,True,True,8.141029568505495,208.21333333333263,208.21333333333337,16.282059137011032,16.28205913701095
r574_svd_normalised_tr050_tid6_010,r574,6,10,False,231,circle,344.4914675767918,177.1171786120592,32.55555555555547,3.2191233563718766,6.438246712743782,6.438246712743725,,1.3328003749250113e-07,1.0,32.333333333333336,False,circle,360.0,1.0,True,True,10.301194740390006,333.3688888888881,331.0933333333334,20.602389480780104,20.60238948077992
r574_svd_normalised_tr050_tid6_010,r574,6,10,False,232,ellipse,78.93887530562347,190.20537897310513,45.44444444444438,3.8033427322286757,7.942151636343499,7.285388948054105,86.16889361612726,0.39818137699162953,1.0,45.55555555555556,False,ellipse,360.0,1.0,True,True,12.170696743131764,465.3511111111105,466.488888888889,25.4148852362992,23.313244633773138
r574_svd_normalised_tr050_tid6_010,r574,6,10,False,233,ellipse,342.5151515151515,133.72222222222217,14.666666666666645,2.160681604809523,4.51054970886775,4.140111781217165,-86.6781910809845,0.3968742378096749,1.0,14.666666666666666,False,ellipse,360.0,1.0,True,True,6.914181135390475,150.18666666666647,150.1866666666667,14.433759068376801,13.248357699894928
r574_svd_normalised_tr050_tid6_010,r574,6,10,False,234,ellipse,271.7295644835897,85.7518538041781,12.12380764636353,1.9644662969947195,4.185631456920638,3.6879767096048153,88.64194038469822,0.47292251281808245,1.0,12.222222222222221,False,ellipse,360.0,1.0,True,True,6.286292150383103,124.14779029876256,125.15555555555557,13.394020662146042,11.80152547073541
r574_svd_normalised_tr050_tid6_010,r574,6,10,False,235,ellipse,158.72560975609755,123.52845528455282,18.222222222222374,2.4083839979478654,5.063855519663958,4.581736946520353,-10.431688593748788,0.42585336137723584,1.0,18.11111111111111,False,ellipse,360.0,1.0,True,True,7.70682879343317,186.59555555555716,185.4577777777778,16.20433766292467,14.66155822886513
r574_svd_normalised_tr050_tid6_010,r574,6,10,False,236,ellipse,17.49163662110154,56.658298579353065,19.28413275709566,2.477565357980336,5.229214316217141,4.695412910522856,-82.18857194101048,0.44015994298264244,1.0,19.333333333333332,False,ellipse,360.0,1.0,True,True,7.928209145537075,197.46951943265958,197.97333333333336,16.73348581189485,15.02532131367314
r574_svd_normalised_tr050_tid6_010,r574,6,10,False,237,ellipse,311.4166666666667,95.39583333333333,12.444444444444304,1.9902737738139378,4.165924947142228,3.80341916380313,88.52170793389152,0.4079973273726274,1.0,12.333333333333334,False,ellipse,360.0,1.0,True,True,6.368876076204601,127.4311111111097,126.29333333333336,13.33095983085513,12.170941324170016
r574_svd_normalised_tr050_tid6_010,r574,6,10,False,238,circle,67.34567901234568,8.968449931412895,27.00000000000001,2.93161507141752,5.86323014283504,5.86323014283504,,0.0,1.0,26.77777777777778,False,circle,360.0,1.0,True,True,9.381168228536065,276.4800000000002,274.2044444444445,18.76233645707213,18.76233645707213
r574_svd_normalised_tr050_tid6_010,r574,6,10,False,239,circle,384.57731958762895,47.218213058419245,21.555555555555387,2.6194171938653095,5.238834387730642,5.238834387730596,,1.3244441773467643e-07,1.0,21.88888888888889,False,circle,360.0,1.0,True,True,8.38213502036899,220.7288888888872,224.14222222222227,16.764270040738054,16.76427004073791
r574_svd_normalised_tr050_tid6_010,r574,6,10,False,240,circle,158.1951640759931,142.02072538860102,21.44444444444463,2.6126573962894164,5.225314792578833,5.225314792578833,,0.0,1.0,21.444444444444443,False,circle,360.0,1.0,True,True,8.360503668126134,219.59111111111307,219.59111111111113,16.721007336252267,16.721007336252267
r574_svd_normalised_tr050_tid6_010,r574,6,10,False,241,circle,357.24127865332366,136.06878720947327,30.631318720573944,3.1225392832765624,6.245078566553165,6.245078566553085,,1.597971513087095e-07,1.0,30.88888888888889,False,circle,360.0,1.0,True,True,9.992125706485,313.6647036986773,316.30222222222227,19.984251412970128,19.984251412969872
r574_svd_normalised_tr050_tid6_010,r574,6,10,False,242,circle,203.66401368934226,201.35671099084306,553.1283750304517,13.268995067486014,26.537990134972027,26.537990134972027,,0.0,1.0,552.6666666666666,False,circle,360.0,1.0,True,True,42.46078421595524,5664.034560311827,5659.306666666667,84.92156843191049,84.92156843191049
r574_svd_normalised_tr050_tid6_010,r574,6,10,False,243,ellipse,331.5156537753223,178.707182320442,20.111111111111054,2.5301315161088618,5.312757820170967,4.819768342914093,-71.72355172689032,0.4206856251480788,1.0,20.22222222222222,False,ellipse,360.0,1.0,True,True,8.096420851548357,205.93777777777723,207.07555555555558,17.000825024547094,15.4232586973251
r574_svd_normalised_tr050_tid6_010,r574,6,10,False,244,circle,207.13920000000002,219.36586666666665,69.44444444444451,4.7015798628979715,9.403159725795943,9.403159725795943,,0.0,1.0,69.44444444444444,False,circle,360.0,1.0,True,True,15.045055561273509,711.111111111112,711.1111111111112,30.090111122547018,30.090111122547018
r574_svd_normalised_tr050_tid6_010,r574,6,10,False,245,circle,235.75146198830407,94.20175438596492,12.66666666666662,2.0079654441734465,4.015930888346907,4.01593088834688,,1.1733186057227569e-07,1.0,12.777777777777779,False,circle,360.0,1.0,True,True,6.425489421355029,129.70666666666622,130.8444444444445,12.850978842710104,12.850978842710015
r574_svd_normalised_tr050_tid6_010,r574,6,10,False,246,circle,160.60162601626016,42.078590785907856,13.666666666666613,2.085721724290768,4.171443448581543,4.17144344858153,,7.742870483855355e-08,1.0,13.777777777777779,False,circle,360.0,1.0,True,True,6.6743095177304586,139.94666666666615,141.08444444444447,13.348619035460937,13.348619035460898
r574_svd_normalised_tr050_tid6_010,r574,6,10,False,247,ellipse,215.60291798107255,235.8855152471083,281.7777777777785,9.470620485140671,20.843183678763378,17.21285073449731,71.35497728397098,0.5639244676376983,1.0,281.3333333333333,False,ellipse,360.0,1.0,True,True,30.30598555245015,2885.4044444444526,2880.853333333334,66.69818777204281,55.08112235039139
r574_svd_normalised_tr050_tid6_010,r574,6,10,False,248,ellipse,281.15105590587706,138.90490271786177,87.5801402757297,5.279926560391531,11.003439787069626,10.134148965267217,-13.005906366274985,0.38956667439677195,1.0,87.55555555555556,False,ellipse,360.0,1.0,True,True,16.8957649932529,896.8206364234724,896.5688888888891,35.211007318622805,32.4292766888551
r574_svd_normalised_tr050_tid6_010,r574,6,10,False,249,ellipse,384.51183970856096,131.71948998178505,20.333333333333183,2.5440717401579622,5.335334865594463,4.852404718442518,-63.00462332098954,0.41573768524372184,1.0,20.444444444444443,False,ellipse,360.0,1.0,True,True,8.141029568505479,208.21333333333183,209.35111111111112,17.073071569902282,15.527695099016057
r574_svd_normalised_tr050_tid6_010,r574,6,10,False,250,circle,294.6939655172414,138.30028735632183,51.5555555555555,4.0510051864976635,8.102010372995341,8.102010372995313,,8.429369702178807e-08,1.0,51.888888888888886,False,circle,360.0,1.0,True,True,12.963216596792524,527.9288888888884,531.3422222222223,25.926433193585094,25.926433193585
r574_svd_normalised_tr050_tid6_010,r574,6,10,False,251,circle,336.119496855346,176.15408805031444,11.777777777777697,1.9362290938683877,3.8724581877367754,3.8724581877367754,,0.0,1.0,12.0,False,circle,360.0,1.0,True,True,6.195933100378841,120.60444444444364,122.88000000000002,12.391866200757683,12.391866200757683
r574_svd_normalised_tr050_tid6_010,r574,6,10,False,252,ellipse,117.44522378089513,238.6274771765754,332.66666666666623,10.2903395864183,23.475966974413165,18.042466820509667,55.29048883899932,0.6397890945082486,1.0,332.77777777777777,False,ellipse,360.0,1.0,True,True,32.92908667653856,3406.506666666663,3407.644444444445,75.12309431812213,57.73589382563094
r574_svd_normalised_tr050_tid6_010,r574,6,10,False,253,ellipse,147.32052847333932,125.76041418208443,12.921181965184369,2.0280384514840653,4.2330861415734775,3.8864694203166557,-5.373944956202308,0.39630885633854473,1.0,12.777777777777779,False,ellipse,360.0,1.0,True,True,6.4897230447490095,132.31290332348797,130.8444444444445,13.545875653035129,12.4367021450133
r574_svd_normalised_tr050_tid6_010,r574,6,10,False,254,ellipse,47.91214901306645,235.170419794273,133.2222222222224,6.511985134558223,13.954214220370872,12.155740114925718,-27.744335935746278,0.49107719316871606,1.0,133.11111111111111,False,ellipse,360.0,1.0,True,True,20.838352430586315,1364.1955555555576,1363.057777777778,44.653485505186794,38.8983683677623
r574_svd_normalised_tr050_tid6_010,r574,6,10,False,255,ellipse,357.54430379746833,182.5991561181434,17.55555555555552,2.3639176996634403,4.946819164980292,4.518545517363261,-81.39846002011078,0.40700834811497727,1.0,17.555555555555557,False,ellipse,360.0,1.0,True,True,7.564536638923009,179.76888888888857,179.76888888888894,15.829821327936935,14.459345655562437
r574_svd_normalised_tr050_tid6_010,r574,6,10,False,256,circle,213.690642710458,163.09632356664486,18.366395406231973,2.417892725363182,4.835785450726364,4.835785450726363,,2.1073424255447017e-08,1.0,18.22222222222222,False,circle,360.0,1.0,True,True,7.737256721162183,188.07188895981545,186.5955555555556,15.474513442324366,15.474513442324364
r574_svd_normalised_tr050_tid6_010,r574,6,10,False,257,ellipse,260.6920950801548,217.35323383084577,67.0000000000003,4.618090771554201,9.809679908576058,8.696211323131662,-54.3989716673631,0.46274224631393795,1.0,67.11111111111111,False,ellipse,360.0,1.0,True,True,14.777890468973442,686.0800000000032,687.217777777778,31.39097570744339,27.827876234021318
r574_svd_normalised_tr050_tid6_010,r574,6,10,False,258,ellipse,305.82508250825083,96.91749174917487,11.222222222222232,1.8900117137956487,3.985986051180028,3.5847032402205747,-42.438016285004664,0.43727758444871073,1.0,11.444444444444445,False,ellipse,360.0,1.0,True,True,6.048037484146076,114.91555555555568,117.19111111111114,12.75515536377609,11.47105036870584
r574_svd_normalised_tr050_tid6_010,r574,6,10,False,259,circle,144.90238095238098,121.24761904761908,15.555555555555523,2.2251937260415127,4.450387452083039,4.450387452083013,,1.0745380149674383e-07,1.0,15.333333333333334,False,circle,360.0,1.0,True,True,7.120619923332841,159.28888888888858,157.01333333333338,14.241239846665724,14.241239846665643
r574_svd_normalised_tr050_tid6_010,r574,6,10,False,260,ellipse,325.7279411764706,147.14705882352942,15.111111111111162,2.1931748808265175,4.641287418740596,4.145415376316942,-82.74665795272875,0.449737722687118,1.0,15.11111111111111,False,ellipse,360.0,1.0,True,True,7.018159618644856,154.73777777777832,154.7377777777778,14.852119739969908,13.265329204214215
r574_svd_normalised_tr050_tid6_010,r574,6,10,False,261,circle,303.7472147686532,181.4061732181506,31.946187046296775,3.1888535812597,6.377707162519428,6.377707162519372,,1.3244441773467643e-07,1.0,32.111111111111114,False,circle,360.0,1.0,True,True,10.20433146003104,327.12895535407904,328.81777777777785,20.40866292006217,20.408662920061992
r574_svd_normalised_tr050_tid6_010,r574,6,10,False,262,ellipse,127.99229287090557,177.757225433526,19.222222222222246,2.473585124420645,5.1318452052408245,4.769141018911902,85.8941486277298,0.36926824657133195,1.0,19.11111111111111,False,ellipse,360.0,1.0,True,True,7.915472398146064,196.83555555555583,195.69777777777782,16.42190465677064,15.261251260518087
r574_svd_normalised_tr050_tid6_010,r574,6,10,False,263,circle,54.064268541032206,171.1266946489265,25.661038007745244,2.857999665430931,5.715999330861877,5.715999330861848,,9.996002811937585e-08,1.0,25.666666666666668,False,circle,360.0,1.0,True,True,9.14559892937898,262.7690291993114,262.8266666666667,18.291197858758007,18.291197858757915
r574_svd_normalised_tr050_tid6_010,r574,6,10,False,264,ellipse,167.24863888239614,114.59477086643578,39.02228434585564,3.524369289498594,7.341706715485613,6.767461229450233,-73.88439128816631,0.3877059491480569,1.0,39.22222222222222,False,ellipse,360.0,1.0,True,True,11.277981726395502,399.5881917015618,401.63555555555564,23.493461489553965,21.655875934240747
r574_svd_normalised_tr050_tid6_010,r574,6,10,False,265,ellipse,304.23600508905855,235.3148854961832,58.22222222222205,4.304963290078426,9.071234815313641,8.1720776966932,77.22779124826178,0.43407196162817036,1.0,58.666666666666664,False,ellipse,360.0,1.0,True,True,13.775882528250964,596.1955555555539,600.7466666666668,29.027951409003652,26.150648629418242
r574_svd_normalised_tr050_tid6_010,r574,6,10,False,266,ellipse,382.08589440504335,11.505910165484636,46.99999999999986,3.8678889139475188,8.045017573393197,7.4384248457660505,36.75055049126115,0.3809389358224812,1.0,47.333333333333336,False,ellipse,360.0,1.0,True,True,12.377244524632061,481.27999999999867,484.69333333333344,25.744056234858235,23.802959506451362
r574_svd_normalised_tr050_tid6_010,r574,6,10,False,267,ellipse,319.6798679867987,143.43234323432344,11.222222222222314,1.8900117137956556,3.989489482578029,3.5815552780717725,-25.146793114276676,0.4405098696039587,1.0,11.333333333333334,False,ellipse,360.0,1.0,True,True,6.048037484146098,114.91555555555651,116.05333333333336,12.766366344249693,11.460976889829674
r574_svd_normalised_tr050_tid6_010,r574,6,10,False,268,circle,388.56276511501585,169.32614308559,26.084729794672047,2.881497418370697,5.762994836741394,5.762994836741394,,0.0,1.0,25.77777777777778,False,circle,360.0,1.0,True,True,9.22079173878623,267.1076330974418,263.9644444444445,18.44158347757246,18.44158347757246
r574_svd_normalised_tr050_tid6_010,r574,6,10,False,269,circle,361.7654320987654,47.11522633744855,8.9999999999999,1.6925687506432594,3.385137501286531,3.385137501286507,,1.1920928955078125e-07,1.0,9.11111111111111,False,circle,360.0,1.0,True,True,5.416220002058431,92.159999999999,93.2977777777778,10.832440004116899,10.832440004116823
r574_svd_normalised_tr050_tid6_010,r574,6,10,False,270,ellipse,274.4195134821161,242.6904513843286,31.86858599540328,3.184978175911911,6.708894003882813,6.048142048548814,-89.15349247110805,0.4327560913304009,1.0,31.88888888888889,False,ellipse,360.0,1.0,True,True,10.191930162918116,326.33432059292966,326.5422222222223,21.468460812425004,19.354054555356207
r574_svd_normalised_tr050_tid6_010,r574,6,10,False,271,circle,133.4113026999179,36.52629527786847,41.12702430029909,3.618167826967981,7.236335653935963,7.23633565393596,,2.5809568279517847e-08,1.0,41.44444444444444,False,circle,360.0,1.0,True,True,11.57813704629754,421.14072883506276,424.3911111111112,23.156274092595083,23.156274092595073
r574_svd_normalised_tr050_tid6_010,r574,6,10,False,272,circle,195.4738955823293,79.79317269076306,18.444444444444372,2.423024765006404,4.846049530012816,4.8460495300128,,8.161702118890973e-08,1.0,18.444444444444443,False,circle,360.0,1.0,True,True,7.753679248020493,188.8711111111104,188.87111111111113,15.507358496041011,15.50735849604096
r574_svd_normalised_tr050_tid6_010,r574,6,10,False,273,circle,59.87984816669255,110.73177627660692,31.076977641905483,3.1451723666805833,6.290344733361167,6.290344733361167,,0.0,1.0,31.0,False,circle,360.0,1.0,True,True,10.064551573377868,318.2282510531122,317.44000000000005,20.129103146755735,20.129103146755735
r574_svd_normalised_tr050_tid6_010,r574,6,10,False,274,ellipse,397.7648232075666,208.21864229775795,200.4309870611632,7.987437929595678,17.142698336304317,14.886609663784757,-51.194483715892176,0.4958755298580767,1.0,127.77777777777777,True,ellipse,205.0,0.5694444444444444,True,True,25.55980137470617,2052.4133075063114,1308.4444444444446,54.85663467617382,47.637150924111225
r574_svd_normalised_tr050_tid6_010,r574,6,10,False,275,circle,74.25886524822695,151.1595744680851,20.888888888888925,2.5785926092983518,5.15718521859671,5.157185218596698,,6.664001874625056e-08,1.0,21.22222222222222,False,circle,360.0,1.0,True,True,8.251496349754726,213.90222222222263,217.3155555555556,16.502992699509473,16.502992699509434
r574_svd_normalised_tr050_tid6_010,r574,6,10,False,276,circle,357.182970353074,6.235857038560595,60.715839337080816,4.396186063958112,8.792372127916224,8.792372127916224,,0.0,1.0,60.666666666666664,False,circle,360.0,1.0,True,True,14.067795404665958,621.7301948117076,621.2266666666668,28.135590809331916,28.135590809331916
r574_svd_normalised_tr050_tid6_010,r574,6,10,False,277,circle,357.13829947328816,234.11083521444695,492.2222222222229,12.517156207888767,25.034312415777535,25.03431241577753,,1.4901161193847656e-08,1.0,491.8888888888889,False,circle,360.0,1.0,True,True,40.05489986524406,5040.355555555564,5036.942222222224,80.10979973048812,80.1097997304881
r574_svd_normalised_tr050_tid6_010,r574,6,10,False,278,circle,377.31412477923794,84.52042147526777,34.79820822450688,3.328154698829764,6.656309397659554,6.6563093976595,,1.2731557704981462e-07,1.0,34.77777777777778,False,circle,360.0,1.0,True,True,10.650095036255244,356.33365221895053,356.1244444444445,21.300190072510574,21.300190072510404
r574_svd_normalised_tr050_tid6_010,r574,6,10,False,279,circle,29.69368295589988,157.1466030989273,93.22222222222207,5.4473438431363554,10.894687686272722,10.894687686272698,,6.495265578539184e-08,1.0,93.44444444444444,False,circle,360.0,1.0,True,True,17.431500298036337,954.5955555555543,956.8711111111113,34.86300059607271,34.86300059607264
r574_svd_normalised_tr050_tid6_010,r574,6,10,False,280,circle,304.5416666666667,188.91532258064515,27.55555555555544,2.9616221488603123,5.9232442977206246,5.9232442977206246,,0.0,1.0,27.555555555555557,False,circle,360.0,1.0,True,True,9.477190876353,282.16888888888775,282.16888888888894,18.954381752706,18.954381752706
r574_svd_normalised_tr050_tid6_010,r574,6,10,False,281,ellipse,374.56556613433736,247.7385680370109,372.0377064470833,10.882246091467037,24.84890393586668,19.06293819653245,-62.93327845273325,0.6414628654460465,1.0,226.88888888888889,True,ellipse,200.0,0.5555555555555556,True,True,34.82318749269452,3809.6661140181336,2323.3422222222225,79.51649259477338,61.00140222890384
r574_svd_normalised_tr050_tid6_010,r574,6,10,False,282,ellipse,375.61343110825993,102.44757562183699,15.797719095523808,2.242447361090039,4.717892792500399,4.263403505270944,-74.59250376696428,0.4282360945067807,1.0,15.88888888888889,False,ellipse,360.0,1.0,True,True,7.175831555488125,161.76864353816381,162.70222222222225,15.097256936001276,13.64289121686702
r574_svd_normalised_tr050_tid6_010,r574,6,10,False,283,circle,83.65155410234871,143.39263394151465,66.01152491876508,4.5838980119228845,9.167796023845769,9.167796023845769,,0.0,1.0,65.77777777777777,False,circle,360.0,1.0,True,True,14.66847363815323,675.9580151681545,673.5644444444445,29.33694727630646,29.33694727630646
r574_svd_normalised_tr050_tid6_010,r574,6,10,False,284,circle,34.51837769328263,149.15842839036753,29.22222222222224,3.0498724939893798,6.099744987978768,6.0997449879787515,,7.450580596923828e-08,1.0,28.77777777777778,False,circle,360.0,1.0,True,True,9.759591980766016,299.2355555555558,294.6844444444445,19.51918396153206,19.519183961532008
r574_svd_normalised_tr050_tid6_010,r574,6,10,False,285,ellipse,344.8799172548869,57.636898680547674,23.22137329242907,2.7187483682283684,5.72729478617948,5.162362312888834,76.0148381667293,0.4330677414714896,1.0,23.11111111111111,False,ellipse,360.0,1.0,True,True,8.69999477833078,237.78686251447374,236.65777777777782,18.32734331577434,16.51955940124427
r574_svd_normalised_tr050_tid6_010,r574,6,10,False,286,ellipse,190.88727858293078,178.18518518518522,22.99999999999994,2.7057581899030017,5.730202351250633,5.110554171357882,13.814905102330556,0.4523060802590956,1.0,23.0,False,ellipse,360.0,1.0,True,True,8.658426207689606,235.5199999999994,235.52000000000004,18.33664752400203,16.353773348345225
r574_svd_normalised_tr050_tid6_010,r574,6,10,False,287,circle,48.358095238095245,138.88571428571427,19.444444444444503,2.4878422172674397,4.975684434534885,4.975684434534874,,6.495265578539184e-08,1.0,19.555555555555557,False,circle,360.0,1.0,True,True,7.961095095255807,199.11111111111174,200.24888888888896,15.922190190511632,15.922190190511598
r574_svd_normalised_tr050_tid6_010,r574,6,10,False,288,circle,139.0825958702065,30.066371681415934,25.11111111111106,2.8272097410213988,5.654419482042806,5.654419482042788,,8.161702118890973e-08,1.0,25.22222222222222,False,circle,360.0,1.0,True,True,9.047071171268476,257.13777777777733,258.27555555555557,18.09414234253698,18.094142342536923
r574_svd_normalised_tr050_tid6_010,r574,6,10,False,289,ellipse,70.94435301474228,227.89350325663958,563.7585375885872,13.395891755869165,29.211199052322435,24.57275589592017,32.260005594947216,0.5407083825753999,1.0,563.6666666666666,False,ellipse,360.0,1.0,True,True,42.866853618781334,5772.887424907133,5771.946666666668,93.4758369674318,78.63281886694455
r574_svd_normalised_tr050_tid6_010,r574,6,10,False,290,circle,116.81865145405318,168.0524923003369,78.36733590346012,4.9945067596267485,9.989013519253511,9.989013519253483,,7.598131170262075e-08,1.0,78.55555555555556,False,circle,360.0,1.0,True,True,15.982421630805597,802.4815196514318,804.408888888889,31.964843261611236,31.964843261611147
r574_svd_normalised_tr050_tid6_010,r574,6,10,False,291,ellipse,152.73829150433428,137.14838900150332,21.987983856735372,2.6455609308516146,5.493741062328188,5.095975627131116,-85.60550129341738,0.37358334425274325,1.0,22.333333333333332,False,ellipse,360.0,1.0,True,True,8.465794978725167,225.15695469297026,228.69333333333336,17.5799713994502,16.307122006819572
r574_svd_normalised_tr050_tid6_010,r574,6,10,False,292,circle,48.47853881278538,73.47488584474887,40.55555555555558,3.592942286345454,7.185884572690908,7.185884572690907,,1.4901161193847656e-08,1.0,41.111111111111114,False,circle,360.0,1.0,True,True,11.497415316305453,415.2888888888892,420.9777777777779,22.994830632610906,22.994830632610903
r574_svd_normalised_tr050_tid6_010,r574,6,10,False,293,ellipse,396.15870590032466,92.5726407585302,12.666880952829516,2.0079824288072814,4.201848588003413,3.8383043557642007,-86.49258556975832,0.40688378775455697,1.0,12.777777777777779,False,ellipse,360.0,1.0,True,True,6.425543772183301,129.70886095697426,130.8444444444445,13.445915481610923,12.282573938445443
r574_svd_normalised_tr050_tid6_010,r574,6,10,False,294,ellipse,104.91025641025642,100.12660256410257,92.4444444444445,5.424571926837627,11.890493612762343,9.898993783689956,-53.2940856948735,0.5540050958988264,1.0,92.22222222222223,False,ellipse,360.0,1.0,True,True,17.35863016588041,946.6311111111119,944.3555555555558,38.0495795608395,31.67678010780786
r574_svd_normalised_tr050_tid6_010,r574,6,10,False,295,ellipse,134.46540880503144,118.61006289308172,17.666666666666636,2.3713866525544978,4.967049415624839,4.528623885418874,77.77015578165091,0.4107828648440823,1.0,17.555555555555557,False,ellipse,360.0,1.0,True,True,7.588437288174394,180.90666666666638,179.76888888888894,15.894558129999485,14.491596433340398
r574_svd_normalised_tr050_tid6_010,r574,6,10,False,296,circle,293.213748982293,119.21293080779024,13.182484126349205,2.048442096296071,4.096884192592142,4.096884192592142,,0.0,1.0,13.11111111111111,False,circle,360.0,1.0,True,True,6.555014708147429,134.9886374538159,134.2577777777778,13.110029416294857,13.110029416294857
r574_svd_normalised_tr050_tid6_010,r574,6,10,False,297,circle,71.58954444381828,251.94051286147538,386.84381059626173,11.096675597754489,22.19335119550899,22.193351195508967,,4.470348358154297e-08,1.0,139.88888888888889,True,circle,155.0,0.4305555555555556,True,True,35.50936191281436,3961.280620505721,1432.4622222222224,71.01872382562877,71.0187238256287
r574_svd_normalised_tr050_tid6_010,r574,6,10,False,298,ellipse,263.78930817610063,194.78301886792454,11.777777777777636,1.9362290938683826,4.193368618408451,3.576106414766146,-80.99863143579529,0.522237001792318,1.0,11.88888888888889,False,ellipse,360.0,1.0,True,True,6.1959331003788245,120.60444444444302,121.74222222222225,13.418779578907044,11.443540527251669
r574_svd_normalised_tr050_tid6_010,r574,6,10,False,299,ellipse,195.70765027322403,147.42349726775953,13.55555555555565,2.0772258774738415,4.381016181932292,3.939604116361747,-35.05024206754942,0.43744664964180524,1.0,13.666666666666666,False,ellipse,360.0,1.0,True,True,6.647122807916293,138.80888888888987,139.9466666666667,14.019251782183336,12.606733172357591
r574_svd_normalised_tr050_tid6_010,r574,6,10,False,300,ellipse,135.44016736570833,113.07592723839011,34.75912954953642,3.326285401278816,7.053292815167775,6.2746151964470185,-87.55400396535566,0.45673881998569144,1.0,34.888888888888886,False,ellipse,360.0,1.0,True,True,10.644113284092212,355.933486587253,357.26222222222225,22.57053700853688,20.07876862863046
r574_svd_normalised_tr050_tid6_010,r574,6,10,False,301,circle,342.53723121155383,246.5465618743049,201.9660768481472,8.017967257012245,16.035934514024518,16.03593451402446,,8.429369702178807e-08,1.0,147.11111111111111,True,circle,223.0,0.6194444444444445,True,True,25.657495222439184,2068.1326269250276,1506.4177777777782,51.31499044487846,51.314990444878276
r574_svd_normalised_tr050_tid6_010,r574,6,10,False,302,circle,49.017857142857146,41.482142857142854,18.66666666666666,2.4375775971438167,4.875155194287634,4.875155194287633,,2.1073424255447017e-08,1.0,18.444444444444443,False,circle,360.0,1.0,True,True,7.800248310860214,191.14666666666665,188.87111111111113,15.600496621720431,15.600496621720428
r574_svd_normalised_tr050_tid6_010,r574,6,10,False,303,circle,253.09987966305653,217.82912154031285,30.77777777777801,3.1299953580531903,6.2599907161063815,6.259990716106381,,1.4901161193847656e-08,1.0,30.444444444444443,False,circle,360.0,1.0,True,True,10.015985145770209,315.1644444444469,311.75111111111113,20.03197029154042,20.031970291540418
r574_svd_normalised_tr050_tid6_010,r574,6,10,False,304,ellipse,204.92446413945655,246.57940892325388,115.7538540065114,6.070057338621091,13.258388382560641,11.11616134057815,88.56698583729053,0.545017331002259,1.0,94.44444444444444,True,ellipse,243.00000000000003,0.675,True,True,19.424183483587495,1185.319465026677,967.1111111111113,42.426842824194054,35.57171628985008
r574_svd_normalised_tr050_tid6_010,r574,6,10,False,305,circle,257.2676837853759,123.02566423099063,27.238589233275906,2.9445393932924517,5.889078786584918,5.889078786584889,,9.771344846937061e-08,1.0,27.22222222222222,False,circle,360.0,1.0,True,True,9.422526058535846,278.92315374874534,278.7555555555556,18.845052117071738,18.845052117071646
r574_svd_normalised_tr050_tid6_010,r574,6,10,False,306,ellipse,147.14920634920634,115.03809523809524,11.66666666666662,1.927074295093699,4.029057998031013,3.686832347040631,85.74234765686259,0.40331630857347395,1.0,11.666666666666666,False,ellipse,360.0,1.0,True,True,6.1666377442998375,119.46666666666621,119.46666666666668,12.892985593699244,11.79786351053002
r574_svd_normalised_tr050_tid6_010,r574,6,10,False,307,ellipse,386.418896689135,117.8774948240364,17.797962632417477,2.3801822324830857,4.996464704758684,4.535420778161413,-76.5903374897868,0.4195635359223798,1.0,17.77777777777778,False,ellipse,360.0,1.0,True,True,7.616583143945874,182.251137355955,182.04444444444448,15.988687055227789,14.513346490116522
r574_svd_normalised_tr050_tid6_010,r574,6,10,False,308,ellipse,123.19463601532567,170.31877394636012,96.66666666666686,5.5470673030379904,11.959452954672267,10.291425797168118,18.863398339926647,0.5094057319668529,1.0,96.88888888888889,False,ellipse,360.0,1.0,True,True,17.75061536972157,989.8666666666688,992.1422222222224,38.270249454951255,32.93256255093798
r574_svd_normalised_tr050_tid6_010,r574,6,10,False,309,ellipse,187.21188630490954,137.6950904392765,14.333333333333432,2.13598728974863,4.5089216228386935,4.047479272079526,76.70790278142462,0.4406883824313658,1.0,14.555555555555555,False,ellipse,360.0,1.0,True,True,6.835159327195616,146.77333333333436,149.0488888888889,14.42854919308382,12.951933670654483
r574_svd_normalised_tr050_tid6_010,r574,6,10,False,310,ellipse,242.30981612750816,195.87879689926254,10.407650345872135,1.8201258190123146,3.8750197058554288,3.419706993519838,75.1617475722565,0.4703113777864028,1.0,10.333333333333334,False,ellipse,360.0,1.0,True,True,5.8244026208394075,106.57433954173068,105.81333333333336,12.400063058737373,10.943062379263482
r574_svd_normalised_tr050_tid6_010,r574,6,10,False,311,circle,73.2641975308642,59.96296296296296,15.000000000000053,2.185096861184162,4.370193722368325,4.370193722368324,,2.1073424255447017e-08,1.0,15.11111111111111,False,circle,360.0,1.0,True,True,6.9923099557893185,153.60000000000056,154.7377777777778,13.98461991157864,13.984619911578637
r574_svd_normalised_tr050_tid6_010,r574,6,10,False,312,ellipse,189.124682890509,12.508647835856692,16.242863981534146,2.273821493710737,4.932358086371668,4.192934977325839,-83.10637339852858,0.526641794068362,1.0,16.0,False,ellipse,360.0,1.0,True,True,7.276228779874359,166.3269271709097,163.84000000000003,15.783545876389338,13.417391927442686
r574_svd_normalised_tr050_tid6_010,r574,6,10,False,313,circle,133.83050043908028,153.87562118023465,12.177268753878531,1.9687927852053162,3.937585570410633,3.937585570410632,,2.1073424255447017e-08,1.0,12.444444444444445,False,circle,360.0,1.0,True,True,6.300136912657012,124.69523203971617,127.43111111111114,12.600273825314027,12.600273825314023
r574_svd_normalised_tr050_tid6_010,r574,6,10,False,314,circle,338.51722480963997,227.72543801286315,1001.999999999999,17.859073490978137,35.71814698195628,35.71814698195626,,3.332000937312528e-08,1.0,1001.8888888888889,False,circle,360.0,1.0,True,True,57.14903517113004,10260.479999999992,10259.342222222225,114.2980703422601,114.29807034226003
r574_svd_normalised_tr050_tid6_010,r574,6,10,False,315,ellipse,172.0945358048576,142.64105852941353,20.973367884200147,2.5838015295510837,5.41554528860806,4.931012474887041,-64.06343512425033,0.41344462306610175,1.0,21.11111111111111,False,ellipse,360.0,1.0,True,True,8.268164894563467,214.76728713420954,216.1777777777778,17.329744923545793,15.779239919638531
r574_svd_normalised_tr050_tid6_010,r574,6,10,False,316,circle,175.66666666666669,125.55445544554458,11.222222222222179,1.8900117137956443,3.7800234275912885,3.7800234275912885,,0.0,1.0,11.333333333333334,False,circle,360.0,1.0,True,True,6.048037484146062,114.91555555555513,116.05333333333336,12.096074968292124,12.096074968292124
r574_svd_normalised_tr050_tid6_010,r574,6,10,False,317,ellipse,379.0628930817609,112.39622641509433,17.666666666666583,2.371386652554494,4.943663983903672,4.550046017871252,45.0000000000002,0.3910267718941975,1.0,17.444444444444443,False,ellipse,360.0,1.0,True,True,7.588437288174382,180.90666666666584,178.63111111111112,15.819724748491751,14.560147257188007
r574_svd_normalised_tr050_tid6_010,r574,6,10,False,318,ellipse,108.7830805110521,46.630573886582795,15.457637965174511,2.218179204069171,4.963848385035705,3.9649228579970406,-88.39306639679711,0.6016499651893346,1.0,15.333333333333334,False,ellipse,360.0,1.0,True,True,7.098173453021348,158.28621276338703,157.01333333333338,15.884314832114256,12.68775314559053
r574_svd_normalised_tr050_tid6_010,r574,6,10,False,319,circle,90.54686440268489,107.96924655121654,19.1208005285809,2.4670508385510725,4.934101677102146,4.934101677102145,,2.1073424255447017e-08,1.0,19.11111111111111,False,circle,360.0,1.0,True,True,7.894562683363432,195.79699741266847,195.69777777777782,15.789125366726868,15.789125366726864
r574_svd_normalised_tr050_tid6_010,r574,6,10,False,320,circle,376.1629629629629,50.4351851851852,20.00000000000008,2.5231325220201652,5.046265044040368,5.046265044040293,,1.718485742013275e-07,1.0,20.0,False,circle,360.0,1.0,True,True,8.07402407046453,204.80000000000086,204.80000000000004,16.148048140929177,16.14804814092894
r574_svd_normalised_tr050_tid6_010,r574,6,10,False,321,circle,16.368312757201647,144.40740740740742,18.00000000000011,2.3936536824086034,4.7873073648172095,4.787307364817204,,4.712160915387242e-08,1.0,18.11111111111111,False,circle,360.0,1.0,True,True,7.659691783707531,184.32000000000116,185.4577777777778,15.319383567415072,15.319383567415054
r574_svd_normalised_tr050_tid6_010,r574,6,10,False,322,circle,391.74848484848485,95.23030303030302,12.222222222222154,1.9724234242343937,3.9448468484687904,3.944846848468784,,5.5755039852469285e-08,1.0,12.333333333333334,False,circle,360.0,1.0,True,True,6.31175495755006,125.15555555555488,126.29333333333336,12.62350991510013,12.62350991510011
r574_svd_normalised_tr050_tid6_010,r574,6,10,False,323,circle,49.93450647477155,196.9442280858819,33.20102144484225,3.250878859215355,6.501757718430724,6.501757718430696,,9.30577218293905e-08,1.0,33.22222222222222,False,circle,360.0,1.0,True,True,10.402812349489137,339.9784595951847,340.1955555555556,20.80562469897832,20.805624698978228
r574_svd_normalised_tr050_tid6_010,r574,6,10,False,324,circle,339.0766316984901,149.74592423488738,13.304222535433254,2.0578788985306162,4.115757797061261,4.115757797061204,,1.6593230851978128e-07,1.0,13.222222222222221,False,circle,360.0,1.0,True,True,6.585212475297972,136.23523876283656,135.39555555555557,13.170424950596036,13.170424950595853
r574_svd_normalised_tr050_tid6_010,r574,6,10,False,325,ellipse,370.89077212806023,131.74764595103576,19.666666666666842,2.502018071134034,5.354428113806483,4.676573703278984,-63.35365800461858,0.4869981095264321,1.0,19.555555555555557,False,ellipse,360.0,1.0,True,True,8.006457827628909,201.3866666666685,200.24888888888896,17.134169964180746,14.965035850492749
r574_svd_normalised_tr050_tid6_010,r574,6,10,False,326,circle,350.3226782043231,99.9435691336198,12.70529268254365,2.0110246810301007,4.022049362060216,4.022049362060187,,1.1920928955078125e-07,1.0,12.666666666666666,False,circle,360.0,1.0,True,True,6.4352789792963225,130.102197069247,129.70666666666668,12.870557958592691,12.870557958592599
r574_svd_normalised_tr050_tid6_010,r574,6,10,False,327,ellipse,368.3802666842349,183.83679389545765,140.29520769563797,6.682615625167275,14.235639332693651,12.548042430709653,-78.12696592515266,0.4722723517572345,1.0,140.77777777777777,False,ellipse,360.0,1.0,True,True,21.38437000053528,1436.622926803333,1441.5644444444447,45.55404586461969,40.15373577827089
r574_svd_normalised_tr050_tid6_010,r574,6,10,False,328,circle,266.9307936507937,237.3879365079365,58.33333333333324,4.309069121522005,8.618138243044015,8.618138243044006,,4.470348358154297e-08,1.0,58.44444444444444,False,circle,360.0,1.0,True,True,13.789021188870416,597.3333333333326,598.4711111111112,27.57804237774085,27.57804237774082
r574_svd_normalised_tr050_tid6_010,r574,6,10,False,329,circle,287.3260073260073,99.94139194139194,10.111111111111276,1.7940085359243672,3.588017071848755,3.5880170718487134,,1.5269146510898468e-07,1.0,10.333333333333334,False,circle,360.0,1.0,True,True,5.740827314957976,103.53777777777948,105.81333333333336,11.481654629916017,11.481654629915884
r574_svd_normalised_tr050_tid6_010,r574,6,10,False,330,ellipse,375.33968253968254,55.885714285714286,11.666666666666577,1.9270742950936954,4.020082089618746,3.6950641862769054,-89.88019581158807,0.39390437372550147,1.0,11.444444444444445,False,ellipse,360.0,1.0,True,True,6.166637744299826,119.46666666666577,117.19111111111114,12.864262686779988,11.824205396086098
r574_svd_normalised_tr050_tid6_010,r574,6,10,False,331,circle,244.93434343434345,124.90909090909095,22.000000000000075,2.646283714200618,5.292567428401239,5.292567428401234,,4.470348358154297e-08,1.0,22.22222222222222,False,circle,360.0,1.0,True,True,8.46810788544198,225.2800000000008,227.5555555555556,16.936215770883965,16.936215770883948
r574_svd_normalised_tr050_tid6_010,r574,6,10,False,332,ellipse,363.6518549067679,115.31506148762092,22.58653050735168,2.681327274892386,5.623718747111334,5.113709471174944,-22.140813456155144,0.4161171176879475,1.0,22.333333333333332,False,ellipse,360.0,1.0,True,True,8.580247279655635,231.28607239528122,228.69333333333336,17.995899990756268,16.36387030775982
r574_svd_normalised_tr050_tid6_010,r574,6,10,False,333,circle,225.47336065573774,175.90573770491804,54.222222222222726,4.154451754947688,8.308903509895377,8.308903509895375,,2.1073424255447017e-08,1.0,53.77777777777778,False,circle,360.0,1.0,True,True,13.294245615832603,555.2355555555608,550.6844444444446,26.588491231665206,26.588491231665202
r574_svd_normalised_tr050_tid6_010,r574,6,10,False,334,circle,66.55259614523348,50.48786987198782,29.588972539640174,3.0689513651063574,6.137902730212715,6.137902730212714,,1.4901161193847656e-08,1.0,29.444444444444443,False,circle,360.0,1.0,True,True,9.820644368340345,302.99107880591544,301.5111111111112,19.64128873668069,19.641288736680686
r574_svd_normalised_tr050_tid6_010,r574,6,10,False,335,circle,112.1711879484242,144.222329940283,16.29110331782938,2.277195477535173,4.554390955070346,4.554390955070346,,0.0,1.0,16.555555555555557,False,circle,360.0,1.0,True,True,7.287025528112554,166.82089797457286,169.52888888888893,14.574051056225109,14.574051056225109
r574_svd_normalised_tr050_tid6_010,r574,6,10,False,336,circle,295.9173686321701,150.8973124749298,92.33333333333319,5.4213109876028405,10.842621975205708,10.842621975205656,,9.771344846937061e-08,1.0,92.22222222222223,False,circle,360.0,1.0,True,True,17.34819516032909,945.493333333332,944.3555555555558,34.69639032065827,34.696390320658104
r574_svd_normalised_tr050_tid6_010,r574,6,10,False,337,circle,267.77188129122055,109.6183628977293,7.714389942516214,1.5670247555733496,3.1340495111467135,3.1340495111466846,,1.3575603930867164e-07,1.0,7.777777777777778,False,circle,360.0,1.0,True,True,5.014479217834719,78.99535301136605,79.64444444444446,10.028958435669484,10.028958435669391
r574_svd_normalised_tr050_tid6_010,r574,6,10,False,338,circle,267.6809523809524,101.35238095238097,7.777777777777756,1.5734495731377138,3.1468991462754277,3.1468991462754277,,0.0,1.0,7.666666666666667,False,circle,360.0,1.0,True,True,5.035038634040685,79.64444444444425,78.50666666666669,10.07007726808137,10.07007726808137
r574_svd_normalised_tr050_tid6_010,r574,6,10,False,339,ellipse,60.64766839378238,152.87046632124353,21.44444444444452,2.6126573962894097,5.423577411284413,5.034299800853568,-79.46028333086565,0.3720194435088596,1.0,21.555555555555557,False,ellipse,360.0,1.0,True,True,8.360503668126112,219.59111111111193,220.72888888888895,17.35544771611012,16.10975936273142
r574_svd_normalised_tr050_tid6_010,r574,6,10,False,340,ellipse,18.55723905723906,69.75858585858586,110.00000000000016,5.917270272703202,12.990715156568438,10.781265560276104,85.79138880452848,0.5578811322898903,1.0,109.77777777777777,False,ellipse,360.0,1.0,True,True,18.935264872650247,1126.400000000002,1124.1244444444446,41.57028850101901,34.50004979288354
r574_svd_normalised_tr050_tid6_010,r574,6,10,False,341,circle,392.6862052165883,171.79304285567514,13.535981466188312,2.0757255887733095,4.151451177546619,4.151451177546619,,0.0,1.0,13.88888888888889,False,circle,360.0,1.0,True,True,6.64232188407459,138.60845021376835,142.22222222222226,13.28464376814918,13.28464376814918
r574_svd_normalised_tr050_tid6_010,r574,6,10,False,342,circle,205.43549791080193,128.51641529284097,18.146582993711863,2.403380279388415,4.80676055877683,4.80676055877683,,0.0,1.0,18.0,False,circle,360.0,1.0,True,True,7.6908168940429285,185.82100985560953,184.32000000000005,15.381633788085857,15.381633788085857
r574_svd_normalised_tr050_tid6_010,r574,6,10,False,343,circle,189.80432747598957,152.15014134988917,36.64237228209083,3.4152056088347624,6.830411217669526,6.830411217669524,,2.1073424255447017e-08,1.0,36.888888888888886,False,circle,360.0,1.0,True,True,10.92865794827124,375.2178921686102,377.74222222222227,21.857315896542485,21.857315896542477
r574_svd_normalised_tr050_tid6_010,r574,6,10,False,344,ellipse,275.73838717727983,197.52454731956504,12.185887524956177,1.9694893935021016,4.184176573680429,3.7081498859455446,4.8214569021113505,0.46324225572669675,1.0,12.0,False,ellipse,360.0,1.0,True,True,6.302366059206726,124.78348825555128,122.88000000000002,13.389365035777374,11.866079635025743
r574_svd_normalised_tr050_tid6_010,r574,6,10,False,345,ellipse,262.3540145985401,216.17274939172748,30.444444444444443,3.1129997825312885,6.476071747006356,5.98558386912222,37.72210191343507,0.3817599457455537,1.0,30.555555555555557,False,ellipse,360.0,1.0,True,True,9.961599304100124,311.75111111111113,312.88888888888897,20.723429590420338,19.153868381191103
r574_svd_normalised_tr050_tid6_010,r574,6,10,False,346,circle,169.44940987592568,140.5690638863205,36.04566475140723,3.3872837856370275,6.774567571274055,6.774567571274055,,0.0,1.0,35.888888888888886,False,circle,360.0,1.0,True,True,10.839308114038488,369.1076070544101,367.50222222222226,21.678616228076976,21.678616228076976
r574_svd_normalised_tr050_tid6_010,r574,6,10,False,347,circle,360.3756436428272,186.8896031920154,19.975217203482465,2.5215687804493854,5.043137560898799,5.043137560898742,,1.5049435106459375e-07,1.0,20.0,False,circle,360.0,1.0,True,True,8.069020097438033,204.5462241636605,204.80000000000004,16.138040194876158,16.138040194875977
r574_svd_normalised_tr050_tid6_010,r574,6,10,False,348,circle,191.02315403499856,230.08308915283922,25.181462391880327,2.8311673260160433,5.6623346520320865,5.6623346520320865,,0.0,1.0,25.333333333333332,False,circle,360.0,1.0,True,True,9.05973544325134,257.8581748928546,259.41333333333336,18.11947088650268,18.11947088650268
r574_svd_normalised_tr050_tid6_010,r574,6,10,False,349,ellipse,92.44553224314336,248.5024437986364,245.85870093909145,8.846426120938151,20.128939441324253,15.551590354045652,80.02315196242989,0.6348948017198073,1.0,142.77777777777777,True,ellipse,195.0,0.5416666666666666,True,True,28.308563587002084,2517.5930976162967,1462.0444444444447,64.4126062122376,49.76508913294609
r574_svd_normalised_tr050_tid6_010,r574,6,10,False,350,ellipse,30.4774011299435,60.62146892655366,13.111111111111105,2.0428892005003134,4.317368513266233,3.866611129160708,-71.35010394357994,0.4448714908039897,1.0,12.88888888888889,False,ellipse,360.0,1.0,True,True,6.537245441601003,134.25777777777773,131.98222222222225,13.815579242451946,12.373155613314267
r574_svd_normalised_tr050_tid6_010,r574,6,10,False,351,ellipse,219.16849816849816,88.55677655677655,10.111111111111029,1.7940085359243454,3.9502211809079304,3.2590242212509946,83.93169022574696,0.5650988204813583,1.0,10.444444444444445,False,ellipse,360.0,1.0,True,True,5.740827314957905,103.53777777777695,106.95111111111113,12.640707778905378,10.428877508003183
r574_svd_normalised_tr050_tid6_010,r574,6,10,False,352,circle,201.68222120195068,226.67303869585893,59.04408667182872,4.335241228390373,8.670482456780746,8.670482456780746,,0.0,1.0,58.666666666666664,False,circle,360.0,1.0,True,True,13.872771930849195,604.6114475195262,600.7466666666668,27.74554386169839,27.74554386169839
r574_svd_normalised_tr050_tid6_010,r574,6,10,False,353,circle,189.78540095977712,244.6916309506564,103.97284330473458,5.752876143159625,11.50575228631925,11.50575228631925,,0.0,1.0,99.66666666666667,True,circle,293.0,0.8138888888888889,True,True,18.4092036581108,1064.6819154404823,1020.5866666666669,36.8184073162216,36.8184073162216
r574_svd_normalised_tr050_tid6_010,r574,6,10,False,354,ellipse,214.016091954023,30.641379310344828,16.11111111111113,2.2645807435532497,4.784471038748039,4.287475796207663,-69.98718321809659,0.44380524844317,1.0,16.444444444444443,False,ellipse,360.0,1.0,True,True,7.246658379370399,164.977777777778,168.39111111111112,15.310307323993726,13.719922547864522
r574_svd_normalised_tr050_tid6_010,r574,6,10,False,355,circle,194.51515151515153,102.80303030303031,9.777777777777729,1.7641891428004048,3.528378285600823,3.528378285600796,,1.2377834115800373e-07,1.0,9.777777777777779,False,circle,360.0,1.0,True,True,5.645405256961296,100.12444444444397,100.12444444444448,11.290810513922635,11.290810513922548
r574_svd_normalised_tr050_tid6_010,r574,6,10,False,356,ellipse,380.5092592592593,54.21296296296296,8.000000000000037,1.5957691216057346,3.392908582120798,3.0021193060010067,-78.99008432813159,0.46592968611904256,1.0,8.0,False,ellipse,360.0,1.0,True,True,5.106461189138351,81.9200000000004,81.92000000000002,10.857307462786554,9.606781779203223
r574_svd_normalised_tr050_tid6_010,r574,6,10,False,357,ellipse,349.89613526570054,180.80193236714973,15.333333333333481,2.209242310873007,4.621729505464183,4.224177622148665,70.39209832958198,0.4057547113280373,1.0,15.222222222222221,False,ellipse,360.0,1.0,True,True,7.069575394793623,157.01333333333488,155.87555555555556,14.789534417485385,13.51736839087573
r574_svd_normalised_tr050_tid6_010,r574,6,10,False,358,circle,313.28117902973287,109.25338545248549,6.715436339652106,1.4620498544677447,2.924099708935522,2.9240997089354575,,2.0967792390987707e-07,1.0,6.888888888888889,False,circle,360.0,1.0,True,True,4.678559534296784,68.76606811803758,70.54222222222224,9.35711906859367,9.357119068593464
r574_svd_normalised_tr050_tid6_010,r574,6,10,False,359,circle,282.61486486486484,203.6306306306306,16.444444444444436,2.287887505859232,4.575775011718492,4.575775011718435,,1.5769906706002895e-07,1.0,16.0,False,circle,360.0,1.0,True,True,7.321240018749542,168.39111111111106,163.84000000000003,14.642480037499176,14.642480037498993
r574_svd_normalised_tr050_tid6_010,r574,6,10,False,360,circle,55.87246374064047,48.16539802691626,32.09928108648944,3.1964853369321062,6.3929706738642125,6.3929706738642125,,0.0,1.0,32.0,False,circle,360.0,1.0,True,True,10.228753078182741,328.6966383256519,327.68000000000006,20.457506156365483,20.457506156365483
r574_svd_normalised_tr050_tid6_010,r574,6,10,False,361,ellipse,182.53631284916202,123.40782122905026,19.888888888888914,2.5161140591285385,5.2536927815467145,4.82009909736706,-82.93041922451658,0.39780779405775635,1.0,20.22222222222222,False,ellipse,360.0,1.0,True,True,8.051564989211323,203.6622222222225,207.07555555555558,16.811816900949488,15.424317111574593
r574_svd_normalised_tr050_tid6_010,r574,6,10,False,362,ellipse,24.324617774840743,174.06540660295906,9.160820138351465,1.7076239678538225,3.5665248802316416,3.2703875211990034,-4.791044300171393,0.3989618317877254,1.0,9.222222222222221,False,ellipse,360.0,1.0,True,True,5.464396697132233,93.80679821671902,94.43555555555557,11.412879616741254,10.465240067836811
r574_svd_normalised_tr050_tid6_010,r574,6,10,False,363,circle,193.43502824858757,118.11299435028249,13.111111111111091,2.042889200500312,4.085778401000632,4.085778401000616,,8.815645848363066e-08,1.0,13.11111111111111,False,circle,360.0,1.0,True,True,6.537245441600999,134.2577777777776,134.2577777777778,13.074490883202024,13.074490883201973
r574_svd_normalised_tr050_tid6_010,r574,6,10,False,364,ellipse,206.50980392156868,91.60784313725493,13.222222222222236,2.051527248332897,4.356771396501172,3.8641128189854665,67.50867329363678,0.4619207985439584,1.0,13.11111111111111,False,ellipse,360.0,1.0,True,True,6.564887194665271,135.39555555555572,134.2577777777778,13.94166846880375,12.365161020753494
r574_svd_normalised_tr050_tid6_010,r574,6,10,False,365,ellipse,44.514893442431074,205.9714387372032,24.9114680214701,2.8159486058139076,5.878746886348695,5.3954128006421875,-62.732153995925444,0.3970827683315285,1.0,25.0,False,ellipse,360.0,1.0,True,True,9.011035538604505,255.09343253985386,256.00000000000006,18.811990036315827,17.265320962055
r574_svd_normalised_tr050_tid6_010,r574,6,10,False,366,ellipse,158.8394500864615,223.4752184302648,333.5358342012395,10.303773746681951,21.81470835927636,19.467187307625146,-50.238649478155196,0.45126863821964874,1.0,334.22222222222223,False,ellipse,360.0,1.0,True,True,32.97207598938225,3415.406942220693,3422.435555555556,69.80706674968435,62.29499938440047
r574_svd_normalised_tr050_tid6_010,r574,6,10,False,367,circle,102.76102387342254,241.1076384063278,78.83210479853051,5.009295190548158,10.018590381096317,10.018590381096315,,2.1073424255447017e-08,1.0,78.77777777777777,False,circle,360.0,1.0,True,True,16.029744609754108,807.2407531369525,806.6844444444446,32.059489219508215,32.05948921950821
r574_svd_normalised_tr050_tid6_010,r574,6,10,False,368,ellipse,329.48003324489974,244.34927324794998,281.0219298215401,9.457909837624994,22.551390217313617,15.866349282177321,85.49235881418744,0.7106317698036019,1.0,247.44444444444446,True,ellipse,260.0,0.7222222222222222,True,True,30.265311480399983,2877.664561372571,2533.8311111111116,72.16444869540358,50.77231770296743
r574_svd_normalised_tr050_tid6_010,r574,6,10,False,369,circle,263.2231348373132,120.88972054550413,22.14340711888291,2.6548946117940275,5.309789223588069,5.309789223588041,,1.0323827311807139e-07,1.0,22.333333333333332,False,circle,360.0,1.0,True,True,8.495662757740888,226.74848889736103,228.69333333333336,16.991325515481822,16.99132551548173
r574_svd_normalised_tr050_tid6_010,r574,6,10,False,370,circle,218.65177249120546,132.5498018968025,9.968635816501433,1.7813240390670728,3.5626480781341456,3.5626480781341456,,0.0,1.0,10.0,False,circle,360.0,1.0,True,True,5.700236925014633,102.0788307609747,102.40000000000002,11.400473850029266,11.400473850029266
r574_svd_normalised_tr050_tid6_010,r574,6,10,False,371,ellipse,147.0591874476241,198.20196789828742,20.77845962876322,2.571767703255119,5.342497677199667,4.951982775946033,19.80015960362897,0.37529837140264494,1.0,21.22222222222222,False,ellipse,360.0,1.0,True,True,8.22965665041638,212.7714265985354,217.3155555555556,17.095992567038934,15.846344883027307
r574_svd_normalised_tr050_tid6_010,r574,6,10,False,372,ellipse,18.537004716535186,193.786339368607,72.1218692017259,4.7913572165894305,9.956031024796351,9.22339591742411,67.91984464807445,0.37650906341547546,1.0,72.11111111111111,False,ellipse,360.0,1.0,True,True,15.332343093086179,738.5279406256734,738.4177777777779,31.859299279348324,29.514866935757155
r574_svd_normalised_tr050_tid6_010,r574,6,10,False,373,circle,394.989156441613,215.37875870575527,58.001178707914704,4.296783517125576,8.59356703425118,8.593567034251123,,1.1542389828584841e-07,1.0,57.44444444444444,False,circle,360.0,1.0,True,True,13.749707254801843,593.9320699690467,588.2311111111112,27.499414509603778,27.499414509603596
r574_svd_normalised_tr050_tid6_010,r574,6,10,False,374,ellipse,360.59190031152644,2.2297507788161988,47.555555555555735,3.8906816210396706,10.450300864597885,5.794054610456748,87.4216850532124,0.8322243500501005,1.0,47.44444444444444,True,ellipse,320.0,0.8888888888888888,True,True,12.450181187326947,486.96888888889083,485.83111111111117,33.440962766713234,18.540974753461594
r574_svd_normalised_tr050_tid6_010,r574,6,10,False,375,circle,82.8268130387767,108.10995802363847,15.354191528424384,2.2107444352201564,4.421488870440314,4.421488870440312,,2.9802322387695312e-08,1.0,15.444444444444445,False,circle,360.0,1.0,True,True,7.074382192704501,157.2269212510657,158.15111111111113,14.148764385409004,14.148764385408999
r574_svd_normalised_tr050_tid6_010,r574,6,10,False,376,circle,376.55882145604227,107.4172472554541,13.667274887093605,2.085768135185056,4.171536270370126,4.1715362703700976,,1.1638178938488147e-07,1.0,13.444444444444445,False,circle,360.0,1.0,True,True,6.674458032592179,139.95289484383855,137.67111111111114,13.348916065184405,13.348916065184312
r574_svd_normalised_tr050_tid6_010,r574,6,10,False,377,circle,363.1356932153392,63.16224188790561,12.555555555555472,1.9991391797128892,3.998278359425796,3.9982783594257607,,1.3244441773467643e-07,1.0,12.777777777777779,False,circle,360.0,1.0,True,True,6.397245375081246,128.56888888888807,130.8444444444445,12.794490750162547,12.794490750162435
r574_svd_normalised_tr050_tid6_010,r574,6,10,False,378,circle,313.2570725707257,202.20418204182042,90.33333333333334,5.36227498846672,10.724549976933467,10.724549976933414,,9.996002811937585e-08,1.0,90.11111111111111,False,circle,360.0,1.0,True,True,17.159279963093507,925.0133333333337,922.737777777778,34.3185599261871,34.31855992618693
r574_svd_normalised_tr050_tid6_010,r574,6,10,False,379,ellipse,300.0,195.7014848950333,72.3333333333333,4.798376298356301,10.76296732149446,8.556902353367185,79.46286159356288,0.6065676210043225,1.0,72.0,False,ellipse,360.0,1.0,True,True,15.354804154740163,740.6933333333332,737.2800000000002,34.44149542878227,27.382087530774996
r574_svd_normalised_tr050_tid6_010,r574,6,10,False,380,ellipse,331.2480620155039,64.37984496124031,14.33333333333343,2.1359872897486296,4.467869392045324,4.0846688223167416,-80.43189573229614,0.40519130355436217,1.0,14.222222222222221,False,ellipse,360.0,1.0,True,True,6.8351593271956155,146.77333333333436,145.63555555555558,14.297182054545036,13.070940231413573
r574_svd_normalised_tr050_tid6_010,r574,6,10,False,381,ellipse,275.0630549371622,218.65125883873208,99.38072800310073,5.624399365223744,11.932136248988279,10.604595039622172,7.782984309196422,0.4584070256627656,1.0,99.22222222222223,False,ellipse,360.0,1.0,True,True,17.998077968715982,1017.6586547517517,1016.0355555555558,38.18283599676249,33.934704126790955
r574_svd_normalised_tr050_tid6_010,r574,6,10,False,382,circle,152.13612407155472,123.42699851177113,13.902072243700992,2.103608098865209,4.207216197730418,4.207216197730418,,0.0,1.0,13.88888888888889,False,circle,360.0,1.0,True,True,6.731545916368669,142.35721977549818,142.22222222222226,13.463091832737337,13.463091832737337
r574_svd_normalised_tr050_tid6_010,r574,6,10,False,383,ellipse,290.71110923634194,152.63260544659838,78.92692072356081,5.012306769577628,10.656527970922946,9.430170584980065,71.39706020055596,0.4657437947447611,1.0,78.88888888888889,False,ellipse,360.0,1.0,True,True,16.03938166264841,808.2116682092628,807.8222222222223,34.10088950695343,30.17654587193621
r574_svd_normalised_tr050_tid6_010,r574,6,10,False,384,ellipse,99.54294656903392,147.82760560953818,80.72831717000992,5.069183509224618,10.990557951276404,9.352253657771941,-68.85189026743433,0.5252705264922062,1.0,80.33333333333333,False,ellipse,360.0,1.0,True,True,16.22138722951878,826.6579678209017,822.6133333333335,35.169785444084496,29.927211704870214
r574_svd_normalised_tr050_tid6_010,r574,6,10,False,385,circle,26.829895096865805,240.2636359468849,26.48903145192724,2.9037425138227753,5.807485027645564,5.807485027645538,,9.424321830774485e-08,1.0,26.555555555555557,False,circle,360.0,1.0,True,True,9.29197604423288,271.24768206773496,271.92888888888893,18.583952088465804,18.583952088465722
r574_svd_normalised_tr050_tid6_010,r574,6,10,False,386,ellipse,344.06028368794324,119.80496453900714,10.444444444444425,1.8233403199523752,3.8063068445896695,3.493748726106634,75.8038473791579,0.3968484415097463,1.0,10.444444444444445,False,ellipse,360.0,1.0,True,True,5.834689023847601,106.95111111111093,106.95111111111113,12.180181902686943,11.17999592354123
r574_svd_normalised_tr050_tid6_010,r574,6,10,False,387,ellipse,154.9220102574974,244.56075697878404,43.56569962798852,3.7238948548666406,8.022141672565617,6.914558957504529,-75.07877336654184,0.5070200055444045,1.0,43.77777777777778,False,ellipse,360.0,1.0,True,True,11.91646353557325,446.11276419060255,448.28444444444455,25.670853352209974,22.126588664014495
r574_svd_normalised_tr050_tid6_010,r574,6,10,False,388,circle,198.45075757575754,128.75,19.555555555555692,2.494940212339712,4.989880424679424,4.989880424679424,,0.0,1.0,19.555555555555557,False,circle,360.0,1.0,True,True,7.98380867948708,200.24888888889032,200.24888888888896,15.96761735897416,15.96761735897416
r574_svd_normalised_tr050_tid6_010,r574,6,10,False,389,ellipse,154.5448028673835,133.1146953405018,20.666666666666668,2.5648400173236943,5.345757035652696,4.922336926718788,-69.25785197156151,0.39005104041458355,1.0,20.666666666666668,False,ellipse,360.0,1.0,True,True,8.207488055435823,211.62666666666672,211.62666666666672,17.106422514088628,15.751478165500124
r574_svd_normalised_tr050_tid6_010,r574,6,10,False,390,ellipse,270.0397180317782,200.85735059934206,115.35600142847562,6.059616793602981,12.803935931446912,11.47114633559896,64.45973111559829,0.4442399992866035,1.0,115.33333333333333,False,ellipse,360.0,1.0,True,True,19.39077373952954,1181.2454546275906,1181.0133333333335,40.97259498063012,36.707668273916674
r574_svd_normalised_tr050_tid6_010,r574,6,10,False,391,circle,318.06093120968495,185.3416520413671,16.259230808610194,2.274966792752082,4.549933585504164,4.549933585504164,,0.0,1.0,16.0,False,circle,360.0,1.0,True,True,7.279893736806662,166.49452348016843,163.84000000000003,14.559787473613325,14.559787473613325
r574_svd_normalised_tr050_tid6_010,r574,6,10,False,392,ellipse,366.17113256894015,38.6539355621585,14.355544012920495,2.137641593172045,4.513616378374463,4.04953473915281,87.91965890839793,0.44166130631970413,1.0,14.444444444444445,False,ellipse,360.0,1.0,True,True,6.840453098150545,147.0007706923059,147.91111111111115,14.443572410798282,12.958511165288991
r574_svd_normalised_tr050_tid6_010,r574,6,10,False,393,circle,102.22492442894641,124.39651647500449,11.8422928778091,1.9415248898972504,3.8830497797945007,3.8830497797945007,,0.0,1.0,11.88888888888889,False,circle,360.0,1.0,True,True,6.212879647671201,121.26507906876522,121.74222222222225,12.425759295342402,12.425759295342402
r574_svd_normalised_tr050_tid6_010,r574,6,10,False,394,ellipse,168.96711968224383,122.25119261734207,20.68818914135441,2.5661751949025726,5.332388965933602,4.93981603592963,66.70075091511308,0.3765912218404662,1.0,20.444444444444443,False,ellipse,360.0,1.0,True,True,8.211760623688233,211.84705680746922,209.35111111111112,17.063644690987527,15.807411314974818
r574_svd_normalised_tr050_tid6_010,r574,6,10,False,395,ellipse,309.0688405797102,98.7826086956522,10.222222222222321,1.8038387932686786,3.753357013819059,3.467652429674107,76.55609773988351,0.3826816915654412,1.0,10.333333333333334,False,ellipse,360.0,1.0,True,True,5.772284138459772,104.67555555555658,105.81333333333336,12.01074244422099,11.096487774957144
r574_svd_normalised_tr050_tid6_010,r574,6,10,False,396,circle,38.781389420012744,185.04971319311665,58.11111111111098,4.3008535389840175,8.601707077968051,8.60170707796802,,8.429369702178807e-08,1.0,57.888888888888886,False,circle,360.0,1.0,True,True,13.762731324748856,595.0577777777766,592.7822222222223,27.525462649497765,27.52546264949767
r574_svd_normalised_tr050_tid6_010,r574,6,10,False,397,circle,393.1108194986909,195.9663662852543,151.67732908128238,6.948409411982311,13.896818823964622,13.89681882396462,,1.4901161193847656e-08,1.0,149.44444444444446,True,circle,313.0,0.8694444444444445,True,True,22.234910118343397,1553.175849792332,1530.3111111111116,44.46982023668679,44.469820236686786
r574_svd_normalised_tr050_tid6_010,r574,6,10,False,398,circle,379.60563761249887,190.42462278499647,77.87852767944845,4.978906032634723,9.957812065269467,9.957812065269422,,9.424321830774485e-08,1.0,78.0,False,circle,360.0,1.0,True,True,15.932499304431113,797.4761234375524,798.7200000000001,31.864998608862294,31.86499860886215
r574_svd_normalised_tr050_tid6_010,r574,6,10,False,399,circle,194.4019047619048,227.1085714285714,19.444444444444493,2.4878422172674393,4.9756844345348785,4.975684434534878,,2.1073424255447017e-08,1.0,19.666666666666668,False,circle,360.0,1.0,True,True,7.961095095255806,199.11111111111165,201.3866666666667,15.922190190511612,15.922190190511609
r574_svd_normalised_tr050_tid6_010,r574,6,10,False,400,ellipse,99.16798592788038,162.94635004397537,42.11111111111112,3.661199664707013,7.6195341085570565,7.036851751761074,74.967856407017,0.38353143172894977,1.0,42.0,False,ellipse,360.0,1.0,True,True,11.715838927062443,431.21777777777794,430.0800000000001,24.38250914738258,22.51792560563544
r574_svd_normalised_tr050_tid6_010,r574,6,10,False,401,circle,165.46294523335416,207.40772424061794,17.86105629404611,2.3843973653902775,4.768794730780556,4.768794730780554,,2.5809568279517847e-08,1.0,17.555555555555557,False,circle,360.0,1.0,True,True,7.630071569248888,182.89721645103222,179.76888888888894,15.26014313849778,15.260143138497774
r574_svd_normalised_tr050_tid6_010,r574,6,10,False,402,ellipse,91.428638096502,244.15509946373126,901.182505291222,16.936803142567143,43.594376289597555,26.32039497796612,79.64148503167004,0.7971686752274263,1.0,671.5555555555555,True,ellipse,227.0,0.6305555555555555,True,True,54.197770056214864,9228.108854182115,6876.72888888889,139.5020041267122,84.22526392949159
r574_svd_normalised_tr050_tid6_010,r574,6,10,False,403,ellipse,327.0689689693621,194.57941821860007,62.77780021055155,4.4702119010053,9.527274477601473,8.389721315101717,-11.982240694483266,0.4738596940110925,1.0,62.888888888888886,False,ellipse,360.0,1.0,True,True,14.30467808321696,642.844674156048,643.9822222222223,30.487278328324717,26.847108208325494
r574_svd_normalised_tr050_tid6_010,r574,6,10,False,404,ellipse,43.60683760683761,201.12250712250713,13.000000000000021,2.0342144725641114,4.2685742373554,3.8776680833392327,-4.141102432452385,0.41805370544423937,1.0,13.0,False,ellipse,360.0,1.0,True,True,6.509486312205157,133.12000000000023,133.12000000000003,13.659437559537281,12.408537866685545
r574_svd_normalised_tr050_tid6_010,r574,6,10,False,405,ellipse,124.52721088435374,239.4795918367347,32.66666666666663,3.2246120617324627,6.868599104120772,6.055454855376373,-22.932011715548185,0.47197066882813266,1.0,32.666666666666664,False,ellipse,360.0,1.0,True,True,10.318758597543882,334.5066666666663,334.5066666666667,21.979517133186473,19.377455537204398
r574_svd_normalised_tr050_tid6_010,r574,6,10,False,406,circle,255.29016786570745,198.2781774580336,15.444444444444231,2.217232363394266,4.434464726788561,4.4344647267885025,,1.625524776374655e-07,1.0,15.555555555555555,False,circle,360.0,1.0,True,True,7.095143562861651,158.15111111110897,159.28888888888892,14.190287125723396,14.19028712572321
r574_svd_normalised_tr050_tid6_010,r574,6,10,False,407,circle,114.94666666666669,101.05333333333334,13.888888888888886,2.1026104350168,4.2052208700336,4.2052208700336,,0.0,1.0,14.11111111111111,False,circle,360.0,1.0,True,True,6.7283533920537595,142.22222222222223,144.4977777777778,13.456706784107519,13.456706784107519
r574_svd_normalised_tr050_tid6_010,r574,6,10,False,408,circle,353.0950261063637,75.72789945004097,17.4459199458152,2.35652472771324,4.713049455426485,4.713049455426475,,6.495265578539184e-08,1.0,17.555555555555557,False,circle,360.0,1.0,True,True,7.540879128682369,178.64622024514767,179.76888888888894,15.081758257364752,15.08175825736472
r574_svd_normalised_tr050_tid6_010,r574,6,10,False,409,circle,96.50917427348631,137.51564720573307,38.593512167123166,3.504953133117434,7.009906266234882,7.009906266234854,,9.06402249678704e-08,1.0,37.77777777777778,False,circle,360.0,1.0,True,True,11.21585002597579,395.1975645913413,386.84444444444455,22.431700051951623,22.431700051951534
r574_svd_normalised_tr050_tid6_010,r574,6,10,False,410,ellipse,264.35689893303567,187.93615822118517,42.645122811871325,3.6843404007421108,7.6677315413607126,7.081293399654749,64.22589192909902,0.383553420656543,1.0,42.666666666666664,False,ellipse,360.0,1.0,True,True,11.789889282374755,436.68605759356245,436.90666666666675,24.53674093235428,22.660138878895197
r574_svd_normalised_tr050_tid6_010,r574,6,10,False,411,ellipse,281.10833333333335,189.13055555555553,13.33333333333314,2.0601290774569962,4.302020072145426,3.946175744984153,43.52665341975839,0.39823284132038606,1.0,13.333333333333334,False,ellipse,360.0,1.0,True,True,6.592413047862388,136.53333333333137,136.53333333333336,13.766464230865365,12.627762383949289
r574_svd_normalised_tr050_tid6_010,r574,6,10,False,412,ellipse,214.59026946328268,205.42602929758274,75.74306055095953,4.91016954729548,10.50210134181409,9.18283463412981,-84.47169306479242,0.48524056530776094,1.0,75.66666666666667,False,ellipse,360.0,1.0,True,True,15.712542551345535,775.6089400418257,774.8266666666668,33.60672429380509,29.385070829215394
r574_svd_normalised_tr050_tid6_010,r574,6,10,False,413,ellipse,285.7226277372263,127.03406326034066,15.222222222222376,2.201223256060133,4.764015430163205,4.06831916818874,-85.64519782050701,0.5203246875362761,1.0,15.0,False,ellipse,360.0,1.0,True,True,7.043914419392426,155.87555555555716,153.60000000000002,15.244849376522257,13.01862133820397
r574_svd_normalised_tr050_tid6_010,r574,6,10,False,414,ellipse,396.84107205558064,237.70399588671123,236.78560376541316,8.68165874614574,20.364921938024825,14.804122267475583,-67.77513086795057,0.6866985936651475,1.0,158.55555555555554,True,ellipse,212.0,0.5888888888888889,True,True,27.781307987666366,2424.684582557831,1623.6088888888892,65.16775020167944,47.37319125592187
r574_svd_normalised_tr050_tid6_010,r574,6,10,False,415,circle,183.2169824748267,75.34497622103986,22.83032173795381,2.695759097906821,5.391518195813644,5.391518195813641,,2.9802322387695312e-08,1.0,22.88888888888889,False,circle,360.0,1.0,True,True,8.626429113301828,233.78249459664707,234.38222222222228,17.25285822660366,17.252858226603653
r574_svd_normalised_tr050_tid6_010,r574,6,10,False,416,circle,173.23985890652557,100.22045855379187,21.00000000000003,2.585441472913207,5.170882945826422,5.170882945826406,,7.884953353001448e-08,1.0,21.22222222222222,False,circle,360.0,1.0,True,True,8.273412713322264,215.04000000000033,217.3155555555556,16.546825426644553,16.5468254266445
r574_svd_normalised_tr050_tid6_010,r574,6,10,False,417,ellipse,389.2340532037061,162.89840126465833,18.386952312287317,2.419245481093426,5.245557206977855,4.463013912043812,83.34538190390788,0.5254606730503548,1.0,18.333333333333332,False,ellipse,360.0,1.0,True,True,7.741585539498963,188.28239167782215,187.73333333333335,16.785783062329138,14.2816445185402
r574_svd_normalised_tr050_tid6_010,r574,6,10,False,418,circle,92.55875299760191,59.54676258992806,15.444444444444404,2.2172323633942783,4.434464726788558,4.434464726788555,,3.942476676500724e-08,1.0,15.444444444444445,False,circle,360.0,1.0,True,True,7.095143562861691,158.15111111111074,158.15111111111113,14.190287125723387,14.190287125723376
r574_svd_normalised_tr050_tid6_010,r574,6,10,False,419,circle,34.442352453142206,237.25166720754163,1180.6455412902803,19.385849165602963,38.771698331205926,38.771698331205926,,0.0,1.0,1031.6666666666667,True,circle,259.0,0.7194444444444444,True,True,62.034717329929485,12089.810342812472,10564.26666666667,124.06943465985897,124.06943465985897
r574_svd_normalised_tr050_tid6_010,r574,6,10,False,420,circle,349.4485378460929,128.77538613318978,18.681149732796626,2.438523045867897,4.8770460917357985,4.87704609173579,,5.960464477539063e-08,1.0,18.333333333333332,False,circle,360.0,1.0,True,True,7.803273746777271,191.2949732638375,187.73333333333335,15.606547493554556,15.606547493554528
r574_svd_normalised_tr050_tid6_010,r574,6,10,False,421,ellipse,370.1559829059829,122.44230769230766,17.33333333333322,2.348908546648635,4.9886351471829915,4.423952602454465,-8.829426970561656,0.46214148804073696,1.0,17.555555555555557,False,ellipse,360.0,1.0,True,True,7.516507349275632,177.4933333333322,179.76888888888894,15.963632470985573,14.156648327854288
r574_svd_normalised_tr050_tid6_010,r574,6,10,False,422,ellipse,213.14043209876542,90.05709876543212,23.999999999999993,2.7639531957706835,5.868419976459733,5.2071510212666485,48.717809113128624,0.46115926997768397,1.0,23.88888888888889,False,ellipse,360.0,1.0,True,True,8.844650226466188,245.75999999999996,244.62222222222226,18.778943924671147,16.662883268053275
r574_svd_normalised_tr050_tid6_010,r574,6,10,False,423,ellipse,54.366316841579206,147.86056971514242,74.11111111111106,4.856984593627205,10.15347782291537,9.293485347253574,-68.57061778534725,0.40277118895477115,1.0,74.0,False,ellipse,360.0,1.0,True,True,15.542350699607056,758.8977777777774,757.7600000000001,32.49112903332919,29.739153111211436
r574_svd_normalised_tr050_tid6_010,r574,6,10,False,424,ellipse,220.56666666666666,62.97142857142855,7.77777777777773,1.5734495731377114,3.301809291915439,2.999256880485696,-76.04604963290419,0.41817237967307086,1.0,7.888888888888889,False,ellipse,360.0,1.0,True,True,5.035038634040677,79.64444444444396,80.78222222222225,10.565789734129405,9.597622017554228
r574_svd_normalised_tr050_tid6_010,r574,6,10,False,425,ellipse,268.1193966985028,220.62715458703804,55.7640323277534,4.2131036995778315,9.063252485519802,7.833939443596284,-45.69917132057796,0.5028685026787922,1.0,55.888888888888886,False,ellipse,360.0,1.0,True,True,13.48193183864906,571.0236910361949,572.3022222222223,29.00240795366337,25.068606219508112
r574_svd_normalised_tr050_tid6_010,r574,6,10,False,426,ellipse,278.11637931034477,209.2787356321839,25.777777777777853,2.8644932379943784,5.946556386729607,5.519376914562917,13.641699125884884,0.37217256157837625,1.0,25.555555555555557,False,ellipse,360.0,1.0,True,True,9.16637836158201,263.9644444444453,261.688888888889,19.02898043753474,17.662006126601337
r574_svd_normalised_tr050_tid6_010,r574,6,10,False,427,circle,108.92592592592594,147.4006734006734,11.000000000000012,1.8712051592547787,3.7424103185095725,3.7424103185095423,,1.2731557704981462e-07,1.0,10.88888888888889,False,circle,360.0,1.0,True,True,5.987856509615292,112.64000000000014,111.50222222222224,11.975713019230632,11.975713019230536
r574_svd_normalised_tr050_tid6_010,r574,6,10,False,428,ellipse,17.411191962336854,174.58500701580473,54.71702887754471,4.173364498138935,8.659246152090462,8.045490763706606,-30.960111110548297,0.3697748706694025,1.0,54.44444444444444,False,ellipse,360.0,1.0,True,True,13.354766394044592,560.302375706058,557.5111111111112,27.70958768668948,25.74557044386114
r574_svd_normalised_tr050_tid6_010,r574,6,10,False,429,ellipse,51.05168637757337,190.64870784056066,84.55555555555576,5.187954246627099,10.840595614974099,9.931140398934787,-84.1250377397219,0.40093494643681377,1.0,84.11111111111111,False,ellipse,360.0,1.0,True,True,16.601453589206717,865.8488888888911,861.2977777777779,34.68990596791712,31.779649276591318
r574_svd_normalised_tr050_tid6_010,r574,6,10,False,430,circle,322.5924323542352,202.58021079008674,53.856871372509495,4.140431692082186,8.280863384164372,8.280863384164372,,0.0,1.0,54.111111111111114,False,circle,360.0,1.0,True,True,13.249381414662995,551.4943628544974,554.0977777777779,26.49876282932599,26.49876282932599
r574_svd_normalised_tr050_tid6_010,r574,6,10,False,431,circle,19.83844580777096,215.40490797546013,18.111111111111207,2.4010301365122,4.802060273024413,4.802060273024388,,1.021572142899192e-07,1.0,17.77777777777778,False,circle,360.0,1.0,True,True,7.683296436839041,185.4577777777788,182.04444444444448,15.366592873678123,15.366592873678043
r574_svd_normalised_tr050_tid6_010,r574,6,10,False,432,ellipse,57.580720911118945,235.96007984031934,315.4444444444446,10.020433384261393,22.491806884819745,17.857006459750234,40.19013231768065,0.6080041679228274,1.0,315.55555555555554,False,ellipse,360.0,1.0,True,True,32.06538682963646,3230.1511111111136,3231.2888888888892,71.97378203142318,57.14242067120075
r574_svd_normalised_tr050_tid6_010,r574,6,10,False,433,ellipse,70.13915235192981,104.6552591624974,35.68394838277804,3.370245324647798,7.325552088088468,6.2021556391795425,-3.596447277702282,0.5321551487147123,1.0,35.22222222222222,False,ellipse,360.0,1.0,True,True,10.784785038872954,365.4036314396472,360.6755555555556,23.4417666818831,19.846898045374537
r574_svd_normalised_tr050_tid6_010,r574,6,10,False,434,circle,335.167825308702,191.1687421227661,91.42798358065646,5.394666907935303,10.789333815870634,10.789333815870577,,1.021572142899192e-07,1.0,91.11111111111111,False,circle,360.0,1.0,True,True,17.26293410539297,936.2225518659224,932.977777777778,34.52586821078603,34.52586821078585
r574_svd_normalised_tr050_tid6_010,r574,6,10,False,435,circle,195.03647131608102,238.13271397725526,50.41957521544379,4.006126464337214,8.012252928674457,8.0122529286744,,1.1920928955078125e-07,1.0,50.55555555555556,False,circle,360.0,1.0,True,True,12.819604685879085,516.2964502061445,517.688888888889,25.639209371758263,25.63920937175808
r574_svd_normalised_tr050_tid6_010,r574,6,10,False,436,ellipse,153.06019464442429,203.61386183219338,58.007305358596724,4.2970104452425195,8.943266714053742,8.258413555980797,77.96350570993417,0.3837849889372621,1.0,58.55555555555556,False,ellipse,360.0,1.0,True,True,13.750433424776062,593.9948068720306,599.608888888889,28.618453484971976,26.42692337913855
r574_svd_normalised_tr050_tid6_010,r574,6,10,False,437,ellipse,273.2345132743363,192.43362831858408,25.111111111111178,2.827209741021405,5.891204316598643,5.427151726654926,83.54307710652796,0.38901933859658344,1.0,25.555555555555557,False,ellipse,360.0,1.0,True,True,9.047071171268497,257.1377777777785,261.688888888889,18.85185381311566,17.366885525295764
r574_svd_normalised_tr050_tid6_010,r574,6,10,False,438,ellipse,347.01010101010104,185.97306397306403,11.000000000000036,1.8712051592547805,3.8873120745420233,3.6029098573818215,-54.15318667101684,0.3754606472494409,1.0,11.11111111111111,False,ellipse,360.0,1.0,True,True,5.987856509615298,112.64000000000038,113.7777777777778,12.439398638534476,11.52931154362183
r574_svd_normalised_tr050_tid6_010,r574,6,10,False,439,circle,147.90870980834953,133.88126445648334,15.675712726197194,2.2337713252984575,4.467542650596916,4.467542650596915,,2.1073424255447017e-08,1.0,15.555555555555555,False,circle,360.0,1.0,True,True,7.148068240955064,160.5192983162593,159.28888888888892,14.296136481910132,14.296136481910128
r574_svd_normalised_tr050_tid6_010,r574,6,10,False,440,ellipse,291.62633451957294,127.23487544483986,31.222222222221983,3.152513600598814,6.595763687612284,6.027106168540283,89.40195411413086,0.4061994751278155,1.0,31.0,False,ellipse,360.0,1.0,True,True,10.088043521916205,319.7155555555532,317.44000000000005,21.106443800359312,19.286739739328908
r574_svd_normalised_tr050_tid6_010,r574,6,10,False,441,ellipse,382.5199203187251,190.4535192563081,167.3333333333333,7.298208978104671,15.914457990598306,13.387538380396999,88.04095178644701,0.5406951398561991,1.0,168.11111111111111,False,ellipse,360.0,1.0,True,True,23.354268729934947,1713.493333333333,1721.4577777777781,50.926265569914584,42.8401228172704
r574_svd_normalised_tr050_tid6_010,r574,6,10,False,442,ellipse,67.78068709018375,58.00465805607901,15.303301586902258,2.207077748146422,4.676786526006491,4.166272853614803,15.388880281444614,0.4543153521491621,1.0,15.0,False,ellipse,360.0,1.0,True,True,7.062648794068551,156.70580824987914,153.60000000000002,14.965716883220772,13.33207313156737
r574_svd_normalised_tr050_tid6_010,r574,6,10,False,443,ellipse,397.3161055079617,149.87533073096319,32.22168583907193,3.2025741446662632,8.849923822565058,4.635737598524147,1.0496319236912939,0.8518310275756619,1.0,31.555555555555557,True,ellipse,321.0,0.8916666666666667,True,True,10.248237262932044,329.95006299209666,323.128888888889,28.31975623220819,14.834360315277273
r574_svd_normalised_tr050_tid6_010,r574,6,10,False,444,ellipse,179.61868686868684,148.00757575757575,14.666666666666643,2.160681604809523,4.586166390482945,4.071849645098146,-88.02656283974105,0.4601238212620863,1.0,14.88888888888889,False,ellipse,360.0,1.0,True,True,6.914181135390475,150.18666666666644,152.46222222222227,14.675732449545425,13.029918864314068
r574_svd_normalised_tr050_tid6_010,r574,6,10,False,445,ellipse,13.570987654320989,203.90895061728392,24.00000000000007,2.763953195770688,5.908809076894943,5.171558037495769,6.642341945949681,0.4837097195964905,1.0,24.11111111111111,False,ellipse,360.0,1.0,True,True,8.844650226466202,245.7600000000008,246.89777777777783,18.908189046063818,16.54898571998646
r574_svd_normalised_tr050_tid6_010,r574,6,10,False,446,ellipse,181.67391304347822,142.85869565217396,10.222222222222195,1.8038387932686675,3.7666710336655047,3.4553953483264723,-89.43819279855842,0.3980573474844343,1.0,10.11111111111111,False,ellipse,360.0,1.0,True,True,5.772284138459736,104.67555555555529,103.53777777777779,12.053347307729616,11.057265114644713
r574_svd_normalised_tr050_tid6_010,r574,6,10,False,447,circle,98.79914878449011,252.16614784839496,870.7997220319082,16.648848621116514,33.29769724223303,33.29769724223303,,0.0,1.0,347.0,True,circle,161.0,0.44722222222222224,True,True,53.276315587572846,8916.989153606743,3553.2800000000007,106.55263117514569,106.55263117514569
r574_svd_normalised_tr050_tid6_010,r574,6,10,False,448,circle,307.42043186770655,143.98448796122386,28.797999104477125,3.0276538470021666,6.055307694004357,6.05530769400431,,1.2467205919833117e-07,1.0,28.77777777777778,False,circle,360.0,1.0,True,True,9.688492310406934,294.8915108298458,294.6844444444445,19.376984620813943,19.376984620813793
r574_svd_normalised_tr050_tid6_010,r574,6,10,False,449,ellipse,135.33366728351982,160.33009545446401,19.984691184962024,2.522166682934232,5.297650500857013,4.803129066724489,-29.77943483927777,0.42187782986237954,1.0,20.22222222222222,False,ellipse,360.0,1.0,True,True,8.070933385389543,204.64323773401117,207.07555555555558,16.95248160274244,15.370013013518367
r574_svd_normalised_tr050_tid6_010,r574,6,10,False,450,ellipse,123.62376630065916,206.73972255206107,48.86650390334433,3.9439436222736877,8.266101331498215,7.526978280027468,-82.29327919146789,0.41332441619984744,1.0,49.111111111111114,False,ellipse,360.0,1.0,True,True,12.620619591275801,500.392999970246,502.8977777777779,26.451524260794287,24.086330496087896
r574_svd_normalised_tr050_tid6_010,r574,6,10,False,451,circle,228.09763539282991,223.33180778032036,48.55555555555582,3.931375505148255,7.862751010296511,7.86275101029651,,1.4901161193847656e-08,1.0,48.0,False,circle,360.0,1.0,True,True,12.580401616474417,497.2088888888917,491.5200000000001,25.160803232948837,25.160803232948833
r574_svd_normalised_tr050_tid6_010,r574,6,10,False,452,circle,1.391941391941392,65.05494505494507,10.111111111111105,1.794008535924352,3.588017071848705,3.588017071848703,,2.9802322387695312e-08,1.0,10.333333333333334,False,circle,360.0,1.0,True,True,5.740827314957927,103.53777777777773,105.81333333333336,11.481654629915857,11.481654629915852
r574_svd_normalised_tr050_tid6_010,r574,6,10,False,453,ellipse,127.95353535353536,114.93535353535356,18.333333333333417,2.4157154730437225,5.248139644589359,4.447809427265703,82.13795289778659,0.5307920232656813,1.0,18.11111111111111,False,ellipse,360.0,1.0,True,True,7.730289513739912,187.73333333333423,185.4577777777778,16.79404686268595,14.23299016725025
r574_svd_normalised_tr050_tid6_010,r574,6,10,False,454,circle,51.75,49.24707602339181,25.333333333333393,2.839691963926613,5.679383927853226,5.679383927853225,,1.4901161193847656e-08,1.0,25.333333333333332,False,circle,360.0,1.0,True,True,9.087014284565162,259.413333333334,259.41333333333336,18.174028569130325,18.17402856913032
r574_svd_normalised_tr050_tid6_010,r574,6,10,False,455,circle,303.2750242954325,196.60349854227405,38.11111111111081,3.482979104174397,6.965958208348833,6.965958208348754,,1.5049435106459375e-07,1.0,38.333333333333336,False,circle,360.0,1.0,True,True,11.145533133358072,390.2577777777748,392.5333333333334,22.291066266716268,22.291066266716015
r574_svd_normalised_tr050_tid6_010,r574,6,10,False,456,ellipse,118.6903409090909,201.5880681818182,39.111111111110986,3.5283782856008123,7.448158082046492,6.685923251982674,-12.269754294301833,0.4406860492347425,1.0,39.111111111111114,False,ellipse,360.0,1.0,True,True,11.290810513922601,400.4977777777766,400.4977777777779,23.834105862548775,21.394954406344556
r574_svd_normalised_tr050_tid6_010,r574,6,10,False,457,circle,203.9945993468978,223.56041195679475,294.88888888888965,9.688449239124234,19.37689847824847,19.376898478248467,,2.1073424255447017e-08,1.0,295.0,False,circle,360.0,1.0,True,True,31.00303756519755,3019.6622222222304,3020.8000000000006,62.00607513039511,62.0060751303951
r574_svd_normalised_tr050_tid6_010,r574,6,10,False,458,ellipse,45.219635234769115,222.8537058595266,95.44444444444464,5.5118880837682385,11.51270324098766,10.555613086533434,-12.955497111199975,0.39919373284838505,1.0,95.22222222222223,False,ellipse,360.0,1.0,True,True,17.638041868058362,977.3511111111134,975.0755555555559,36.840650371160514,33.77796187690699
r574_svd_normalised_tr050_tid6_010,r574,6,10,False,459,circle,227.94266541737022,128.84867787816705,10.986150897450864,1.8700268558941966,3.740053711788398,3.7400537117883887,,6.989264130329236e-08,1.0,11.222222222222221,False,circle,360.0,1.0,True,True,5.98408593886143,112.49818518989687,114.91555555555557,11.968171877722874,11.968171877722845
r574_svd_normalised_tr050_tid6_010,r574,6,10,False,460,circle,22.82517114270669,226.75250131648232,70.33333333333339,4.73157429702419,9.463148594048395,9.463148594048366,,7.742870483855355e-08,1.0,70.33333333333333,False,circle,360.0,1.0,True,True,15.141037750477409,720.213333333334,720.2133333333335,30.282075500954864,30.282075500954775
r574_svd_normalised_tr050_tid6_010,r574,6,10,False,461,circle,321.07914045536666,193.28888147143027,11.639100024104074,1.9247962499844817,3.849592499968992,3.849592499968935,,1.718485742013275e-07,1.0,11.555555555555555,False,circle,360.0,1.0,True,True,6.1593479999503415,119.18438424682574,118.32888888888891,12.318695999900775,12.318695999900592
r574_svd_normalised_tr050_tid6_010,r574,6,10,False,462,ellipse,41.907548770144174,153.44359626802373,43.666666666666806,3.728207571567366,7.860673709459401,7.07294677806854,40.70629922201982,0.4363255377180726,1.0,43.44444444444444,False,ellipse,360.0,1.0,True,True,11.930264229015572,447.1466666666682,444.8711111111112,25.154155870270085,22.63342968981933
r574_svd_normalised_tr050_tid6_010,r574,6,10,False,463,ellipse,121.67937856065774,161.21403331066503,42.37250323336555,3.6725449869994633,7.658796031902367,7.044233388826631,75.14001107709367,0.392487643248016,1.0,42.333333333333336,False,ellipse,360.0,1.0,True,True,11.752143958398284,433.8944331096633,433.49333333333345,24.508147302087576,22.541546844245218
r574_svd_normalised_tr050_tid6_010,r574,6,10,False,464,circle,263.52922155815907,195.28727538322454,129.77825382407406,6.427262341298363,12.854524682596745,12.854524682596706,,7.742870483855355e-08,1.0,129.22222222222223,False,circle,360.0,1.0,True,True,20.567239492154762,1328.9293191585186,1323.235555555556,41.13447898430959,41.13447898430946
r574_svd_normalised_tr050_tid6_010,r574,6,10,False,465,circle,164.45437616387338,32.92178770949721,19.88888888888884,2.5161140591285336,5.032228118257082,5.032228118257052,,1.0950072449966572e-07,1.0,19.666666666666668,False,circle,360.0,1.0,True,True,8.051564989211307,203.66222222222174,201.3866666666667,16.103129978422665,16.10312997842257
r574_svd_normalised_tr050_tid6_010,r574,6,10,False,466,ellipse,358.60416666666663,221.04947916666666,14.222222222222182,2.1276921621409715,4.481021056577072,4.041109273692392,82.44232095952734,0.4320956541930159,1.0,14.222222222222221,False,ellipse,360.0,1.0,True,True,6.808614918851109,145.6355555555552,145.63555555555558,14.339267381046632,12.931549675815655
r574_svd_normalised_tr050_tid6_010,r574,6,10,False,467,circle,290.8460198598813,208.41506683223184,54.66365092041127,4.171328385882197,8.342656771764432,8.342656771764357,,1.341104507446289e-07,1.0,54.22222222222222,False,circle,360.0,1.0,True,True,13.348250834823032,559.7557854250115,555.2355555555556,26.69650166964618,26.696501669645944
r574_svd_normalised_tr050_tid6_010,r574,6,10,False,468,ellipse,106.23797517963796,152.03187254864372,18.949271777737014,2.4559602079099707,5.252174913883501,4.59370880957753,80.64279803737304,0.4847913722656438,1.0,18.88888888888889,False,ellipse,360.0,1.0,True,True,7.859072665311906,194.04054300402706,193.42222222222227,16.806959724427205,14.699868190648097
r574_svd_normalised_tr050_tid6_010,r574,6,10,False,469,ellipse,202.49184782608697,220.7966485507246,163.55555555555563,7.215355173074681,16.445590798872786,12.66268896273011,-78.65035117623879,0.6380744079065904,1.0,163.11111111111111,False,ellipse,360.0,1.0,True,True,23.089136553838983,1674.80888888889,1670.257777777778,52.62589055639292,40.520604680736355
r574_svd_normalised_tr050_tid6_010,r574,6,10,False,470,ellipse,277.5109489051095,228.3485401459854,60.888888888889284,4.402446512120258,9.255250389879272,8.37644989627672,-43.679975476779646,0.42530850837415773,1.0,61.333333333333336,False,ellipse,360.0,1.0,True,True,14.087828838784825,623.5022222222264,628.0533333333335,29.616801247613672,26.804639668085503
r574_svd_normalised_tr050_tid6_010,r574,6,10,False,471,circle,43.676767676767675,211.77609427609423,21.99999999999998,2.6462837142006124,5.292567428401232,5.292567428401218,,7.300048299977713e-08,1.0,22.0,False,circle,360.0,1.0,True,True,8.46810788544196,225.27999999999983,225.28000000000003,16.936215770883944,16.936215770883898
r574_svd_normalised_tr050_tid6_010,r574,6,10,False,472,ellipse,201.69268292682926,95.19837398373983,22.777777777777764,2.6926551676670587,5.66363812378229,5.120660390725784,61.68470162421136,0.4272592402996302,1.0,23.333333333333332,False,ellipse,360.0,1.0,True,True,8.616496536534589,233.24444444444435,238.93333333333337,18.123641996103327,16.38611325032251
r574_svd_normalised_tr050_tid6_010,r574,6,10,False,473,ellipse,74.56053067993366,144.43449419568825,22.333333333333254,2.6662559500989333,5.543183306947271,5.1298471638333565,6.139956703513917,0.3789102254755899,1.0,22.333333333333332,False,ellipse,360.0,1.0,True,True,8.532019040316587,228.69333333333256,228.69333333333336,17.73818658223127,16.41551092426674
r574_svd_normalised_tr050_tid6_010,r574,6,10,False,474,ellipse,238.01159124929106,212.591341276915,37.33648255677328,3.447400689381724,7.220932383808119,6.58339997189227,86.04691847017298,0.4108332258926467,1.0,37.111111111111114,False,ellipse,360.0,1.0,True,True,11.031682206021518,382.3255813813584,380.0177777777779,23.106983628185983,21.066879910055263
r574_svd_normalised_tr050_tid6_010,r574,6,10,False,475,ellipse,332.2077448329226,194.42902875343358,102.42589262359773,5.7099189331627604,12.187075562870595,10.700901641283028,1.382251410076833,0.47856289225955073,1.0,102.22222222222223,False,ellipse,360.0,1.0,True,True,18.271740586120835,1048.841140465641,1046.755555555556,38.998641801185904,34.242885252105694
r574_svd_normalised_tr050_tid6_010,r574,6,10,False,476,ellipse,128.97526704460412,98.3465899141292,36.845226821507715,3.424645960675362,7.10944050497878,6.59866269237741,-28.666360213222134,0.3721939165492514,1.0,36.888888888888886,False,ellipse,360.0,1.0,True,True,10.958867074161159,377.29512265223906,377.74222222222227,22.750209615932096,21.115720615607714
r574_svd_normalised_tr050_tid6_010,r574,6,10,False,477,ellipse,300.43539769229716,235.46143796157122,160.38250612372914,7.145021852318951,15.52662646326551,13.151945759987939,87.22823933589672,0.5315012247533096,1.0,160.44444444444446,False,ellipse,360.0,1.0,True,True,22.864069927420644,1642.3168627069867,1642.9511111111115,49.68520468244964,42.08622643196141
r574_svd_normalised_tr050_tid6_010,r574,6,10,False,478,ellipse,268.8379204892966,93.34862385321101,12.111111111111134,1.9634373937910594,4.275165860328473,3.606958443517165,-70.69959493932424,0.5368145978608866,1.0,12.222222222222221,False,ellipse,360.0,1.0,True,True,6.282999660131391,124.01777777777804,125.15555555555557,13.680530753051114,11.542267019254929
r574_svd_normalised_tr050_tid6_010,r574,6,10,False,479,ellipse,48.423828125,242.59505208333331,56.88888888888871,4.255384324281942,8.851998832086332,8.182692334619988,11.272019002851124,0.3814506021059625,1.0,57.22222222222222,False,ellipse,360.0,1.0,True,True,13.617229837702215,582.5422222222205,585.9555555555556,28.326396262676266,26.184615470783964
r574_svd_normalised_tr050_tid6_010,r574,6,10,False,480,ellipse,205.53026222969515,73.48750043818085,12.350115992863964,1.9827163226354751,4.235898577855753,3.7122362056507305,-4.001404951403856,0.4816291264616248,1.0,12.333333333333334,False,ellipse,360.0,1.0,True,True,6.344692232433521,126.46518776692702,126.29333333333336,13.554875449138411,11.879155858082338
r574_svd_normalised_tr050_tid6_010,r574,6,10,False,481,circle,12.757490636704123,197.96067415730337,39.555555555555486,3.548369257394934,7.096738514789881,7.096738514789855,,8.560065398421926e-08,1.0,39.55555555555556,False,circle,360.0,1.0,True,True,11.35478162366379,405.04888888888826,405.048888888889,22.709563247327623,22.709563247327537
r574_svd_normalised_tr050_tid6_010,r574,6,10,False,482,ellipse,199.69927536231882,144.9202898550725,10.222222222222138,1.8038387932686626,3.8626515352461164,3.3695344893632715,-80.9910525691248,0.48890476647761044,1.0,10.333333333333334,False,ellipse,360.0,1.0,True,True,5.772284138459721,104.67555555555471,105.81333333333336,12.360484912787573,10.78251036596247
r574_svd_normalised_tr050_tid6_010,r574,6,10,False,483,circle,314.3492907801418,205.90070921985813,41.777777777777956,3.6466806399047615,7.293361279809524,7.293361279809522,,2.1073424255447017e-08,1.0,41.55555555555556,False,circle,360.0,1.0,True,True,11.669378047695238,427.80444444444635,425.528888888889,23.33875609539048,23.338756095390472
r574_svd_normalised_tr050_tid6_010,r574,6,10,False,484,circle,242.7888830611399,257.89571249395715,645.798586601746,14.337505870926599,28.67501174185321,28.675011741853183,,4.470348358154297e-08,1.0,97.0,True,circle,108.99999999999999,0.30277777777777776,False,True,45.88001878696512,6612.97752680188,993.2800000000002,91.76003757393028,91.76003757393019
r574_svd_normalised_tr050_tid6_010,r574,6,10,False,485,ellipse,217.0679029862672,219.54505820864574,61.50091544991744,4.424516854647766,9.291008007606012,8.428084178180077,87.87283544720762,0.42086627922952996,1.0,61.666666666666664,False,ellipse,360.0,1.0,True,True,14.15845393487285,629.7693742071548,631.4666666666668,29.73122562433924,26.969869370176248
r574_svd_normalised_tr050_tid6_010,r574,6,10,False,486,ellipse,71.78694158075601,44.17182130584192,10.777777777777748,1.8522076605388025,3.917193411994369,3.5031951266475327,14.035425120460474,0.44744285635609826,1.0,10.777777777777779,False,ellipse,360.0,1.0,True,True,5.927064513724169,110.36444444444416,110.36444444444447,12.535018918381981,11.210224405272106
r574_svd_normalised_tr050_tid6_010,r574,6,10,False,487,ellipse,394.7000900290162,231.65419800525171,274.74181912511006,9.351632861465498,21.190922848605013,16.507641087730804,-79.41752134469556,0.6270290711375652,1.0,214.0,True,ellipse,234.0,0.65,True,True,29.925225156689596,2813.3562278411273,2191.3600000000006,67.81095311553604,52.824451480738574
r574_svd_normalised_tr050_tid6_010,r574,6,10,False,488,circle,179.23100691824297,196.19135477203264,28.062647676252155,2.9887485989697495,5.977497197939499,5.977497197939499,,0.0,1.0,28.11111111111111,False,circle,360.0,1.0,True,True,9.5639955167032,287.36151220482213,287.8577777777778,19.1279910334064,19.1279910334064
r574_svd_normalised_tr050_tid6_010,r574,6,10,False,489,circle,178.87326388888889,86.57638888888891,21.33333333333344,2.605880063482246,5.2117601269645055,5.211760126964479,,1.0106459234841567e-07,1.0,21.555555555555557,False,circle,360.0,1.0,True,True,8.338816203143187,218.45333333333446,220.72888888888895,16.677632406286417,16.67763240628633
r574_svd_normalised_tr050_tid6_010,r574,6,10,False,490,circle,172.1734910262044,233.0091040168233,22.020206375953272,2.6474987035451534,5.294997407090307,5.294997407090307,,0.0,1.0,21.77777777777778,False,circle,360.0,1.0,True,True,8.471995851344492,225.48691328976156,223.0044444444445,16.943991702688983,16.943991702688983
r574_svd_normalised_tr050_tid6_010,r574,6,10,False,491,ellipse,357.6954436450839,67.95203836930455,15.444444444444585,2.217232363394291,4.6573210761804225,4.222272222910479,49.32333651827071,0.4220164425819595,1.0,15.333333333333334,False,ellipse,360.0,1.0,True,True,7.0951435628617325,158.15111111111258,157.01333333333338,14.903427443777353,13.511271113313533
r574_svd_normalised_tr050_tid6_010,r574,6,10,False,492,circle,144.67489027544408,255.74728189203563,340.1084077662107,10.404800265560738,20.809600531121475,20.809600531121475,,0.0,1.0,47.55555555555556,True,circle,107.0,0.2972222222222222,False,True,33.29536084979436,3482.710095525998,486.968888888889,66.59072169958873,66.59072169958873
r574_svd_normalised_tr050_tid6_010,r574,6,10,False,493,ellipse,57.52213503470041,139.38667089699442,89.7788951568214,5.34579366409463,11.450014468818974,9.983396956186365,-81.03062875379362,0.48966385580854926,1.0,89.33333333333333,False,ellipse,360.0,1.0,True,True,17.106539725102817,919.3358864058514,914.7733333333334,36.64004630022072,31.94687025979637
r574_svd_normalised_tr050_tid6_010,r574,6,10,False,494,circle,295.90770286751274,246.7991422131212,131.9439614146353,6.48066874176817,12.96133748353634,12.96133748353634,,0.0,1.0,100.11111111111111,True,circle,229.0,0.6361111111111111,True,True,20.738139973658146,1351.1061648858658,1025.137777777778,41.47627994731629,41.47627994731629
r574_svd_normalised_tr050_tid6_010,r574,6,10,False,495,ellipse,222.49761904761905,142.28571428571428,15.555555555555427,2.225193726041506,4.641590836209489,4.267060405055492,-22.20592656717173,0.39353438060868323,1.0,15.222222222222221,False,ellipse,360.0,1.0,True,True,7.12061992333282,159.2888888888876,155.87555555555556,14.853090675870366,13.654593296177575
r574_svd_normalised_tr050_tid6_010,r574,6,10,False,496,circle,344.58333333333337,127.1421568627451,7.555555555555552,1.5508088305604257,3.1016176611208675,3.1016176611208355,,1.4370159448672764e-07,1.0,7.666666666666667,False,circle,360.0,1.0,True,True,4.962588257793363,77.36888888888886,78.50666666666669,9.925176515586777,9.925176515586674
r574_svd_normalised_tr050_tid6_010,r574,6,10,False,497,circle,141.0504430298676,156.7399845982156,13.57853358991943,2.0789856857491906,4.157971371498381,4.157971371498381,,0.0,1.0,13.666666666666666,False,circle,360.0,1.0,True,True,6.65275419439741,139.044183960775,139.9466666666667,13.30550838879482,13.30550838879482
r574_svd_normalised_tr050_tid6_010,r574,6,10,False,498,ellipse,357.59617918313563,202.95915678524372,56.222222222222186,4.230376952064122,9.094560271474068,7.8711179528659905,89.77869686682891,0.5009514715973584,1.0,56.0,False,ellipse,360.0,1.0,True,True,13.537206246605193,575.7155555555553,573.44,29.102592868717018,25.187577449171172
r574_svd_normalised_tr050_tid6_010,r574,6,10,False,499,ellipse,177.76074498567334,245.6733524355301,77.55555555555547,4.968571229418927,12.154332409202674,8.124411684879686,88.95400672431921,0.7437683079651564,1.0,77.0,True,ellipse,320.0,0.8888888888888888,True,True,15.899427934140569,794.1688888888882,788.4800000000001,38.89386370944856,25.998117391614997
r574_svd_normalised_tr050_tid6_010,r574,6,10,False,500,circle,34.75132275132276,133.2685185185185,28.000000000000018,2.985410660720924,5.970821321441853,5.970821321441845,,5.1619136559035694e-08,1.0,28.22222222222222,False,circle,360.0,1.0,True,True,9.553314114306957,286.72000000000025,288.9955555555556,19.10662822861393,19.106628228613904
r574_svd_normalised_tr050_tid6_010,r574,6,10,False,501,circle,258.7704300766908,116.77996698021127,14.793489067322534,2.1700031846245267,4.340006369249068,4.340006369249039,,1.1445799094242763e-07,1.0,14.777777777777779,False,circle,360.0,1.0,True,True,6.944010190798486,151.4853280493828,151.32444444444448,13.888020381597016,13.888020381596926
r574_svd_normalised_tr050_tid6_010,r574,6,10,False,502,ellipse,200.7152496626181,73.98920377867745,27.444444444444443,2.9556451051316155,6.197848966816315,5.637980553744192,88.64561900817827,0.41533769145244387,1.0,27.88888888888889,False,ellipse,360.0,1.0,True,True,9.45806433642117,281.03111111111116,285.5822222222223,19.833116693812208,18.041537771981414
r574_svd_normalised_tr050_tid6_010,r574,6,10,False,503,circle,189.9098918495605,247.87411181895447,27.956257743234872,2.983077809976436,5.966155619952872,5.966155619952872,,0.0,1.0,23.333333333333332,True,circle,247.0,0.6861111111111111,True,True,9.545848991924595,286.2720792907251,238.93333333333337,19.09169798384919,19.09169798384919
r574_svd_normalised_tr050_tid6_010,r574,6,10,False,504,ellipse,23.858156028368796,181.50759878419453,36.5555555555555,3.411157388376284,7.205267424051094,6.459715673804585,54.70794359446157,0.44298940790135355,1.0,36.44444444444444,False,ellipse,360.0,1.0,True,True,10.91570364280411,374.3288888888884,373.1911111111112,23.0568557569635,20.67109015617467
r574_svd_normalised_tr050_tid6_010,r574,6,10,False,505,circle,338.05336067779746,211.04163331042696,83.50532789310097,5.155634918939964,10.311269837879967,10.31126983787989,,1.228781230931777e-07,1.0,84.0,False,circle,360.0,1.0,True,True,16.498031740607885,855.0945576253541,860.1600000000002,32.9960634812159,32.99606348121565
r574_svd_normalised_tr050_tid6_010,r574,6,10,False,506,ellipse,36.36923076923077,70.50402930402932,50.55555555555564,4.01152503854173,8.584580372054011,7.498250322046598,-22.835048921346697,0.4869036953218326,1.0,50.44444444444444,False,ellipse,360.0,1.0,True,True,12.836880123333536,517.6888888888899,516.5511111111111,27.470657190572837,23.994401030549113
r574_svd_normalised_tr050_tid6_010,r574,6,10,False,507,circle,34.18394002749807,106.35326826936422,27.54888106181389,2.961263445773909,5.922526891547818,5.922526891547818,,0.0,1.0,27.333333333333332,False,circle,360.0,1.0,True,True,9.476043026476509,282.1005420729743,279.8933333333334,18.952086052953018,18.952086052953018
r574_svd_normalised_tr050_tid6_010,r574,6,10,False,508,circle,175.66675956040154,245.9879152975409,52.23445171025189,4.077590266169835,8.15518053233967,8.15518053233967,,0.0,1.0,51.44444444444444,True,circle,299.0,0.8305555555555556,True,True,13.048288851743473,534.8807855129794,526.7911111111111,26.096577703486947,26.096577703486947
r574_svd_normalised_tr050_tid6_010,r574,6,10,False,509,circle,8.98279337867608,175.82430883604036,60.85007464747768,4.4010430962799925,8.802086192559997,8.802086192559974,,7.300048299977713e-08,1.0,61.333333333333336,False,circle,360.0,1.0,True,True,14.083337908095977,623.1047643901716,628.0533333333335,28.166675816191994,28.16667581619192
r574_svd_normalised_tr050_tid6_010,r574,6,10,False,510,ellipse,214.57601955087304,207.48029794596152,15.026221388892612,2.187005903071788,4.578494203963665,4.178661897992702,-83.48767814120055,0.4086935820375515,1.0,15.0,False,ellipse,360.0,1.0,True,True,6.998418889829722,153.8685070222604,153.60000000000002,14.651181452683728,13.371718073576648
r574_svd_normalised_tr050_tid6_010,r574,6,10,False,511,ellipse,62.61417584397974,148.2882088080847,19.224564042255295,2.4737357967703986,5.375928236387263,4.553162559577338,81.48910446354793,0.5316665793998205,1.0,19.11111111111111,False,ellipse,360.0,1.0,True,True,7.915954549665276,196.85953579269426,195.69777777777782,17.20297035643924,14.570120190647481
r574_svd_normalised_tr050_tid6_010,r574,6,10,False,512,ellipse,215.22305764411027,213.0676691729323,14.777777777777692,2.1688505625085766,4.509981997127114,4.172001365406948,79.49401971284621,0.37982239946892826,1.0,14.88888888888889,False,ellipse,360.0,1.0,True,True,6.940321800027445,151.3244444444436,152.46222222222227,14.431942390806766,13.350404369302234
r574_svd_normalised_tr050_tid6_010,r574,6,10,False,513,ellipse,391.78709677419357,229.18924731182793,17.222222222222374,2.341367889800224,5.076301788983242,4.319682968640501,60.21267553439395,0.5252454373122443,1.0,17.333333333333332,False,ellipse,360.0,1.0,True,True,7.492377247360718,176.35555555555715,177.49333333333337,16.244165724746377,13.822985499649604
r574_svd_normalised_tr050_tid6_010,r574,6,10,False,514,ellipse,399.0379526679716,237.53311145942595,156.89522123080252,7.066915877011514,16.475279376165478,12.125147955914287,19.795921660772024,0.6770249316872698,1.0,85.55555555555556,True,ellipse,189.0,0.525,True,True,22.614130806436847,1606.6070654034181,876.0888888888891,52.72089400372953,38.80047345892572
r574_svd_normalised_tr050_tid6_010,r574,6,10,False,515,ellipse,382.98850574712645,204.8965517241379,19.333333333333353,2.480723913071873,5.287047171632934,4.655900303598715,-2.3865720017826106,0.47381587019375104,1.0,19.0,False,ellipse,360.0,1.0,True,True,7.938316521829994,197.97333333333358,194.56000000000003,16.918550949225388,14.898880971515888
r574_svd_normalised_tr050_tid6_010,r574,6,10,False,516,ellipse,127.64048338368579,111.9949647532729,36.77777777777776,3.4215099383952086,7.278484391920144,6.433608772470731,-8.595833984952947,0.4676353264966648,1.0,36.55555555555556,False,ellipse,360.0,1.0,True,True,10.948831802864667,376.6044444444443,374.32888888888897,23.291150054144463,20.58754807190634
r574_svd_normalised_tr050_tid6_010,r574,6,10,False,517,ellipse,336.830615942029,234.08514492753625,81.77777777777762,5.102026571550536,10.696260233369655,9.734495821482925,-64.38038336618385,0.4144237250714288,1.0,82.0,False,ellipse,360.0,1.0,True,True,16.326485028961716,837.4044444444429,839.6800000000002,34.228032746782894,31.150386628745363
r574_svd_normalised_tr050_tid6_010,r574,6,10,False,518,circle,340.6481481481481,145.4351851851852,12.000000000000005,1.9544100476116801,3.9088200952234007,3.90882009522332,,2.03224743857769e-07,1.0,11.88888888888889,False,circle,360.0,1.0,True,True,6.254112152357377,122.88000000000008,121.74222222222225,12.508224304714883,12.508224304714624
r574_svd_normalised_tr050_tid6_010,r574,6,10,False,519,circle,183.2158243948077,237.27412118407872,105.64006433605991,5.798816849604715,11.597633699209432,11.59763369920943,,1.4901161193847656e-08,1.0,105.88888888888889,False,circle,360.0,1.0,True,True,18.55621391873509,1081.7542588012536,1084.3022222222223,37.112427837470186,37.11242783747018
r574_svd_normalised_tr050_tid6_010,r574,6,10,False,520,circle,138.22485652270893,37.07177247694531,63.98786830423719,4.513088862083831,9.026177724167669,9.026177724167654,,5.5755039852469285e-08,1.0,64.0,False,circle,360.0,1.0,True,True,14.44188435866826,655.235771435389,655.3600000000001,28.88376871733654,28.883768717336494
r574_svd_normalised_tr050_tid6_010,r574,6,10,False,521,circle,208.61187783467057,78.26680086133288,12.631464601018836,2.005173324050788,4.0103466481015815,4.010346648101571,,7.300048299977713e-08,1.0,12.555555555555555,False,circle,360.0,1.0,True,True,6.416554636962522,129.3461975144329,128.56888888888892,12.83310927392506,12.833109273925027
r574_svd_normalised_tr050_tid6_010,r574,6,10,False,522,circle,365.62319487096806,181.7660510649256,35.34386270718776,3.3541468238019125,6.70829364760384,6.708293647603811,,9.30577218293905e-08,1.0,35.111111111111114,False,circle,360.0,1.0,True,True,10.733269836166121,361.92115412160274,359.5377777777779,21.46653967233229,21.466539672332196
r574_svd_normalised_tr050_tid6_010,r574,6,10,False,523,ellipse,2.368379052586814,207.19419326140212,35.22908331634349,3.3486960896421425,7.610296428197944,5.893996695968335,7.748884378102105,0.6326025266439994,1.0,34.55555555555556,True,ellipse,331.0,0.9194444444444444,True,True,10.715827486854856,360.7458131593574,353.84888888888895,24.352948570233423,18.860789427098673
r574_svd_normalised_tr050_tid6_010,r574,6,10,False,524,circle,275.14599471326443,215.95862741301542,44.094681068485905,3.746434693441259,7.492869386882546,7.492869386882489,,1.228781230931777e-07,1.0,44.44444444444444,False,circle,360.0,1.0,True,True,11.988591019012029,451.52953414129576,455.1111111111112,23.97718203802415,23.97718203802397
r574_svd_normalised_tr050_tid6_010,r574,6,10,False,525,ellipse,188.1276721760401,236.6135503157778,17.102955803756632,2.3332466469064466,4.850924328089005,4.4890742853082815,-77.76950654058936,0.37897731986624694,1.0,17.0,False,ellipse,360.0,1.0,True,True,7.466389270100629,175.13426743046796,174.08000000000004,15.522957849884817,14.365037712986501
r574_svd_normalised_tr050_tid6_010,r574,6,10,False,526,circle,149.2616487455197,211.5663082437276,20.666666666666732,2.5648400173236983,5.1296800346473965,5.1296800346473965,,0.0,1.0,20.333333333333332,False,circle,360.0,1.0,True,True,8.207488055435835,211.62666666666738,208.21333333333337,16.41497611087167,16.41497611087167
r574_svd_normalised_tr050_tid6_010,r574,6,10,False,527,ellipse,249.6708351012666,233.75247511845384,24.995875729451583,2.8207152210930317,5.868537186437474,5.423112510486385,-54.64173574745371,0.38215185649573724,1.0,25.11111111111111,False,ellipse,360.0,1.0,True,True,9.026288707497702,255.95776746958427,257.13777777777784,18.77931899659992,17.353960033556433
r574_svd_normalised_tr050_tid6_010,r574,6,10,False,528,circle,98.09542256594962,203.2274798019521,13.670161864744806,2.08598841494408,4.17197682988816,4.17197682988816,,0.0,1.0,13.444444444444445,False,circle,360.0,1.0,True,True,6.675162927821056,139.98245749498685,137.67111111111114,13.350325855642112,13.350325855642112
r574_svd_normalised_tr050_tid6_010,r574,6,10,False,529,circle,338.87450980392157,83.20784313725493,9.444444444444441,1.7338569826200327,3.4677139652400855,3.467713965240045,,1.5269146510898468e-07,1.0,9.555555555555555,False,circle,360.0,1.0,True,True,5.548342344384105,96.7111111111111,97.84888888888891,11.096684688768274,11.096684688768145
r574_svd_normalised_tr050_tid6_010,r574,6,10,False,530,ellipse,297.8824213040225,111.07000345315333,7.649538925097833,1.560424257888337,3.4561078756153236,2.818110952827657,-89.54899854594044,0.5788977121275591,1.0,7.666666666666667,False,ellipse,360.0,1.0,True,True,4.993357625242679,78.33127859300183,78.50666666666669,11.059545201969037,9.017955049048503
r574_svd_normalised_tr050_tid6_010,r574,6,10,False,531,ellipse,186.78403755868544,128.3755868544601,7.88888888888887,1.5846486438131284,3.316223872180983,3.0288803423724264,-84.394393326429,0.40717044786540063,1.0,8.0,False,ellipse,360.0,1.0,True,True,5.070875660202011,80.78222222222205,81.92000000000002,10.611916390979147,9.692417095591765
r574_svd_normalised_tr050_tid6_010,r574,6,10,False,532,ellipse,10.64176245210728,189.31226053639853,19.33333333333342,2.4807239130718775,5.306555113559592,4.638784296924867,0.27745880073453577,0.48563596616530763,1.0,19.0,False,ellipse,360.0,1.0,True,True,7.938316521830008,197.97333333333427,194.56000000000003,16.980976363390695,14.844109750159575
r574_svd_normalised_tr050_tid6_010,r574,6,10,False,533,ellipse,56.7217125382263,79.914373088685,12.111111111111128,1.963437393791059,4.172331318097858,3.695858363515137,-71.99976832304367,0.46406386202162586,1.0,12.11111111111111,False,ellipse,360.0,1.0,True,True,6.282999660131389,124.01777777777798,124.0177777777778,13.351460217913147,11.826746763248439
r574_svd_normalised_tr050_tid6_010,r574,6,10,False,534,ellipse,187.1622711455276,216.62656240207374,30.355316401202412,3.108439690381606,6.872273750075961,5.623988601229916,-68.5256078474496,0.5747070413276218,1.0,30.11111111111111,False,ellipse,360.0,1.0,True,True,9.947007009221139,310.8384399483128,308.33777777777783,21.991276000243076,17.996763523935734
r574_svd_normalised_tr050_tid6_010,r574,6,10,False,535,ellipse,70.10708280790247,225.1935687263556,352.4444444444445,10.591815283378978,22.317806423537746,20.107092761392817,38.6061390914291,0.43393546979650455,1.0,352.6666666666667,False,ellipse,360.0,1.0,True,True,33.89380890681273,3609.0311111111128,3611.3066666666678,71.41698055532079,64.34269683645702
r574_svd_normalised_tr050_tid6_010,r574,6,10,False,536,ellipse,394.87936507936513,199.05079365079368,11.666666666666726,1.9270742950937076,4.064833254482369,3.654383937856084,12.732043451029597,0.4378987080786571,1.0,11.666666666666666,False,ellipse,360.0,1.0,True,True,6.166637744299865,119.46666666666731,119.46666666666668,13.00746641434358,11.69402860113947
r574_svd_normalised_tr050_tid6_010,r574,6,10,False,537,circle,102.0084541062802,139.96497584541063,30.666666666666764,3.1243404386050737,6.248680877210161,6.248680877210134,,9.18569267238524e-08,1.0,31.11111111111111,False,circle,360.0,1.0,True,True,9.997889403536236,314.0266666666677,318.57777777777784,19.995778807072515,19.99577880707243
r574_svd_normalised_tr050_tid6_010,r574,6,10,False,538,circle,328.737037037037,102.38888888888889,9.99999999999994,1.7841241161527657,3.5682482323055464,3.5682482323055162,,1.2990531157078367e-07,1.0,10.333333333333334,False,circle,360.0,1.0,True,True,5.70919717168885,102.3999999999994,105.81333333333336,11.418394343377749,11.418394343377653
r574_svd_normalised_tr050_tid6_010,r574,6,10,False,539,circle,93.87631911074996,67.20387487112568,20.20906091059757,2.5362854489062556,5.072570897812511,5.072570897812511,,0.0,1.0,20.11111111111111,False,circle,360.0,1.0,True,True,8.116113436500019,206.94078372451918,205.93777777777782,16.232226873000037,16.232226873000037
r574_svd_normalised_tr050_tid6_010,r574,6,10,False,540,ellipse,54.08627450980393,155.57647058823528,9.444444444444432,1.7338569826200319,3.6436691842656685,3.300255741286361,71.31455094586437,0.423810990211954,1.0,9.444444444444445,False,ellipse,360.0,1.0,True,True,5.5483423443841025,96.71111111111101,96.71111111111114,11.65974138965014,10.560818372116357
r574_svd_normalised_tr050_tid6_010,r574,6,10,False,541,circle,323.56411569662924,187.95484002782086,22.621411930293338,2.6833969249532053,5.366793849906439,5.366793849906381,,1.4675941767984784e-07,1.0,22.666666666666668,False,circle,360.0,1.0,True,True,8.586870159850257,231.64325816620382,232.1066666666667,17.173740319700606,17.17374031970042
r574_svd_normalised_tr050_tid6_010,r574,6,10,False,542,ellipse,91.79700854700855,181.87820512820514,17.33333333333326,2.3489085466486377,4.954850706501301,4.454117136792538,-70.8706716362781,0.43807026221847956,1.0,17.333333333333332,False,ellipse,360.0,1.0,True,True,7.516507349275641,177.49333333333263,177.49333333333337,15.855522260804165,14.253174837736124
r574_svd_normalised_tr050_tid6_010,r574,6,10,False,543,circle,270.55076494476475,151.50405964743578,15.312515297331068,2.2077420595443225,4.415484119088685,4.415484119088604,,1.914088812271525e-07,1.0,15.333333333333334,False,circle,360.0,1.0,True,True,7.064774590541832,156.80015664467015,157.01333333333338,14.129549181083792,14.129549181083533
r574_svd_normalised_tr050_tid6_010,r574,6,10,False,544,circle,158.75545571245186,222.64120667522468,173.1111111111116,7.423138020738095,14.84627604147619,14.84627604147619,,0.0,1.0,173.33333333333334,False,circle,360.0,1.0,True,True,23.754041666361903,1772.6577777777832,1774.9333333333338,47.50808333272381,47.50808333272381
r574_svd_normalised_tr050_tid6_010,r574,6,10,False,545,ellipse,193.11640980271008,244.62326457779852,12.926481440164789,2.0284542972361335,4.21800597168229,3.9019639740668057,-83.71229380578336,0.37978903307219436,1.0,12.666666666666666,False,ellipse,360.0,1.0,True,True,6.491053751155627,132.36716994728746,129.70666666666668,13.49761910938333,12.48628471701378
r574_svd_normalised_tr050_tid6_010,r574,6,10,False,546,ellipse,304.33962264150944,207.44143081761007,94.22222222222196,5.4764828888200965,12.394244199513428,9.679288014259626,-17.835335589933607,0.6245932425246469,1.0,93.66666666666667,False,ellipse,360.0,1.0,True,True,17.52474524422431,964.835555555553,959.1466666666669,39.66158143844297,30.973721645630803
r574_svd_normalised_tr050_tid6_010,r574,6,10,False,547,circle,1.7619047619047619,70.37301587301587,9.333333333333341,1.7236276486088042,3.4472552972176103,3.4472552972176067,,4.470348358154297e-08,1.0,9.444444444444445,False,circle,360.0,1.0,True,True,5.515608475548174,95.57333333333344,96.71111111111114,11.031216951096354,11.031216951096342
r574_svd_normalised_tr050_tid6_010,r574,6,10,False,548,circle,126.43336354865201,143.83741344233505,14.057177057444894,2.115310480572693,4.230620961145393,4.23062096114538,,7.598131170262075e-08,1.0,13.88888888888889,False,circle,360.0,1.0,True,True,6.7689935378326185,143.94549306823575,142.22222222222226,13.537987075665256,13.537987075665217
r574_svd_normalised_tr050_tid6_010,r574,6,10,False,549,circle,382.8225336841595,171.90475449524186,14.276544450131041,2.1317516832452696,4.263503366490568,4.263503366490511,,1.6323404237781945e-07,1.0,14.11111111111111,False,circle,360.0,1.0,True,True,6.821605386384864,146.19181516934188,144.4977777777778,13.643210772769818,13.643210772769635
r574_svd_normalised_tr050_tid6_010,r574,6,10,False,550,circle,395.2353539427443,234.49484942773816,296.09292321481354,9.708208109035013,19.416416218070026,19.416416218070026,,0.0,1.0,228.0,True,circle,233.0,0.6472222222222223,True,True,31.066265948912044,3031.9915337196912,2334.7200000000003,62.13253189782409,62.13253189782409
r574_svd_normalised_tr050_tid6_010,r574,6,10,False,551,circle,304.55,65.27777777777777,26.66666666666687,2.9134624815788883,5.826924963157794,5.82692496315776,,1.0950072449966572e-07,1.0,26.666666666666668,False,circle,360.0,1.0,True,True,9.323079941052443,273.0666666666688,273.0666666666667,18.646159882104943,18.646159882104833
r574_svd_normalised_tr050_tid6_010,r574,6,10,False,552,ellipse,242.86259302847125,170.0703534043953,14.828143272925061,2.172543347673808,4.540088708990933,4.158460241690527,-86.90124641057304,0.40130950750526645,1.0,14.88888888888889,False,ellipse,360.0,1.0,True,True,6.952138712556186,151.84018711475267,152.46222222222227,14.528283868770988,13.307072773409686
r574_svd_normalised_tr050_tid6_010,r574,6,10,False,553,ellipse,191.89985894369246,212.5295594427101,18.174347671751736,2.4052181894497506,5.265087231309398,4.395045540334738,-76.55367864366656,0.5506251052166276,1.0,18.555555555555557,False,ellipse,360.0,1.0,True,True,7.696698206239202,186.1053201587378,190.00888888888895,16.848279140190073,14.064145729071164
r574_svd_normalised_tr050_tid6_010,r574,6,10,False,554,circle,96.25603290357299,179.3913659531533,23.51322135527183,2.7357797450472603,5.471559490094535,5.471559490094506,,1.021572142899192e-07,1.0,23.444444444444443,False,circle,360.0,1.0,True,True,8.754495184151233,240.7753866779836,240.07111111111115,17.508990368302513,17.50899036830242
r574_svd_normalised_tr050_tid6_010,r574,6,10,False,555,ellipse,343.1898734177215,114.19831223628691,8.777777777777876,1.6715422355989342,3.5894466856299645,3.113631364496184,47.87193004499278,0.49754096264622866,1.0,9.0,False,ellipse,360.0,1.0,True,True,5.34893515391659,89.88444444444546,92.16000000000003,11.486229394015886,9.96362036638779
r574_svd_normalised_tr050_tid6_010,r574,6,10,False,556,circle,293.2777777777777,181.2850241545894,15.333333333333295,2.2092423108729933,4.418484621745987,4.4184846217459866,,2.1073424255447017e-08,1.0,15.555555555555555,False,circle,360.0,1.0,True,True,7.069575394793579,157.01333333333298,159.28888888888892,14.13915078958716,14.139150789587157
r574_svd_normalised_tr050_tid6_010,r574,6,10,False,557,ellipse,367.5046296296297,70.06018518518519,7.999999999999992,1.59576912160573,3.3397015143850486,3.049948120814881,74.69971955673898,0.40742261748680053,1.0,8.0,False,ellipse,360.0,1.0,True,True,5.1064611891383365,81.91999999999993,81.92000000000002,10.687044846032157,9.75983398660762
r574_svd_normalised_tr050_tid6_010,r574,6,10,False,558,ellipse,372.5813409751935,226.48028822354888,20.848355298363455,2.5760895951308256,5.425951542194839,4.892220323410328,-59.787321807431425,0.4325006563995332,1.0,20.555555555555557,False,ellipse,360.0,1.0,True,True,8.243486704418642,213.4871582552418,210.48888888888894,17.363044935023485,15.65510503491305
r574_svd_normalised_tr050_tid6_010,r574,6,10,False,559,ellipse,30.580459770114942,145.70498084291185,19.333333333333467,2.48072391307188,5.26129045878565,4.678693321415335,81.77262857941193,0.4573879645035367,1.0,19.22222222222222,False,ellipse,360.0,1.0,True,True,7.938316521830017,197.97333333333475,196.83555555555557,16.83612946811408,14.971818628529073
r574_svd_normalised_tr050_tid6_010,r574,6,10,False,560,circle,43.17888257787605,253.20257371348436,211.14824472525697,8.19820551989298,16.39641103978596,16.39641103978596,,0.0,1.0,46.77777777777778,True,circle,127.00000000000001,0.3527777777777778,False,True,26.234257663657537,2162.158025986632,479.0044444444446,52.468515327315075,52.468515327315075
r574_svd_normalised_tr050_tid6_010,r574,6,10,False,561,ellipse,214.17273134095674,171.31159517282447,17.493215448065378,2.3597168089120824,4.939609616034049,4.509071648243255,77.66617120351106,0.4083181644449748,1.0,17.22222222222222,False,ellipse,360.0,1.0,True,True,7.5510937885186635,179.1305261881895,176.35555555555558,15.806750771308955,14.429029274378417
r574_svd_normalised_tr050_tid6_010,r574,6,10,False,562,ellipse,201.88697571743927,230.5033112582782,83.88888888888894,5.1674619180316075,11.027284404707858,9.686033911633505,64.1743891761999,0.4779816359873326,1.0,83.88888888888889,False,ellipse,360.0,1.0,True,True,16.535878137701143,859.0222222222229,859.0222222222224,35.287310095065145,30.995308517227215
r574_svd_normalised_tr050_tid6_010,r574,6,10,False,563,ellipse,91.24857881136953,177.8883720930233,71.66666666666671,4.776212778953461,9.909095505808972,9.208593658811838,19.59121866570584,0.3693076689286327,1.0,71.66666666666667,False,ellipse,360.0,1.0,True,True,15.283880892651077,733.8666666666672,733.8666666666669,31.709105618588712,29.46749970819788
r574_svd_normalised_tr050_tid6_010,r574,6,10,False,564,circle,264.4466142563671,188.40401766754823,26.847320349241993,2.9233144690072237,5.846628938014476,5.846628938014419,,1.3978528260658472e-07,1.0,26.77777777777778,False,circle,360.0,1.0,True,True,9.354606300823116,274.91656037623807,274.2044444444445,18.709212601646325,18.70921260164614
r574_svd_normalised_tr050_tid6_010,r574,6,10,False,565,circle,55.36217210856975,128.85660199162538,38.917557731086426,3.5196368238687956,7.039273647737592,7.0392736477375895,,2.5809568279517847e-08,1.0,39.0,False,circle,360.0,1.0,True,True,11.262837836380147,398.5157911663251,399.36000000000007,22.525675672760297,22.525675672760286
r574_svd_normalised_tr050_tid6_010,r574,6,10,False,566,ellipse,130.94255319148937,202.55886524822694,52.2222222222221,4.077112901529726,8.55892621053066,7.768661256300054,79.95488059282499,0.4196894852328904,1.0,52.0,False,ellipse,360.0,1.0,True,True,13.046761284895124,534.7555555555545,532.4800000000001,27.38856387369811,24.859716020160175
r574_svd_normalised_tr050_tid6_010,r574,6,10,False,567,ellipse,129.9482872691134,238.60125716558002,18.983715484377317,2.4581912690386014,5.350058463990373,4.517860397862361,81.36954303393787,0.5356333482914659,1.0,19.0,False,ellipse,360.0,1.0,True,True,7.866212060923525,194.39324656002375,194.56000000000003,17.120187084769196,14.457153273159555
r574_svd_normalised_tr050_tid6_010,r574,6,10,False,568,ellipse,352.7261216789643,204.05792491607292,223.4508659555951,8.43365992378131,18.69739632980029,15.21636883668811,-89.5246228205713,0.5811130080099476,1.0,222.88888888888889,False,ellipse,360.0,1.0,True,True,26.987711756100193,2288.1368673852944,2282.3822222222225,59.83166825536094,48.69238027740195
r574_svd_normalised_tr050_tid6_010,r574,6,10,False,569,circle,371.5692338017112,196.74570542955723,17.14679250359174,2.336234913324292,4.672469826648611,4.672469826648556,,1.5341684432308377e-07,1.0,17.11111111111111,False,circle,360.0,1.0,True,True,7.475951722637735,175.58315523677945,175.2177777777778,14.951903445275557,14.95190344527538
r574_svd_normalised_tr050_tid6_010,r574,6,10,False,570,circle,109.14367816091952,188.5134099616859,19.333333333333265,2.4807239130718672,4.961447826143744,4.961447826143726,,8.688795409866125e-08,1.0,18.88888888888889,False,circle,360.0,1.0,True,True,7.938316521829975,197.97333333333268,193.42222222222227,15.876633043659982,15.876633043659922
r574_svd_normalised_tr050_tid6_010,r574,6,10,False,571,ellipse,49.886864085041765,213.7951404707669,243.8888888888885,8.810916210231106,20.034217754017444,15.499930252708918,-46.45284746875245,0.6335852969225334,1.0,243.77777777777777,False,ellipse,360.0,1.0,True,True,28.19493187273954,2497.422222222219,2496.284444444445,64.10949681285582,49.59977680866854
r574_svd_normalised_tr050_tid6_010,r574,6,10,False,572,circle,117.95693779904306,37.75598086124402,23.22222222222222,2.7187980639411693,5.437596127882347,5.437596127882331,,7.598131170262075e-08,1.0,23.11111111111111,False,circle,360.0,1.0,True,True,8.700153804611743,237.79555555555558,236.65777777777782,17.40030760922351,17.400307609223457
r574_svd_normalised_tr050_tid6_010,r574,6,10,False,573,circle,57.38561978773329,254.04588881887133,286.42947903211063,9.548472907768739,19.09694581553748,19.096945815537474,,2.5809568279517847e-08,1.0,60.22222222222222,True,circle,123.0,0.3416666666666667,False,True,30.555113304859965,2933.0378652888135,616.6755555555557,61.110226609719945,61.110226609719916
r574_svd_normalised_tr050_tid6_010,r574,6,10,False,574,ellipse,117.1919191919192,126.48821548821546,10.999999999999947,1.8712051592547732,4.080430027869064,3.432391903899631,74.72495948914047,0.5407492065262733,1.0,11.11111111111111,False,ellipse,360.0,1.0,True,True,5.987856509615274,112.63999999999947,113.7777777777778,13.057376089181005,10.98365409247882
r574_svd_normalised_tr050_tid6_010,r574,6,10,False,575,ellipse,199.60784726631462,96.15203361013872,36.88274888290628,3.4263892947333394,7.522512628229697,6.242671394132886,-60.39970792808498,0.5579639427717249,1.0,37.111111111111114,False,ellipse,360.0,1.0,True,True,10.964445743146687,377.67934856096036,380.0177777777779,24.07204041033503,19.976548461225235
r574_svd_normalised_tr050_tid6_010,r574,6,10,False,576,ellipse,395.37449144941195,87.74978716653027,8.823484322587236,1.6758885077675079,3.5796474836065384,3.138412151844073,88.04488739611617,0.48096869213266163,1.0,8.88888888888889,False,ellipse,360.0,1.0,True,True,5.362843224856025,90.3524794632933,91.02222222222224,11.454871947540923,10.042918885901035
r574_svd_normalised_tr050_tid6_010,r574,6,10,False,577,circle,40.25659401537969,144.60804737852794,50.417662796538146,4.00605048725285,8.0121009745057,8.0121009745057,,0.0,1.0,50.44444444444444,False,circle,360.0,1.0,True,True,12.81936155920912,516.2768670365507,516.5511111111111,25.63872311841824,25.63872311841824
r574_svd_normalised_tr050_tid6_010,r574,6,10,False,578,circle,183.12073017773454,249.17345779556675,31.140187480754754,3.1483693450325916,6.296738690065183,6.296738690065183,,0.0,1.0,17.555555555555557,True,circle,191.0,0.5305555555555556,True,True,10.074781904104293,318.87551980292875,179.76888888888894,20.149563808208587,20.149563808208587
r574_svd_normalised_tr050_tid6_010,r574,6,10,False,579,ellipse,73.00719054956343,185.02516692347203,72.11111111111109,4.790999850799878,10.62807711539416,8.638883335581887,-1.260400065872659,0.5824926534657887,1.0,71.66666666666667,False,ellipse,360.0,1.0,True,True,15.33119952255961,738.4177777777777,733.8666666666669,34.00984676926131,27.644426673862043
r574_svd_normalised_tr050_tid6_010,r574,6,10,False,580,circle,254.3126335355365,284.38199428813124,5542.8659552821155,42.004154929695446,84.00830985939089,84.00830985939089,,0.0,1.0,225.66666666666666,True,circle,67.0,0.18611111111111112,False,True,134.41329577502543,56758.947382088874,2310.826666666667,268.82659155005086,268.82659155005086
r574_svd_normalised_tr050_tid6_010,r574,6,10,False,581,ellipse,139.7532262107802,199.88770900779582,53.44555081510592,4.124590549010454,8.636285367218388,7.8794280057310075,49.56015212423577,0.40938196294976664,1.0,53.22222222222222,False,ellipse,360.0,1.0,True,True,13.198689756833454,547.2824403466847,544.9955555555556,27.636113175098842,25.214169618339227
r574_svd_normalised_tr050_tid6_010,r574,6,10,False,582,circle,16.49779958854743,41.43841769841209,11.07077030477693,1.8772148613519004,3.7544297227038044,3.7544297227037973,,6.143906154658885e-08,1.0,11.11111111111111,False,circle,360.0,1.0,True,True,6.0070875563260815,113.36468792091578,113.7777777777778,12.014175112652175,12.014175112652152
r574_svd_normalised_tr050_tid6_010,r574,6,10,False,583,circle,195.0811127668689,238.43716251820558,25.668643206561615,2.858423148796021,5.716846297592042,5.716846297592042,,0.0,1.0,25.666666666666668,False,circle,360.0,1.0,True,True,9.146954076147267,262.846906435191,262.8266666666667,18.293908152294534,18.293908152294534
r574_svd_normalised_tr050_tid6_010,r574,6,10,False,584,ellipse,172.78659611992944,169.68783068783065,20.999999999999936,2.5854414729132014,5.4817346706205266,4.8776586329034455,3.5689534591350878,0.45634674208362724,1.0,21.22222222222222,False,ellipse,360.0,1.0,True,True,8.273412713322244,215.0399999999994,217.3155555555556,17.541550945985687,15.608507625291026
r574_svd_normalised_tr050_tid6_010,r574,6,10,False,585,circle,265.2959183673469,212.3265306122449,10.888888888888896,1.8617306418733532,3.7234612837467456,3.723461283746667,,2.0539833235875102e-07,1.0,10.88888888888889,False,circle,360.0,1.0,True,True,5.957538053994731,111.50222222222231,111.50222222222224,11.915076107989586,11.915076107989336
r574_svd_normalised_tr050_tid6_010,r574,6,10,False,586,circle,173.32327033155386,248.35319778416363,182.08405084200837,7.613090929405956,15.226181858811913,15.22618185881191,,1.4901161193847656e-08,1.0,107.77777777777777,True,circle,197.00000000000003,0.5472222222222223,True,True,24.36189097409906,1864.540680622166,1103.6444444444446,48.72378194819812,48.723781948198116
r574_svd_normalised_tr050_tid6_010,r574,6,10,False,587,ellipse,290.27981029810303,217.49932249322495,54.66666666666655,4.17144344858154,8.72341147449231,7.978961210574587,63.36068913940204,0.4042225811497,1.0,54.55555555555556,False,ellipse,360.0,1.0,True,True,13.348619035460928,559.7866666666656,558.648888888889,27.914916718375395,25.53267587383868
r574_svd_normalised_tr050_tid6_010,r574,6,10,False,588,ellipse,394.78534062501245,167.1490641635864,34.449423375474474,3.3114335315304912,7.02973022356889,6.239552122202169,36.49415930608663,0.46062505152648425,1.0,34.55555555555556,False,ellipse,360.0,1.0,True,True,10.596587300897573,352.7620953648587,353.84888888888895,22.49513671542045,19.966566791046944
r574_svd_normalised_tr050_tid6_010,r574,6,10,False,589,circle,398.08406491929594,248.76990522186145,119.01290400957977,6.154915428313515,12.309830856627059,12.309830856627002,,9.657056180250437e-08,1.0,44.333333333333336,True,circle,110.00000000000001,0.3055555555555556,False,True,19.69572937060325,1218.6921370580972,453.97333333333347,39.39145874120659,39.39145874120641
