frame,train,frame_idx,reviewed,bubble_id,shape_type,x,y,area_px2,r_eq,major_axis,minor_axis,orientation_deg,eccentricity,solidity,area_visible_px2,edge_truncated,fit_kind,arc_deg,outline_visible_frac,fit_reliable,in_analysis,r_eq_um,area_um2,area_visible_um2,major_axis_um,minor_axis_um
r563_svd_normalised_tr050_tid0_015,0,15,True,0,polygon,147.3091295116773,81.80849256900213,87.22222222222223,5.269126647581443,10.8972625233534,10.220727039389486,-45.90368788295131,0.346859953850867,0.9703337453646477,87.22222222222223,False,mask,360.0,1.0,True,True,16.861205272260616,893.1555555555558,893.1555555555558,34.87124007473088,32.706326526046354
r563_svd_normalised_tr050_tid0_015,0,15,True,1,polygon,200.4423529411765,154.6321568627451,94.44444444444444,5.482937202066284,11.144591642161721,10.806720028545412,11.342054085940145,0.24436664776818615,0.9872241579558653,94.44444444444444,False,mask,360.0,1.0,True,True,17.54539904661211,967.1111111111113,967.1111111111113,35.66269325491751,34.581504091345316
r563_svd_normalised_tr050_tid0_015,0,15,True,2,polygon,119.352108341028,75.20098491843645,120.33333333333333,6.1889651507703185,13.50975864004821,11.348899860014221,-85.52257230162793,0.5425058759967328,0.9765554553651938,120.33333333333333,False,mask,360.0,1.0,True,True,19.80468848246502,1232.2133333333336,1232.2133333333336,43.231227648154274,36.31647955204551
r563_svd_normalised_tr050_tid0_015,0,15,True,3,polygon,312.76359805083626,56.927038061372315,281.22222222222223,9.461279699274737,19.454182370922442,18.42332634739614,68.8418769910965,0.3212008804708716,0.9821497865735351,281.22222222222223,False,mask,360.0,1.0,True,True,30.27609503767916,2879.715555555556,2879.715555555556,62.25338358695182,58.95464431166766
r563_svd_normalised_tr050_tid0_015,0,15,True,4,polygon,189.57406636123838,177.82896015549076,266.77777777777777,9.21509653128002,18.979655170442275,17.901661055981105,-50.75801409689273,0.3322179416008582,0.9860369609856263,266.77777777777777,False,mask,360.0,1.0,True,True,29.488308900096065,2731.804444444445,2731.804444444445,60.73489654541528,57.28531537913954
r563_svd_normalised_tr050_tid0_015,0,15,True,5,polygon,155.6869712351946,83.82064297800339,87.55555555555556,5.279185441301286,10.936033921725121,10.221421783206816,-86.55332160805693,0.3555552256773531,0.9752475247524752,87.55555555555556,False,mask,360.0,1.0,True,True,16.893393412164116,896.5688888888891,896.5688888888891,34.99530854952039,32.70854970626181
r563_svd_normalised_tr050_tid0_015,0,15,True,6,polygon,309.7658186562296,148.00456621004568,56.77777777777778,4.251226644418409,8.668298055863843,8.37225084483441,8.126335133729599,0.2591125456445285,0.9733333333333334,56.77777777777778,False,mask,360.0,1.0,True,True,13.60392526213891,581.4044444444446,581.4044444444446,27.7385537787643,26.791202703470113
r563_svd_normalised_tr050_tid0_015,0,15,True,7,polygon,223.2997237569061,116.89180478821362,80.44444444444444,5.060263032217731,10.648090523186537,9.645606178780804,35.03164579324591,0.4235919007619468,0.9757412398921833,80.44444444444444,False,mask,360.0,1.0,True,True,16.19284170309674,823.7511111111113,823.7511111111113,34.07388967419692,30.865939772098574
r563_svd_normalised_tr050_tid0_015,0,15,True,8,polygon,314.80905671296296,196.8784722222222,1280.0,20.185060176161283,41.31741767815562,39.464149425627255,36.94860778423047,0.29613661614841774,0.9913941480206541,1280.0,False,mask,360.0,1.0,True,True,64.59219256371611,13107.200000000003,13107.200000000003,132.215736570098,126.28527816200722
r563_svd_normalised_tr050_tid0_015,0,15,True,9,polygon,322.57513460597164,212.72785119921684,75.66666666666667,4.907692742478231,10.055136694723473,9.602288814644302,-22.03035019242597,0.29672320398886154,0.9700854700854701,75.66666666666667,False,mask,360.0,1.0,True,True,15.70461677593034,774.8266666666668,774.8266666666668,32.17643742311511,30.727324206861766
r563_svd_normalised_tr050_tid0_015,0,15,True,10,polygon,197.20209772320288,140.37464824763367,289.55555555555554,9.600437278206298,19.686415672991558,18.735754410215087,-7.213260371799043,0.3069991641887841,0.9819140919366993,289.55555555555554,False,mask,360.0,1.0,True,True,30.721399290260155,2965.0488888888895,2965.0488888888895,62.99653015357299,59.95441411268828
r563_svd_normalised_tr050_tid0_015,0,15,True,11,polygon,318.3466864490603,185.297725024728,74.88888888888889,4.882404499696104,9.848324719715913,9.692548032602337,66.65455165669668,0.1771580332883806,0.9796511627906976,74.88888888888889,False,mask,360.0,1.0,True,True,15.623694399027535,766.8622222222224,766.8622222222224,31.514639103090925,31.01615370432748
r563_svd_normalised_tr050_tid0_015,0,15,True,12,polygon,183.41850220264317,110.2863436123348,25.22222222222222,2.833457725969779,5.839875204286301,5.50814600461403,-2.844428629302845,0.33223727293802224,0.9912663755458515,25.22222222222222,False,mask,360.0,1.0,True,True,9.067064723103293,258.27555555555557,258.27555555555557,18.687600653716164,17.6260672147649
r563_svd_normalised_tr050_tid0_015,0,15,True,13,polygon,62.02473902473903,79.2913627913628,518.0,12.84073677960901,27.261546816478695,24.22239508654739,-86.54333677161064,0.4588403402908236,0.9825079030558482,518.0,False,mask,360.0,1.0,True,True,41.09035769474883,5304.320000000001,5304.320000000001,87.23694981273184,77.51166427695165
r563_svd_normalised_tr050_tid0_015,0,15,True,14,polygon,201.97310323383087,184.56436567164178,238.22222222222223,8.707955468535955,18.730000729598544,16.226851302550703,-44.196602155503406,0.4994266944394395,0.9816849816849816,238.22222222222223,False,mask,360.0,1.0,True,True,27.865457499315056,2439.3955555555563,2439.3955555555563,59.93600233471534,51.925924168162254
r563_svd_normalised_tr050_tid0_015,0,15,True,15,polygon,199.56669881067182,211.69141755062682,115.22222222222223,6.056102083138873,12.515779995747891,11.731060564360867,-4.917593476581282,0.3485193226514751,0.9755409219190969,115.22222222222223,False,mask,360.0,1.0,True,True,19.379526666044395,1179.8755555555558,1179.8755555555558,40.05049598639326,37.539393805954774
r563_svd_normalised_tr050_tid0_015,0,15,True,16,polygon,205.49708308187488,222.9891369945685,184.11111111111111,7.655350209033485,15.581245540386105,15.075151084355108,25.49610578906143,0.2527983130428586,0.9787359716479622,184.11111111111111,False,mask,360.0,1.0,True,True,24.497120668907154,1885.2977777777783,1885.2977777777783,49.85998572923554,48.24048346993635
r563_svd_normalised_tr050_tid0_015,0,15,True,17,polygon,256.56281904761903,159.98704761904762,486.1111111111111,12.43921108633718,25.505458226693236,24.291897117858813,-14.387616935145354,0.3047900842738978,0.9873617693522907,486.1111111111111,False,mask,360.0,1.0,True,True,39.80547547627898,4977.777777777778,4977.777777777778,81.61746632541836,77.7340707771482
r563_svd_normalised_tr050_tid0_015,0,15,True,18,polygon,169.36174690870823,81.71086556169429,140.77777777777777,6.694098775910871,14.462614704745029,12.422318220866492,-77.79914632056175,0.5120994422233607,0.9761171032357473,140.77777777777777,False,mask,360.0,1.0,True,True,21.42111608291479,1441.5644444444447,1441.5644444444447,46.280367055184094,39.75141830677278
r563_svd_normalised_tr050_tid0_015,0,15,True,19,polygon,256.5590313984475,117.7770826091994,319.6666666666667,10.087272192392671,20.30191783706487,20.058354272659127,-37.66973981166778,0.1544351440445981,0.9822465005121201,319.6666666666667,False,mask,360.0,1.0,True,True,32.27927101565655,3273.3866666666677,3273.3866666666677,64.96613707860759,64.1867336725092
r563_svd_normalised_tr050_tid0_015,0,15,True,20,polygon,292.4793707925082,223.70585882823434,555.6666666666666,13.299405754498695,26.75659261577844,26.455080216163378,53.525691730503894,0.14970118506560867,0.9901009701049297,555.6666666666666,False,mask,360.0,1.0,True,True,42.55809841439583,5690.026666666668,5690.026666666668,85.62109637049102,84.65625669172282
r563_svd_normalised_tr050_tid0_015,0,15,True,21,polygon,296.581579542883,235.11789997737046,163.66666666666666,7.217805624893695,14.866001531031914,14.035465694503172,48.754823776128596,0.32956794233542364,0.9800399201596807,163.66666666666666,False,mask,360.0,1.0,True,True,23.096977999659828,1675.946666666667,1675.946666666667,47.57120489930213,44.913490222410154
r563_svd_normalised_tr050_tid0_015,0,15,True,22,polygon,145.74742268041237,74.25343642611683,43.111111111111114,3.70441532107761,7.727835033530315,7.129041015128934,85.3904793485404,0.38596207634420965,0.9748743718592965,43.111111111111114,False,mask,360.0,1.0,True,True,11.854129027448352,441.4577777777779,441.4577777777779,24.72907210729701,22.81293124841259
r563_svd_normalised_tr050_tid0_015,0,15,True,23,polygon,210.94823370272096,73.29577025128765,711.8888888888889,15.053281077483653,30.861345828405675,29.41443613944236,-49.749753116460795,0.30260582089419946,0.9881246144355336,711.8888888888889,False,mask,360.0,1.0,True,True,48.17049944794769,7289.742222222224,7289.742222222224,98.75630665089817,94.12619564621555
r563_svd_normalised_tr050_tid0_015,0,15,True,24,polygon,355.87659334461364,117.68764805414553,328.3333333333333,10.223098647850266,20.859472045842097,20.055741523533467,76.08299569019871,0.2749124002595637,0.9833610648918469,328.3333333333333,False,mask,360.0,1.0,True,True,32.71391567312085,3362.1333333333337,3362.1333333333337,66.7503105466947,64.17837287530709
r563_svd_normalised_tr050_tid0_015,0,15,True,25,polygon,63.6266944734098,81.68404588112618,106.55555555555556,5.823889315666934,12.17037112549671,11.15598506954379,-86.29989981159875,0.3996881431145094,0.9745934959349594,106.55555555555556,False,mask,360.0,1.0,True,True,18.636445810134187,1091.1288888888892,1091.1288888888892,38.945187601589474,35.69915222254013
r563_svd_normalised_tr050_tid0_015,0,15,True,26,polygon,290.7286485063824,180.6852217397026,281.44444444444446,9.465017119803393,19.47443370180649,18.416981937053418,82.79591327114028,0.3250392902553819,0.9844539448115041,281.44444444444446,False,mask,360.0,1.0,True,True,30.28805478337086,2881.991111111112,2881.991111111112,62.31818784578077,58.93434219857094
r563_svd_normalised_tr050_tid0_015,0,15,True,27,polygon,322.9319248826291,160.89524647887325,126.22222222222223,6.338594575252522,13.059995981652511,12.343122328024515,12.218935034206106,0.3267546539333924,0.9810017271157168,126.22222222222223,False,mask,360.0,1.0,True,True,20.28350264080807,1292.515555555556,1292.515555555556,41.79198714128804,39.49799144967845
r563_svd_normalised_tr050_tid0_015,0,15,True,28,polygon,150.8466587895497,90.12537744518839,282.1111111111111,9.476220537163563,22.37164553384271,16.087768024941496,85.3962438365741,0.6948919085135197,0.9844901124466847,282.1111111111111,False,mask,360.0,1.0,True,True,30.323905718923402,2888.8177777777782,2888.8177777777782,71.58926570829668,51.48085767981279
r563_svd_normalised_tr050_tid0_015,0,15,True,29,polygon,248.2272451087617,188.99380240612467,304.77777777777777,9.849557338063121,19.907743332767946,19.506827949387308,72.88695376806145,0.19967915541390507,0.98491921005386,304.77777777777777,False,mask,360.0,1.0,True,True,31.51858348180199,3120.924444444445,3120.924444444445,63.70477866485743,62.42184943803939
r563_svd_normalised_tr050_tid0_015,0,15,True,30,polygon,342.9891098484848,126.11126893939394,78.22222222222223,4.989880424679407,10.41058724733666,9.589318888459331,-72.25264030859817,0.3892972143078346,0.967032967032967,78.22222222222223,False,mask,360.0,1.0,True,True,15.967617358974103,800.9955555555558,800.9955555555558,33.31387919147731,30.68582044306986
r563_svd_normalised_tr050_tid0_015,0,15,True,31,polygon,242.24586072559046,145.97102507913317,608.4444444444445,13.916676394177989,27.974167980064646,27.720205954679674,25.219171243709322,0.1344413533887067,0.9850692570606224,608.4444444444445,False,mask,360.0,1.0,True,True,44.533364461369565,6230.471111111113,6230.471111111113,89.51733753620687,88.70465905497497
r563_svd_normalised_tr050_tid0_015,0,15,True,32,polygon,253.48107255520506,192.3806519453207,70.44444444444444,4.73531024257033,9.863604769803832,9.108203281159797,-3.313235719806909,0.38380233908068834,0.9664634146341463,70.44444444444444,False,mask,360.0,1.0,True,True,15.152992776225057,721.3511111111112,721.3511111111112,31.563535263372263,29.146250499711353
r563_svd_normalised_tr050_tid0_015,0,15,True,33,polygon,310.62104283054003,171.97672253258847,198.88888888888889,7.956651279617752,15.994895272073784,15.846319223251555,82.4568289197661,0.13598400055597867,0.981359649122807,198.88888888888889,False,mask,360.0,1.0,True,True,25.461284094776808,2036.6222222222225,2036.6222222222225,51.18366487063611,50.70822151440498
r563_svd_normalised_tr050_tid0_015,0,15,True,34,polygon,238.36726358781024,187.27741124725102,117.88888888888889,6.125781485211154,12.540003827823986,11.977803773546652,56.358482999223305,0.2960660359141308,0.9778801843317972,117.88888888888889,False,mask,360.0,1.0,True,True,19.602500752675695,1207.1822222222224,1207.1822222222224,40.12801224903676,38.32897207534929
r563_svd_normalised_tr050_tid0_015,0,15,True,35,polygon,48.432942708333336,89.07161458333333,56.888888888888886,4.255384324281948,8.630322909079476,8.423407802083961,51.74047204458404,0.21766006523456613,0.9696969696969697,56.888888888888886,False,mask,360.0,1.0,True,True,13.617229837702235,582.5422222222223,582.5422222222223,27.617033309054325,26.95490496666868
r563_svd_normalised_tr050_tid0_015,0,15,True,36,polygon,212.8643094590511,78.0148080991236,245.11111111111111,8.832966086211373,18.693005179406445,16.734310052872587,62.54407737742739,0.44562896966806237,0.9709507042253521,245.11111111111111,False,mask,360.0,1.0,True,True,28.265491475876395,2509.937777777778,2509.937777777778,59.817616574100626,53.54979216919228
r563_svd_normalised_tr050_tid0_015,0,15,True,37,polygon,116.19935897435897,84.50641025641026,115.55555555555556,6.064855788622974,13.019628365828105,11.341915205525638,-55.097859771478724,0.4910352487165006,0.9783631232361242,115.55555555555556,False,mask,360.0,1.0,True,True,19.407538523593516,1183.2888888888892,1183.2888888888892,41.66281077064994,36.294128657682045
r563_svd_normalised_tr050_tid0_015,0,15,True,38,polygon,270.73672121734137,214.71930328261078,387.0,11.098915530497878,22.70901187009044,21.72945289599477,33.164882539595496,0.29053374346507604,0.986685552407932,387.0,False,mask,360.0,1.0,True,True,35.516529697593214,3962.8800000000006,3962.8800000000006,72.66883798428941,69.53424926718326
r563_svd_normalised_tr050_tid0_015,0,15,True,39,polygon,204.92893992344816,150.4469296055916,1112.7777777777778,18.820418905866468,38.304092990818674,37.00420335125144,-20.53865215012531,0.2583030115050652,0.9899179598695266,1112.7777777777778,False,mask,360.0,1.0,True,True,60.2253404987727,11394.844444444447,11394.844444444447,122.57309757061977,118.41345072400462
r563_svd_normalised_tr050_tid0_015,0,15,True,40,polygon,172.6217035047855,25.04764855746058,537.8888888888889,13.08492839115858,26.6438106178057,25.729350563941413,76.64796765606327,0.2597409505550432,0.9871533442088092,537.8888888888889,False,mask,360.0,1.0,True,True,41.87177085170746,5507.982222222224,5507.982222222224,85.26019397697824,82.33392180461253
r563_svd_normalised_tr050_tid0_015,0,15,True,41,polygon,175.14074074074074,201.6925925925926,50.0,3.989422804014327,8.077244179745016,7.895541812150355,58.85031184870252,0.21091497582214236,0.967741935483871,50.0,False,mask,360.0,1.0,True,True,12.766152972845846,512.0000000000001,512.0000000000001,25.84718137518405,25.265733798881136
r563_svd_normalised_tr050_tid0_015,0,15,True,42,polygon,214.08796454142518,193.86157517899764,325.8888888888889,10.18497202405506,21.04333197602757,19.729626284009708,-68.02964370634994,0.3477928468579422,0.9829088471849866,325.8888888888889,False,mask,360.0,1.0,True,True,32.591910476976196,3337.102222222223,3337.102222222223,67.33866232328823,63.13480410883107
r563_svd_normalised_tr050_tid0_015,0,15,True,43,polygon,273.2492569002123,90.6628450106157,87.22222222222223,5.269126647581443,10.803759841940854,10.291407445481164,-77.0505790089235,0.3042992985009482,0.9739454094292804,87.22222222222223,False,mask,360.0,1.0,True,True,16.861205272260616,893.1555555555558,893.1555555555558,34.572031494210734,32.932503825539726
r563_svd_normalised_tr050_tid0_015,0,15,True,44,polygon,204.76863832409117,46.246457178065306,360.6666666666667,10.7146519130093,22.970107447375455,20.04360156113074,-57.33446722147502,0.488444384096696,0.9824455205811138,360.6666666666667,False,mask,360.0,1.0,True,True,34.28688612162976,3693.2266666666674,3693.2266666666674,73.50434383160146,64.13952499561837
r563_svd_normalised_tr050_tid0_015,0,15,True,45,polygon,205.10071968229715,241.51362575763196,309.91065376043,9.932151072432731,19.864302144865462,19.864302144865462,,0.0,0.9827151602448686,303.22222222222223,True,circle,320.0,0.7972222222222223,True,True,31.78288343178474,3173.485094506804,3104.995555555556,63.56576686356948,63.56576686356948
r563_svd_normalised_tr050_tid0_015,0,15,True,46,polygon,269.6029359112066,110.8983172216255,103.44444444444444,5.738239219260257,11.646938664045342,11.334323715313433,48.792399108540806,0.2301335956025669,0.9779411764705882,103.44444444444444,False,mask,360.0,1.0,True,True,18.362365501632823,1059.2711111111114,1059.2711111111114,37.2702037249451,36.269835889002984
r563_svd_normalised_tr050_tid0_015,0,15,True,47,polygon,180.3697454114861,215.799585553582,125.11111111111111,6.310634162911471,13.05714894960552,12.230918382900121,35.696765125415496,0.3500741880094216,0.979982593559617,125.11111111111111,False,mask,360.0,1.0,True,True,20.19402932131671,1281.137777777778,1281.137777777778,41.78287663873766,39.13893882528039
r563_svd_normalised_tr050_tid0_015,0,15,True,48,polygon,111.37621621621622,83.25405405405405,308.3333333333333,9.906843505375571,22.54052414675805,17.43635674700684,-87.3818415099994,0.6337280016376459,0.9802190038855528,308.3333333333333,False,mask,360.0,1.0,True,True,31.701899217201827,3157.333333333334,3157.333333333334,72.12967726962576,55.79634159042189
r563_svd_normalised_tr050_tid0_015,0,15,True,49,polygon,298.43692797453247,125.70088871203076,279.22222222222223,9.427576240770513,19.09281552413918,18.63571476016969,4.193387607883256,0.21750584940094655,0.9797270955165692,279.22222222222223,False,mask,360.0,1.0,True,True,30.168243970465642,2859.2355555555564,2859.2355555555564,61.09700967724538,59.634287232543016
r563_svd_normalised_tr050_tid0_015,0,15,True,50,polygon,197.2749451754386,171.71792763157896,135.11111111111111,6.55798767915458,13.411841347117795,12.841005371062955,80.1080549159765,0.2886392996333486,0.9790660225442834,135.11111111111111,False,mask,360.0,1.0,True,True,20.98556057329466,1383.537777777778,1383.537777777778,42.91789231077695,41.09121718740146
r563_svd_normalised_tr050_tid0_015,0,15,True,51,polygon,312.29886591060705,224.40493662441625,166.55555555555554,7.281227913763372,14.835218068691255,14.317512330818587,-77.99175794932923,0.2618708590052261,0.9874835309617919,166.55555555555554,False,mask,360.0,1.0,True,True,23.299929324042793,1705.528888888889,1705.528888888889,47.47269781981202,45.816039458619485
r563_svd_normalised_tr050_tid0_015,0,15,True,52,polygon,281.9485483278207,109.61300992282249,100.77777777777777,5.663794044127999,11.58182621758778,11.092828398008601,16.814932278474227,0.287505897352556,0.976318622174381,100.77777777777777,False,mask,360.0,1.0,True,True,18.1241409412096,1031.9644444444446,1031.9644444444446,37.0618438962809,35.49705087362752
r563_svd_normalised_tr050_tid0_015,0,15,True,53,polygon,392.1309440149918,78.5664089950808,158.11111111111111,7.094246244821959,14.530518111525568,13.88601722007872,-81.61501141906919,0.2945209712169097,0.9800275482093664,158.11111111111111,False,mask,360.0,1.0,True,True,22.701587983430272,1619.057777777778,1619.057777777778,46.497657956881824,44.43525510425191
r563_svd_normalised_tr050_tid0_015,0,15,True,54,polygon,269.719256192344,49.41258080918138,509.8888888888889,12.739806677834704,25.565771289654577,25.425622707912012,60.01191462969186,0.10456441127179679,0.986457437661221,509.8888888888889,False,mask,360.0,1.0,True,True,40.76738136907105,5221.2622222222235,5221.2622222222235,81.81046812689465,81.36199266531844
r563_svd_normalised_tr050_tid0_015,0,15,True,55,polygon,188.35644444444446,114.53096296296296,125.0,6.3078313050504,12.77804716013547,12.461795278619398,4.7834726934667104,0.22110338529514678,0.9765625,125.0,False,mask,360.0,1.0,True,True,20.185060176161283,1280.0000000000002,1280.0000000000002,40.889750912433506,39.877744891582076
r563_svd_normalised_tr050_tid0_015,0,15,True,56,polygon,306.2710970464135,13.424050632911394,35.111111111111114,3.34308447119785,6.898347713753053,6.496544187559427,25.246381620833155,0.33630350769542355,0.9813664596273292,35.111111111111114,False,mask,360.0,1.0,True,True,10.69787030783312,359.5377777777779,359.5377777777779,22.07471268400977,20.78894140019017
r563_svd_normalised_tr050_tid0_015,0,15,True,57,polygon,231.75728155339803,117.56911696717522,80.11111111111111,5.049768178821162,10.273389417406984,9.963394504655886,28.273136793092092,0.2438003249389953,0.9756427604871448,80.11111111111111,False,mask,360.0,1.0,True,True,16.15925817222772,820.337777777778,820.337777777778,32.87484613570235,31.882862414898838
r563_svd_normalised_tr050_tid0_015,0,15,True,58,polygon,119.48183556405354,84.20650095602294,116.22222222222223,6.082325404611528,12.948639574099731,11.60981159874792,58.111026153024255,0.4428317321185946,0.9631675874769797,116.22222222222223,False,mask,360.0,1.0,True,True,19.46344129475689,1190.1155555555558,1190.1155555555558,41.43564663711914,37.15139711599334
r563_svd_normalised_tr050_tid0_015,0,15,True,59,polygon,227.96552598225603,170.48187579214195,146.11111111111111,6.81972221926707,13.858316663088258,13.45614604211094,0.9634314930032887,0.23916136371144314,0.9887218045112782,146.11111111111111,False,mask,360.0,1.0,True,True,21.823111101654625,1496.1777777777781,1496.1777777777781,44.34661332188243,43.059667334755005
r563_svd_normalised_tr050_tid0_015,0,15,True,60,polygon,196.543901470004,106.75407230830353,93.22222222222223,5.447343843136359,10.970418862616642,10.836724283801859,53.33903992752767,0.15564424823760784,0.9688221709006929,93.22222222222223,False,mask,360.0,1.0,True,True,17.43150029803635,954.5955555555558,954.5955555555558,35.105340360373255,34.67751770816595
r563_svd_normalised_tr050_tid0_015,0,15,True,61,polygon,307.7793631518586,142.75143358294542,1098.0,18.695032897264507,38.53637133550321,36.30856311156494,43.86817324385947,0.33508060383833915,0.9895854195874224,1098.0,False,mask,360.0,1.0,True,True,59.824105271246424,11243.520000000002,11243.520000000002,123.31638827361029,116.18740195700782
r563_svd_normalised_tr050_tid0_015,0,15,True,62,polygon,178.97044129891756,39.171454343602555,533.7777777777778,13.034828103656801,27.402598428953464,24.84830260937228,78.10207520460507,0.4215904280412761,0.9870556811177317,533.7777777777778,False,mask,360.0,1.0,True,True,41.711449931701765,5465.884444444446,5465.884444444446,87.68831497265109,79.5145683499913
r563_svd_normalised_tr050_tid0_015,0,15,True,63,polygon,241.08205443012073,170.30059341109066,181.0,7.590394548326596,15.44322574815334,14.947741205168791,-18.56073608310269,0.2512750074940184,0.9754491017964072,181.0,False,mask,360.0,1.0,True,True,24.28926255464511,1853.4400000000003,1853.4400000000003,49.418322394090694,47.832771856540134
r563_svd_normalised_tr050_tid0_015,0,15,True,64,polygon,212.88164665523155,105.1852487135506,64.77777777777777,4.540859728254477,9.393685601332772,8.800748436812594,51.68066530604497,0.3496532673618711,0.9798319327731092,64.77777777777777,False,mask,360.0,1.0,True,True,14.530751130414329,663.3244444444445,663.3244444444445,30.05979392426487,28.162394997800302
r563_svd_normalised_tr050_tid0_015,0,15,True,65,polygon,362.00701554797115,98.34148653773228,195.33333333333334,7.8852096421866795,15.832381318617161,15.722036000094127,2.333835627359033,0.11785846964017628,0.9782971619365609,195.33333333333334,False,mask,360.0,1.0,True,True,25.232670854997377,2000.2133333333338,2000.2133333333338,50.663620219574916,50.31051520030121
r563_svd_normalised_tr050_tid0_015,0,15,True,66,polygon,220.57062579821198,232.4278416347382,145.0,6.793742230659745,13.691993284728348,13.527252183901401,45.457550404021504,0.1546579842508895,0.981203007518797,145.0,False,mask,360.0,1.0,True,True,21.739975138111184,1484.8000000000002,1484.8000000000002,43.81437851113071,43.287206988484485
r563_svd_normalised_tr050_tid0_015,0,15,True,67,polygon,282.91760828625235,239.82721280602638,236.0,8.667244841319219,17.92236255501917,16.77098750490126,35.3999355585257,0.35264381218314345,0.982878297084683,236.0,False,mask,360.0,1.0,True,True,27.735183492221502,2416.6400000000003,2416.6400000000003,57.35156017606135,53.66716001568403
r563_svd_normalised_tr050_tid0_015,0,15,True,68,polygon,249.50131525519484,190.86234839256394,2097.8888888888887,25.841415856110928,52.48016816604058,50.93263157771275,70.28418779966975,0.24105291793693487,0.9895183690582254,2097.8888888888887,False,mask,360.0,1.0,True,True,82.69253073955497,21482.382222222226,21482.382222222226,167.93653813132985,162.98442104868082
r563_svd_normalised_tr050_tid0_015,0,15,True,69,polygon,257.75377468060395,134.9430894308943,31.88888888888889,3.1859925600587595,6.792386991488836,6.0010943523682085,-85.34499038932309,0.4684254809915038,0.9728813559322034,31.88888888888889,False,mask,360.0,1.0,True,True,10.19517619218803,326.5422222222223,326.5422222222223,21.735638372764278,19.20350192757827
r563_svd_normalised_tr050_tid0_015,0,15,True,70,polygon,284.2403581267218,127.94054178145088,322.6666666666667,10.134495051159174,21.028021151788273,19.55157593307413,-73.24102556381416,0.36809856889183856,0.9824086603518268,322.6666666666667,False,mask,360.0,1.0,True,True,32.430384163709356,3304.1066666666675,3304.1066666666675,67.28966768572248,62.565042985837216
r563_svd_normalised_tr050_tid0_015,0,15,True,71,polygon,252.33396644507755,107.7258626147515,234.0,8.63044108762739,17.29861316654117,17.233893042417364,-23.23330148895571,0.08642162596267981,0.9795348837209302,234.0,False,mask,360.0,1.0,True,True,27.617411480407647,2396.1600000000003,2396.1600000000003,55.355562132931745,55.14845773573557
r563_svd_normalised_tr050_tid0_015,0,15,True,72,polygon,283.15789473684214,94.8280701754386,21.11111111111111,2.592272241681251,5.301629075613973,5.148423007254274,-20.25706362890131,0.23866452581894107,0.9693877551020408,21.11111111111111,False,mask,360.0,1.0,True,True,8.295271173380003,216.1777777777778,216.1777777777778,16.965213041964713,16.474953623213676
r563_svd_normalised_tr050_tid0_015,0,15,True,73,polygon,280.5753745876555,133.93668773101228,931.8888888888889,17.22293372681209,34.83259916932331,34.10463339861667,-50.32592720932077,0.20337451010361846,0.9892663364000943,931.8888888888889,False,mask,360.0,1.0,True,True,55.11338792579869,9542.542222222224,9542.542222222224,111.4643173418346,109.13482687557335
r563_svd_normalised_tr050_tid0_015,0,15,True,74,polygon,328.72817460317464,109.07407407407408,56.0,4.222008245644752,8.909714119164702,8.01802825011291,-24.072716180955723,0.43605542420177956,0.9786407766990292,56.0,False,mask,360.0,1.0,True,True,13.510426386063209,573.44,573.44,28.511085181327047,25.65769040036131
r563_svd_normalised_tr050_tid0_015,0,15,True,75,polygon,243.35879334953518,82.97743316745748,960.1111111111111,17.481786479120792,35.214557654541984,34.74440526492599,-0.7076447492824345,0.1628616265509705,0.988220494053065,960.1111111111111,False,mask,360.0,1.0,True,True,55.94171673318654,9831.53777777778,9831.53777777778,112.68658449453436,111.18209684776316
r563_svd_normalised_tr050_tid0_015,0,15,True,76,polygon,241.22753209700429,120.0511174512601,155.77777777777777,7.041704815909871,14.503827660349373,13.72269473855279,-53.183404837722385,0.32374906871534176,0.9894142554693014,155.77777777777777,False,mask,360.0,1.0,True,True,22.53345541091159,1595.1644444444446,1595.1644444444446,46.412248513117994,43.91262316336893
r563_svd_normalised_tr050_tid0_015,0,15,True,77,polygon,358.85015290519874,49.2375127420999,36.333333333333336,3.400773323526733,7.013398055341966,6.615676083256726,82.15941570670466,0.3319666688333449,0.993920972644377,36.333333333333336,False,mask,360.0,1.0,True,True,10.882474635285547,372.05333333333346,372.05333333333346,22.44287377709429,21.170163466421524
r563_svd_normalised_tr050_tid0_015,0,15,True,78,polygon,185.80900109769485,239.05268935236006,101.22222222222223,5.676269376520632,11.930856240871668,10.826919921979965,41.98961958960148,0.42011221474672283,0.9732905982905983,101.22222222222223,False,mask,360.0,1.0,True,True,18.16406200486602,1036.515555555556,1036.515555555556,38.17873997078934,34.64614375033589
r563_svd_normalised_tr050_tid0_015,0,15,True,79,polygon,94.91747572815534,85.25286849073257,251.77777777777777,8.952282155297173,20.066249336627916,15.986405721357409,-86.88051912273944,0.6043996171405829,0.9835069444444444,251.77777777777777,False,mask,360.0,1.0,True,True,28.647302896950954,2578.204444444445,2578.204444444445,64.21199787720933,51.156498308343714
r563_svd_normalised_tr050_tid0_015,0,15,True,80,polygon,281.5986022485567,48.852020662412635,121.88888888888889,6.228839245741612,13.09223172114897,11.8872122892825,-70.40884053499082,0.41905856901508587,0.982094897045658,121.88888888888889,False,mask,360.0,1.0,True,True,19.93228558637316,1248.1422222222225,1248.1422222222225,41.895141507676705,38.039079325704
r563_svd_normalised_tr050_tid0_015,0,15,True,81,polygon,270.26719229084534,230.78361804643012,84.55555555555556,5.1879542466270925,10.705061615192458,10.077591382992425,58.520014932081274,0.3373322674496715,0.9794079794079794,84.55555555555556,False,mask,360.0,1.0,True,True,16.601453589206695,865.8488888888891,865.8488888888891,34.25619716861586,32.24829242557576
r563_svd_normalised_tr050_tid0_015,0,15,True,82,polygon,342.9929411764706,149.12588235294118,94.44444444444444,5.482937202066284,11.274641536043676,10.69205991739494,0.4007685313222742,0.31729123115378816,0.9703196347031964,94.44444444444444,False,mask,360.0,1.0,True,True,17.54539904661211,967.1111111111113,967.1111111111113,36.078852915339766,34.21459173566381
r563_svd_normalised_tr050_tid0_015,0,15,True,83,polygon,240.41569200779728,48.86744639376218,76.0,4.918490759365935,10.192498937040797,9.512147270183254,85.82855135469309,0.3592281589592099,0.9771428571428571,76.0,False,mask,360.0,1.0,True,True,15.739170429970992,778.2400000000001,778.2400000000001,32.61599659853055,30.438871264586414
r563_svd_normalised_tr050_tid0_015,0,15,True,84,polygon,243.8154020385051,118.8320120800302,196.22222222222223,7.90313059630714,17.535214677350194,14.43940708905223,-51.630178822122254,0.567385980929009,0.9756906077348066,196.22222222222223,False,mask,360.0,1.0,True,True,25.290017908182847,2009.315555555556,2009.315555555556,56.112686967520624,46.206102684967135
r563_svd_normalised_tr050_tid0_015,0,15,True,85,polygon,166.4833889683675,191.7774598632968,233.0,8.611980229936854,17.47108763309604,16.986790763886713,-16.581054141560518,0.23381919214538197,0.9826616682286785,233.0,False,mask,360.0,1.0,True,True,27.558336735797937,2385.9200000000005,2385.9200000000005,55.90748042590733,54.357730444437486
r563_svd_normalised_tr050_tid0_015,0,15,True,86,polygon,193.19081272084804,124.22143698468786,31.444444444444443,3.1637126184632574,6.641987511962985,6.056744683717787,-22.386856785883612,0.41044047137120365,0.9496644295302014,31.444444444444443,False,mask,360.0,1.0,True,True,10.123880379082424,321.99111111111114,321.99111111111114,21.254360038281554,19.38158298789692
r563_svd_normalised_tr050_tid0_015,0,15,True,87,polygon,264.44023720799777,174.13399046359737,924.3333333333334,17.15297169965651,34.66356666407203,33.99678843301218,12.235773189046009,0.1951958059462409,0.9865986717267552,924.3333333333334,False,mask,360.0,1.0,True,True,54.88950943890084,9465.173333333336,9465.173333333336,110.9234133250305,108.78972298563897
r563_svd_normalised_tr050_tid0_015,0,15,True,88,polygon,252.8173119715176,226.30952380952382,166.44444444444446,7.278798813474335,14.737812364767622,14.389814228137631,-30.632190090801977,0.21602697558964876,0.9784454604833442,166.44444444444446,False,mask,360.0,1.0,True,True,23.292156203117873,1704.3911111111115,1704.3911111111115,47.1609995672564,46.04740553004042
r563_svd_normalised_tr050_tid0_015,0,15,True,89,polygon,294.1690397955458,163.31069733479373,101.44444444444444,5.68249677211426,11.558431603277569,11.19270689766344,85.84984138591089,0.24956277679468672,0.9733475479744137,101.44444444444444,False,mask,360.0,1.0,True,True,18.183989670765634,1038.7911111111114,1038.7911111111114,36.986981130488225,35.81666207252301
r563_svd_normalised_tr050_tid0_015,0,15,True,90,polygon,24.792648230340276,84.82861044725162,325.44444444444446,10.178024566204293,21.649246752471075,19.20665259505208,-88.96869693609757,0.4614347037567419,0.9809109176155392,325.44444444444446,False,mask,360.0,1.0,True,True,32.56967861185374,3332.551111111112,3332.551111111112,69.27758960790744,61.46128830416666
r563_svd_normalised_tr050_tid0_015,0,15,True,91,polygon,195.12013536379018,77.14551607445009,21.88888888888889,2.639592720650643,5.719960485366962,4.8941973654841044,-10.308339272162899,0.5175799969606933,0.985,21.88888888888889,False,mask,360.0,1.0,True,True,8.446696706082058,224.14222222222227,224.14222222222227,18.30387355317428,15.661431569549135
r563_svd_normalised_tr050_tid0_015,0,15,True,92,polygon,188.38992898644287,61.65698299978481,172.11111111111111,7.4016665818411145,15.991329476139612,13.744039265763282,89.52700536417699,0.5111892035929784,0.9847425301970757,172.11111111111111,False,mask,360.0,1.0,True,True,23.68533306189157,1762.4177777777782,1762.4177777777782,51.17225432364676,43.98092565044251
r563_svd_normalised_tr050_tid0_015,0,15,True,93,polygon,235.37536656891496,99.7204301075269,113.66666666666667,6.015083019340427,12.778205569636304,11.34210650914096,-78.08133980017746,0.46058924183974986,0.976145038167939,113.66666666666667,False,mask,360.0,1.0,True,True,19.248265661889366,1163.946666666667,1163.946666666667,40.890257822836176,36.294740829251076
r563_svd_normalised_tr050_tid0_015,0,15,True,94,polygon,203.9914933837429,113.05828607435411,117.55555555555556,6.1171149661553015,12.525039312215684,11.96338106639101,-32.108591259061534,0.296099284483906,0.9733210671573137,117.55555555555556,False,mask,360.0,1.0,True,True,19.574767891696965,1203.7688888888893,1203.7688888888893,40.08012579909019,38.28281941245123
r563_svd_normalised_tr050_tid0_015,0,15,True,95,polygon,164.7092970521542,47.23945578231292,81.66666666666667,5.098559342763036,10.760135499577741,9.674824700644898,85.35903042665376,0.4376694365758749,0.9786950732356857,81.66666666666667,False,mask,360.0,1.0,True,True,16.315389896841715,836.2666666666669,836.2666666666669,34.43243359864877,30.959439042063675
r563_svd_normalised_tr050_tid0_015,0,15,True,96,polygon,145.22871794871796,46.33641025641026,36.111111111111114,3.3903574542735164,6.866687639253701,6.708420974866701,71.90807006294013,0.21346127006261142,0.975975975975976,36.111111111111114,False,mask,360.0,1.0,True,True,10.849143853675253,369.7777777777779,369.7777777777779,21.973400445611844,21.466947119573447
r563_svd_normalised_tr050_tid0_015,0,15,True,97,polygon,247.592394533571,107.70231729055259,62.333333333333336,4.454359239979373,9.375772673694273,8.481298111110533,-7.763437322860164,0.42626731994704226,0.9842105263157894,62.333333333333336,False,mask,360.0,1.0,True,True,14.253949567933995,638.2933333333335,638.2933333333335,30.002472555821676,27.140153955553707
r563_svd_normalised_tr050_tid0_015,0,15,True,98,polygon,347.82404513888883,83.7806423611111,426.6666666666667,11.65384992631551,23.752740454242513,22.8866862620285,-48.07302240409684,0.26756876410477753,0.9856262833675564,426.6666666666667,False,mask,360.0,1.0,True,True,37.29231976420964,4369.0666666666675,4369.0666666666675,76.00876945357605,73.23739603849121
r563_svd_normalised_tr050_tid0_015,0,15,True,99,polygon,274.78606060606063,130.5699393939394,305.55555555555554,9.862117121171996,20.083029040902904,19.3889447210107,26.01990467992846,0.2606281504894019,0.9828448892065761,305.55555555555554,False,mask,360.0,1.0,True,True,31.55877478775039,3128.888888888889,3128.888888888889,64.2656929308893,62.04462310723424
r563_svd_normalised_tr050_tid0_015,0,15,True,100,polygon,262.7965194109772,103.74364123159303,110.66666666666667,5.935174308392819,12.039065463192978,11.723697647952173,44.18084198649113,0.22738634352085088,0.9774288518155054,110.66666666666667,False,mask,360.0,1.0,True,True,18.99255778685702,1133.226666666667,1133.226666666667,38.525009482217534,37.515832473446956
r563_svd_normalised_tr050_tid0_015,0,15,True,101,polygon,349.0816688859299,39.62538837106081,83.44444444444444,5.153755098351177,10.553280621141711,10.077939344303836,-13.264876308660703,0.29674112056858465,0.9816993464052287,83.44444444444444,False,mask,360.0,1.0,True,True,16.492016314723767,854.4711111111112,854.4711111111112,33.77049798765348,32.24940590177228
r563_svd_normalised_tr050_tid0_015,0,15,True,102,polygon,278.2042483660131,158.78104575163397,45.333333333333336,3.798690323475339,7.701719786189629,7.553913871248992,-64.72753047905559,0.1949724814851295,0.9714285714285714,45.333333333333336,False,mask,360.0,1.0,True,True,12.155809035121086,464.2133333333334,464.2133333333334,24.645503315806813,24.172524387996773
r563_svd_normalised_tr050_tid0_015,0,15,True,103,polygon,197.84268125854996,85.24943000455995,81.22222222222223,5.084666784672336,10.333584553492907,10.046741420336867,66.00070755191874,0.23397895362796817,0.9720744680851063,81.22222222222223,False,mask,360.0,1.0,True,True,16.27093371095148,831.7155555555557,831.7155555555557,33.0674705711773,32.14957254507797
r563_svd_normalised_tr050_tid0_015,0,15,True,104,polygon,374.64959999999996,87.37013333333334,69.44444444444444,4.701579862897969,9.514911471632184,9.326099479912516,29.36920602239699,0.1982266930609389,0.9827044025157232,69.44444444444444,False,mask,360.0,1.0,True,True,15.0450555612735,711.1111111111112,711.1111111111112,30.447716709222988,29.843518335720052
r563_svd_normalised_tr050_tid0_015,0,15,True,105,polygon,221.97255820002601,95.3785927949018,284.77777777777777,9.52090237488639,19.432917196729225,18.67157106233119,79.50089174163675,0.27716675681139824,0.9816162389888932,284.77777777777777,False,mask,360.0,1.0,True,True,30.46688759963645,2916.124444444445,2916.124444444445,62.18533502953352,59.749027399459806
r563_svd_normalised_tr050_tid0_015,0,15,True,106,polygon,226.18093983311374,65.20015371102328,337.3333333333333,10.362264952187434,21.786868526353743,19.73613272726152,70.36605249989636,0.4235497327121506,0.9825242718446602,337.3333333333333,False,mask,360.0,1.0,True,True,33.15924784699979,3454.293333333334,3454.293333333334,69.71797928433197,63.15562472723687
r563_svd_normalised_tr050_tid0_015,0,15,True,107,polygon,264.0608695652174,92.96376811594202,25.555555555555557,2.8521195592493016,6.187439186495489,5.28497519701453,-27.56104818411615,0.5200336061088913,0.9913793103448276,25.555555555555557,False,mask,360.0,1.0,True,True,9.126782589597765,261.688888888889,261.688888888889,19.799805396785565,16.9119206304465
r563_svd_normalised_tr050_tid0_015,0,15,True,108,polygon,188.58749168330007,75.47305389221556,55.666666666666664,4.2094239903931845,8.832611434756105,8.050649470258689,-81.10891343526967,0.4113692786199053,0.9728155339805825,55.666666666666664,False,mask,360.0,1.0,True,True,13.47015676925819,570.0266666666668,570.0266666666668,28.26435659121954,25.762078304827806
r563_svd_normalised_tr050_tid0_015,0,15,True,109,polygon,313.228555917481,115.89522258414767,136.44444444444446,6.590266730681063,13.68649767841778,12.707340515822821,-75.89107221982134,0.3714369884405637,0.9824,136.44444444444446,False,mask,360.0,1.0,True,True,21.088853538179404,1397.1911111111115,1397.1911111111115,43.7967925709369,40.66348965063303
r563_svd_normalised_tr050_tid0_015,0,15,True,110,polygon,355.47351102336296,9.012175057584733,112.55555555555556,5.985611587652696,12.747118022408523,11.284992853112335,88.40971623000603,0.46502492271650503,0.9777992277992278,112.55555555555556,False,mask,360.0,1.0,True,True,19.153957080488627,1152.5688888888892,1152.5688888888892,40.790777671707275,36.11197712995948
r563_svd_normalised_tr050_tid0_015,0,15,True,111,polygon,184.02504604051566,123.68324125230203,100.55555555555556,5.657546062034027,11.49255494646767,11.166316017993148,-28.150552074062993,0.2365758642502475,0.9783783783783784,100.55555555555556,False,mask,360.0,1.0,True,True,18.104147398508886,1029.688888888889,1029.688888888889,36.776175828696545,35.73221125757808
r563_svd_normalised_tr050_tid0_015,0,15,True,112,polygon,225.54384816753927,157.94349912739963,169.77777777777777,7.351322678333563,14.897713058320775,14.52532379911066,-26.24771498177575,0.2221890826124066,0.9801154586273252,169.77777777777777,False,mask,360.0,1.0,True,True,23.524232570667404,1738.5244444444447,1738.5244444444447,47.672681786626484,46.481036157154115
r563_svd_normalised_tr050_tid0_015,0,15,True,113,polygon,323.60333607601484,242.24416081088415,658.6168597915936,14.479097267405445,29.995433087027862,27.956823569872405,15.669666178223821,0.3623656836198351,0.9886887306242145,524.4444444444445,True,ellipse,260.0,0.6611111111111111,True,True,46.333111255697425,6744.2366442659195,5370.311111111112,95.98538587848917,89.46183542359171
r563_svd_normalised_tr050_tid0_015,0,15,True,114,polygon,235.91611077420657,147.82042989016912,549.6666666666666,13.227408442536666,27.97719572324073,25.1092416600725,-20.790473360168264,0.44103565893716623,0.9819372766971021,549.6666666666666,False,mask,360.0,1.0,True,True,42.32770701611733,5628.586666666667,5628.586666666667,89.52702631437035,80.349573312232
r563_svd_normalised_tr050_tid0_015,0,15,True,115,polygon,264.2161111111111,50.16851851851852,200.0,7.978845608028654,16.130011597966032,15.818877591780883,-88.09730801873168,0.19546407219052125,0.9809264305177112,200.0,False,mask,360.0,1.0,True,True,25.532305945691693,2048.0000000000005,2048.0000000000005,51.6160371134913,50.62040829369883
r563_svd_normalised_tr050_tid0_015,0,15,True,116,polygon,220.7399173840381,119.23274366978842,1174.5555555555557,19.3357866456327,39.732178187904516,37.65037138539871,-32.81161145029822,0.3194473975887018,0.9909073865766779,1174.5555555555557,False,mask,360.0,1.0,True,True,61.87451726602465,12027.448888888892,12027.448888888892,127.14297020129446,120.48118843327586
r563_svd_normalised_tr050_tid0_015,0,15,True,117,polygon,271.31309523809523,242.2345238095238,93.33333333333333,5.450589207644173,11.559848347126964,10.306300896258326,69.12588775011423,0.4529021750570778,0.974477958236659,93.33333333333333,False,mask,360.0,1.0,True,True,17.441885464461354,955.7333333333335,955.7333333333335,36.991514710806285,32.980162868026646
r563_svd_normalised_tr050_tid0_015,0,15,True,118,polygon,154.63508771929824,43.824561403508774,42.22222222222222,3.6660265615489305,7.875812331082661,6.861282701973025,78.09563170475877,0.49095642803609035,0.9644670050761421,42.22222222222222,False,mask,360.0,1.0,True,True,11.731284996956578,432.3555555555556,432.3555555555556,25.202599459464516,21.95610464631368
r563_svd_normalised_tr050_tid0_015,0,15,True,119,polygon,228.42171784601692,120.85776591010237,416.1111111111111,11.508791440354997,23.0789149977598,22.990138192961293,65.32099769688095,0.08762721536536368,0.9883874373185537,416.1111111111111,False,mask,360.0,1.0,True,True,36.82813260913599,4260.977777777778,4260.977777777778,73.85252799283136,73.56844221747615
r563_svd_normalised_tr050_tid0_015,0,15,True,120,polygon,299.07586825579904,87.82968089196463,289.0,9.591222920311857,20.85903691558184,17.66820420847706,78.44356127095553,0.5315470598959743,0.9800301431801055,289.0,False,mask,360.0,1.0,True,True,30.691913344997943,2959.3600000000006,2959.3600000000006,66.74891812986189,56.538253467126594
r563_svd_normalised_tr050_tid0_015,0,15,True,121,polygon,79.54423979776092,87.56988082340195,102.55555555555556,5.713531938862713,11.901155552054954,11.004776289624546,72.3135024739855,0.38074196834982754,0.9695378151260504,102.55555555555556,False,mask,360.0,1.0,True,True,18.28330220436068,1050.1688888888891,1050.1688888888891,38.08369776657585,35.21528412679855
r563_svd_normalised_tr050_tid0_015,0,15,True,122,polygon,62.46944444444444,72.18472222222222,53.333333333333336,4.120258154914023,8.667907154882736,7.886874335812671,-80.56370070324019,0.41484142488246545,0.975609756097561,53.333333333333336,False,mask,360.0,1.0,True,True,13.184826095724873,546.1333333333334,546.1333333333334,27.737302895624754,25.23799787460055
r563_svd_normalised_tr050_tid0_015,0,15,True,123,polygon,347.86039886039885,51.00569800569801,65.0,4.54864184146723,9.709361719403894,8.542825791575266,-86.72331776425968,0.47524312123404217,0.9605911330049262,65.0,False,mask,360.0,1.0,True,True,14.555653892695137,665.6000000000001,665.6000000000001,31.069957502092464,27.337042533040854
r563_svd_normalised_tr050_tid0_015,0,15,True,124,polygon,266.8777120315582,85.70216962524654,37.55555555555556,3.4574997634790834,7.188001972992825,6.696350242064206,85.29009667474452,0.36348241905476386,0.9602272727272727,37.55555555555556,False,mask,360.0,1.0,True,True,11.063999243133068,384.568888888889,384.568888888889,23.001606313577042,21.42832077460546
r563_svd_normalised_tr050_tid0_015,0,15,True,125,polygon,130.90740740740742,46.56666666666666,20.0,2.5231325220201604,5.160004308423493,4.94319795447853,51.55582959860624,0.28682398306701745,0.972972972972973,20.0,False,mask,360.0,1.0,True,True,8.074024070464514,204.80000000000004,204.80000000000004,16.512013786955176,15.818233454331295
r563_svd_normalised_tr050_tid0_015,0,15,True,126,polygon,295.293172690763,104.79317269076306,18.444444444444443,2.4230247650064087,5.14035024397998,4.625074971270661,-60.2522706986698,0.4363877179691675,0.9540229885057471,18.444444444444443,False,mask,360.0,1.0,True,True,7.753679248020508,188.87111111111113,188.87111111111113,16.449120780735935,14.800239908066116
r563_svd_normalised_tr050_tid0_015,0,15,True,127,polygon,353.1423395445135,162.76811594202897,71.55555555555556,4.772508852239753,9.853458137833032,9.267861809720543,69.54236583568509,0.3396013678239467,0.9742813918305597,71.55555555555556,False,mask,360.0,1.0,True,True,15.27202832716721,732.7288888888891,732.7288888888891,31.531066041065703,29.65715779110574
r563_svd_normalised_tr050_tid0_015,0,15,True,128,polygon,232.10570026425066,222.8816534541336,196.22222222222223,7.90313059630714,16.452241217028256,15.219274856393236,57.38615533582624,0.37982624671954063,0.9854910714285714,196.22222222222223,False,mask,360.0,1.0,True,True,25.290017908182847,2009.315555555556,2009.315555555556,52.64717189449042,48.70167954045836
r563_svd_normalised_tr050_tid0_015,0,15,True,129,polygon,295.07884465261515,144.5183450429352,94.88888888888889,5.495823088703691,11.150668406642742,10.848619096262523,-40.70570001859706,0.23117577956051577,0.9748858447488584,94.88888888888889,False,mask,360.0,1.0,True,True,17.586633883851814,971.6622222222223,971.6622222222223,35.68213890125678,34.71558110804008
r563_svd_normalised_tr050_tid0_015,0,15,True,130,polygon,249.27793427230048,135.46291079812207,39.44444444444444,3.543382088019011,7.322851179612088,6.86812125993178,-72.47226325547743,0.34689867038156624,0.9943977591036415,39.44444444444444,False,mask,360.0,1.0,True,True,11.338822681660837,403.91111111111115,403.91111111111115,23.433123774758684,21.977988031781695
r563_svd_normalised_tr050_tid0_015,0,15,True,131,polygon,243.35988200589972,128.14749262536873,12.555555555555555,1.9991391797128957,4.096124562900203,3.9098848859546247,35.90264536960401,0.2981061933981766,0.9826086956521739,12.555555555555555,False,mask,360.0,1.0,True,True,6.397245375081266,128.56888888888892,128.56888888888892,13.107598601280651,12.5116316350548
r563_svd_normalised_tr050_tid0_015,0,15,True,132,polygon,44.918539325842694,83.00374531835206,39.55555555555556,3.5483692573949375,7.240854673048763,6.987268981843723,-85.05707765731287,0.26232903193824925,0.967391304347826,39.55555555555556,False,mask,360.0,1.0,True,True,11.3547816236638,405.048888888889,405.048888888889,23.170734953756043,22.359260741899917
r563_svd_normalised_tr050_tid0_015,0,15,True,133,polygon,303.8462383305876,101.95716639209225,134.88888888888889,6.552592377805918,13.41438414900977,12.822459527980866,75.95336859331564,0.2937773149192742,0.9774557165861514,134.88888888888889,False,mask,360.0,1.0,True,True,20.968295608978938,1381.2622222222224,1381.2622222222224,42.926029276831265,41.031870489538775
r563_svd_normalised_tr050_tid0_015,0,15,True,134,polygon,303.5594362745098,48.139705882352935,60.44444444444444,4.386349761653028,8.96192126669205,8.626687423591143,-29.15660489273993,0.27094962056080096,0.9594356261022927,60.44444444444444,False,mask,360.0,1.0,True,True,14.036319237289689,618.9511111111112,618.9511111111112,28.67814805341456,27.60539975549166
r563_svd_normalised_tr050_tid0_015,0,15,True,135,polygon,45.406340251192155,80.36443011619316,551.4444444444445,13.248781768441761,32.91620573735727,21.377403015695847,-81.69754808451863,0.7604049941090152,0.9843316144387148,551.4444444444445,False,mask,360.0,1.0,True,True,42.39610165901364,5646.7911111111125,5646.7911111111125,105.33185835954326,68.40768965022671
r563_svd_normalised_tr050_tid0_015,0,15,True,136,polygon,244.92731629392972,83.78980298189563,278.22222222222223,9.410679246970266,20.054501053149007,17.687691544605713,81.71608782729466,0.4712847148374337,0.983503534956795,278.22222222222223,False,mask,360.0,1.0,True,True,30.114173590304855,2848.995555555556,2848.995555555556,64.17440337007683,56.60061294273828
r563_svd_normalised_tr050_tid0_015,0,15,True,137,polygon,203.97420634920636,80.06916099773242,130.66666666666666,6.449224123464929,13.567454450374273,12.284679258667351,61.619828112850726,0.42444859532241513,0.9791840133222315,130.66666666666666,False,mask,360.0,1.0,True,True,20.637517195087774,1338.0266666666669,1338.0266666666669,43.41585424119768,39.31097362773553
r563_svd_normalised_tr050_tid0_015,0,15,True,138,polygon,289.0403868031854,120.56086461888509,130.22222222222223,6.438246712743762,13.00864414877635,12.766284274379997,-68.10513869228046,0.19213083031153658,0.9823973176865046,130.22222222222223,False,mask,360.0,1.0,True,True,20.60238948078004,1333.475555555556,1333.475555555556,41.627661276084325,40.85210967801599
r563_svd_normalised_tr050_tid0_015,0,15,True,139,polygon,337.80327406152975,95.06990309530529,393.6666666666667,11.194105228244862,22.833245105152617,21.970127650814906,81.96125465132137,0.2723470435666962,0.9855354659248957,393.6666666666667,False,mask,360.0,1.0,True,True,35.82113673038356,4031.1466666666674,4031.1466666666674,73.06638433648838,70.3044084826077
r563_svd_normalised_tr050_tid0_015,0,15,True,140,polygon,290.29051383399207,96.33333333333333,56.22222222222222,4.230376952064123,8.984923550107844,7.9941131007066355,39.30660754643849,0.45649647233151347,0.9825242718446602,56.22222222222222,False,mask,360.0,1.0,True,True,13.537206246605194,575.7155555555556,575.7155555555556,28.7517553603451,25.581161922261234
r563_svd_normalised_tr050_tid0_015,0,15,True,141,polygon,256.2422680412371,91.3470790378007,43.111111111111114,3.70441532107761,8.080910147271378,6.821707299037225,-4.4474031325406855,0.5360667214512487,0.9675810473815462,43.111111111111114,False,mask,360.0,1.0,True,True,11.854129027448352,441.4577777777779,441.4577777777779,25.85891247126841,21.82946335691912
r563_svd_normalised_tr050_tid0_015,0,15,True,142,polygon,283.9105691056911,100.35772357723577,13.666666666666666,2.085721724290772,4.369357663235631,3.990249050410286,11.380038404669195,0.40743389179252987,0.9609375,13.666666666666666,False,mask,360.0,1.0,True,True,6.674309517730471,139.9466666666667,139.9466666666667,13.98194452235402,12.768796961312916
r563_svd_normalised_tr050_tid0_015,0,15,True,143,polygon,75.94694694694695,89.93843843843844,74.0,4.853342309955121,10.196440703267188,9.277773218725708,55.28513775280681,0.41482081727221365,0.9823008849557522,74.0,False,mask,360.0,1.0,True,True,15.530695391856387,757.7600000000001,757.7600000000001,32.628610250455004,29.688874299922265
r563_svd_normalised_tr050_tid0_015,0,15,True,144,polygon,19.19927536231884,89.14130434782608,132.88888888888889,6.503833261801276,13.29843122565967,12.790217992693684,-76.31684821307326,0.2738094101166133,0.980327868852459,132.88888888888889,False,mask,360.0,1.0,True,True,20.812266437764084,1360.7822222222223,1360.7822222222223,42.554979922110945,40.92869757661979
r563_svd_normalised_tr050_tid0_015,0,15,True,145,polygon,356.8216374269006,21.274853801169588,38.0,3.477898169151024,7.123259313707865,6.805298077018825,-5.487848645445034,0.29543463164165873,0.9799426934097422,38.0,False,mask,360.0,1.0,True,True,11.129274141283277,389.12000000000006,389.12000000000006,22.79442980386517,21.77695384646024
r563_svd_normalised_tr050_tid0_015,0,15,True,146,polygon,327.00585729499466,123.61075612353568,69.55555555555556,4.705339623485133,10.175759793474185,8.718046905294774,-3.763255939562956,0.5157377059045589,0.9765990639625585,69.55555555555556,False,mask,360.0,1.0,True,True,15.057086795152427,712.248888888889,712.248888888889,32.562431339117396,27.897750096943277
r563_svd_normalised_tr050_tid0_015,0,15,True,147,polygon,187.32261208576998,83.44736842105263,38.0,3.477898169151024,7.212775042139454,6.748611029477143,77.38162118900732,0.35293734475244437,0.9715909090909091,38.0,False,mask,360.0,1.0,True,True,11.129274141283277,389.12000000000006,389.12000000000006,23.080880134846254,21.595555294326857
r563_svd_normalised_tr050_tid0_015,0,15,True,148,polygon,221.8760162601626,167.63448509485093,109.33333333333333,5.899311899656415,12.121475174957299,11.512206342735906,68.25422268132068,0.3130507106200697,0.973293768545994,109.33333333333333,False,mask,360.0,1.0,True,True,18.87779807890053,1119.5733333333335,1119.5733333333335,38.78872055986336,36.8390602967549
r563_svd_normalised_tr050_tid0_015,0,15,True,149,polygon,340.7291666666667,138.07118055555557,21.333333333333332,2.6058800634822394,5.628968992858628,4.8548212615663955,2.573187886168805,0.5061068648430148,0.9795918367346939,21.333333333333332,False,mask,360.0,1.0,True,True,8.338816203143166,218.45333333333338,218.45333333333338,18.01270077714761,15.535428037012466
r563_svd_normalised_tr050_tid0_015,0,15,True,150,polygon,351.01887550200803,70.12449799196787,92.22222222222223,5.418048085719784,11.460855085940558,10.271178714145593,-74.98411625228188,0.4436572498329201,0.9764705882352941,92.22222222222223,False,mask,360.0,1.0,True,True,17.33775387430331,944.3555555555558,944.3555555555558,36.674736275009785,32.8677718852659
r563_svd_normalised_tr050_tid0_015,0,15,True,151,polygon,271.7954254638516,194.67418426103646,231.55555555555554,8.585244465599876,17.9922008669941,16.407220487918327,-0.0019318468949802783,0.4103960979073334,0.9811676082862524,231.55555555555554,False,mask,360.0,1.0,True,True,27.472782289919607,2371.1288888888894,2371.1288888888894,57.575042774381124,52.50310556133865
r563_svd_normalised_tr050_tid0_015,0,15,True,152,polygon,240.528,41.144444444444446,83.33333333333333,5.1503226936425275,11.06624485053605,9.60898509147721,-88.82407107436075,0.49601337251416816,0.9752925877763329,83.33333333333333,False,mask,360.0,1.0,True,True,16.481032619656087,853.3333333333335,853.3333333333335,35.411983521715364,30.748752292727076
r563_svd_normalised_tr050_tid0_015,0,15,True,153,polygon,52.064842958459984,70.74062816616008,73.11111111111111,4.824105042030931,9.843720977640057,9.480675312018256,-87.87093269506042,0.26907558958856553,0.982089552238806,73.11111111111111,False,mask,360.0,1.0,True,True,15.43713613449898,748.6577777777779,748.6577777777779,31.499907128448186,30.33816099845842
r563_svd_normalised_tr050_tid0_015,0,15,True,154,polygon,349.4629166666667,151.76,88.88888888888889,5.319230405352436,10.78280241579872,10.526200768434963,-27.75704761993489,0.21686009314426066,0.97442143727162,88.88888888888889,False,mask,360.0,1.0,True,True,17.021537297127797,910.2222222222224,910.2222222222224,34.504967730555904,33.68384245899188
r563_svd_normalised_tr050_tid0_015,0,15,True,155,polygon,81.45273631840796,100.28233830845771,29.77777777777778,3.0787271810361267,6.363687843039735,5.977008861335214,82.20320841719557,0.3432703196418619,0.9962825278810409,29.77777777777778,False,mask,360.0,1.0,True,True,9.851926979315607,304.92444444444453,304.92444444444453,20.36380109772715,19.126428356272687
r563_svd_normalised_tr050_tid0_015,0,15,True,156,polygon,2.808158765159868,174.0135979419331,100.77777777777777,5.663794044127999,18.39326676556404,7.381769137562052,-1.9933587398121868,0.9159335444620047,0.9773706896551724,100.77777777777777,False,mask,360.0,1.0,True,True,18.1241409412096,1031.9644444444446,1031.9644444444446,58.85845364980493,23.621661240198566
r563_svd_normalised_tr050_tid0_015,0,15,True,157,polygon,379.99408822191907,23.86880400181901,162.88888888888889,7.2006349499767275,15.595848525358745,13.302442377531479,-67.55232612801098,0.5219964590771263,0.9799465240641712,162.88888888888889,False,mask,360.0,1.0,True,True,23.042031839925528,1667.9822222222226,1667.9822222222226,49.90671528114799,42.56781560810074
r563_svd_normalised_tr050_tid0_015,0,15,True,158,polygon,326.78898007033996,49.17076983196561,94.77777777777777,5.4926044511868,11.542649176731642,10.471696991052772,-78.59162532239928,0.4206611844682779,0.9693181818181819,94.77777777777777,False,mask,360.0,1.0,True,True,17.57633424379776,970.5244444444446,970.5244444444446,36.93647736554126,33.50943037136887
r563_svd_normalised_tr050_tid0_015,0,15,True,159,polygon,277.5643340857788,217.7851768246802,98.44444444444444,5.59784243316455,11.315822860425945,11.108029960112992,13.074561668155944,0.19075868908044005,0.9704271631982475,98.44444444444444,False,mask,360.0,1.0,True,True,17.91309578612656,1008.0711111111112,1008.0711111111112,36.21063315336303,35.54569587236158
r563_svd_normalised_tr050_tid0_015,0,15,True,160,polygon,235.54640980735553,235.7600700525394,63.44444444444444,4.4938840539231695,9.322784052345243,8.68932510782479,56.539006221540696,0.36232299445840765,0.9727427597955707,63.44444444444444,False,mask,360.0,1.0,True,True,14.380428972554142,649.6711111111113,649.6711111111113,29.83290896750478,27.80584034503933
r563_svd_normalised_tr050_tid0_015,0,15,True,161,polygon,225.53446578040374,204.16445100935502,150.44444444444446,6.920112281465868,14.351755707353403,13.369049198536947,-25.68529341567926,0.3636719465953011,0.9755043227665706,150.44444444444446,False,mask,360.0,1.0,True,True,22.14435930069078,1540.5511111111116,1540.5511111111116,45.92561826353089,42.780957435318236
r563_svd_normalised_tr050_tid0_015,0,15,True,162,polygon,394.65256406024787,77.43641557533294,81.32967673039927,5.088029102060824,11.043887698290225,9.376422814377504,33.88296071285575,0.5283692533420917,0.9719251336898396,80.77777777777777,True,ellipse,330.0,0.9305555555555556,True,True,16.28169312659464,832.8158897192887,827.1644444444445,35.340440634528726,30.004553006008013
r563_svd_normalised_tr050_tid0_015,0,15,True,163,polygon,304.1993166287016,138.8621867881549,97.55555555555556,5.572512699445857,11.47011363933443,10.841400139162607,70.25293039697654,0.32653007706052284,0.9755555555555555,97.55555555555556,False,mask,360.0,1.0,True,True,17.832040638226744,998.9688888888891,998.9688888888891,36.70436364587018,34.69248044532034
r563_svd_normalised_tr050_tid0_015,0,15,True,164,polygon,71.51307639366827,64.89103005276439,322.8888888888889,10.137984290391895,20.775653489408196,19.817657841385106,-77.55635562766247,0.30016103531280164,0.9847509318874957,322.8888888888889,False,mask,360.0,1.0,True,True,32.44154972925406,3306.382222222223,3306.382222222223,66.48209116610623,63.416505092432345
r563_svd_normalised_tr050_tid0_015,0,15,True,165,polygon,337.4041184041184,39.585585585585584,28.77777777777778,3.0265906840976804,6.70047613678121,5.4931990779610045,-18.643081823107252,0.5726181648553037,0.9885496183206107,28.77777777777778,False,mask,360.0,1.0,True,True,9.685090189112579,294.6844444444445,294.6844444444445,21.441523637699873,17.578237049475216
r563_svd_normalised_tr050_tid0_015,0,15,True,166,polygon,289.60250226482253,246.14418048173542,203.79100588364784,8.054110248072357,17.17604612549,15.106781016810663,7.092700439055022,0.4758506315870541,0.9826839826839827,151.33333333333334,True,ellipse,240.0,0.6277777777777778,True,True,25.773152793831542,2086.8199002485544,1549.6533333333336,54.963347601568,48.341699253794125
r563_svd_normalised_tr050_tid0_015,0,15,True,167,polygon,343.2211690363349,3.7646129541864135,23.444444444444443,2.7317756940776294,5.71323723783193,5.244764460128168,76.5466626131629,0.3965752469754222,0.9634703196347032,23.444444444444443,False,mask,360.0,1.0,True,True,8.741682221048414,240.07111111111115,240.07111111111115,18.282359161062175,16.78324627241014
r563_svd_normalised_tr050_tid0_015,0,15,True,168,polygon,398.83124506205723,89.86375946953207,139.06067547339515,6.65314871189405,13.3062974237881,13.3062974237881,,0.0,0.9873417721518988,78.0,True,circle,200.0,0.5305555555555556,True,True,21.29007587806096,1423.9813168475666,798.7200000000001,42.58015175612192,42.58015175612192
r563_svd_normalised_tr050_tid0_015,0,15,True,169,polygon,226.99037917374082,215.4878324844369,130.88888888888889,6.454705827916951,13.075975564119503,12.80937529182482,35.80983070246716,0.200901519705175,0.9751655629139073,130.88888888888889,False,mask,360.0,1.0,True,True,20.655058649334244,1340.3022222222226,1340.3022222222226,41.84312180518241,40.990000933839426
r563_svd_normalised_tr050_tid0_015,0,15,True,170,polygon,196.9319969911235,238.76029269961907,1435.5062479157307,21.37605740987277,42.75211481974554,42.75211481974554,,0.0,0.9925636380970541,1156.7777777777778,True,circle,240.0,0.6694444444444444,True,True,68.40338371159287,14699.583978657085,11845.404444444448,136.80676742318573,136.80676742318573
r563_svd_normalised_tr050_tid0_015,0,15,True,171,polygon,256.1865981240981,76.69516594516595,410.6666666666667,11.433252377435888,24.194615180405318,21.626525005823623,82.85097537509478,0.4483522582200019,0.9848121502797762,410.6666666666667,False,mask,360.0,1.0,True,True,36.58640760779485,4205.226666666667,4205.226666666667,77.42276857729702,69.20488001863559
r563_svd_normalised_tr050_tid0_015,0,15,True,172,polygon,283.2496602106694,76.91675161399932,436.0,11.780624362746345,24.529289065681223,22.644604836364582,-1.928424706384797,0.38440161181075017,0.9886621315192744,436.0,False,mask,360.0,1.0,True,True,37.69799796078831,4464.640000000001,4464.640000000001,78.49372501017992,72.46273547636666
r563_svd_normalised_tr050_tid0_015,0,15,True,173,polygon,243.50926935659763,38.48818611414031,101.88888888888889,5.694931134404973,11.891627692309108,10.926779075958159,-13.483145592555008,0.3945762530491041,0.9765708200212992,101.88888888888889,False,mask,360.0,1.0,True,True,18.223779630095915,1043.3422222222223,1043.3422222222223,38.053208615389146,34.96569304306611
r563_svd_normalised_tr050_tid0_015,0,15,True,174,polygon,305.35262593783494,25.34083601286174,34.55555555555556,3.316530560074269,6.833764697187239,6.471377572896153,60.4877592127331,0.321318787735631,0.9688473520249221,34.55555555555556,False,mask,360.0,1.0,True,True,10.61289779223766,353.84888888888895,353.84888888888895,21.868047030999165,20.70840823326769
r563_svd_normalised_tr050_tid0_015,0,15,True,175,polygon,183.91369047619048,171.34940476190476,62.22222222222222,4.450387452083031,9.225203006011812,8.6014537094089,-74.74701863181123,0.36146317026608593,0.9688581314878892,62.22222222222222,False,mask,360.0,1.0,True,True,14.2412398466657,637.1555555555557,637.1555555555557,29.5206496192378,27.524651870108485
r563_svd_normalised_tr050_tid0_015,0,15,True,176,polygon,342.42953929539294,113.1260162601626,27.333333333333332,2.9496559498282076,6.247178902517853,5.592584244458087,73.36524552245434,0.44562935608088317,0.9879518072289156,27.333333333333332,False,mask,360.0,1.0,True,True,9.438899039450265,279.8933333333334,279.8933333333334,19.990972488057132,17.89626958226588
r563_svd_normalised_tr050_tid0_015,0,15,True,177,polygon,233.85438596491227,92.60877192982457,21.11111111111111,2.592272241681251,5.448121747758079,4.958535445209837,-40.85420177857469,0.41430812433641795,0.9693877551020408,21.11111111111111,False,mask,360.0,1.0,True,True,8.295271173380003,216.1777777777778,216.1777777777778,17.433989592825853,15.86731342467148
r563_svd_normalised_tr050_tid0_015,0,15,True,178,polygon,311.7443465980291,258.9190042303135,907.2176315120498,16.99342052179398,33.98684104358796,33.98684104358796,,0.0,0.9825072886297376,149.77777777777777,True,circle,120.0,0.3138888888888889,False,True,54.37894566974074,9289.908546683391,1533.7244444444448,108.75789133948147,108.75789133948147
r563_svd_normalised_tr050_tid0_015,0,15,True,179,polygon,209.1719298245614,165.8140350877193,10.555555555555555,1.8330132807744652,4.171150921245948,3.2470965544695645,73.94826668847685,0.627687553057506,0.9405940594059405,10.555555555555555,False,mask,360.0,1.0,True,True,5.865642498478289,108.0888888888889,108.0888888888889,13.347682947987034,10.390708974302607
r563_svd_normalised_tr050_tid0_015,0,15,True,180,polygon,310.563976083707,88.5116591928251,247.77777777777777,8.880884879521693,18.344706506702767,17.21499200192392,74.77927114124005,0.3455036339308112,0.9858532272325375,247.77777777777777,False,mask,360.0,1.0,True,True,28.41883161446942,2537.244444444445,2537.244444444445,58.70306082144886,55.08797440615655
r563_svd_normalised_tr050_tid0_015,0,15,True,181,polygon,215.58631921824102,214.2801302931596,68.22222222222223,4.660022295092679,9.752643283730139,8.932070610704482,5.557085337741096,0.4014943253683472,0.9669291338582677,68.22222222222223,False,mask,360.0,1.0,True,True,14.912071344296573,698.5955555555557,698.5955555555557,31.208458507936445,28.582625954254343
r563_svd_normalised_tr050_tid0_015,0,15,True,182,polygon,246.02084866323275,239.3944076526858,151.0,6.93287767191607,14.297108289418455,13.463502520495746,-3.260700802161102,0.3364702399652561,0.9847826086956522,151.0,False,mask,360.0,1.0,True,True,22.185208550131424,1546.2400000000002,1546.2400000000002,45.75074652613906,43.08320806558639
r563_svd_normalised_tr050_tid0_015,0,15,True,183,polygon,319.0037488880417,47.07262676324819,582.8888888888889,13.621280992623948,31.21897425492313,23.815671895458337,-67.06563629181731,0.6465650171146293,0.9872036130974784,582.8888888888889,False,mask,360.0,1.0,True,True,43.58809917639664,5968.782222222224,5968.782222222224,99.90071761575402,76.21015006546668
r563_svd_normalised_tr050_tid0_015,0,15,True,184,polygon,156.55744047619046,110.52708333333334,124.44444444444444,6.293798292550864,12.997632675862421,12.20773378687087,-75.59302643899962,0.34329541274927655,0.984182776801406,124.44444444444444,False,mask,360.0,1.0,True,True,20.14015453616277,1274.3111111111114,1274.3111111111114,41.59242456275975,39.06474811798679
r563_svd_normalised_tr050_tid0_015,0,15,True,185,polygon,305.8586260216479,152.56428098078197,335.3333333333333,10.33150110908209,21.09282872969807,20.25897311284173,48.85383759597946,0.2783926865151265,0.9811443433029909,335.3333333333333,False,mask,360.0,1.0,True,True,33.06080354906269,3433.813333333334,3433.813333333334,67.49705193503382,64.82871396109354
r563_svd_normalised_tr050_tid0_015,0,15,True,186,polygon,57.784652278177454,140.3031175059952,77.22222222222223,4.957882286462129,10.257257191464307,9.612297402649391,-56.84952334789685,0.34900298384888706,0.9774964838255977,77.22222222222223,False,mask,360.0,1.0,True,True,15.865223316678815,790.7555555555558,790.7555555555558,32.82322301268578,30.759351688478052
r563_svd_normalised_tr050_tid0_015,0,15,True,187,polygon,133.8499245852187,34.56108597285068,49.111111111111114,3.9538022444398098,8.20280438710755,7.662062853379836,-6.255761688026999,0.3570678350270497,0.9778761061946902,49.111111111111114,False,mask,360.0,1.0,True,True,12.652167182207393,502.8977777777779,502.8977777777779,26.248974038744162,24.518601130815476
r563_svd_normalised_tr050_tid0_015,0,15,True,188,polygon,338.8831168831169,115.58874458874459,17.11111111111111,2.333802868765049,4.9388318916857505,4.432188588713254,56.10632013333794,0.44118460840948615,0.9871794871794872,17.11111111111111,False,mask,360.0,1.0,True,True,7.468169180048157,175.2177777777778,175.2177777777778,15.804262053394403,14.183003483882414
r563_svd_normalised_tr050_tid0_015,0,15,True,189,polygon,84.02966101694915,78.28672316384181,26.22222222222222,2.889081613773073,6.107769084884121,5.491509635788009,62.8876572940864,0.43773843249179045,0.9752066115702479,26.22222222222222,False,mask,360.0,1.0,True,True,9.245061164073833,268.5155555555556,268.5155555555556,19.54486107162919,17.57283083452163
r563_svd_normalised_tr050_tid0_015,0,15,True,190,polygon,205.73531699727732,56.153636717230654,190.44444444444446,7.785907104213765,17.419691553948336,13.983993341675543,-78.22045293434523,0.5962897570175016,0.9634626194491287,190.44444444444446,False,mask,360.0,1.0,True,True,24.91490273348405,1950.1511111111117,1950.1511111111117,55.74301297263468,44.74877869336174
r563_svd_normalised_tr050_tid0_015,0,15,True,191,polygon,273.1032679738562,104.61568627450981,28.333333333333332,3.003128386955965,6.309549070183901,5.72865300746778,74.04615104173654,0.4191135566963985,0.9807692307692307,28.333333333333332,False,mask,360.0,1.0,True,True,9.610010838259088,290.1333333333334,290.1333333333334,20.190557024588486,18.331689623896896
r563_svd_normalised_tr050_tid0_015,0,15,True,192,polygon,279.851246105919,206.34657320872273,47.55555555555556,3.8906816210396635,7.879080986406321,7.707624233504227,29.64576107971456,0.20748126818464332,0.9727272727272728,47.55555555555556,False,mask,360.0,1.0,True,True,12.450181187326924,486.968888888889,486.968888888889,25.21305915650023,24.664397547213525
r563_svd_normalised_tr050_tid0_015,0,15,True,193,polygon,55.34639016897082,79.63543266769074,144.66666666666666,6.78592883850509,13.93745823966348,13.2439254566602,-41.2887071124772,0.3115198312056902,0.9789473684210527,144.66666666666666,False,mask,360.0,1.0,True,True,21.71497228321629,1481.3866666666668,1481.3866666666668,44.59986636692314,42.380561461312645
r563_svd_normalised_tr050_tid0_015,0,15,True,194,polygon,344.59139784946234,136.83563748079877,24.11111111111111,2.770343847529131,5.871874043916203,5.2603250233523475,5.750181348213358,0.44435430117994207,0.9908675799086758,24.11111111111111,False,mask,360.0,1.0,True,True,8.865100312093219,246.89777777777783,246.89777777777783,18.78999694053185,16.833040074727514
r563_svd_normalised_tr050_tid0_015,0,15,True,195,polygon,244.95650012428538,216.93959731543623,149.0,6.886811529393324,13.863861943842615,13.698273740163655,49.03421311119917,0.1540944175416347,0.9731494920174165,149.0,False,mask,360.0,1.0,True,True,22.037796894058637,1525.7600000000002,1525.7600000000002,44.36435822029637,43.8344759685237
r563_svd_normalised_tr050_tid0_015,0,15,True,196,polygon,193.80188679245282,230.90094339622644,23.555555555555557,2.738241444410052,5.627194542219676,5.401531181569897,-15.729179338097316,0.28035045426079036,0.9592760180995475,23.555555555555557,False,mask,360.0,1.0,True,True,8.762372622112165,241.20888888888896,241.20888888888896,18.007022535102962,17.28489978102367
r563_svd_normalised_tr050_tid0_015,0,15,True,197,polygon,365.89178901576946,84.1479064709081,68.11111111111111,4.656225942287305,9.609850651527227,9.047681503182433,35.23609982369973,0.33701091361786867,0.9761146496815286,68.11111111111111,False,mask,360.0,1.0,True,True,14.899923015319377,697.4577777777779,697.4577777777779,30.751522084887128,28.95258081018379
r563_svd_normalised_tr050_tid0_015,0,15,True,198,polygon,231.36152882205513,109.4141604010025,59.111111111111114,4.3377011250171655,8.949977762151288,8.421311932311383,-33.71797307153419,0.3385982394328616,0.981549815498155,59.111111111111114,False,mask,360.0,1.0,True,True,13.880643600054931,605.2977777777779,605.2977777777779,28.639928838884124,26.94819818339643
r563_svd_normalised_tr050_tid0_015,0,15,True,199,polygon,267.5646258503401,94.99659863945578,10.88888888888889,1.8617306418733526,3.946938789278732,3.5406314370189325,27.503704300045182,0.4419136370066086,0.9333333333333333,10.88888888888889,False,mask,360.0,1.0,True,True,5.957538053994728,111.50222222222224,111.50222222222224,12.630204125691943,11.330020598460585
r563_svd_normalised_tr050_tid0_015,0,15,True,200,polygon,242.99017681728878,74.41846758349705,56.55555555555556,4.242899062192023,8.842923173942962,8.197623229390507,-84.55930392535451,0.3749960732681992,0.9769673704414588,56.55555555555556,False,mask,360.0,1.0,True,True,13.577276999014472,579.128888888889,579.128888888889,28.29735415661748,26.232394334049623
r563_svd_normalised_tr050_tid0_015,0,15,True,201,polygon,207.03500931098696,197.29013035381752,99.44444444444444,5.626202075354333,11.626622883681337,10.909092196941176,-78.86283287999078,0.34586158322387367,0.9675675675675676,99.44444444444444,False,mask,360.0,1.0,True,True,18.003846641133865,1018.3111111111112,1018.3111111111112,37.20519322778028,34.909095030211766
r563_svd_normalised_tr050_tid0_015,0,15,True,202,polygon,303.56802721088434,145.04676870748298,43.55555555555556,3.723461283746705,7.713705813129988,7.218937485726662,-27.90168258888457,0.35237591707000154,0.9514563106796117,43.55555555555556,False,mask,360.0,1.0,True,True,11.915076107989456,446.008888888889,446.008888888889,24.683858602015963,23.100599954325318
r563_svd_normalised_tr050_tid0_015,0,15,True,203,polygon,377.51893939393943,80.4375,19.555555555555557,2.4949402123397033,5.151023503826159,4.868444100097701,55.190752828029424,0.32666232089488567,0.9777777777777777,19.555555555555557,False,mask,360.0,1.0,True,True,7.983808679487051,200.24888888888896,200.24888888888896,16.483275212243708,15.579021120312644
r563_svd_normalised_tr050_tid0_015,0,15,True,204,polygon,97.29301868239922,84.84464110127827,37.666666666666664,3.462610630664304,7.304777866323351,6.591655956482671,-65.4987273843066,0.43094967533369366,0.9797687861271677,37.666666666666664,False,mask,360.0,1.0,True,True,11.080354018125774,385.7066666666667,385.7066666666667,23.375289172234726,21.09329906074455
r563_svd_normalised_tr050_tid0_015,0,15,True,205,polygon,152.56176589712433,32.97853381936007,91.44444444444444,5.395152518998057,11.166246134380842,10.43508143430408,-89.07768466550058,0.35591036233000606,0.9762752075919335,91.44444444444444,False,mask,360.0,1.0,True,True,17.264488060793784,936.3911111111113,936.3911111111113,35.73198763001869,33.39226058977305
r563_svd_normalised_tr050_tid0_015,0,15,True,206,polygon,207.22638696373411,255.07938369095794,349.42777577691004,10.546388743878321,21.092777487756642,21.092777487756642,,0.0,0.9807692307692307,62.333333333333336,True,circle,120.0,0.325,False,True,33.74844398041063,3578.1404239555595,638.2933333333335,67.49688796082125,67.49688796082125
r563_svd_normalised_tr050_tid0_015,0,15,True,207,polygon,54.401620370370374,91.89351851851852,32.0,3.1915382432114616,6.811526168914521,6.000631822745047,-50.83257258581827,0.47320448203900145,0.9664429530201343,32.0,False,mask,360.0,1.0,True,True,10.212922378276678,327.68000000000006,327.68000000000006,21.796883740526468,19.20202183278415
r563_svd_normalised_tr050_tid0_015,0,15,True,208,polygon,297.41113841113844,111.84766584766585,45.22222222222222,3.794032209738558,7.792425223736962,7.407577472366937,18.900475554793996,0.31037995490799425,0.9783653846153846,45.22222222222222,False,mask,360.0,1.0,True,True,12.140903071163386,463.07555555555564,463.07555555555564,24.93576071595828,23.7042479115742
r563_svd_normalised_tr050_tid0_015,0,15,True,209,polygon,216.59003831417624,188.40996168582376,19.333333333333332,2.4807239130718717,5.200513517970247,4.748108674642338,-78.25328037417947,0.40794241493650646,0.9775280898876404,19.333333333333332,False,mask,360.0,1.0,True,True,7.938316521829989,197.97333333333336,197.97333333333336,16.641643257504793,15.193947758855481
r563_svd_normalised_tr050_tid0_015,0,15,True,210,polygon,262.61797428117325,210.52217887588498,256.3333333333333,9.03290839975946,18.50778634519242,17.65576158465813,31.143351804076218,0.2999211871322731,0.9846350832266325,256.3333333333333,False,mask,360.0,1.0,True,True,28.905306879230274,2624.8533333333335,2624.8533333333335,59.22491630461575,56.49843707090602
r563_svd_normalised_tr050_tid0_015,0,15,True,211,polygon,241.23068478111705,204.51996706463567,269.8888888888889,9.268673125344963,19.20265964919835,17.925843292564686,46.009125313898856,0.35855563607713187,0.9794354838709678,269.8888888888889,False,mask,360.0,1.0,True,True,29.65975400110388,2763.662222222223,2763.662222222223,61.44851087743472,57.362698536207
r563_svd_normalised_tr050_tid0_015,0,15,True,212,polygon,241.03703703703704,217.33185185185187,25.0,2.8209479177387813,6.074189667084107,5.259936145611994,13.388605287948733,0.5001329738918605,0.9615384615384616,25.0,False,mask,360.0,1.0,True,True,9.0270333367641,256.00000000000006,256.00000000000006,19.43740693466914,16.83179566595838
r563_svd_normalised_tr050_tid0_015,0,15,True,213,polygon,280.17519908987487,141.09499431171787,65.11111111111111,4.552527909533112,9.443134896772715,8.816150378862991,-85.1058570974419,0.3583060173632786,0.966996699669967,65.11111111111111,False,mask,360.0,1.0,True,True,14.568089310505961,666.737777777778,666.737777777778,30.21803166967269,28.211681212361572
r563_svd_normalised_tr050_tid0_015,0,15,True,214,polygon,288.8108747044917,102.45390070921985,15.666666666666666,2.2331267056631727,4.974820046140929,4.042752122953618,86.64579382712888,0.5827619915082417,0.9591836734693877,15.666666666666666,False,mask,360.0,1.0,True,True,7.146005458122153,160.4266666666667,160.4266666666667,15.919424147650972,12.936806793451579
r563_svd_normalised_tr050_tid0_015,0,15,True,215,polygon,188.72309299895505,8.020114942528735,141.77777777777777,6.717832113698229,14.36944831619516,12.58595077925271,-76.57376295928312,0.48252414007587585,0.9792785878741366,141.77777777777777,False,mask,360.0,1.0,True,True,21.497062763834336,1451.8044444444447,1451.8044444444447,45.98223461182451,40.27504249360868
r563_svd_normalised_tr050_tid0_015,0,15,True,216,polygon,300.482648949279,183.25690212142408,2224.222222222222,26.608117603524935,55.10157421226065,51.47563277880806,4.056207733598819,0.35676197000189325,0.9932026792359216,2224.222222222222,False,mask,360.0,1.0,True,True,85.1459763312798,22776.035555555558,22776.035555555558,176.32503747923408,164.7220248921858
r563_svd_normalised_tr050_tid0_015,0,15,True,217,polygon,3.6959876543209877,231.016975308642,24.0,2.763953195770684,5.697222464976908,5.3825504876978245,-3.1126315807020446,0.3277413866770129,0.9642857142857143,24.0,False,mask,360.0,1.0,True,True,8.84465022646619,245.76000000000005,245.76000000000005,18.231111887926104,17.22416156063304
r563_svd_normalised_tr050_tid0_015,0,15,True,218,polygon,319.85135135135135,110.33558558558559,16.444444444444443,2.2878875058592323,4.823939496747095,4.3761579738777385,-62.18112594664525,0.42075321840160673,0.9673202614379085,16.444444444444443,False,mask,360.0,1.0,True,True,7.321240018749544,168.39111111111112,168.39111111111112,15.436606389590706,14.003705516408765
r563_svd_normalised_tr050_tid0_015,0,15,True,219,polygon,321.2263414634146,99.37105691056911,113.88888888888889,6.020959994869639,12.138602555668006,11.963904680559947,33.076993736919526,0.16904651827306497,0.9752616555661275,113.88888888888889,False,mask,360.0,1.0,True,True,19.267071983582845,1166.2222222222224,1166.2222222222224,38.843528178137625,38.28449497779183
r563_svd_normalised_tr050_tid0_015,0,15,True,220,polygon,307.9936220208123,112.03491104397449,110.33333333333333,5.926229051902362,12.25297890200284,11.495157192092693,-81.08485737517964,0.3462235460741615,0.9678362573099415,110.33333333333333,False,mask,360.0,1.0,True,True,18.963932966087558,1129.8133333333335,1129.8133333333335,39.20953248640909,36.78450301469662
r563_svd_normalised_tr050_tid0_015,0,15,True,221,polygon,326.80709426627794,81.27356656948494,76.22222222222223,4.925676286585545,10.383878198867833,9.368703193357767,-67.38988431086885,0.43124373914420877,0.9702970297029703,76.22222222222223,False,mask,360.0,1.0,True,True,15.762164117073745,780.5155555555558,780.5155555555558,33.228410236377066,29.979850218744858
r563_svd_normalised_tr050_tid0_015,0,15,True,222,polygon,207.4904970760234,213.12426900584796,50.666666666666664,4.015930888346901,8.201266981661272,7.8905431334147424,40.08424574215861,0.27265206610464215,0.9764453961456103,50.666666666666664,False,mask,360.0,1.0,True,True,12.850978842710084,518.8266666666667,518.8266666666667,26.244054341316073,25.249738026927176
r563_svd_normalised_tr050_tid0_015,0,15,True,223,polygon,348.6634269258459,27.016198704103672,102.88888888888889,5.722809669366867,11.917676250710665,11.022792000891705,-55.96649697694481,0.38018325788805635,0.9798941798941799,102.88888888888889,False,mask,360.0,1.0,True,True,18.312990941973975,1053.5822222222223,1053.5822222222223,38.13656400227413,35.27293440285346
r563_svd_normalised_tr050_tid0_015,0,15,True,224,polygon,232.56052141527002,123.4804469273743,19.88888888888889,2.5161140591285367,5.265445411225187,4.8694243079051756,-87.60916771626123,0.3804811409152867,0.9623655913978495,19.88888888888889,False,mask,360.0,1.0,True,True,8.051564989211318,203.66222222222225,203.66222222222225,16.849425315920598,15.582157785296562
r563_svd_normalised_tr050_tid0_015,0,15,True,225,polygon,294.34770889487874,98.65139263252472,41.22222222222222,3.6223529457796464,7.760388814224104,6.799965210552615,61.355845296468324,0.48187444896167564,0.9661458333333334,41.22222222222222,False,mask,360.0,1.0,True,True,11.59152942649487,422.1155555555556,422.1155555555556,24.833244205517133,21.75988867376837
r563_svd_normalised_tr050_tid0_015,0,15,True,226,polygon,-6.380195639049041,151.40041362735695,762.8232414507075,15.582495922172578,31.164991844345156,31.164991844345156,,0.0,0.9795589026358257,202.33333333333334,True,circle,140.0,0.375,True,True,49.86398695095225,7811.309992455247,2071.893333333334,99.7279739019045,99.7279739019045
r563_svd_normalised_tr050_tid0_015,0,15,True,227,polygon,-0.7381879116880059,214.54296029285436,56.06793821809471,4.224568502552839,8.449137005105678,8.449137005105678,,0.0,0.9789915966386554,25.88888888888889,True,circle,170.0,0.48055555555555557,True,True,13.518619208169085,574.13568735329,265.1022222222223,27.03723841633817,27.03723841633817
r563_svd_normalised_tr050_tid0_015,0,15,True,228,polygon,270.92826830937713,169.61204654346338,270.55555555555554,9.280113582024798,19.894018135646235,17.344743348130102,4.09258076802665,0.4897601329017689,0.978304539975894,270.55555555555554,False,mask,360.0,1.0,True,True,29.696363462479354,2770.4888888888895,2770.4888888888895,63.66085803406796,55.50317871401633
r563_svd_normalised_tr050_tid0_015,0,15,True,229,polygon,254.3642611683849,238.58762886597938,21.555555555555557,2.6194171938653197,5.359325579459763,5.148955548768913,70.0815391417621,0.2774263035629899,0.9509803921568627,21.555555555555557,False,mask,360.0,1.0,True,True,8.382135020369024,220.72888888888895,220.72888888888895,17.14984185427124,16.476657756060522
r563_svd_normalised_tr050_tid0_015,0,15,True,230,polygon,214.61711711711712,152.4054054054054,8.222222222222221,1.6177807699850402,3.501458266744144,3.0117853171780595,-81.40318347176517,0.5100382681968798,0.9367088607594937,8.222222222222221,False,mask,360.0,1.0,True,True,5.176898463952129,84.19555555555556,84.19555555555556,11.204666453581261,9.63771301496979
r563_svd_normalised_tr050_tid0_015,0,15,True,231,polygon,234.11780728634662,223.99148791283622,108.77777777777777,5.884304722205514,12.122727995532486,11.499078321327724,-15.847500652944015,0.3166113949934282,0.9731610337972167,108.77777777777777,False,mask,360.0,1.0,True,True,18.829775111057646,1113.8844444444446,1113.8844444444446,38.79272958570396,36.79705062824872
r563_svd_normalised_tr050_tid0_015,0,15,True,232,polygon,67.7966903073286,9.225768321513003,31.333333333333332,3.1581180736464094,6.402720408994951,6.248806225727894,20.297579435875537,0.21794466898168907,0.9791666666666666,31.333333333333332,False,mask,360.0,1.0,True,True,10.105977835668511,320.8533333333334,320.8533333333334,20.488705308783846,19.99617992232926
r563_svd_normalised_tr050_tid0_015,0,15,True,233,polygon,250.40620490620492,244.27633477633478,51.333333333333336,4.042265143551067,8.512332888381188,7.717453422412409,-71.8426842134196,0.42194752210719727,0.9705882352941176,51.333333333333336,False,mask,360.0,1.0,True,True,12.935248459363414,525.6533333333334,525.6533333333334,27.239465242819804,24.69585095171971
r563_svd_normalised_tr050_tid0_015,0,15,True,234,polygon,289.8255813953488,99.20542635658914,9.555555555555555,1.7440263189848304,4.09581849267079,2.9754023505125122,-89.21244235532644,0.687220611468223,0.9772727272727273,9.555555555555555,False,mask,360.0,1.0,True,True,5.580884220751457,97.84888888888891,97.84888888888891,13.106619176546529,9.521287521640039
r563_svd_normalised_tr050_tid0_015,0,15,True,235,polygon,299.7065073041169,152.566401062417,55.77777777777778,4.213622918110876,8.881111477333056,8.058292005914138,19.774937210546632,0.4203722266294024,0.9766536964980544,55.77777777777778,False,mask,360.0,1.0,True,True,13.483593337954805,571.1644444444446,571.1644444444446,28.41955672746578,25.786534418925243
r563_svd_normalised_tr050_tid0_015,0,15,True,236,polygon,381.95751633986924,84.16993464052287,22.666666666666668,2.686079687357132,5.663919298163509,5.098155293075632,-21.780783561533685,0.4356609146064402,0.9902912621359223,22.666666666666668,False,mask,360.0,1.0,True,True,8.595454999542822,232.1066666666667,232.1066666666667,18.12454175412323,16.314096937842024
r563_svd_normalised_tr050_tid0_015,0,15,True,237,polygon,242.22114347357066,39.46961524631428,103.0,5.725898905580716,13.27828882532159,9.994734486928676,-53.77911634321032,0.658349325646621,0.9768177028451,103.0,False,mask,360.0,1.0,True,True,18.322876497858292,1054.7200000000003,1054.7200000000003,42.49052424102909,31.983150358171766
r563_svd_normalised_tr050_tid0_015,0,15,True,238,polygon,204.59625322997417,1.8856589147286822,57.333333333333336,4.271974579497246,15.094520697210825,5.202655380578479,-88.9955762448874,0.9387232612255979,0.9644859813084112,57.333333333333336,False,mask,360.0,1.0,True,True,13.670318654391188,587.0933333333335,587.0933333333335,48.302466231074646,16.648497217851133
r563_svd_normalised_tr050_tid0_015,0,15,True,239,polygon,315.6406685236769,92.89879294336119,39.888888888888886,3.563288885597138,7.285500118085687,6.987340345230847,-34.56706034906892,0.28315247402251253,0.9835616438356164,39.888888888888886,False,mask,360.0,1.0,True,True,11.402524433910841,408.4622222222223,408.4622222222223,23.3136003778742,22.359489104738714
r563_svd_normalised_tr050_tid0_015,0,15,True,240,polygon,316.84593837535016,42.578431372549026,26.444444444444443,2.901297658170338,5.892211177458436,5.796157985253481,29.10868408378396,0.17982685858938302,0.9596774193548387,26.444444444444443,False,mask,360.0,1.0,True,True,9.284152506145082,270.79111111111115,270.79111111111115,18.855075767866996,18.547705552811138
r563_svd_normalised_tr050_tid0_015,0,15,True,241,polygon,253.34420289855072,143.67753623188406,10.222222222222221,1.80383879326867,3.75763311236145,3.4699659771066607,-30.549718800203298,0.3837317880035148,0.968421052631579,10.222222222222221,False,mask,360.0,1.0,True,True,5.772284138459744,104.67555555555556,104.67555555555556,12.024425959556641,11.103891126741315
r563_svd_normalised_tr050_tid0_015,0,15,True,242,polygon,325.7621671258035,208.52708907254362,40.333333333333336,3.5830850872880795,7.558350231888443,7.0092329932442246,82.92855810396809,0.374196120759779,0.9120603015075377,40.333333333333336,False,mask,360.0,1.0,True,True,11.465872279321855,413.01333333333343,413.01333333333343,24.18672074204302,22.42954557838152
r563_svd_normalised_tr050_tid0_015,0,15,True,243,polygon,300.73643410852713,139.23514211886305,14.333333333333334,2.135987289748623,4.461937817892624,4.106281860747182,-5.223208303766944,0.39123421310912637,0.9699248120300752,14.333333333333334,False,mask,360.0,1.0,True,True,6.835159327195594,146.77333333333337,146.77333333333337,14.278201017256396,13.140101954390984
r563_svd_normalised_tr050_tid0_015,0,15,True,244,polygon,191.7624365132178,247.38505861452,37.02164407168426,3.4328348796285884,6.865669759257177,6.865669759257177,,0.0,0.9829351535836177,32.0,True,circle,250.0,0.7138888888888889,True,True,10.985071614811483,379.10163529404684,327.68000000000006,21.970143229622966,21.970143229622966
r563_svd_normalised_tr050_tid0_015,0,15,True,245,polygon,177.2456140350877,102.48538011695906,6.333333333333333,1.4198459819633047,3.1615200009723807,2.647425336381232,-27.43862707143518,0.546605830064354,0.8769230769230769,6.333333333333333,False,mask,360.0,1.0,True,True,4.543507142282575,64.85333333333334,64.85333333333334,10.116864003111619,8.471761076419943
r563_svd_normalised_tr050_tid0_015,0,15,True,246,polygon,244.99346405228758,221.39433551198258,17.0,2.326213245840639,5.417343412719668,4.033394857696506,82.18966657935384,0.6675848529628349,0.9622641509433962,17.0,False,mask,360.0,1.0,True,True,7.443882386690046,174.08000000000004,174.08000000000004,17.33549892070294,12.90686354462882
r563_svd_normalised_tr050_tid0_015,0,15,True,247,polygon,243.36687965921192,227.5745473908413,69.55555555555556,4.705339623485133,9.773494373387242,9.096094885993022,23.509658983261374,0.3658084960948263,0.9660493827160493,69.55555555555556,False,mask,360.0,1.0,True,True,15.057086795152427,712.248888888889,712.248888888889,31.275181994839176,29.10750363517767
r563_svd_normalised_tr050_tid0_015,0,15,True,248,polygon,-3.474602485937733,158.8396067549954,147.97538799842852,6.863091789549521,13.726183579099041,13.726183579099041,,0.0,0.9623824451410659,34.111111111111114,True,circle,130.0,0.35833333333333334,False,True,21.96189372655847,1515.2679731039084,349.29777777777787,43.92378745311694,43.92378745311694
r563_svd_normalised_tr050_tid0_015,0,15,True,249,polygon,2.5265791119449656,153.43214509068167,118.44444444444444,6.140198500880361,24.102117341049937,6.757437658049188,-0.9106406849985907,0.9598928903806929,0.8846473029045643,118.44444444444444,False,mask,360.0,1.0,True,True,19.648635202817157,1212.8711111111113,1212.8711111111113,77.12677549135981,21.6238005057574
r563_svd_normalised_tr050_tid0_015,0,15,True,250,polygon,196.65162454873646,64.17087845968713,61.55555555555556,4.426481885523637,9.198699170127911,8.578333829730626,55.92862637095072,0.3610164456871875,0.9787985865724381,61.55555555555556,False,mask,360.0,1.0,True,True,14.16474203367564,630.3288888888891,630.3288888888891,29.435837344409318,27.450668255138005
r563_svd_normalised_tr050_tid0_015,0,15,True,251,polygon,373.1851851851852,88.14285714285715,77.0,4.950743503369154,11.366284421315179,8.851871633717373,-70.30063223184986,0.6272931444162585,0.953232462173315,77.0,False,mask,360.0,1.0,True,True,15.842379210781292,788.4800000000001,788.4800000000001,36.37211014820857,28.325989227895594
r563_svd_normalised_tr050_tid0_015,0,15,True,252,polygon,350.6824894514768,37.065400843881854,35.111111111111114,3.34308447119785,7.060877452981075,6.437504877412249,46.31158020541859,0.4108242154433588,0.9723076923076923,35.111111111111114,False,mask,360.0,1.0,True,True,10.69787030783312,359.5377777777779,359.5377777777779,22.594807849539443,20.6000156077192
r563_svd_normalised_tr050_tid0_015,0,15,True,253,polygon,327.4975074775673,95.57294782319707,111.44444444444444,5.955994327308153,12.629504729336618,11.262285850965263,19.272327775603728,0.45254008388608674,0.9823702252693438,111.44444444444444,False,mask,360.0,1.0,True,True,19.05918184738609,1141.1911111111112,1141.1911111111112,40.414415133877185,36.03931472308884
r563_svd_normalised_tr050_tid0_015,0,15,True,254,polygon,224.32331083658684,247.83199331322234,183.84731692841038,7.649863954782307,15.299727909564615,15.299727909564615,,0.0,0.96718322698268,117.88888888888889,True,circle,200.0,0.5694444444444444,True,True,24.479564655303385,1882.5965253469226,1207.1822222222224,48.95912931060677,48.95912931060677
r563_svd_normalised_tr050_tid0_015,0,15,True,255,polygon,289.6196457326892,84.48985507246377,115.0,6.050259243299904,12.140434637973849,12.088952210673334,-84.24584257582244,0.09199547884681003,0.9691011235955056,115.0,False,mask,360.0,1.0,True,True,19.360829578559695,1177.6000000000001,1177.6000000000001,38.84939084151632,38.68464707415467
r563_svd_normalised_tr050_tid0_015,0,15,True,256,polygon,359.53041362530416,43.785888077858885,15.222222222222221,2.2012232560601217,4.555593868926828,4.291521762693462,88.07982850882773,0.33551899840656224,0.9856115107913669,15.222222222222221,False,mask,360.0,1.0,True,True,7.04391441939239,155.87555555555556,155.87555555555556,14.57790038056585,13.732869640619079
r563_svd_normalised_tr050_tid0_015,0,15,True,257,polygon,216.75288888888886,205.74533333333332,83.33333333333333,5.1503226936425275,10.778106432353752,9.85859725100615,80.53728782193026,0.4041622357281166,0.9727626459143969,83.33333333333333,False,mask,360.0,1.0,True,True,16.481032619656087,853.3333333333335,853.3333333333335,34.48994058353201,31.547511203219685
r563_svd_normalised_tr050_tid0_015,0,15,True,258,polygon,212.36910994764398,210.86038394415357,42.44444444444444,3.6756613391667816,7.943652813791341,6.816679801840049,70.34556074176332,0.5134339419304206,0.9695431472081218,42.44444444444444,False,mask,360.0,1.0,True,True,11.762116285333702,434.6311111111112,434.6311111111112,25.419689004132294,21.81337536588816
r563_svd_normalised_tr050_tid0_015,0,15,True,259,polygon,77.91575492341356,88.29795769511306,101.55555555555556,5.6856079121075975,12.49578869187132,10.70447456632826,-54.652808220390796,0.5159037197729054,0.951092611862643,101.55555555555556,False,mask,360.0,1.0,True,True,18.193945318744312,1039.928888888889,1039.928888888889,39.98652381398823,34.25431861225044
r563_svd_normalised_tr050_tid0_015,0,15,True,260,polygon,251.57187993680884,94.74565560821485,23.444444444444443,2.7317756940776294,5.673060224897195,5.320123894964969,-72.23829017290917,0.3472102516137202,0.9590909090909091,23.444444444444443,False,mask,360.0,1.0,True,True,8.741682221048414,240.07111111111115,240.07111111111115,18.153792719671024,17.024396463887904
r563_svd_normalised_tr050_tid0_015,0,15,True,261,polygon,272.3026631390962,248.20090828832818,22.68157103183362,2.686962652068786,7.189314124589003,4.016944130411195,88.21283057145365,0.8293441209329921,0.9682539682539683,20.333333333333332,True,ellipse,160.0,0.725,True,True,8.598280486620116,232.25928736597632,208.21333333333337,23.00580519868481,12.854221217315825
r563_svd_normalised_tr050_tid0_015,0,15,True,262,polygon,268.6163522012578,211.09559748427674,29.444444444444443,3.0614470042540436,6.442741110674709,5.857708249322955,-8.819919793361969,0.4163704873898224,0.977859778597786,29.444444444444443,False,mask,360.0,1.0,True,True,9.79663041361294,301.5111111111112,301.5111111111112,20.616771554159072,18.744666397833456
r563_svd_normalised_tr050_tid0_015,0,15,True,263,polygon,188.43697478991598,209.2857142857143,13.222222222222221,2.0515272483328957,4.37320773081293,3.8765086057762925,66.19623896212804,0.46287752931590387,0.952,13.222222222222221,False,mask,360.0,1.0,True,True,6.564887194665267,135.39555555555557,135.39555555555557,13.994264738601377,12.404827538484136
r563_svd_normalised_tr050_tid0_015,0,15,True,264,polygon,273.71987480438185,174.8450704225352,23.666666666666668,2.744691963229459,5.96184306585159,5.093999560122763,-6.239328033062339,0.5195604605930522,0.9681818181818181,23.666666666666668,False,mask,360.0,1.0,True,True,8.78301428233427,242.34666666666672,242.34666666666672,19.077897810725087,16.30079859239284
r563_svd_normalised_tr050_tid0_015,0,15,True,265,polygon,236.65494505494505,235.07802197802198,101.11111111111111,5.673153115304961,12.598385315933953,10.318074098834995,-83.06854582217294,0.5737939105608911,0.9518828451882845,101.11111111111111,False,mask,360.0,1.0,True,True,18.154089968975878,1035.377777777778,1035.377777777778,40.31483301098865,33.017837116271984
r563_svd_normalised_tr050_tid0_015,0,15,True,266,polygon,1.9366576819407009,155.03593890386344,82.44444444444444,5.1227806636237085,21.353758717910164,5.156007957452026,-1.1841023725651538,0.9704115959397249,0.9674054758800521,82.44444444444444,False,mask,360.0,1.0,True,True,16.392898123595867,844.2311111111112,844.2311111111112,68.33202789731253,16.499225463846482
r563_svd_normalised_tr050_tid0_015,0,15,True,267,polygon,219.93798449612405,143.67700258397932,14.333333333333334,2.135987289748623,4.545197814782446,4.033204125533264,-80.04690521369163,0.4610868222665085,0.9772727272727273,14.333333333333334,False,mask,360.0,1.0,True,True,6.835159327195594,146.77333333333337,146.77333333333337,14.544633007303828,12.906253201706447
r563_svd_normalised_tr050_tid0_015,0,15,True,268,polygon,297.18596491228067,88.45964912280702,10.555555555555555,1.8330132807744652,3.9490248965875483,3.412923426934294,-78.82953108811199,0.5030718418148357,0.9693877551020408,10.555555555555555,False,mask,360.0,1.0,True,True,5.865642498478289,108.0888888888889,108.0888888888889,12.636879669080155,10.92135496618974
r563_svd_normalised_tr050_tid0_015,0,15,True,269,polygon,250.37362637362637,130.12087912087912,10.11111111111111,1.7940085359243525,3.6787177323519127,3.5248559414036733,56.75813283684697,0.28618240366958514,0.9479166666666666,10.11111111111111,False,mask,360.0,1.0,True,True,5.7408273149579285,103.53777777777779,103.53777777777779,11.77189674352612,11.279539012491755
r563_svd_normalised_tr050_tid0_015,0,15,True,270,polygon,220.80648148148148,217.28425925925924,40.0,3.5682482323055424,7.914931756705129,6.463961559699597,-69.37575254823297,0.5770916654269398,0.9809264305177112,40.0,False,mask,360.0,1.0,True,True,11.418394343377736,409.6000000000001,409.6000000000001,25.327781621456413,20.684676991038714
r563_svd_normalised_tr050_tid0_015,0,15,True,271,polygon,224.54866364094804,188.75592536560768,73.44444444444444,4.835089735666014,9.995837461183152,9.369781543302484,-76.79761223700206,0.34833977633737995,0.9706314243759178,73.44444444444444,False,mask,360.0,1.0,True,True,15.472287154131246,752.0711111111112,752.0711111111112,31.986679875786088,29.98330093856795
r563_svd_normalised_tr050_tid0_015,0,15,True,272,polygon,1.462882096069869,161.24090247452693,50.888888888888886,4.024728118797814,17.04431344049731,4.073236112351901,-1.067635653360908,0.971024690607237,0.9308943089430894,50.888888888888886,False,mask,360.0,1.0,True,True,12.879129980153005,521.1022222222223,521.1022222222223,54.54180300959139,13.034355559526084
r563_svd_normalised_tr050_tid0_015,0,15,True,273,polygon,254.76543209876544,114.78600823045268,9.0,1.692568750643269,3.566377619085251,3.218582833981721,-50.97753491396679,0.43073272391885425,0.9642857142857143,9.0,False,mask,360.0,1.0,True,True,5.416220002058461,92.16000000000003,92.16000000000003,11.412408381072805,10.299465068741508
r563_svd_normalised_tr050_tid0_015,0,15,True,274,polygon,179.7992424242424,166.99242424242425,9.777777777777779,1.764189142800409,3.750221518885826,3.372072166912103,21.696998505358888,0.43760744056256246,0.9361702127659575,9.777777777777779,False,mask,360.0,1.0,True,True,5.645405256961309,100.12444444444448,100.12444444444448,12.000708860434644,10.790630934118731
r563_svd_normalised_tr050_tid0_015,0,15,True,275,polygon,329.66760828625235,230.07062146892656,39.333333333333336,3.5383878895003065,7.283311526826311,6.909039643436351,63.00601395141932,0.3164403741491331,0.9752066115702479,39.333333333333336,False,mask,360.0,1.0,True,True,11.322841246400982,402.7733333333334,402.7733333333334,23.306596885844197,22.108926858996327
r563_svd_normalised_tr050_tid0_015,0,15,True,276,polygon,327.7137592137592,46.02313677313677,180.88888888888889,7.588064419477116,18.353503605948937,12.765178923115402,-18.341935767269717,0.7185093680395327,0.9582107121836374,180.88888888888889,False,mask,360.0,1.0,True,True,24.281806142326772,1852.3022222222226,1852.3022222222226,58.7312115390366,40.84857255396929
r563_svd_normalised_tr050_tid0_015,0,15,True,277,polygon,337.87675096782687,248.02912026435322,24.594948215974878,2.798001995589565,6.3129593082433475,4.960472440936196,52.13523654383789,0.6185311959077157,0.9838709677419355,20.333333333333332,True,ellipse,220.0,0.6777777777777778,True,True,8.953606385886609,251.8522697315828,208.21333333333337,20.201469786378713,15.87351181099583
r563_svd_normalised_tr050_tid0_015,0,15,True,278,polygon,327.4505649717514,208.11581920903953,26.22222222222222,2.889081613773073,5.950918149545612,5.675589774748776,36.96016560882167,0.300653424342822,0.9833333333333333,26.22222222222222,False,mask,360.0,1.0,True,True,9.245061164073833,268.5155555555556,268.5155555555556,19.04293807854596,18.161887279196083
r563_svd_normalised_tr050_tid0_015,0,15,True,279,polygon,250.7084917617237,229.19518377693282,29.22222222222222,3.049872493989379,6.408303815349505,5.922713102546009,-42.572675035576644,0.38184889616755924,0.9563636363636364,29.22222222222222,False,mask,360.0,1.0,True,True,9.759591980766013,299.2355555555556,299.2355555555556,20.506572209118417,18.95268192814723
r563_svd_normalised_tr050_tid0_015,0,15,True,280,polygon,347.08299866131193,79.91700133868808,27.666666666666668,2.9675871541964094,6.020140859477141,5.883877596879258,43.48615373405483,0.21155803978095247,0.9688715953307393,27.666666666666668,False,mask,360.0,1.0,True,True,9.49627889342851,283.30666666666673,283.30666666666673,19.26445075032685,18.828408310013625
r563_svd_normalised_tr050_tid0_015,0,15,True,281,polygon,215.44529914529915,215.77692307692305,43.333333333333336,3.713950511422789,7.750641265369741,7.3126161674601375,-24.87245751834154,0.3314143511167032,0.9848484848484849,43.333333333333336,False,mask,360.0,1.0,True,True,11.884641636552926,443.73333333333346,443.73333333333346,24.802052049183175,23.40037173587244
r563_svd_normalised_tr050_tid0_015,0,15,True,282,polygon,374.8801498127341,20.284644194756556,29.666666666666668,3.0729779189117394,6.497999881347686,5.846286896814025,-63.05834431772993,0.43649722706979976,0.9744525547445255,29.666666666666668,False,mask,360.0,1.0,True,True,9.833529340517567,303.78666666666675,303.78666666666675,20.793599620312595,18.70811806980488
r563_svd_normalised_tr050_tid0_015,0,15,True,283,polygon,260.5509499136442,235.72711571675302,21.444444444444443,2.612657396289405,5.432845477305039,5.036729720420609,6.436123351150873,0.3748419914983523,0.9846938775510204,21.444444444444443,False,mask,360.0,1.0,True,True,8.360503668126096,219.59111111111113,219.59111111111113,17.385105527376126,16.117535105345947
r563_svd_normalised_tr050_tid0_015,0,15,True,284,polygon,175.68438733434851,-1.067045297624949,26.053651896084702,2.879780368311935,5.75956073662387,5.75956073662387,,0.0,0.9565217391304348,9.777777777777779,True,circle,160.0,0.4361111111111111,True,True,9.215297178598192,266.7893954159074,100.12444444444448,18.430594357196384,18.430594357196384
r563_svd_normalised_tr050_tid0_015,0,15,True,285,polygon,310.09929078014187,94.65106382978723,26.11111111111111,2.882954180334833,6.031257416475186,5.527783469899181,78.74358024324391,0.3999830025387149,0.9631147540983607,26.11111111111111,False,mask,360.0,1.0,True,True,9.225453377071466,267.37777777777785,267.37777777777785,19.300023732720597,17.68890710367738
r563_svd_normalised_tr050_tid0_015,0,15,True,286,polygon,125.46153846153845,43.49679487179487,11.555555555555555,1.9178757972505307,3.9664911954295383,3.739880256848803,-70.15970101508292,0.33316464576649724,0.9285714285714286,11.555555555555555,False,mask,360.0,1.0,True,True,6.137202551201699,118.32888888888891,118.32888888888891,12.692771825374523,11.96761682191617
r563_svd_normalised_tr050_tid0_015,0,15,True,287,polygon,327.74242424242425,243.59307359307357,17.11111111111111,2.333802868765049,4.819819297471254,4.537079183979829,-71.40189341943947,0.33746513965967434,0.9871794871794872,17.11111111111111,False,mask,360.0,1.0,True,True,7.468169180048157,175.2177777777778,175.2177777777778,15.423421751908013,14.518653388735453
r563_svd_normalised_tr050_tid0_015,0,15,True,288,polygon,272.58750000000003,168.85,8.88888888888889,1.68208834801344,3.4416085236230796,3.2906513527994004,50.475295416607054,0.2929178524118683,0.9523809523809523,8.88888888888889,False,mask,360.0,1.0,True,True,5.382682713643009,91.02222222222224,91.02222222222224,11.013147275593855,10.530084328958083
r563_svd_normalised_tr050_tid0_015,0,15,True,289,polygon,228.31352148118577,247.8618632590854,76.04165863046683,4.919838585145915,9.83967717029183,9.83967717029183,,0.0,0.983739837398374,53.77777777777778,True,circle,220.0,0.6083333333333333,True,True,15.743483472466929,778.6665843759805,550.6844444444446,31.486966944933858,31.486966944933858
r563_svd_normalised_tr050_tid0_015,0,15,True,290,polygon,363.0993150684931,83.28767123287672,64.88888888888889,4.54475245055381,10.398486712345932,8.18041948322873,46.37420520167668,0.6173440723873186,0.9373996789727127,64.88888888888889,False,mask,360.0,1.0,True,True,14.543207841772194,664.4622222222223,664.4622222222223,33.27515747950698,26.17734234633194
r563_svd_normalised_tr050_tid0_015,0,15,True,291,polygon,399.52710470182876,73.31819875275903,34.165814596375085,3.297774485247384,6.595548970494768,6.595548970494768,,0.0,0.937888198757764,16.77777777777778,True,circle,180.0,0.49722222222222223,True,True,10.55287835279163,349.85794146688096,171.8044444444445,21.10575670558326,21.10575670558326
r563_svd_normalised_tr050_tid0_015,0,15,True,292,polygon,272.37694704049846,154.96573208722742,11.88888888888889,1.9453408105198318,4.02229930578852,3.785023421834269,65.21209153112926,0.3383790618131731,0.9469026548672567,11.88888888888889,False,mask,360.0,1.0,True,True,6.225090593663462,121.74222222222225,121.74222222222225,12.871357778523265,12.112074949869662
r563_svd_normalised_tr050_tid0_015,0,15,True,293,polygon,234.92946058091286,194.27524204702627,26.77777777777778,2.9195258856018533,6.014162226069032,5.678701645750309,-39.444466841451266,0.32931086160625367,0.9917695473251029,26.77777777777778,False,mask,360.0,1.0,True,True,9.342482833925931,274.2044444444445,274.2044444444445,19.245319123420902,18.17184526640099
r563_svd_normalised_tr050_tid0_015,0,15,True,294,polygon,241.01762114537448,201.86784140969164,25.22222222222222,2.833457725969779,5.996306316704588,5.39363176537245,-22.90522547118873,0.436936472176276,0.9869565217391304,25.22222222222222,False,mask,360.0,1.0,True,True,9.067064723103293,258.27555555555557,258.27555555555557,19.188180213454682,17.25962164919184
r563_svd_normalised_tr050_tid0_015,0,15,True,295,polygon,209.46422018348622,4.8,60.55555555555556,4.390379482081828,9.618939685271465,8.045615453864437,-73.78425967894681,0.5480665119517374,0.9697508896797153,60.55555555555556,False,mask,360.0,1.0,True,True,14.04921434266185,620.0888888888891,620.0888888888891,30.78060699286869,25.7459694523662
r563_svd_normalised_tr050_tid0_015,0,15,True,296,polygon,16.46814814814815,200.90962962962962,25.0,2.8209479177387813,5.735252234621441,5.582068296715202,-72.04996816403855,0.22957569101464373,0.9493670886075949,25.0,False,mask,360.0,1.0,True,True,9.0270333367641,256.00000000000006,256.00000000000006,18.352807150788614,17.862618549488648
r563_svd_normalised_tr050_tid0_015,0,15,True,297,polygon,322.0132450331126,76.50036791758646,50.333333333333336,4.0026987901394895,8.704379523633797,7.437774846081457,-42.379102447111244,0.5194735903367,0.9721030042918455,50.333333333333336,False,mask,360.0,1.0,True,True,12.808636128446366,515.4133333333334,515.4133333333334,27.85401447562815,23.800879507460664
r563_svd_normalised_tr050_tid0_015,0,15,True,298,polygon,206.91542288557216,27.554726368159205,14.88888888888889,2.1769888671339888,4.6307196880217,4.128857302061164,86.954093534029,0.45277808463663033,0.9781021897810219,14.88888888888889,False,mask,360.0,1.0,True,True,6.966364374828764,152.46222222222227,152.46222222222227,14.818303001669442,13.212343366595725
r563_svd_normalised_tr050_tid0_015,0,15,True,299,polygon,260.9137254901961,240.28627450980392,9.444444444444445,1.733856982620033,3.7174648955815077,3.3163954208002604,58.68259104156914,0.45181411896155566,0.9239130434782609,9.444444444444445,False,mask,360.0,1.0,True,True,5.548342344384106,96.71111111111114,96.71111111111114,11.895887665860826,10.612465346560834
r563_svd_normalised_tr050_tid0_015,0,15,True,300,polygon,345.5911111111111,121.15407407407407,25.0,2.8209479177387813,5.690360557334292,5.682808842768373,-7.609067565542808,0.05150195935543508,0.9615384615384616,25.0,False,mask,360.0,1.0,True,True,9.0270333367641,256.00000000000006,256.00000000000006,18.209153783469734,18.184988296858794
r563_svd_normalised_tr050_tid0_015,0,15,True,301,polygon,371.26294820717135,89.06507304116866,55.77777777777778,4.213622918110876,8.991092398150771,7.959473215027608,66.05269193141235,0.4650925052680054,0.9580152671755725,55.77777777777778,False,mask,360.0,1.0,True,True,13.483593337954805,571.1644444444446,571.1644444444446,28.77149567408247,25.470314288088346
r563_svd_normalised_tr050_tid0_015,0,15,True,302,polygon,221.76595744680853,183.36524822695037,20.88888888888889,2.57859260929835,5.454596365955933,4.902120947275656,-51.253805422957946,0.43853566802515964,0.9494949494949495,20.88888888888889,False,mask,360.0,1.0,True,True,8.25149634975472,213.90222222222226,213.90222222222226,17.454708371058985,15.686787031282101
r563_svd_normalised_tr050_tid0_015,0,15,True,303,polygon,315.060162601626,12.995121951219511,22.77777777777778,2.6926551676670596,5.664189908362659,5.203044057873704,82.72979000603024,0.3952217667971707,0.9669811320754716,22.77777777777778,False,mask,360.0,1.0,True,True,8.61649653653459,233.2444444444445,233.2444444444445,18.12540770676051,16.649740985195855
r563_svd_normalised_tr050_tid0_015,0,15,True,304,polygon,207.52410130718954,3.7790032679738563,90.66666666666667,5.372159374714264,13.954929009477809,8.641287164672171,70.84443401247927,0.7852109875380534,0.9315068493150684,90.66666666666667,False,mask,360.0,1.0,True,True,17.190909999085644,928.4266666666668,928.4266666666668,44.65577283032899,27.652118926950948
r563_svd_normalised_tr050_tid0_015,0,15,True,305,polygon,27.537931034482757,72.59770114942529,16.11111111111111,2.2645807435532483,5.108334041233216,4.034769689392924,89.82725199191269,0.6133121606567016,0.9602649006622517,16.11111111111111,False,mask,360.0,1.0,True,True,7.246658379370395,164.97777777777782,164.97777777777782,16.346668931946294,12.911263006057357
r563_svd_normalised_tr050_tid1_015,1,15,True,0,polygon,147.24480578139114,82.28319783197831,82.0,5.108953969950291,10.49432137589202,9.969808099851221,-69.94282355603266,0.31219110163217845,0.9710526315789474,82.0,False,mask,360.0,1.0,True,True,16.348652703840933,839.6800000000002,839.6800000000002,33.58182840285447,31.90338591952391
r563_svd_normalised_tr050_tid1_015,1,15,True,1,polygon,155.79371069182392,83.94591194968554,88.33333333333333,5.302581756047537,11.357559814449553,9.923481588729471,-85.16235721411134,0.48640477140082133,0.9754601226993865,88.33333333333333,False,mask,360.0,1.0,True,True,16.968261619352116,904.5333333333334,904.5333333333334,36.34419140623857,31.75514108393431
r563_svd_normalised_tr050_tid1_015,1,15,True,2,polygon,200.67554371948515,154.88282290279628,83.44444444444444,5.153755098351177,10.47142167535857,10.166258957721086,-39.52094067333296,0.23965722817900126,0.976592977893368,83.44444444444444,False,mask,360.0,1.0,True,True,16.492016314723767,854.4711111111112,854.4711111111112,33.50854936114742,32.532028664707475
r563_svd_normalised_tr050_tid1_015,1,15,True,3,polygon,312.83677401596475,56.95031654280209,269.1111111111111,9.255308052602636,19.04013349684674,18.020166786932023,56.333481804210486,0.32290701247419024,0.9861563517915309,269.1111111111111,False,mask,360.0,1.0,True,True,29.616985768328437,2755.697777777778,2755.697777777778,60.92842718990957,57.664533718182476
r563_svd_normalised_tr050_tid1_015,1,15,True,4,polygon,119.52804957599479,75.4187866927593,113.55555555555556,6.012142377258377,13.173066327891084,10.989823049518334,-87.33405802887222,0.5513642712562485,0.983638113570741,113.55555555555556,False,mask,360.0,1.0,True,True,19.23885560722681,1162.8088888888892,1162.8088888888892,42.15381224925147,35.16743375845867
r563_svd_normalised_tr050_tid1_015,1,15,True,5,polygon,62.54774535809019,79.7236958443855,502.6666666666667,12.649259640589726,26.71897998325021,23.982824795349554,-80.30159004036696,0.44082092108853616,0.9843342036553525,502.6666666666667,False,mask,360.0,1.0,True,True,40.47763084988713,5147.306666666668,5147.306666666668,85.50073594640068,76.74503934511857
r563_svd_normalised_tr050_tid1_015,1,15,True,6,polygon,189.5978070175439,178.21038011695907,253.33333333333334,8.979894459284788,18.408939150404247,17.534222638284756,-41.84400141548032,0.3045881752435165,0.987012987012987,253.33333333333334,False,mask,360.0,1.0,True,True,28.735662269711323,2594.133333333334,2594.133333333334,58.908605281293596,56.109512442511225
r563_svd_normalised_tr050_tid1_015,1,15,True,7,polygon,223.6702290076336,117.00763358778626,72.77777777777777,4.813095278628261,10.098595071098103,9.20076372132666,57.83871798688685,0.4121998833085319,0.9747023809523809,72.77777777777777,False,mask,360.0,1.0,True,True,15.401904891610435,745.2444444444445,745.2444444444445,32.315504227513934,29.442443908245316
r563_svd_normalised_tr050_tid1_015,1,15,True,8,polygon,116.63674446439258,84.82166367444644,123.77777777777777,6.2769172653880805,13.235507991831831,11.950881772441505,-52.57969452101611,0.429764695706477,0.9720767888307156,123.77777777777777,False,mask,360.0,1.0,True,True,20.08613524924186,1267.4844444444445,1267.4844444444445,42.35362557386186,38.24282167181282
r563_svd_normalised_tr050_tid1_015,1,15,True,9,polygon,48.60776160776161,89.43659043659044,53.44444444444444,4.1245478574344405,8.682428753859309,7.854200587449996,60.94022783954383,0.4262430057749895,0.9796334012219959,53.44444444444444,False,mask,360.0,1.0,True,True,13.19855314379021,547.2711111111112,547.2711111111112,27.78377201234979,25.13344187983999
r563_svd_normalised_tr050_tid1_015,1,15,True,10,polygon,150.80115080958117,90.4672822159775,276.77777777777777,9.386218777689285,22.2673951993022,15.840316299667315,85.5619402663076,0.7028195491416283,0.9845849802371541,276.77777777777777,False,mask,360.0,1.0,True,True,30.035900088605715,2834.204444444445,2834.204444444445,71.25566463776704,50.68901215893541
r563_svd_normalised_tr050_tid1_015,1,15,True,11,polygon,256.4869372521577,117.31665500349895,317.55555555555554,10.05390833188364,20.316516266509257,19.910027331835217,-6.765194605053802,0.1990359301613131,0.9794379712131597,317.55555555555554,False,mask,360.0,1.0,True,True,32.17250666202765,3251.7688888888893,3251.7688888888893,65.01285205282963,63.7120874618727
r563_svd_normalised_tr050_tid1_015,1,15,True,12,polygon,201.69826549888373,185.45972866220163,215.66666666666666,8.28545907722102,16.816566759373135,16.35616707125928,-37.95691646588357,0.23239180368629014,0.9827848101265823,215.66666666666666,False,mask,360.0,1.0,True,True,26.513469047107264,2208.426666666667,2208.426666666667,53.81301362999403,52.339734628029696
r563_svd_normalised_tr050_tid1_015,1,15,True,13,polygon,212.80317605741334,78.45228279126584,242.55555555555554,8.78679869361618,18.58321730073037,16.66070841994127,56.95250623093364,0.44295071867995817,0.9762969588550984,242.55555555555554,False,mask,360.0,1.0,True,True,28.11775581957178,2483.7688888888893,2483.7688888888893,59.46629536233719,53.314266943812065
r563_svd_normalised_tr050_tid1_015,1,15,True,14,polygon,314.9875307341061,197.12718065800257,1265.3333333333333,20.069083419974362,41.04739420869654,39.272648398718864,55.155464867628574,0.2908670006602998,0.9911227154046998,1265.3333333333333,False,mask,360.0,1.0,True,True,64.22106694391796,12957.013333333334,12957.013333333334,131.35166146782893,125.67247487590038
r563_svd_normalised_tr050_tid1_015,1,15,True,15,polygon,292.3853853853854,223.7725058391725,555.0,13.291425312283248,26.744572148017017,26.44119175695612,74.76390749446772,0.15019511215605214,0.9889130865175213,555.0,False,mask,360.0,1.0,True,True,42.5325609993064,5683.200000000001,5683.200000000001,85.58263087365447,84.61181362225959
r563_svd_normalised_tr050_tid1_015,1,15,True,16,polygon,318.0732410611303,185.41983852364476,64.22222222222223,4.521345844549571,9.285119835258234,8.829021345039239,9.879480619854684,0.3095641629140102,0.9714285714285714,64.22222222222223,False,mask,360.0,1.0,True,True,14.468306702558628,657.6355555555557,657.6355555555557,29.71238347282635,28.252868304125567
r563_svd_normalised_tr050_tid1_015,1,15,True,17,polygon,185.89248554913294,239.5610789980732,96.11111111111111,5.531104486336833,11.369607319601103,10.778724532429832,28.606562150791675,0.3181820788797701,0.9840728100113766,96.11111111111111,False,mask,360.0,1.0,True,True,17.699534356277866,984.177777777778,984.177777777778,36.38274342272353,34.491918503775466
r563_svd_normalised_tr050_tid1_015,1,15,True,18,polygon,269.74908020603385,110.97056659308315,100.66666666666667,5.660670915109645,11.63080276862196,11.037496256603513,83.3036895749472,0.3153111531616852,0.9700214132762313,100.66666666666667,False,mask,360.0,1.0,True,True,18.114146928350863,1030.8266666666668,1030.8266666666668,37.21856885959027,35.319988021131245
r563_svd_normalised_tr050_tid1_015,1,15,True,19,polygon,309.83179012345676,148.10493827160494,48.0,3.9088200952233594,8.007979627166902,7.661602101369581,10.981001042053176,0.29092470003503756,0.9664429530201343,48.0,False,mask,360.0,1.0,True,True,12.508224304714751,491.5200000000001,491.5200000000001,25.625534806934088,24.517126724382663
r563_svd_normalised_tr050_tid1_015,1,15,True,20,polygon,256.71006742617993,160.07881887933038,477.8888888888889,12.333562252274094,25.34434085329087,24.027136242028963,-11.23657773443298,0.3181879149865952,0.9891904323827047,477.8888888888889,False,mask,360.0,1.0,True,True,39.467399207277104,4893.582222222223,4893.582222222223,81.10189073053078,76.88683597449268
r563_svd_normalised_tr050_tid1_015,1,15,True,21,polygon,323.13267148014444,160.89290012033695,123.11111111111111,6.2599907161063575,12.789675070643,12.276692577285402,-1.9196551936051651,0.28037382306251574,0.9770723104056437,123.11111111111111,False,mask,360.0,1.0,True,True,20.031970291540347,1260.6577777777782,1260.6577777777782,40.9269602260576,39.28541624731329
r563_svd_normalised_tr050_tid1_015,1,15,True,22,polygon,64.05754385964913,81.91157894736843,105.55555555555556,5.79649694858504,12.202278643200003,11.032562429984589,88.46659019367893,0.42723730796450543,0.9723643807574207,105.55555555555556,False,mask,360.0,1.0,True,True,18.54879023547213,1080.8888888888891,1080.8888888888891,39.04729165824001,35.304199775950686
r563_svd_normalised_tr050_tid1_015,1,15,True,23,polygon,199.80754352030945,212.0199871050935,114.88888888888889,6.0473357064085995,12.557663800555993,11.686078346501224,-12.336685904171983,0.36605467961950705,0.9763928234183191,114.88888888888889,False,mask,360.0,1.0,True,True,19.35147426050752,1176.4622222222224,1176.4622222222224,40.18452416177918,37.39545070880392
r563_svd_normalised_tr050_tid1_015,1,15,True,24,polygon,306.16442953020135,14.182326621923936,33.111111111111114,3.246474088791812,6.735119680745272,6.297875978171952,45.259251665105594,0.35443662259054337,0.9706840390879479,33.111111111111114,False,mask,360.0,1.0,True,True,10.3887170841338,339.05777777777786,339.05777777777786,21.55238297838487,20.153203130150246
r563_svd_normalised_tr050_tid1_015,1,15,True,25,polygon,205.81770833333334,223.0955528846154,184.88888888888889,7.671503189002123,15.556271762853614,15.148441509870693,23.68559928259334,0.2274765960958812,0.9799764428739693,184.88888888888889,False,mask,360.0,1.0,True,True,24.548810204806795,1893.2622222222226,1893.2622222222226,49.78006964113157,48.47501283158622
r563_svd_normalised_tr050_tid1_015,1,15,True,26,polygon,183.70935960591135,110.50574712643679,22.555555555555557,2.6794880708264137,5.710527695559225,5.106584417693823,-25.57106206053655,0.4475870361439099,0.9398148148148148,22.555555555555557,False,mask,360.0,1.0,True,True,8.574361826644525,230.96888888888896,230.96888888888896,18.27368862578952,16.341070136620235
r563_svd_normalised_tr050_tid1_015,1,15,True,27,polygon,180.2759889604416,215.8718184605949,120.77777777777777,6.200383915369725,12.781329426093839,12.050268066791746,43.485738403007346,0.3333521160480579,0.973142345568487,120.77777777777777,False,mask,360.0,1.0,True,True,19.841228529183123,1236.7644444444445,1236.7644444444445,40.900254163500286,38.56085781373359
r563_svd_normalised_tr050_tid1_015,1,15,True,28,polygon,211.35044072393472,73.50430292598968,710.1111111111111,15.034473284941608,30.81317368709124,29.371271412192144,-53.093871188598136,0.3023246869783244,0.9871794871794872,710.1111111111111,False,mask,360.0,1.0,True,True,48.11031451181315,7271.5377777777785,7271.5377777777785,98.60215579869197,93.98806851901486
r563_svd_normalised_tr050_tid1_015,1,15,True,29,polygon,146.01597444089455,74.66347177848776,34.77777777777778,3.3271775555520944,6.835495834920895,6.493997146667373,89.48925565526119,0.31212698123737515,0.9811912225705329,34.77777777777778,False,mask,360.0,1.0,True,True,10.646968177766702,356.1244444444445,356.1244444444445,21.873586671746864,20.780790869335593
r563_svd_normalised_tr050_tid1_015,1,15,True,30,polygon,204.8439599163088,46.719414161435964,336.3333333333333,10.346894464193024,21.99699295099769,19.49337994383091,-61.46741271009612,0.46333376804158927,0.984390243902439,336.3333333333333,False,mask,360.0,1.0,True,True,33.110062285417676,3444.0533333333337,3444.0533333333337,70.3903774431926,62.378815820258914
r563_svd_normalised_tr050_tid1_015,1,15,True,31,polygon,374.480244852532,87.87868670005565,66.55555555555556,4.602748234890526,9.29997114621741,9.165477416632092,-16.42237354791939,0.169453033695789,0.9568690095846646,66.55555555555556,False,mask,360.0,1.0,True,True,14.728794351649682,681.528888888889,681.528888888889,29.759907667895718,29.329527733222694
r563_svd_normalised_tr050_tid1_015,1,15,True,32,polygon,195.38394415357766,77.73996509598604,21.22222222222222,2.5990850582700578,5.643978079235169,4.8209303623924376,3.577103805918522,0.5199898966742692,0.9794871794871794,21.22222222222222,False,mask,360.0,1.0,True,True,8.317072186464186,217.3155555555556,217.3155555555556,18.06072985355254,15.4269771596558
r563_svd_normalised_tr050_tid1_015,1,15,True,33,polygon,238.60884676145338,187.61169036334914,117.22222222222223,6.10843615123925,12.544311846778221,11.908683754090967,44.378637083326744,0.3142828875479678,0.9759481961147086,117.22222222222223,False,mask,360.0,1.0,True,True,19.5469956839656,1200.3555555555558,1200.3555555555558,40.14179790969031,38.107788013091096
r563_svd_normalised_tr050_tid1_015,1,15,True,34,polygon,290.7304359599242,180.88870836718115,273.55555555555554,9.331422064928395,19.392373061283838,17.99247935286999,79.87713990988371,0.373047736120415,0.9832268370607029,273.55555555555554,False,mask,360.0,1.0,True,True,29.860550607770865,2801.2088888888893,2801.2088888888893,62.05559379610828,57.57593392918397
r563_svd_normalised_tr050_tid1_015,1,15,True,35,polygon,342.4183535762483,113.73414304993253,27.444444444444443,2.955645105131615,6.145304954444413,5.76265706337801,-89.75083684445143,0.34735611056963184,0.9724409448818898,27.444444444444443,False,mask,360.0,1.0,True,True,9.458064336421169,281.03111111111116,281.03111111111116,19.66497585422212,18.440502602809634
r563_svd_normalised_tr050_tid1_015,1,15,True,36,polygon,348.9129089301503,39.71396993810787,83.77777777777777,5.164038623904293,10.870921462733962,9.83705175432917,-49.58706955134818,0.42563305145254743,0.9741602067183462,83.77777777777777,False,mask,360.0,1.0,True,True,16.52492359649374,857.8844444444445,857.8844444444445,34.78694868074868,31.47856561385335
r563_svd_normalised_tr050_tid1_015,1,15,True,37,polygon,284.0332269126168,127.39553032990422,313.22222222222223,9.9850753580426,20.56285525856978,19.413447471461982,-64.23903792593669,0.3296514281914507,0.9836008374040475,313.22222222222223,False,mask,360.0,1.0,True,True,31.952241145736323,3207.3955555555563,3207.3955555555563,65.80113682742329,62.12303190867834
r563_svd_normalised_tr050_tid1_015,1,15,True,38,polygon,342.90558766859345,126.32658959537572,76.88888888888889,4.947170248841286,10.25632207839522,9.57331991756798,-77.53633864074737,0.35882015139263274,0.9651324965132496,76.88888888888889,False,mask,360.0,1.0,True,True,15.830944796292115,787.3422222222223,787.3422222222223,32.82023065086471,30.634623736217538
r563_svd_normalised_tr050_tid1_015,1,15,True,39,polygon,253.72851153039832,192.48322851153037,70.66666666666667,4.742773305109,9.843900610434813,9.153504281589955,-12.373044992759956,0.36789946475338897,0.9695121951219512,70.66666666666667,False,mask,360.0,1.0,True,True,15.176874576348801,723.6266666666669,723.6266666666669,31.500481953391404,29.291213701087855
r563_svd_normalised_tr050_tid1_015,1,15,True,40,polygon,270.55956852547433,214.9824713473948,384.55555555555554,11.063807442297307,22.569470617226116,21.722514874976525,46.517330830863806,0.27137607722409657,0.9854783599088838,384.55555555555554,False,mask,360.0,1.0,True,True,35.40418381535138,3937.8488888888896,3937.8488888888896,72.22230597512358,69.51204759992488
r563_svd_normalised_tr050_tid1_015,1,15,True,41,polygon,358.6010416666666,49.666666666666664,35.55555555555556,3.36417669602688,6.79404672784506,6.696584579625651,-14.397790181281804,0.16877402082234605,0.9667673716012085,35.55555555555556,False,mask,360.0,1.0,True,True,10.765365427286017,364.08888888888896,364.08888888888896,21.740949529104192,21.429070654802086
r563_svd_normalised_tr050_tid1_015,1,15,True,42,polygon,312.1060399636694,224.5495004541326,163.11111111111111,7.205545032340678,14.588736110149634,14.266087900369648,30.503753046301647,0.20914918482144151,0.9845741113346748,163.11111111111111,False,mask,360.0,1.0,True,True,23.05774410349017,1670.257777777778,1670.257777777778,46.683955552478835,45.651481281182875
r563_svd_normalised_tr050_tid1_015,1,15,True,43,polygon,252.6731110037055,107.53117448042532,229.88888888888889,8.554291674775904,17.39815094927755,16.84716544362468,39.88513103310139,0.24967070302084085,0.9819648789748457,229.88888888888889,False,mask,360.0,1.0,True,True,27.373733359282895,2354.0622222222228,2354.0622222222228,55.67408303768816,53.91092941959897
r563_svd_normalised_tr050_tid1_015,1,15,True,44,polygon,323.5684156893808,241.80847012164375,609.384930079492,13.927427893754121,27.854855787508242,27.854855787508242,,0.0,0.98959236773634,507.1111111111111,True,circle,260.0,0.6861111111111111,True,True,44.56776926001319,6240.101684014,5192.817777777778,89.13553852002639,89.13553852002639
r563_svd_normalised_tr050_tid1_015,1,15,True,45,polygon,197.62216338880486,140.6776348966213,293.77777777777777,9.670179471332029,19.837020885660163,18.86071124816899,-6.342509352993152,0.30985613163588127,0.9850968703427719,293.77777777777777,False,mask,360.0,1.0,True,True,30.944574308262492,3008.284444444445,3008.284444444445,63.478466834112524,60.35427599414077
r563_svd_normalised_tr050_tid1_015,1,15,True,46,polygon,270.4912739965096,230.82547993019196,84.88888888888889,5.1981701165401155,10.715546018523503,10.107726866915709,44.75719670653516,0.33200710634989267,0.9896373056994818,84.88888888888889,False,mask,360.0,1.0,True,True,16.634144372928372,869.2622222222224,869.2622222222224,34.28974725927521,32.34472597413027
r563_svd_normalised_tr050_tid1_015,1,15,True,47,polygon,282.93926553672316,239.98242310106718,236.0,8.667244841319219,18.032586961054403,16.67293579397767,61.40146737432755,0.38093862499871345,0.9824236817761333,236.0,False,mask,360.0,1.0,True,True,27.735183492221502,2416.6400000000003,2416.6400000000003,57.704278275374094,53.353394540728544
r563_svd_normalised_tr050_tid1_015,1,15,True,48,polygon,355.57270163564584,118.05222786238015,328.3333333333333,10.223098647850266,20.81185994453001,20.099508398598413,80.53877251458812,0.2593930248779019,0.9817275747508306,328.3333333333333,False,mask,360.0,1.0,True,True,32.71391567312085,3362.1333333333337,3362.1333333333337,66.59795182249603,64.31842687551493
r563_svd_normalised_tr050_tid1_015,1,15,True,49,polygon,205.11075473589256,150.46202933413517,1108.5555555555557,18.784679734222188,38.21427931662664,36.946517395787275,-10.914336959448137,0.2554399763620393,0.9895853997222773,1108.5555555555557,False,mask,360.0,1.0,True,True,60.110975149511006,11351.608888888892,11351.608888888892,122.28569381320524,118.22885566651928
r563_svd_normalised_tr050_tid1_015,1,15,True,50,polygon,310.44184752365055,171.84974958263774,199.66666666666666,7.972193797278359,16.291194537801204,15.620895481807757,6.195098344635632,0.283895820120099,0.979291553133515,199.66666666666666,False,mask,360.0,1.0,True,True,25.51102015129075,2044.586666666667,2044.586666666667,52.13182252096385,49.98686554178482
r563_svd_normalised_tr050_tid1_015,1,15,True,51,polygon,248.2210199004975,189.39601990049752,297.77777777777777,9.735790186343714,20.017718981203007,18.956230163040303,80.80585686441587,0.32131450466427347,0.9838472834067548,297.77777777777777,False,mask,360.0,1.0,True,True,31.154528596299883,3049.244444444445,3049.244444444445,64.05670073984963,60.65993652172897
r563_svd_normalised_tr050_tid1_015,1,15,True,52,polygon,343.07948717948716,149.20854700854701,86.66666666666667,5.252319183236601,10.73156498176389,10.30155435184523,2.669656985566855,0.2802388738194975,0.9762202753441802,86.66666666666667,False,mask,360.0,1.0,True,True,16.807421386357124,887.4666666666669,887.4666666666669,34.34100794164445,32.96497392590474
r563_svd_normalised_tr050_tid1_015,1,15,True,53,polygon,232.04473304473302,117.06253006253006,77.0,4.950743503369154,9.993969456385061,9.829051474663602,-1.2793603081366862,0.180917637359649,0.973314606741573,77.0,False,mask,360.0,1.0,True,True,15.842379210781292,788.4800000000001,788.4800000000001,31.980702260432196,31.45296471892353
r563_svd_normalised_tr050_tid1_015,1,15,True,54,polygon,247.61272727272728,107.48787878787878,61.111111111111114,4.4104728570010225,9.037699577352434,8.62668946387785,4.359995595324765,0.2981382266515143,0.975177304964539,61.111111111111114,False,mask,360.0,1.0,True,True,14.113513142403272,625.7777777777779,625.7777777777779,28.92063864752779,27.605406284409124
r563_svd_normalised_tr050_tid1_015,1,15,True,55,polygon,145.4774774774775,47.32561132561133,28.77777777777778,3.0265906840976804,6.148896121082504,5.976152251218294,59.0477575496464,0.2353671811297236,0.9736842105263158,28.77777777777778,False,mask,360.0,1.0,True,True,9.685090189112579,294.6844444444445,294.6844444444445,19.676467587464014,19.12368720389854
r563_svd_normalised_tr050_tid1_015,1,15,True,56,polygon,242.20659980188213,146.0755943536404,598.2222222222222,13.799277063243926,27.674374179066092,27.544507010511936,-28.479482726477254,0.09676441575922566,0.9862612200036637,598.2222222222222,False,mask,360.0,1.0,True,True,44.157686602380565,6125.795555555556,6125.795555555556,88.5579973730115,88.1424224336382
r563_svd_normalised_tr050_tid1_015,1,15,True,57,polygon,296.4272506082725,235.17396593673968,152.22222222222223,6.960879127682023,14.244228733712923,13.639728973937858,65.1554992199267,0.28822811071819177,0.9792709077912795,152.22222222222223,False,mask,360.0,1.0,True,True,22.274813208582476,1558.755555555556,1558.755555555556,45.58153194788136,43.64713271660115
r563_svd_normalised_tr050_tid1_015,1,15,True,58,polygon,273.22280017338534,90.89206762028608,85.44444444444444,5.215152096166356,10.708884972857845,10.185104345137475,-72.54519229590966,0.3089165289373987,0.9746514575411914,85.44444444444444,False,mask,360.0,1.0,True,True,16.68848670773234,874.9511111111112,874.9511111111112,34.26843191314511,32.59233390443992
r563_svd_normalised_tr050_tid1_015,1,15,True,59,polygon,169.64045864045863,82.37155337155338,135.66666666666666,6.571456552820002,14.170151727321375,12.209779187995691,-84.02527572728242,0.5074948408513852,0.983883964544722,135.66666666666666,False,mask,360.0,1.0,True,True,21.028660969024006,1389.226666666667,1389.226666666667,45.344485527428404,39.07129340158622
r563_svd_normalised_tr050_tid1_015,1,15,True,60,polygon,298.25452245414294,125.47628083491462,292.77777777777777,9.653707118075813,19.68920281659292,18.939210795606353,4.716937993864194,0.2733717452392622,0.9795539033457249,292.77777777777777,False,mask,360.0,1.0,True,True,30.891862777842604,2998.044444444445,2998.044444444445,63.00544901309735,60.60547454594033
r563_svd_normalised_tr050_tid1_015,1,15,True,61,polygon,111.5392539964476,83.54766133806986,312.77777777777777,9.977988717435164,22.866042510527635,17.425818238651946,-87.65126520086643,0.6474795519003408,0.9825479930191972,312.77777777777777,False,mask,360.0,1.0,True,True,31.929563895792526,3202.844444444445,3202.844444444445,73.17133603368843,55.76261836368623
r563_svd_normalised_tr050_tid1_015,1,15,True,62,polygon,172.7603109479594,26.326711293457137,514.5555555555555,12.797973289709823,26.724699307499645,24.53101011895883,81.96983787156013,0.3967764107311606,0.9867888344342638,514.5555555555555,False,mask,360.0,1.0,True,True,40.953514527071434,5269.048888888889,5269.048888888889,85.51903778399887,78.49923238066826
r563_svd_normalised_tr050_tid1_015,1,15,True,63,polygon,362.1168737619305,98.63263101026473,205.66666666666666,8.091089744803618,16.312210121422346,16.06832885212713,8.881804088983172,0.17227349038673992,0.9809220985691574,205.66666666666666,False,mask,360.0,1.0,True,True,25.89148718337158,2106.026666666667,2106.026666666667,52.199072388551514,51.41865232680682
r563_svd_normalised_tr050_tid1_015,1,15,True,64,polygon,392.3766994842944,78.65963431786217,158.0,7.091753098990329,14.413613181925447,14.003168526712194,-50.68605843802537,0.2369419101015359,0.9779917469050894,158.0,False,mask,360.0,1.0,True,True,22.693609916769052,1617.9200000000003,1617.9200000000003,46.123562182161436,44.810139285479025
r563_svd_normalised_tr050_tid1_015,1,15,True,65,polygon,205.01675807701562,242.5463420705255,332.0065372662211,10.280124663129591,20.560249326259182,20.560249326259182,,0.0,0.9903774981495189,297.3333333333333,True,circle,270.0,0.7361111111111112,True,True,32.89639892201469,3399.7469416061044,3044.6933333333336,65.79279784402938,65.79279784402938
r563_svd_normalised_tr050_tid1_015,1,15,True,66,polygon,257.6230769230769,134.5474358974359,28.88888888888889,3.032427894311487,6.376133969533213,5.7808894524067185,81.66253389798139,0.42189453043870506,0.9737827715355806,28.88888888888889,False,mask,360.0,1.0,True,True,9.703769261796758,295.8222222222223,295.8222222222223,20.403628702506282,18.4988462477015
r563_svd_normalised_tr050_tid1_015,1,15,True,67,polygon,166.6137941919192,192.08538510101008,234.66666666666666,8.642726419238098,17.372956538200288,17.204419992254927,-43.93812577139417,0.13895344899188636,0.9814126394052045,234.66666666666666,False,mask,360.0,1.0,True,True,27.656724541561914,2402.986666666667,2402.986666666667,55.59346092224092,55.054143975215766
r563_svd_normalised_tr050_tid1_015,1,15,True,68,polygon,249.64277401608126,190.99523910283537,2100.4444444444443,25.857150501292413,52.73322648963916,50.750461351657016,66.51548683003205,0.27163594662527873,0.9894274050036638,2100.4444444444443,False,mask,360.0,1.0,True,True,82.74288160413573,21508.551111111115,21508.551111111115,168.7463247668453,162.40147632530247
r563_svd_normalised_tr050_tid1_015,1,15,True,69,polygon,188.68842550619522,115.07343608340888,122.55555555555556,6.24585021755086,12.722670106810837,12.275000859884209,64.75783885028956,0.2629360521690973,0.9795737122557726,122.55555555555556,False,mask,360.0,1.0,True,True,19.986720696162752,1254.968888888889,1254.968888888889,40.71254434179468,39.28000275162947
r563_svd_normalised_tr050_tid1_015,1,15,True,70,polygon,264.18052391799546,50.80391040242977,195.11111111111111,7.880723036052639,16.063281334981735,15.498242703466738,84.49373240742914,0.262895884844699,0.984304932735426,195.11111111111111,False,mask,360.0,1.0,True,True,25.218313715368446,1997.9377777777781,1997.9377777777781,51.402500271941555,49.59437665109357
r563_svd_normalised_tr050_tid1_015,1,15,True,71,polygon,226.16468859500398,65.18119136430428,327.6666666666667,10.212714593725252,21.765750451809723,19.202782137866393,72.14300482612293,0.47078560727769775,0.983983983983984,327.6666666666667,False,mask,360.0,1.0,True,True,32.680686699920805,3355.3066666666673,3355.3066666666673,69.65040144579112,61.44890284117246
r563_svd_normalised_tr050_tid1_015,1,15,True,72,polygon,214.23835185808915,194.10216683507352,329.8888888888889,10.247287186154168,21.119931922286302,19.90211588209605,-67.81575394455726,0.33466246008925865,0.9837640821736249,329.8888888888889,False,mask,360.0,1.0,True,True,32.79131899569334,3378.062222222223,3378.062222222223,67.58378215131617,63.686770822707366
r563_svd_normalised_tr050_tid1_015,1,15,True,73,polygon,282.1255707762557,109.54604261796042,97.33333333333333,5.566162255560135,11.572208246966754,10.723106071489596,14.424246182377324,0.37598501482082675,0.9722530521642619,97.33333333333333,False,mask,360.0,1.0,True,True,17.811719217792433,996.6933333333335,996.6933333333335,37.03106639029362,34.31393942876671
r563_svd_normalised_tr050_tid1_015,1,15,True,74,polygon,263.10501792114695,103.35806451612903,103.33333333333333,5.735156630147518,12.057379836374528,10.935015491381336,14.358850278683944,0.42131420053806223,0.9799789251844047,103.33333333333333,False,mask,360.0,1.0,True,True,18.35250121647206,1058.1333333333334,1058.1333333333334,38.58361547639849,34.99204957242028
r563_svd_normalised_tr050_tid1_015,1,15,True,75,polygon,188.71363930187462,62.10148674854557,171.88888888888889,7.396886686875801,15.99040471649193,13.718211059740668,-77.97508133500213,0.5138122144685381,0.9797340088663711,171.88888888888889,False,mask,360.0,1.0,True,True,23.670037398002563,1760.1422222222225,1760.1422222222225,51.16929509277418,43.89827539117014
r563_svd_normalised_tr050_tid1_015,1,15,True,76,polygon,281.63084271579663,49.57045377004436,108.55555555555556,5.878291123575546,12.43638319324702,11.135793432141908,-76.4892588476136,0.4452212795587829,0.9838872104733132,108.55555555555556,False,mask,360.0,1.0,True,True,18.81053159544175,1111.6088888888892,1111.6088888888892,39.796426218390465,35.6345389828541
r563_svd_normalised_tr050_tid1_015,1,15,True,77,polygon,274.88600600600597,130.41873873873874,308.3333333333333,9.906843505375571,19.906815049258622,19.7893364950755,47.64696113798466,0.10848050978769223,0.9764250527797326,308.3333333333333,False,mask,360.0,1.0,True,True,31.701899217201827,3157.333333333334,3157.333333333334,63.701808157627596,63.3258767842416
r563_svd_normalised_tr050_tid1_015,1,15,True,78,polygon,241.18077709611453,170.30817995910022,181.11111111111111,7.592723962083545,15.254806298967535,15.132989285732613,7.072401537980793,0.12612374976532165,0.9778044391121775,181.11111111111111,False,mask,360.0,1.0,True,True,24.296716678667345,1854.5777777777782,1854.5777777777782,48.815380156696115,48.425565714344366
r563_svd_normalised_tr050_tid1_015,1,15,True,79,polygon,264.3379516102665,173.75568088932482,906.2222222222222,16.98409527801753,34.556770362099286,33.43037913205807,11.326059098721219,0.2532356819994753,0.9906473946313616,906.2222222222222,False,mask,360.0,1.0,True,True,54.349104889656104,9279.715555555556,9279.715555555556,110.58166515871773,106.97721322258583
r563_svd_normalised_tr050_tid1_015,1,15,True,80,polygon,184.58823529411765,124.05442176870748,92.55555555555556,5.427830906961491,11.056719556669883,10.687996070992881,-39.19613026966065,0.2560949250600861,0.9811542991755006,92.55555555555556,False,mask,360.0,1.0,True,True,17.369058902276773,947.7688888888891,947.7688888888891,35.381502581343625,34.20158742717722
r563_svd_normalised_tr050_tid1_015,1,15,True,81,polygon,204.47554347826087,113.19474637681161,122.66666666666667,6.248680877210138,12.651136627388462,12.357554987357481,-50.922492952676045,0.21418072571748537,0.9735449735449735,122.66666666666667,False,mask,360.0,1.0,True,True,19.99577880707244,1256.106666666667,1256.106666666667,40.483637207643085,39.54417595954394
r563_svd_normalised_tr050_tid1_015,1,15,True,82,polygon,79.88299752562743,87.85153764581123,104.77777777777777,5.7751019488001205,11.915866234906538,11.225051027475862,65.4407138408553,0.3355410121566395,0.9761904761904762,104.77777777777777,False,mask,360.0,1.0,True,True,18.480326236160387,1072.9244444444446,1072.9244444444446,38.13077195170092,35.92016328792276
r563_svd_normalised_tr050_tid1_015,1,15,True,83,polygon,197.63607775871927,172.01114922813034,129.55555555555554,6.421745412531289,12.973057619434151,12.733623822820276,-27.69860221947417,0.1912376449948867,0.9806560134566863,129.55555555555554,False,mask,360.0,1.0,True,True,20.549585320100125,1326.648888888889,1326.648888888889,41.513784382189286,40.747596233024886
r563_svd_normalised_tr050_tid1_015,1,15,True,84,polygon,243.67496159754225,83.03502304147466,964.4444444444445,17.52119292005257,35.14853122281179,34.95770050991839,-16.95390913322621,0.10406274240210531,0.98816029143898,964.4444444444445,False,mask,360.0,1.0,True,True,56.067817344168226,9875.911111111112,9875.911111111112,112.47529991299774,111.86464163173885
r563_svd_normalised_tr050_tid1_015,1,15,True,85,polygon,24.712425202393522,85.12026281825648,315.6666666666667,10.023962327277735,21.67772726189797,18.63482571275271,88.63503014055954,0.5109170007738967,0.9837257617728532,315.6666666666667,False,mask,360.0,1.0,True,True,32.076679447288754,3232.4266666666676,3232.4266666666676,69.3687272380735,59.63144228080868
r563_svd_normalised_tr050_tid1_015,1,15,True,86,polygon,241.36018590240124,120.17221791892591,143.44444444444446,6.75720243775545,13.933790934560411,13.146343128701934,-84.23833346051295,0.331411064447859,0.9885145482388974,143.44444444444446,False,mask,360.0,1.0,True,True,21.623047800817442,1468.8711111111115,1468.8711111111115,44.58813099059332,42.068298011846196
r563_svd_normalised_tr050_tid1_015,1,15,True,87,polygon,196.92665036674816,107.0884270578647,90.88888888888889,5.37873887427094,10.849469811887756,10.682756153638351,-21.217415623435347,0.17463107979126577,0.9714964370546318,90.88888888888889,False,mask,360.0,1.0,True,True,17.21196439766701,930.7022222222224,930.7022222222224,34.718303398040824,34.18481969164272
r563_svd_normalised_tr050_tid1_015,1,15,True,88,polygon,197.9750124937531,85.3448275862069,74.11111111111111,4.856984593627207,10.043555829218052,9.450138656470887,60.81456113133135,0.33864107543908745,0.9694767441860465,74.11111111111111,False,mask,360.0,1.0,True,True,15.542350699607063,758.897777777778,758.897777777778,32.139378653497765,30.24044370070684
r563_svd_normalised_tr050_tid1_015,1,15,True,89,polygon,348.167008898015,51.21765913757701,54.111111111111114,4.150192961665304,8.45701841873912,8.166144867125636,88.80258699904044,0.26001097263322853,0.9838383838383838,54.111111111111114,False,mask,360.0,1.0,True,True,13.280617477328974,554.0977777777779,554.0977777777779,27.062458939965182,26.131663574802037
r563_svd_normalised_tr050_tid1_015,1,15,True,90,polygon,189.12754303599374,76.4491392801252,47.333333333333336,3.8815805989355368,8.18087736961824,7.385329974918609,-83.44320476440365,0.43015458039615345,0.9793103448275862,47.333333333333336,False,mask,360.0,1.0,True,True,12.421057916593718,484.69333333333344,484.69333333333344,26.178807582778372,23.63305591973955
r563_svd_normalised_tr050_tid1_015,1,15,True,91,polygon,227.88848396501456,170.61248785228375,152.44444444444446,6.965958208348821,14.10249961814682,13.790142364811876,-12.179217136604574,0.209302553715439,0.977904490377762,152.44444444444446,False,mask,360.0,1.0,True,True,22.29106626671623,1561.0311111111116,1561.0311111111116,45.12799877806983,44.12845556739801
r563_svd_normalised_tr050_tid1_015,1,15,True,92,polygon,165.05002552322614,47.739663093415004,72.55555555555556,4.805741423640122,10.012730587372639,9.259703065422189,84.24829873676251,0.3804706615083036,0.9631268436578171,72.55555555555556,False,mask,360.0,1.0,True,True,15.378372555648392,742.9688888888891,742.9688888888891,32.04073787959245,29.631049809351005
r563_svd_normalised_tr050_tid1_015,1,15,True,93,polygon,154.79982126899017,44.4798927613941,41.44444444444444,3.632103577000737,7.694649883319635,6.881219679910969,77.04521458822597,0.4474953429698083,0.961340206185567,41.44444444444444,False,mask,360.0,1.0,True,True,11.622731446402359,424.3911111111112,424.3911111111112,24.622879626622833,22.0199029757151
r563_svd_normalised_tr050_tid1_015,1,15,True,94,polygon,179.17144126138132,39.689688355910874,500.3333333333333,12.619867130334214,27.28735698093406,23.402599825543728,85.20716841029243,0.5142584372490925,0.987067075843928,500.3333333333333,False,mask,360.0,1.0,True,True,40.38357481706949,5123.413333333334,5123.413333333334,87.319542338989,74.88831944173994
r563_svd_normalised_tr050_tid1_015,1,15,True,95,polygon,278.1908396946565,158.96946564885496,43.666666666666664,3.72820757156736,7.654094657423355,7.2793610909631346,-82.19752024680888,0.3090634363924391,0.9849624060150376,43.666666666666664,False,mask,360.0,1.0,True,True,11.930264229015553,447.1466666666667,447.1466666666667,24.493102903754735,23.29395549108203
r563_svd_normalised_tr050_tid1_015,1,15,True,96,polygon,328.3861308116627,109.23246650906225,47.0,3.8678889139475245,7.8684407080100724,7.635616125229286,-26.583975766385844,0.2414617900838016,0.9679633867276888,47.0,False,mask,360.0,1.0,True,True,12.37724452463208,481.2800000000001,481.2800000000001,25.179010265632233,24.433971600733717
r563_svd_normalised_tr050_tid1_015,1,15,True,97,polygon,193.5432624113475,124.20283687943264,26.11111111111111,2.882954180334833,5.890362296929183,5.658424259704458,-41.98533315986029,0.2778511243835547,0.9710743801652892,26.11111111111111,False,mask,360.0,1.0,True,True,9.225453377071466,267.37777777777785,267.37777777777785,18.849159350173387,18.106957631054268
r563_svd_normalised_tr050_tid1_015,1,15,True,98,polygon,240.84354758345788,48.95117090184355,74.33333333333333,4.86426097912058,10.392378392846583,9.123259121977904,-85.03892714641587,0.4788810365131254,0.9737991266375546,74.33333333333333,False,mask,360.0,1.0,True,True,15.565635133185857,761.1733333333334,761.1733333333334,33.25561085710907,29.194429190329295
r563_svd_normalised_tr050_tid1_015,1,15,True,99,polygon,253.0202702702703,226.5918918918919,164.44444444444446,7.2349355487570035,14.624007932502517,14.336423831207108,-0.3537797549070534,0.19734155168253253,0.9794837855724685,164.44444444444446,False,mask,360.0,1.0,True,True,23.151793756022414,1683.9111111111115,1683.9111111111115,46.79682538400806,45.87655625986275
r563_svd_normalised_tr050_tid1_015,1,15,True,100,polygon,203.66816479400748,184.00880149812735,197.77777777777777,7.934394868805528,16.237042964016517,15.630905295684798,-37.714318163232974,0.2706797388761371,0.9888888888888889,197.77777777777777,False,mask,360.0,1.0,True,True,25.390063580177692,2025.2444444444448,2025.2444444444448,51.958537484852855,50.018896946191354
r563_svd_normalised_tr050_tid1_015,1,15,True,101,polygon,298.9541149793251,88.17620381485928,277.6666666666667,9.401278905749963,20.535121217083965,17.235341304396176,78.31413421699858,0.5436524730432865,0.98,277.6666666666667,False,mask,360.0,1.0,True,True,30.084092498399883,2843.3066666666673,2843.3066666666673,65.7123878946687,55.153092174067766
r563_svd_normalised_tr050_tid1_015,1,15,True,102,polygon,327.14754981152396,123.93107162089392,68.77777777777777,4.678957855807049,9.946527971567408,8.831800025427723,8.132290256137367,0.45998259232669725,0.9872408293460925,68.77777777777777,False,mask,360.0,1.0,True,True,14.972665138582556,704.2844444444445,704.2844444444445,31.828889509015706,28.261760081368717
r563_svd_normalised_tr050_tid1_015,1,15,True,103,polygon,245.1802134646962,117.98973727422003,180.44444444444446,7.57873673995927,15.782578817414484,14.710795360974716,-52.38060225668805,0.3622248983452865,0.9598108747044918,180.44444444444446,False,mask,360.0,1.0,True,True,24.251957567869667,1847.7511111111116,1847.7511111111116,50.50425221572635,47.0745451551191
r563_svd_normalised_tr050_tid1_015,1,15,True,104,polygon,213.2635658914729,105.44245676803816,62.111111111111114,4.446412116361523,9.009438457059037,8.80554149867123,-82.7132306208935,0.2115438089033443,0.9755671902268761,62.111111111111114,False,mask,360.0,1.0,True,True,14.228518772356873,636.017777777778,636.017777777778,28.83020306258892,28.17773279574794
r563_svd_normalised_tr050_tid1_015,1,15,True,105,polygon,204.32575094779818,80.54972295129775,127.0,6.358093703724522,13.456916115624331,12.027839718681392,66.67399229598955,0.44845866160531755,0.9802744425385935,127.0,False,mask,360.0,1.0,True,True,20.345899851918475,1300.4800000000002,1300.4800000000002,43.06213156999786,38.489087099780456
r563_svd_normalised_tr050_tid1_015,1,15,True,106,polygon,220.76610078146052,232.42576125033682,137.44444444444446,6.614372643547191,13.360912316107195,13.135944508700481,-84.85689284004707,0.18273479631208142,0.9840891010342084,137.44444444444446,False,mask,360.0,1.0,True,True,21.165992459351013,1407.4311111111115,1407.4311111111115,42.75491941154303,42.03502242784154
r563_svd_normalised_tr050_tid1_015,1,15,True,107,polygon,55.461868686868684,80.10580808080807,146.66666666666666,6.832675169625923,14.085720382247622,13.286237183456201,-15.521752436309988,0.3321073879278035,0.9814126394052045,146.66666666666666,False,mask,360.0,1.0,True,True,21.864560542802955,1501.8666666666668,1501.8666666666668,45.0743052231924,42.51595898705985
r563_svd_normalised_tr050_tid1_015,1,15,True,108,polygon,269.82794746938174,49.5755496532389,502.0,12.640868754332628,25.744493531202057,24.846624181085847,-81.06364510146739,0.26179380063820507,0.9888378200919238,502.0,False,mask,360.0,1.0,True,True,40.45078001386441,5140.480000000001,5140.480000000001,82.38237929984659,79.50919737947471
r563_svd_normalised_tr050_tid1_015,1,15,True,109,polygon,271.08985765124555,170.1644424673784,249.77777777777777,8.916654979064997,18.41172339642611,17.282975325956972,-14.905524113230134,0.3447513131274519,0.981230903535574,249.77777777777777,False,mask,360.0,1.0,True,True,28.53329593300799,2557.724444444445,2557.724444444445,58.91751486856356,55.30552104306231
r563_svd_normalised_tr050_tid1_015,1,15,True,110,polygon,45.461052046417905,80.78187756236537,533.0,13.02532799341193,32.65027623054451,20.833916915595104,-82.70107483350229,0.7699591930740409,0.9811822458580487,533.0,False,mask,360.0,1.0,True,True,41.68104957891818,5457.920000000001,5457.920000000001,104.48088393774245,66.66853412990433
r563_svd_normalised_tr050_tid1_015,1,15,True,111,polygon,294.15878254492117,163.24055738907222,101.0,5.670035141386943,11.541792700068624,11.15878558464122,82.96317131342772,0.25547511995968025,0.9753218884120172,101.0,False,mask,360.0,1.0,True,True,18.14411245243822,1034.2400000000002,1034.2400000000002,36.9337366402196,35.70811387085191
r563_svd_normalised_tr050_tid1_015,1,15,True,112,polygon,271.60219298245613,242.51315789473685,84.44444444444444,5.184544483362502,10.682296011636302,10.07883995464976,65.88469624093172,0.33134755736382615,0.9819121447028424,84.44444444444444,False,mask,360.0,1.0,True,True,16.590542346760007,864.7111111111112,864.7111111111112,34.18334723723617,32.252287854879235
r563_svd_normalised_tr050_tid1_015,1,15,True,113,polygon,347.9399360470141,84.02048224008297,428.55555555555554,11.679617721155093,23.676625175061073,23.06476559064207,-84.56238660934557,0.22586914091516064,0.9836776332568222,428.55555555555554,False,mask,360.0,1.0,True,True,37.3747767076963,4388.40888888889,4388.40888888889,75.76520056019544,73.80724989005463
r563_svd_normalised_tr050_tid1_015,1,15,True,114,polygon,312.988592097941,115.58820255982192,133.11111111111111,6.509268977971005,13.430167773482035,12.660296698959423,-64.30368538736299,0.3337094219031253,0.9763651181744091,133.11111111111111,False,mask,360.0,1.0,True,True,20.829660729507218,1363.057777777778,1363.057777777778,42.976536875142514,40.512949436670155
r563_svd_normalised_tr050_tid1_015,1,15,True,115,polygon,249.73856209150327,135.0235294117647,28.333333333333332,3.003128386955965,6.24627897835516,5.797758720981974,39.056985228937236,0.37209660469120764,0.9732824427480916,28.333333333333332,False,mask,360.0,1.0,True,True,9.610010838259088,290.1333333333334,290.1333333333334,19.98809273073651,18.552827907142316
r563_svd_normalised_tr050_tid1_015,1,15,True,116,polygon,394.6956537558801,77.40947554619257,82.24002782094122,5.1164258907400955,10.232851781480191,10.232851781480191,,0.0,0.9642857142857143,81.0,True,circle,340.0,0.8861111111111111,True,True,16.372562850368308,842.1378848864383,829.4400000000002,32.745125700736615,32.745125700736615
r563_svd_normalised_tr050_tid1_015,1,15,True,117,polygon,307.87263175732926,142.53435011015083,1092.7777777777778,18.650521978449294,38.67584360475213,36.001786953279705,49.43944333587455,0.36537663470353826,0.9891380870964498,1092.7777777777778,False,mask,360.0,1.0,True,True,59.68167033103774,11190.044444444447,11190.044444444447,123.76269953520682,115.20571825049507
r563_svd_normalised_tr050_tid1_015,1,15,True,118,polygon,95.15802577621558,85.52035735207967,252.88888888888889,8.972013900979396,20.17069497945897,15.981911990426667,-85.63489079347876,0.6100885557694088,0.9827288428324698,252.88888888888889,False,mask,360.0,1.0,True,True,28.71044448313407,2589.5822222222228,2589.5822222222228,64.5462239342687,51.142118369365335
r563_svd_normalised_tr050_tid1_015,1,15,True,119,polygon,295.0778588807786,104.34793187347931,15.222222222222221,2.2012232560601217,4.913671919652262,3.968493172843839,-89.34445570927645,0.589671636625491,0.9716312056737588,15.222222222222221,False,mask,360.0,1.0,True,True,7.04391441939239,155.87555555555556,155.87555555555556,15.723750142887239,12.699178153100284
r563_svd_normalised_tr050_tid1_015,1,15,True,120,polygon,221.18848866018678,119.28305063210723,1166.0,19.265236237593868,39.588824240711126,37.5088134709951,-32.01353504781152,0.3198753129501919,0.989346657867446,1166.0,False,mask,360.0,1.0,True,True,61.64875596030038,11939.840000000002,11939.840000000002,126.68423757027561,120.02820310718432
r563_svd_normalised_tr050_tid1_015,1,15,True,121,polygon,187.49632352941174,83.62622549019608,30.22222222222222,3.1016176611208524,6.331216888416677,6.0897772586651335,-36.70354103049087,0.27352389070139016,0.9784172661870504,30.22222222222222,False,mask,360.0,1.0,True,True,9.925176515586728,309.4755555555556,309.4755555555556,20.259894042933368,19.48728722772843
r563_svd_normalised_tr050_tid1_015,1,15,True,122,polygon,235.550853749072,99.34484038604306,99.77777777777777,5.635623575800286,12.45732878067136,10.214011410553056,-78.7822667750929,0.5724783005950832,0.9708108108108108,99.77777777777777,False,mask,360.0,1.0,True,True,18.03399544256092,1021.7244444444445,1021.7244444444445,39.86345209814836,32.68483651376978
r563_svd_normalised_tr050_tid1_015,1,15,True,123,polygon,222.38260169150223,95.53403141361257,275.8888888888889,9.371134446885003,19.09205525311128,18.40800107315828,82.2769923096517,0.26528245500150477,0.9829770387965162,275.8888888888889,False,mask,360.0,1.0,True,True,29.98763023003201,2825.102222222223,2825.102222222223,61.094576809956095,58.9056034341065
r563_svd_normalised_tr050_tid1_015,1,15,True,124,polygon,366.14038342609774,84.6660482374768,59.888888888888886,4.366145371594481,9.237162774420112,8.280960012605409,8.087913460118111,0.4430779964393867,0.9711711711711711,59.888888888888886,False,mask,360.0,1.0,True,True,13.971665189102339,613.2622222222224,613.2622222222224,29.55892087814436,26.49907204033731
r563_svd_normalised_tr050_tid1_015,1,15,True,125,polygon,303.84896265560167,101.5134163208852,133.88888888888889,6.528258342276017,13.455931937588055,12.712154832453285,63.94283662975284,0.327863904676912,0.9844771241830066,133.88888888888889,False,mask,360.0,1.0,True,True,20.890426695283256,1371.0222222222224,1371.0222222222224,43.058982200281775,40.678895463850516
r563_svd_normalised_tr050_tid1_015,1,15,True,126,polygon,280.66048348492103,134.1178793681187,928.4444444444445,17.191074586513896,34.64844090425991,34.14391505404198,-13.228090597337856,0.17003099875617617,0.988407854270168,928.4444444444445,False,mask,360.0,1.0,True,True,55.01143867684447,9507.271111111113,9507.271111111113,110.87501089363171,109.26052817293436
r563_svd_normalised_tr050_tid1_015,1,15,True,127,polygon,256.0743961352657,91.3719806763285,38.333333333333336,3.4931188027862214,7.404815258694363,6.6058988081619505,-5.949121057080482,0.45182118373607827,0.9583333333333334,38.333333333333336,False,mask,360.0,1.0,True,True,11.177980168915909,392.5333333333334,392.5333333333334,23.695408827821964,21.138876186118242
r563_svd_normalised_tr050_tid1_015,1,15,True,128,polygon,231.99851851851852,223.25037037037035,200.0,7.978845608028654,16.73921137935925,15.258585914103898,66.50548195651793,0.4111948389994141,0.9814612868047983,200.0,False,mask,360.0,1.0,True,True,25.532305945691693,2048.0000000000005,2048.0000000000005,53.565476413949604,48.82747492513248
r563_svd_normalised_tr050_tid1_015,1,15,True,129,polygon,356.8347578347578,21.925925925925924,39.0,3.523362819972964,7.148259490358451,6.959140058623981,8.651223950176917,0.2285026551711509,0.9859550561797753,39.0,False,mask,360.0,1.0,True,True,11.274761023913484,399.36000000000007,399.36000000000007,22.874430369147046,22.26924818759674
r563_svd_normalised_tr050_tid1_015,1,15,True,130,polygon,225.7754266211604,158.1722411831627,162.77777777777777,7.198178652804806,14.650617344430183,14.183610681202332,-88.53817101489871,0.2504723425667632,0.9845430107526881,162.77777777777777,False,mask,360.0,1.0,True,True,23.03417168897538,1666.8444444444447,1666.8444444444447,46.88197550217659,45.38755417984746
r563_svd_normalised_tr050_tid1_015,1,15,True,131,polygon,76.15279958137101,90.31606488749345,70.77777777777777,4.746500435982923,9.864723127971368,9.16497002574259,57.781611515987734,0.36991624893414465,0.9710365853658537,70.77777777777777,False,mask,360.0,1.0,True,True,15.188801395145354,724.7644444444445,724.7644444444445,31.56711400950838,29.327904082376293
r563_svd_normalised_tr050_tid1_015,1,15,True,132,polygon,19.420069388844407,89.33546837469976,138.77777777777777,6.6463778593519525,13.652002362752976,12.990345434114912,-63.38750364538827,0.30754333833425435,0.98114689709348,138.77777777777777,False,mask,360.0,1.0,True,True,21.26840914992625,1421.0844444444447,1421.0844444444447,43.68640756080953,41.569105389167724
r563_svd_normalised_tr050_tid1_015,1,15,True,133,polygon,2.9620567375886524,174.3712765957447,104.44444444444444,5.765908360669666,18.110325454683256,7.767564201767855,-2.2630288628808892,0.9033507787472902,0.9842931937172775,104.44444444444444,False,mask,360.0,1.0,True,True,18.45090675414293,1069.5111111111114,1069.5111111111114,57.95304145498642,24.85620544565714
r563_svd_normalised_tr050_tid1_015,1,15,True,134,polygon,280.0293637846656,140.8520935290919,68.11111111111111,4.656225942287305,9.411028860724127,9.233425127572712,-36.17832057979069,0.19335872537154086,0.9668769716088328,68.11111111111111,False,mask,360.0,1.0,True,True,14.899923015319377,697.4577777777779,697.4577777777779,30.115292354317205,29.546960408232678
r563_svd_normalised_tr050_tid1_015,1,15,True,135,polygon,355.4547775346462,9.48431801604668,101.55555555555556,5.6856079121075975,12.138569589960348,10.681469679921323,89.96927849872824,0.4750456514738584,0.9692470837751855,101.55555555555556,False,mask,360.0,1.0,True,True,18.193945318744312,1039.928888888889,1039.928888888889,38.843422687873115,34.18070297574823
r563_svd_normalised_tr050_tid1_015,1,15,True,136,polygon,228.50452161331165,121.27798878639898,409.55555555555554,11.417774839031818,23.002682060545595,22.69628799838866,-66.39657727818128,0.16267278488917666,0.9847715736040609,409.55555555555554,False,mask,360.0,1.0,True,True,36.53687948490182,4193.84888888889,4193.84888888889,73.60858259374591,72.6281215948437
r563_svd_normalised_tr050_tid1_015,1,15,True,137,polygon,318.83450184501845,47.96039360393604,602.2222222222222,13.845334485410783,31.787295155447605,24.163006958356572,-68.33311785460502,0.6497515071703543,0.9883296863603209,602.2222222222222,False,mask,360.0,1.0,True,True,44.305070353314505,6166.755555555556,6166.755555555556,101.71934449743235,77.32162226674103
r563_svd_normalised_tr050_tid1_015,1,15,True,138,polygon,295.0462085308057,144.5454186413902,93.77777777777777,5.463551388155259,11.152032072779141,10.736196093348445,-54.954406093620605,0.27052806453072453,0.9723502304147466,93.77777777777777,False,mask,360.0,1.0,True,True,17.48336444209683,960.2844444444446,960.2844444444446,35.68650263289325,34.35582749871502
r563_svd_normalised_tr050_tid1_015,1,15,True,139,polygon,72.19191919191918,65.17731532189363,304.3333333333333,9.842373123148043,20.280458679252312,19.126328712019102,-87.05372020969781,0.3325332685345964,0.9838362068965517,304.3333333333333,False,mask,360.0,1.0,True,True,31.49559399407374,3116.373333333334,3116.373333333334,64.8974677736074,61.20425187846113
r563_svd_normalised_tr050_tid1_015,1,15,True,140,polygon,245.08852963818322,83.76610212984347,288.6666666666667,9.585690054019112,20.256352129852605,18.160132352567054,70.89387115604625,0.44301249847074337,0.9814884775217227,288.6666666666667,False,mask,360.0,1.0,True,True,30.67420817286116,2955.9466666666676,2955.9466666666676,64.82032681552833,58.11242352821458
r563_svd_normalised_tr050_tid1_015,1,15,True,141,polygon,54.480359147025816,92.2199775533109,33.0,3.2410224072142872,6.720240636386408,6.2687326338789475,-57.71011958003742,0.3603589503040113,0.9705882352941176,33.0,False,mask,360.0,1.0,True,True,10.37127170308572,337.9200000000001,337.9200000000001,21.504770036436508,20.059944428412635
r563_svd_normalised_tr050_tid1_015,1,15,True,142,polygon,225.57496251874065,204.25712143928035,148.22222222222223,6.868813484544772,14.11250286085649,13.394390986987636,-34.641806351012086,0.3149290960748486,0.9787234042553191,148.22222222222223,False,mask,360.0,1.0,True,True,21.98020315054327,1517.795555555556,1517.795555555556,45.16000915474077,42.86205115836044
r563_svd_normalised_tr050_tid1_015,1,15,True,143,polygon,350.891748366013,70.39787581699346,90.66666666666667,5.372159374714264,11.307845151942198,10.226330624891819,-59.74254504174239,0.42677645617111737,0.9679715302491103,90.66666666666667,False,mask,360.0,1.0,True,True,17.190909999085644,928.4266666666668,928.4266666666668,36.18510448621503,32.72425799965382
r563_svd_normalised_tr050_tid1_015,1,15,True,144,polygon,352.966903073286,162.93932230102442,47.0,3.8678889139475245,7.778797343951556,7.708721282237394,-58.20323893365303,0.1339255093650929,0.9701834862385321,47.0,False,mask,360.0,1.0,True,True,12.37724452463208,481.2800000000001,481.2800000000001,24.89215150064498,24.66790810315966
r563_svd_normalised_tr050_tid1_015,1,15,True,145,polygon,262.62130707251566,210.7375410325276,248.22222222222223,8.88884623018326,18.264563499627677,17.318629398698466,21.747957214425277,0.3176461537045656,0.983274647887324,248.22222222222223,False,mask,360.0,1.0,True,True,28.444307936586434,2541.795555555556,2541.795555555556,58.44660319880857,55.41961407583509
r563_svd_normalised_tr050_tid1_015,1,15,True,146,polygon,380.1584111031347,24.37233787987557,154.77777777777777,7.019066663611658,15.229777556232321,12.950672441352651,-62.38763927664821,0.5262142196658859,0.9782303370786517,154.77777777777777,False,mask,360.0,1.0,True,True,22.461013323557307,1584.9244444444446,1584.9244444444446,48.73528817994343,41.44215181232849
r563_svd_normalised_tr050_tid1_015,1,15,True,147,polygon,304.03589108910893,138.7483498349835,89.77777777777777,5.345760397387643,10.769104093771249,10.648407439997571,33.74377420852536,0.14929750318546503,0.9758454106280193,89.77777777777777,False,mask,360.0,1.0,True,True,17.10643327164046,919.3244444444446,919.3244444444446,34.461133100068,34.07490380799223
r563_svd_normalised_tr050_tid1_015,1,15,True,148,polygon,337.99000458505276,95.29151765245301,403.8888888888889,11.338510759933154,23.251666913381044,22.130527418187143,80.73245237688862,0.30677395025081405,0.9869671463480858,403.8888888888889,False,mask,360.0,1.0,True,True,36.28323443178609,4135.822222222223,4135.822222222223,74.40533412281934,70.81768773819886
r563_svd_normalised_tr050_tid1_015,1,15,True,149,polygon,206.42776551385825,56.432916360068674,151.0,6.93287767191607,15.371995080816548,12.540750465311733,-68.95361510366408,0.5783087164378529,0.9812274368231046,151.0,False,mask,360.0,1.0,True,True,22.185208550131424,1546.2400000000002,1546.2400000000002,49.19038425861296,40.13040148899755
r563_svd_normalised_tr050_tid1_015,1,15,True,150,polygon,119.25676406926407,84.7245670995671,136.88888888888889,6.600991337825539,13.859460703762638,12.840466195323465,-80.77392955543063,0.37635234506645776,0.9632525410476935,136.88888888888889,False,mask,360.0,1.0,True,True,21.123172281041725,1401.7422222222224,1401.7422222222224,44.35027425204044,41.08949182503509
r563_svd_normalised_tr050_tid1_015,1,15,True,151,polygon,264.1780538302277,92.6376811594203,17.88888888888889,2.3862544261198764,5.0054575581711855,4.5729568104357226,-68.3767913638161,0.4066272304566529,0.9698795180722891,17.88888888888889,False,mask,360.0,1.0,True,True,7.636014163583605,183.18222222222226,183.18222222222226,16.017464186147794,14.633461793394313
r563_svd_normalised_tr050_tid1_015,1,15,True,152,polygon,242.9471264367816,73.89272030651341,48.333333333333336,3.9223689056763327,8.207148478358876,7.538003976403094,-86.92241931447869,0.39549509489095924,0.9775280898876404,48.333333333333336,False,mask,360.0,1.0,True,True,12.551580498164265,494.93333333333345,494.93333333333345,26.262875130748405,24.121612724489903
r563_svd_normalised_tr050_tid1_015,1,15,True,153,polygon,283.24944518419886,77.17949400798935,417.22222222222223,11.524146739299347,24.3272703837861,21.860029855008197,-12.498725000355893,0.4388071059612848,0.9832416863053155,417.22222222222223,False,mask,360.0,1.0,True,True,36.87726956575791,4272.355555555557,4272.355555555557,77.84726522811553,69.95209553602623
r563_svd_normalised_tr050_tid1_015,1,15,True,154,polygon,44.9591280653951,83.34241598546775,40.77777777777778,3.602772516170339,7.406684676914353,7.025841168262866,-6.197143745101489,0.31653416683160196,0.9657894736842105,40.77777777777778,False,mask,360.0,1.0,True,True,11.528872051745084,417.5644444444445,417.5644444444445,23.70139096612593,22.482691738441172
r563_svd_normalised_tr050_tid1_015,1,15,True,155,polygon,306.0758097863542,152.88582586721802,322.44444444444446,10.131004610190775,20.45295131633124,20.090111221017043,63.78309109078466,0.1875253251711424,0.9840623940318752,322.44444444444446,False,mask,360.0,1.0,True,True,32.41921475261048,3301.831111111112,3301.831111111112,65.44944421225998,64.28835590725454
r563_svd_normalised_tr050_tid1_015,1,15,True,156,polygon,297.1914648212226,111.22260668973472,32.111111111111114,3.197074306770619,6.496530986391914,6.312543927539796,20.002370634992083,0.2363039640493371,0.9697986577181208,32.111111111111114,False,mask,360.0,1.0,True,True,10.230637781665981,328.81777777777785,328.81777777777785,20.788899156454125,20.20014056812735
r563_svd_normalised_tr050_tid1_015,1,15,True,157,polygon,156.81436186892444,111.17089996864222,118.11111111111111,6.131552359298486,12.3218662614048,12.223896312987977,73.9748106465808,0.12585144705201967,0.9698905109489051,118.11111111111111,False,mask,360.0,1.0,True,True,19.620967549755157,1209.4577777777781,1209.4577777777781,39.429972036495364,39.11646820156153
r563_svd_normalised_tr050_tid1_015,1,15,True,158,polygon,288.87311265969805,120.40708478513356,127.55555555555556,6.371985120117519,12.84312019239401,12.667139968551126,-3.9717164750634972,0.1649752631661415,0.9803586678052946,127.55555555555556,False,mask,360.0,1.0,True,True,20.39035238437606,1306.1688888888891,1306.1688888888891,41.097984615660835,40.534847899363605
r563_svd_normalised_tr050_tid1_015,1,15,True,159,polygon,271.74233023095485,194.76077214753533,214.88888888888889,8.27050529075361,17.32707634328854,15.822790149507997,6.4765727844694805,0.40754994393838695,0.9812278031456113,214.88888888888889,False,mask,360.0,1.0,True,True,26.465616930411553,2200.4622222222224,2200.4622222222224,55.446644298523324,50.63292847842559
r563_svd_normalised_tr050_tid1_015,1,15,True,160,polygon,235.73695420660275,235.8503727369542,69.55555555555556,4.705339623485133,9.732730695420184,9.122776502802312,35.57316683234749,0.34844401822796195,0.9873817034700315,69.55555555555556,False,mask,360.0,1.0,True,True,15.057086795152427,712.248888888889,712.248888888889,31.14473822534459,29.1928848089674
r563_svd_normalised_tr050_tid1_015,1,15,True,161,polygon,326.5457957957958,49.773273273273276,98.66666666666667,5.604156978243979,11.805053973835738,10.65468921161787,-83.55256206186652,0.43057836168244273,0.9715536105032823,98.66666666666667,False,mask,360.0,1.0,True,True,17.933302330380734,1010.3466666666669,1010.3466666666669,37.77617271627437,34.09500547717718
r563_svd_normalised_tr050_tid1_015,1,15,True,162,polygon,207.31195112638412,197.53493699885453,97.0,5.556622981616415,11.565550703830445,10.714438992575529,62.14348163400976,0.37651688682599616,0.9754189944134078,97.0,False,mask,360.0,1.0,True,True,17.781193541172527,993.2800000000002,993.2800000000002,37.009762252257424,34.286204776241696
r563_svd_normalised_tr050_tid1_015,1,15,True,163,polygon,310.3512496236073,88.760162601626,246.0,8.848967849484623,18.09105892582779,17.34016737617371,62.69187640527572,0.2851134545231021,0.9831261101243339,246.0,False,mask,360.0,1.0,True,True,28.316697118350795,2519.0400000000004,2519.0400000000004,57.891388562648935,55.48853560375588
r563_svd_normalised_tr050_tid1_015,1,15,True,164,polygon,267.23385012919897,86.07105943152455,28.666666666666668,3.020742194219052,6.290215994923506,5.827943744755057,1.8629370784291868,0.37627181632833434,0.9847328244274809,28.666666666666668,False,mask,360.0,1.0,True,True,9.666375021500969,293.54666666666674,293.54666666666674,20.128691183755222,18.649419983216184
r563_svd_normalised_tr050_tid1_015,1,15,True,165,polygon,399.1562231191628,90.04983477384779,151.1102391946213,6.935407921618259,13.870815843236517,13.870815843236517,,0.0,0.9862637362637363,79.77777777777777,True,circle,180.0,0.5138888888888888,True,True,22.19330534917843,1547.3688493529223,816.9244444444446,44.38661069835686,44.38661069835686
r563_svd_normalised_tr050_tid1_015,1,15,True,166,polygon,348.85189669087976,27.677966101694917,91.77777777777777,5.404976780583398,11.212775490018176,10.464528508933212,-30.004349218283803,0.35917987437135723,0.9833333333333333,91.77777777777777,False,mask,360.0,1.0,True,True,17.295925697866874,939.8044444444446,939.8044444444446,35.880881568058165,33.48649122858628
r563_svd_normalised_tr050_tid1_015,1,15,True,167,polygon,197.1289297928963,238.91180505737788,1424.9996268777818,21.29768694115422,42.59537388230844,42.59537388230844,,0.0,0.9941102635898427,1144.0,True,circle,240.0,0.6638888888888889,True,True,68.1525982116935,14591.996179228488,11714.560000000003,136.305196423387,136.305196423387
r563_svd_normalised_tr050_tid1_015,1,15,True,168,polygon,256.3355537052456,76.90230363585901,400.3333333333333,11.28849227173013,23.583889128732423,21.626137315389816,77.30339981573901,0.3989153734045644,0.9828150572831423,400.3333333333333,False,mask,360.0,1.0,True,True,36.12317526953642,4099.413333333334,4099.413333333334,75.46844521194376,69.20363940924742
r563_svd_normalised_tr050_tid1_015,1,15,True,169,polygon,337.2766990291262,40.14724919093851,22.88888888888889,2.69921462968317,5.677795335955943,5.142500362036266,-16.27364163589304,0.4238736443298887,0.9856459330143541,22.88888888888889,False,mask,360.0,1.0,True,True,8.637486814986145,234.38222222222228,234.38222222222228,18.168945075059018,16.456001158516052
r563_svd_normalised_tr050_tid1_015,1,15,True,170,polygon,289.81958716157453,245.91144704436246,187.00204139491274,7.715218630249644,15.430437260499287,15.430437260499287,,0.0,0.9858314690529456,146.88888888888889,True,circle,240.0,0.6527777777777778,True,True,24.68869961679886,1914.9009038839067,1504.1422222222225,49.37739923359772,49.37739923359772
r563_svd_normalised_tr050_tid1_015,1,15,True,171,polygon,277.75434618291763,217.93953136810282,98.0,5.585191925620057,11.567584026989818,10.815287359668881,6.250102671663579,0.3547397091929372,0.9713656387665198,98.0,False,mask,360.0,1.0,True,True,17.872614161984185,1003.5200000000002,1003.5200000000002,37.01626888636742,34.60891955094042
r563_svd_normalised_tr050_tid1_015,1,15,True,172,polygon,349.1111111111111,151.83978174603175,74.66666666666667,4.875155194287635,10.060375675637852,9.4872880480359,-15.957697837391336,0.33269306451137703,0.9767441860465116,74.66666666666667,False,mask,360.0,1.0,True,True,15.600496621720433,764.5866666666668,764.5866666666668,32.193202162041125,30.35932175371488
r563_svd_normalised_tr050_tid1_015,1,15,True,173,polygon,245.90005316321106,239.91068580542264,139.33333333333334,6.659667970322658,13.505899302396996,13.169555535278498,21.08400402116572,0.22178087943768404,0.9758754863813229,139.33333333333334,False,mask,360.0,1.0,True,True,21.310937505032506,1426.7733333333338,1426.7733333333338,43.21887776767039,42.142577712891196
r563_svd_normalised_tr050_tid1_015,1,15,True,174,polygon,152.78590425531914,33.64494680851064,83.55555555555556,5.1571852185967,10.651864587215956,10.004261944251787,87.17513609327685,0.34336269743168485,0.9665809768637532,83.55555555555556,False,mask,360.0,1.0,True,True,16.50299269950944,855.608888888889,855.608888888889,34.08596667909106,32.013638221605724
r563_svd_normalised_tr050_tid1_015,1,15,True,175,polygon,311.85842759478356,259.2965293336933,907.9646709523184,17.000415614617644,34.00083122923529,34.00083122923529,,0.0,0.9820031298904538,139.44444444444446,True,circle,120.0,0.30277777777777776,False,True,54.401329966776466,9297.558230551742,1427.9111111111115,108.80265993355293,108.80265993355293
r563_svd_normalised_tr050_tid1_015,1,15,True,176,polygon,184.12423124231245,171.5123001230012,60.22222222222222,4.378279194077338,8.971256038141767,8.577379146735788,81.62816242139264,0.29305468726390416,0.9695885509838998,60.22222222222222,False,mask,360.0,1.0,True,True,14.010493421047483,616.6755555555557,616.6755555555557,28.70801932205366,27.447613269554523
r563_svd_normalised_tr050_tid1_015,1,15,True,177,polygon,57.588235294117645,140.49803921568628,75.55555555555556,4.904088120073085,10.064154381285952,9.576929537461274,-89.95396187937122,0.3073761368653306,0.9770114942528736,75.55555555555556,False,mask,360.0,1.0,True,True,15.69308198423387,773.6888888888891,773.6888888888891,32.20529402011505,30.646174519876077
r563_svd_normalised_tr050_tid1_015,1,15,True,178,polygon,303.6010733452594,48.441860465116285,62.111111111111114,4.446412116361523,9.103668681013408,8.71274020713233,-28.443667709848715,0.2898960474370846,0.9738675958188153,62.111111111111114,False,mask,360.0,1.0,True,True,14.228518772356873,636.017777777778,636.017777777778,29.131739779242906,27.880768662823456
r563_svd_normalised_tr050_tid1_015,1,15,True,179,polygon,279.9816933638444,206.28222730739893,48.55555555555556,3.9313755051482446,7.902464964860703,7.829008227249052,-54.87143553857269,0.13603101430905945,0.9798206278026906,48.55555555555556,False,mask,360.0,1.0,True,True,12.580401616474383,497.208888888889,497.208888888889,25.28788788755425,25.052826327196968
r563_svd_normalised_tr050_tid1_015,1,15,True,180,polygon,305.3550724637681,25.689613526570046,30.666666666666668,3.124340438605069,6.3792608874484324,6.176483428357058,47.69533166794688,0.2501270761646415,0.9787234042553191,30.666666666666668,False,mask,360.0,1.0,True,True,9.99788940353622,314.02666666666676,314.02666666666676,20.413634839834984,19.76474697074259
r563_svd_normalised_tr050_tid1_015,1,15,True,181,polygon,243.2803738317757,127.85046728971963,11.88888888888889,1.9453408105198318,4.06946336580726,3.7180580472255294,26.271800456363636,0.4065057086438156,0.9727272727272728,11.88888888888889,False,mask,360.0,1.0,True,True,6.225090593663462,121.74222222222225,121.74222222222225,13.022282770583232,11.897785751121695
r563_svd_normalised_tr050_tid1_015,1,15,True,182,polygon,241.28703703703704,204.62686567164178,268.0,9.23618154310838,19.16096112691814,17.84604617026135,44.731338022908176,0.3640604702705555,0.9840881272949816,268.0,False,mask,360.0,1.0,True,True,29.555780937946817,2744.3200000000006,2744.3200000000006,61.315075606138045,57.10734774483632
r563_svd_normalised_tr050_tid1_015,1,15,True,183,polygon,97.78867102396515,85.29193899782136,34.0,3.2897623212397704,6.875661329675933,6.30897810864093,-89.37214094589838,0.3975482343327487,0.9745222929936306,34.0,False,mask,360.0,1.0,True,True,10.527239427967267,348.1600000000001,348.1600000000001,22.002116254962985,20.188729947650977
r563_svd_normalised_tr050_tid1_015,1,15,True,184,polygon,273.1296296296296,104.08641975308642,24.0,2.763953195770684,5.644716655898283,5.420188933112129,59.01515300075027,0.27923296982417034,0.9908256880733946,24.0,False,mask,360.0,1.0,True,True,8.84465022646619,245.76000000000005,245.76000000000005,18.063093298874506,17.344604585958816
r563_svd_normalised_tr050_tid1_015,1,15,True,185,polygon,243.89669594312002,38.8172312839816,88.55555555555556,5.309247480559862,10.970699139819542,10.316787415254302,-1.7494732344983297,0.3400849790503357,0.9731379731379731,88.55555555555556,False,mask,360.0,1.0,True,True,16.98959193779156,906.8088888888891,906.8088888888891,35.106237247422534,33.01371972881377
r563_svd_normalised_tr050_tid1_015,1,15,True,186,polygon,83.87345679012346,78.72839506172839,24.0,2.763953195770684,5.779821878407823,5.313692645509307,89.98311204265745,0.39343527310819515,0.972972972972973,24.0,False,mask,360.0,1.0,True,True,8.84465022646619,245.76000000000005,245.76000000000005,18.495430010905036,17.003816465629782
r563_svd_normalised_tr050_tid1_015,1,15,True,187,polygon,215.4348508634223,214.0094191522763,70.77777777777777,4.746500435982923,9.557994406456771,9.453613484823022,-7.538791735906991,0.14738497625741837,0.9740061162079511,70.77777777777777,False,mask,360.0,1.0,True,True,15.188801395145354,724.7644444444445,724.7644444444445,30.585582100661668,30.251563151433672
r563_svd_normalised_tr050_tid1_015,1,15,True,188,polygon,226.85451505016724,215.6716833890747,132.88888888888889,6.503833261801276,13.497330851202312,12.554137863406154,64.65073251391186,0.36725565724620934,0.976326530612245,132.88888888888889,False,mask,360.0,1.0,True,True,20.812266437764084,1360.7822222222223,1360.7822222222223,43.191458723847404,40.1732411628997
r563_svd_normalised_tr050_tid1_015,1,15,True,189,polygon,62.90239043824701,72.66401062416999,55.77777777777778,4.213622918110876,8.929433051815028,7.994423759451833,73.53017616327224,0.4454856807950545,0.9728682170542635,55.77777777777778,False,mask,360.0,1.0,True,True,13.483593337954805,571.1644444444446,571.1644444444446,28.574185765808092,25.58215603024587
r563_svd_normalised_tr050_tid1_015,1,15,True,190,polygon,294.37012263099217,98.68115942028986,33.22222222222222,3.251916630900638,6.846431044792258,6.230186762035037,50.42068750109707,0.4146292427013747,0.9522292993630573,33.22222222222222,False,mask,360.0,1.0,True,True,10.406133218882042,340.1955555555556,340.1955555555556,21.908579343335226,19.93659763851212
r563_svd_normalised_tr050_tid1_015,1,15,True,191,polygon,253.6130952380952,143.5,12.444444444444445,1.9902737738139489,4.10960933531265,3.8526575920449964,0.0,0.3480515814211352,0.9824561403508771,12.444444444444445,False,mask,360.0,1.0,True,True,6.368876076204637,127.43111111111114,127.43111111111114,13.150749873000482,12.32850429454399
r563_svd_normalised_tr050_tid1_015,1,15,True,192,polygon,283.81060606060606,99.97727272727273,9.777777777777779,1.764189142800409,3.6441178311828324,3.4166611298945746,15.59986263228697,0.3477629129627888,0.967032967032967,9.777777777777779,False,mask,360.0,1.0,True,True,5.645405256961309,100.12444444444448,100.12444444444448,11.661177059785064,10.93331561566264
r563_svd_normalised_tr050_tid1_015,1,15,True,193,polygon,290.1889367816092,96.38864942528737,51.55555555555556,4.051005186497665,8.410589148304776,7.825082546082931,54.10942966410166,0.36658493224510813,0.9768421052631578,51.55555555555556,False,mask,360.0,1.0,True,True,12.96321659679253,527.928888888889,527.928888888889,26.913885274575286,25.04026414746538
r563_svd_normalised_tr050_tid1_015,1,15,True,194,polygon,131.36021505376343,47.32258064516129,13.777777777777779,2.094183104771406,4.420439775421793,3.982271539794583,15.810823570027699,0.43407491502156426,0.9841269841269841,13.777777777777779,False,mask,360.0,1.0,True,True,6.701385935268499,141.08444444444447,141.08444444444447,14.145407281349737,12.743268927342667
r563_svd_normalised_tr050_tid1_015,1,15,True,195,polygon,244.6739288307916,217.27136286613413,153.0,6.978639737521917,14.085412696627161,13.842770463931549,69.84827283892115,0.18481404080675667,0.9807692307692307,153.0,False,mask,360.0,1.0,True,True,22.331647160070133,1566.7200000000003,1566.7200000000003,45.07332062920692,44.29686548458096
r563_svd_normalised_tr050_tid1_015,1,15,True,196,polygon,206.7579305201034,254.565416463835,316.63372292317274,10.03930497124303,20.07860994248606,20.07860994248606,,0.0,0.9872727272727273,60.333333333333336,True,circle,120.0,0.33055555555555555,False,True,32.1257759079777,3242.3293227332897,617.8133333333335,64.2515518159554,64.2515518159554
r563_svd_normalised_tr050_tid1_015,1,15,True,197,polygon,260.64510779436154,235.7346600331675,22.333333333333332,2.6662559500989382,5.4241237166057035,5.260170526512246,21.152044581011065,0.24400755260652013,0.9757281553398058,22.333333333333332,False,mask,360.0,1.0,True,True,8.532019040316603,228.69333333333336,228.69333333333336,17.35719589313825,16.832545684839186
r563_svd_normalised_tr050_tid1_015,1,15,True,198,polygon,300.5237121287705,183.5445641690778,2227.3333333333335,26.626720035083114,54.9299756300639,51.699817341551125,3.1411671099727085,0.3378638907860767,0.9915908191531461,2227.3333333333335,False,mask,360.0,1.0,True,True,85.20550411226597,22807.89333333334,22807.89333333334,175.7759220162045,165.4394154929636
r563_svd_normalised_tr050_tid1_015,1,15,True,199,polygon,283.1045197740113,95.0,13.11111111111111,2.042889200500314,4.232632733908833,3.9816495117164976,-63.25043533208114,0.3392318100254705,0.9516129032258065,13.11111111111111,False,mask,360.0,1.0,True,True,6.537245441601005,134.2577777777778,134.2577777777778,13.544424748508266,12.741278437492793
r563_svd_normalised_tr050_tid1_015,1,15,True,200,polygon,207.4562706270627,213.23762376237622,44.888888888888886,3.7800234275912956,7.791758013184559,7.364785037920445,7.6399798526548475,0.32648619034872056,0.964200477326969,44.888888888888886,False,mask,360.0,1.0,True,True,12.096074968292147,459.6622222222223,459.6622222222223,24.93362564219059,23.567312121345424
r563_svd_normalised_tr050_tid1_015,1,15,True,201,polygon,52.182501341921636,71.42136339237788,69.0,4.686510657907603,9.773041226875236,9.014711005920413,-58.382248055021776,0.38622187082246384,0.9825949367088608,69.0,False,mask,360.0,1.0,True,True,14.99683410530433,706.5600000000002,706.5600000000002,31.273731926000757,28.84707521894532
r563_svd_normalised_tr050_tid1_015,1,15,True,202,polygon,289.0052083333333,102.44791666666667,14.222222222222221,2.127692162140974,5.126150702936664,3.5956560131951423,89.86214095412124,0.7127344858752765,0.9411764705882353,14.222222222222221,False,mask,360.0,1.0,True,True,6.808614918851117,145.63555555555558,145.63555555555558,16.403682249397328,11.506099242224456
r563_svd_normalised_tr050_tid1_015,1,15,True,203,polygon,175.12437810945275,201.68532338308458,29.77777777777778,3.0787271810361267,6.256537177550331,6.078453479953289,65.6464080934587,0.23689040209216886,0.9781021897810219,29.77777777777778,False,mask,360.0,1.0,True,True,9.851926979315607,304.92444444444453,304.92444444444453,20.02091896816106,19.451051135850527
r563_svd_normalised_tr050_tid1_015,1,15,True,204,polygon,343.44863731656187,4.278825995807128,17.666666666666668,2.3713866525545,4.945363455112701,4.560805090009199,84.17816649090514,0.38662120603880706,0.99375,17.666666666666668,False,mask,360.0,1.0,True,True,7.588437288174401,180.90666666666672,180.90666666666672,15.825163056360644,14.594576288029439
r563_svd_normalised_tr050_tid1_015,1,15,True,205,polygon,315.51067780872796,93.05942432683379,39.888888888888886,3.563288885597138,7.426346029376784,6.857074642201657,-4.098343865012781,0.3839729321296906,0.9650537634408602,39.888888888888886,False,mask,360.0,1.0,True,True,11.402524433910841,408.4622222222223,408.4622222222223,23.76430729400571,21.942638855045303
r563_svd_normalised_tr050_tid1_015,1,15,True,206,polygon,234.81455745069138,147.84845932477012,527.6666666666666,12.959996782779188,27.025184697188326,24.90093035600434,-17.670771561032314,0.3886221070767705,0.9858833298733651,527.6666666666666,False,mask,360.0,1.0,True,True,41.4719897048934,5403.306666666667,5403.306666666667,86.48059103100265,79.6829771392139
r563_svd_normalised_tr050_tid1_015,1,15,True,207,polygon,233.89115646258503,92.9591836734694,16.333333333333332,2.2801450555469596,4.680207480086157,4.462874032269567,-42.6489108808388,0.3011927226399689,1.0,16.333333333333332,False,mask,360.0,1.0,True,True,7.296464177750271,167.25333333333336,167.25333333333336,14.976663936275703,14.281196903262614
r563_svd_normalised_tr050_tid1_015,1,15,True,208,polygon,322.4870825456837,213.24133585381222,58.77777777777778,4.325453473866132,9.056908311739447,8.282113843030643,-55.06502112212765,0.40469290026704996,0.9706422018348624,58.77777777777778,False,mask,360.0,1.0,True,True,13.841451116371623,601.8844444444446,601.8844444444446,28.98210659756623,26.50276429769806
r563_svd_normalised_tr050_tid1_015,1,15,True,209,polygon,222.17191011235957,168.0573033707865,98.88888888888889,5.6104644163441355,11.3445697117546,11.16056097972504,8.877241778672971,0.17937914837969143,0.978021978021978,98.88888888888889,False,mask,360.0,1.0,True,True,17.953486132301233,1012.6222222222224,1012.6222222222224,36.30262307761472,35.71379513512013
r563_svd_normalised_tr050_tid1_015,1,15,True,210,polygon,4.221611721611722,230.66300366300368,20.22222222222222,2.5371112025173193,5.274014004014765,4.88495178946649,37.44896803735726,0.3769580286712583,0.994535519125683,20.22222222222222,False,mask,360.0,1.0,True,True,8.118755848055422,207.07555555555558,207.07555555555558,16.87684481284725,15.631845726292767
r563_svd_normalised_tr050_tid1_015,1,15,True,211,polygon,326.70765765765765,81.23828828828829,82.22222222222223,5.1158719879736925,10.71685686101815,9.805300823326837,-73.35458377330461,0.40358569648875303,0.9635416666666666,82.22222222222223,False,mask,360.0,1.0,True,True,16.370790361515816,841.9555555555557,841.9555555555557,34.29394195525808,31.376962634645878
r563_svd_normalised_tr050_tid1_015,1,15,True,212,polygon,240.4015748031496,41.7748031496063,70.55555555555556,4.7390432429471465,10.175847046803623,8.85043293131279,84.63941126025583,0.4934943296271581,0.9739263803680982,70.55555555555556,False,mask,360.0,1.0,True,True,15.16493837743087,722.488888888889,722.488888888889,32.562710549771595,28.32138538020093
r563_svd_normalised_tr050_tid1_015,1,15,True,213,polygon,189.05776672194585,9.146213377556661,134.0,6.530966601401967,14.188398979943264,12.058796858850648,-65.002243894931,0.5269353064917843,0.9812855980471928,134.0,False,mask,360.0,1.0,True,True,20.899093124486296,1372.1600000000003,1372.1600000000003,45.402876735818445,38.58814994832208
r563_svd_normalised_tr050_tid1_015,1,15,True,214,polygon,303.5124653739612,144.65096952908587,40.111111111111114,3.5732006958024565,7.625585945983404,6.722187776410397,8.371881877212074,0.4721267877102495,0.955026455026455,40.111111111111114,False,mask,360.0,1.0,True,True,11.43424222656786,410.73777777777786,410.73777777777786,24.401875027146893,21.511000884513273
r563_svd_normalised_tr050_tid1_015,1,15,True,215,polygon,240.9714656290532,217.22438391699094,28.555555555555557,3.0148823590322396,6.506688444338166,5.609157918234401,8.920269738174206,0.5068056884081855,0.9661654135338346,28.555555555555557,False,mask,360.0,1.0,True,True,9.647623548903168,292.40888888888895,292.40888888888895,20.821403021882134,17.949305338350083
r563_svd_normalised_tr050_tid1_015,1,15,True,216,polygon,3.781040107464978,151.27864133563614,193.0,7.837972188868215,26.305284855048143,10.181830216647912,-0.7623545149217886,0.9220528279557046,0.9785915492957746,193.0,False,mask,360.0,1.0,True,True,25.08151100437829,1976.3200000000004,1976.3200000000004,84.17691153615407,32.581856693273316
r563_svd_normalised_tr050_tid1_015,1,15,True,217,polygon,231.4302600472813,109.07880220646177,47.0,3.8678889139475245,8.033945276379594,7.5061909948681675,-29.772013806946116,0.3564629729591677,0.986013986013986,47.0,False,mask,360.0,1.0,True,True,12.37724452463208,481.2800000000001,481.2800000000001,25.708624884414704,24.01981118357814
r563_svd_normalised_tr050_tid1_015,1,15,True,218,polygon,321.0244680851064,100.04893617021277,104.44444444444444,5.765908360669666,11.96012740115618,11.156384019095164,-22.88035487989994,0.3603993891266534,0.9700722394220846,104.44444444444444,False,mask,360.0,1.0,True,True,18.45090675414293,1069.5111111111114,1069.5111111111114,38.272407683699775,35.70042886110453
r563_svd_normalised_tr050_tid1_015,1,15,True,219,polygon,205.10126582278482,2.228902953586498,70.22222222222223,4.727835399326886,15.842452268778741,6.05578340887206,-88.0425441154601,0.9240587895559299,0.9768160741885626,70.22222222222223,False,mask,360.0,1.0,True,True,15.129073277846036,719.0755555555558,719.0755555555558,50.69584726009197,19.37850690839059
r563_svd_normalised_tr050_tid1_015,1,15,True,220,polygon,319.85135135135135,110.66891891891892,16.444444444444443,2.2878875058592323,4.823939496747095,4.3761579738777385,-62.18112594664525,0.42075321840160673,0.9673202614379085,16.444444444444443,False,mask,360.0,1.0,True,True,7.321240018749544,168.39111111111112,168.39111111111112,15.436606389590706,14.003705516408765
r563_svd_normalised_tr050_tid1_015,1,15,True,221,polygon,232.85507246376812,123.47412008281573,17.88888888888889,2.3862544261198764,5.082414260032498,4.531348604348614,7.435320717745463,0.45287496602777894,0.9817073170731707,17.88888888888889,False,mask,360.0,1.0,True,True,7.636014163583605,183.18222222222226,183.18222222222226,16.263725632103995,14.500315533915566
r563_svd_normalised_tr050_tid1_015,1,15,True,222,polygon,250.37472283813747,244.57132298595715,50.111111111111114,3.9938530361445532,8.576275808983874,7.474696611866655,-71.95717562591312,0.49029763446075747,0.9678111587982833,50.111111111111114,False,mask,360.0,1.0,True,True,12.780329715662571,513.137777777778,513.137777777778,27.4440825887484,23.9190291579733
r563_svd_normalised_tr050_tid1_015,1,15,True,223,polygon,377.39669421487605,81.33333333333333,13.444444444444445,2.0686951396751065,4.246982980642469,4.076394476984851,-66.79313048214085,0.28057188777652786,0.968,13.444444444444445,False,mask,360.0,1.0,True,True,6.619824446960341,137.67111111111114,137.67111111111114,13.5903455380559,13.044462326351525
r563_svd_normalised_tr050_tid1_015,1,15,True,224,polygon,216.978354978355,188.0844155844156,17.11111111111111,2.333802868765049,5.333002234898539,4.109300262291967,-78.13062162112398,0.6373896677178501,0.9565217391304348,17.11111111111111,False,mask,360.0,1.0,True,True,7.468169180048157,175.2177777777778,175.2177777777778,17.065607151675326,13.149760839334295
r563_svd_normalised_tr050_tid1_015,1,15,True,225,polygon,81.38169257340242,100.2314335060449,21.444444444444443,2.612657396289405,5.377366992306217,5.0891421132167585,78.39023054343913,0.3229958806771412,0.9698492462311558,21.444444444444443,False,mask,360.0,1.0,True,True,8.360503668126096,219.59111111111113,219.59111111111113,17.207574375379895,16.28525476229363
r563_svd_normalised_tr050_tid1_015,1,15,True,226,polygon,254.24927536231883,238.87826086956522,25.555555555555557,2.8521195592493016,5.743522940198768,5.687423832991384,-41.556671126593976,0.13942502020143008,0.9583333333333334,25.555555555555557,False,mask,360.0,1.0,True,True,9.126782589597765,261.688888888889,261.688888888889,18.37927340863606,18.19975626557243
r563_svd_normalised_tr050_tid1_015,1,15,True,227,polygon,236.70645161290324,234.90537634408602,103.33333333333333,5.735156630147518,12.129914089147924,10.854168255536012,-62.95076785491262,0.44641413647934824,0.9707724425887265,103.33333333333333,False,mask,360.0,1.0,True,True,18.35250121647206,1058.1333333333334,1058.1333333333334,38.81572508527336,34.73333841771524
r563_svd_normalised_tr050_tid1_015,1,15,True,228,polygon,330.13440860215053,229.32795698924733,27.555555555555557,2.9616221488603185,6.297230629222747,5.598082465069445,58.19703102089307,0.45795515326576913,0.9725490196078431,27.555555555555557,False,mask,360.0,1.0,True,True,9.477190876353019,282.16888888888894,282.16888888888894,20.151138013512792,17.913863888222224
r563_svd_normalised_tr050_tid1_015,1,15,True,229,polygon,66.99166666666666,9.408333333333333,35.55555555555556,3.36417669602688,7.049809848672665,6.446201550594833,-56.863016276002746,0.40485817759972387,0.9523809523809523,35.55555555555556,False,mask,360.0,1.0,True,True,10.765365427286017,364.08888888888896,364.08888888888896,22.55939151575253,20.627844961903467
r563_svd_normalised_tr050_tid1_015,1,15,True,230,polygon,2.1555814858031894,153.79035394788022,95.22222222222223,5.505467711078068,22.160415824460785,5.849419429274275,0.8387414349535457,0.9645341699323671,0.9738636363636364,95.22222222222223,False,mask,360.0,1.0,True,True,17.617496675449818,975.0755555555559,975.0755555555559,70.91333063827452,18.71814217367768
r563_svd_normalised_tr050_tid1_015,1,15,True,231,polygon,191.29831803467843,247.3628860260303,33.31002323678427,3.256210942994975,6.51242188598995,6.51242188598995,,0.0,0.9709090909090909,29.666666666666668,True,circle,250.0,0.7305555555555555,True,True,10.41987501758392,341.094637944671,303.78666666666675,20.83975003516784,20.83975003516784
r563_svd_normalised_tr050_tid1_015,1,15,True,232,polygon,233.91091674765144,224.21639131843213,114.33333333333333,6.032696770130812,12.612132639542727,11.682332603602765,9.07078528150639,0.37684253954167746,0.9744318181818182,114.33333333333333,False,mask,360.0,1.0,True,True,19.3046296644186,1170.7733333333335,1170.7733333333335,40.35882444653673,37.38346433152885
r563_svd_normalised_tr050_tid1_015,1,15,True,233,polygon,299.64097496706194,152.58563899868247,56.22222222222222,4.230376952064123,8.901021764603733,8.087959945756563,9.41566839618179,0.41754721856346083,0.9768339768339769,56.22222222222222,False,mask,360.0,1.0,True,True,13.537206246605194,575.7155555555556,575.7155555555556,28.483269646731948,25.881471826421002
r563_svd_normalised_tr050_tid1_015,1,15,True,234,polygon,245.02651515151516,221.72348484848484,19.555555555555557,2.4949402123397033,5.5004734670202735,4.562148948160194,69.33836805696563,0.5586400227018944,0.9617486338797814,19.555555555555557,False,mask,360.0,1.0,True,True,7.983808679487051,200.24888888888896,200.24888888888896,17.601515094464876,14.59887663411262
r563_svd_normalised_tr050_tid1_015,1,15,True,235,polygon,381.86625514403295,84.47942386831276,18.0,2.393653682408596,5.1567484288418965,4.497951389478529,-17.655980179834604,0.4890680163425631,0.9759036144578314,18.0,False,mask,360.0,1.0,True,True,7.659691783707507,184.32000000000005,184.32000000000005,16.50159497229407,14.393444446331294
r563_svd_normalised_tr050_tid1_015,1,15,True,236,polygon,-0.707624845345167,214.63990105401064,40.98676541390949,3.6119928895200304,7.223985779040061,7.223985779040061,,0.0,0.9883720930232558,18.88888888888889,True,circle,160.0,0.48055555555555557,True,True,11.558377246464097,419.70447783843326,193.42222222222227,23.116754492928195,23.116754492928195
r563_svd_normalised_tr050_tid1_015,1,15,True,237,polygon,307.64647538080055,111.84413744243712,104.55555555555556,5.76897451795134,11.910972293528744,11.189588880050097,-79.54081366965528,0.34272605890767216,0.9721074380165289,104.55555555555556,False,mask,360.0,1.0,True,True,18.460718457444287,1070.6488888888891,1070.6488888888891,38.11511133929198,35.806684416160316
r563_svd_normalised_tr050_tid1_015,1,15,True,238,polygon,-3.068476532753731,158.7624473954039,132.40557110995167,6.491995245693617,12.983990491387233,12.983990491387233,,0.0,0.9585987261146497,33.44444444444444,True,circle,140.0,0.36944444444444446,True,True,20.774384786219574,1355.8330481659052,342.47111111111116,41.54876957243915,41.54876957243915
r563_svd_normalised_tr050_tid1_015,1,15,True,239,polygon,216.75300546448088,206.15737704918033,67.77777777777777,4.644818266653142,9.617000788913822,8.983709404563898,67.23057577423984,0.356883854914742,0.9775641025641025,67.77777777777777,False,mask,360.0,1.0,True,True,14.863418453290056,694.0444444444445,694.0444444444445,30.774402524524234,28.747870094604476
r563_svd_normalised_tr050_tid1_015,1,15,True,240,polygon,176.3712146447525,-2.05884315355921,58.97052092402239,4.332539648234556,8.665079296469113,8.665079296469113,,0.0,0.9470198675496688,15.88888888888889,True,circle,130.0,0.38055555555555554,False,True,13.864126874350582,603.8581342619893,162.70222222222225,27.728253748701164,27.728253748701164
r563_svd_normalised_tr050_tid1_015,1,15,True,241,polygon,327.21975019516003,46.995316159250585,189.77777777777777,7.772267548447954,18.327794813017217,13.456019293425099,-17.180511432023984,0.6789478638968207,0.953125,189.77777777777777,False,mask,360.0,1.0,True,True,24.871256155033453,1943.3244444444447,1943.3244444444447,58.648943401655096,43.059261738960316
r563_svd_normalised_tr050_tid1_015,1,15,True,242,polygon,50.2746719160105,79.67926509186351,564.4444444444445,13.404038453696858,34.557467505020924,21.781913380958997,-66.8372642308857,0.7763436406864818,0.9143268538516919,564.4444444444445,False,mask,360.0,1.0,True,True,42.892923051829946,5779.911111111112,5779.911111111112,110.58389601606696,69.70212281906879
r563_svd_normalised_tr050_tid1_015,1,15,True,243,polygon,243.46081677704194,227.90397350993376,67.11111111111111,4.621918447944047,9.486945743907196,9.039900309138778,6.877749018480363,0.30335430439003097,0.975767366720517,67.11111111111111,False,mask,360.0,1.0,True,True,14.790139033420951,687.217777777778,687.217777777778,30.358226380503027,28.92768098924409
r563_svd_normalised_tr050_tid1_015,1,15,True,244,polygon,250.85373134328358,229.55820895522388,37.22222222222222,3.4421216304865405,7.164171006897021,6.723502965681032,38.35655637174313,0.34530636996290226,0.9598853868194842,37.22222222222222,False,mask,360.0,1.0,True,True,11.014789217556931,381.1555555555556,381.1555555555556,22.92534722207047,21.515209490179302
r563_svd_normalised_tr050_tid1_015,1,15,True,245,polygon,346.7632850241546,79.93558776167471,23.0,2.7057581899030048,5.67076104692838,5.178540076619688,65.64664679660314,0.40751123837567904,1.0,23.0,False,mask,360.0,1.0,True,True,8.658426207689615,235.52000000000004,235.52000000000004,18.146435350170815,16.571328245183004
r563_svd_normalised_tr050_tid1_015,1,15,True,246,polygon,223.71731568693798,248.20149220542456,189.88432666023672,7.774449074198485,15.54889814839697,15.54889814839697,,0.0,0.9875835721107927,114.88888888888889,True,circle,200.0,0.5527777777777778,True,True,24.878237037435156,1944.4155050008244,1176.4622222222224,49.75647407487031,49.75647407487031
r563_svd_normalised_tr050_tid1_015,1,15,True,247,polygon,227.64734299516908,206.89855072463766,30.666666666666668,3.124340438605069,6.556363886722349,5.995137654157918,81.04640901860152,0.4048123687597269,0.9822064056939501,30.666666666666668,False,mask,360.0,1.0,True,True,9.99788940353622,314.02666666666676,314.02666666666676,20.98036443751152,19.18444049330534
r563_svd_normalised_tr050_tid1_015,1,15,True,248,polygon,222.08902691511386,183.39958592132507,17.88888888888889,2.3862544261198764,4.924782617832831,4.6387204036092635,-42.902440643319714,0.33585489496130977,0.9757575757575757,17.88888888888889,False,mask,360.0,1.0,True,True,7.636014163583605,183.18222222222226,183.18222222222226,15.759304377065058,14.843905291549644
r563_svd_normalised_tr050_tid1_015,1,15,True,249,polygon,273.92737430167597,175.2607076350093,19.88888888888889,2.5161140591285367,5.335603885106305,4.7758616057472,-10.21892221290103,0.4458795230322033,0.9835164835164835,19.88888888888889,False,mask,360.0,1.0,True,True,8.051564989211318,203.66222222222225,203.66222222222225,17.073932432340175,15.282757138391041
r563_svd_normalised_tr050_tid1_015,1,15,True,250,polygon,220.80952380952382,217.27846790890268,35.77777777777778,3.374673372691556,7.326051874523528,6.243270334700405,-57.11999447872213,0.5232141847134789,0.9787234042553191,35.77777777777778,False,mask,360.0,1.0,True,True,10.79895479261298,366.36444444444453,366.36444444444453,23.44336599847529,19.9784650710413
r563_svd_normalised_tr050_tid1_015,1,15,True,251,polygon,325.8008385744235,208.3406708595388,35.333333333333336,3.353647165673108,7.521245289660304,6.110339106158638,-55.59590365879549,0.5830858257295757,0.9244186046511628,35.333333333333336,False,mask,360.0,1.0,True,True,10.731670930153946,361.81333333333345,361.81333333333345,24.067984926912974,19.553085139707644
r563_svd_normalised_tr050_tid1_015,1,15,True,252,polygon,344.5359848484848,137.04734848484847,19.555555555555557,2.4949402123397033,5.166791019161659,4.849784451254603,-84.46140787619055,0.34488385787561426,0.9887640449438202,19.555555555555557,False,mask,360.0,1.0,True,True,7.983808679487051,200.24888888888896,200.24888888888896,16.53373126131731,15.519310244014731
r563_svd_normalised_tr050_tid1_015,1,15,True,253,polygon,289.5769230769231,99.22435897435896,5.777777777777778,1.3561429817094064,3.147783344757352,2.4519190624409783,75.04122564212473,0.6271044941893751,0.896551724137931,5.777777777777778,False,mask,360.0,1.0,True,True,4.339657541470101,59.164444444444456,59.164444444444456,10.072906703223527,7.846140999811131
r563_svd_normalised_tr050_tid1_015,1,15,True,254,polygon,227.9640208545637,247.11681520535998,55.30905286235471,4.1958811138483645,8.946496240691262,7.87142490105784,-37.49209877615593,0.4752824894934644,0.9719626168224299,46.22222222222222,True,ellipse,250.0,0.6861111111111111,True,True,13.426819564314767,566.3647013105124,473.31555555555565,28.62878797021204,25.18855968338509
r563_svd_normalised_tr050_tid1_015,1,15,True,255,polygon,267.3128205128205,94.61538461538463,7.222222222222222,1.5162139471557434,3.1832829071836932,2.910479581168405,-28.72213723627862,0.4050348148684503,0.9701492537313433,7.222222222222222,False,mask,360.0,1.0,True,True,4.851884630898379,73.95555555555558,73.95555555555558,10.186505302987818,9.313534659738897
r563_svd_normalised_tr050_tid1_015,1,15,True,256,polygon,268.593984962406,211.14912280701753,29.555555555555557,3.067217880260154,6.460006325715522,5.8616825848219625,-3.59611339655169,0.42031055318106186,0.9779411764705882,29.555555555555557,False,mask,360.0,1.0,True,True,9.815097216832493,302.64888888888896,302.64888888888896,20.672020242289673,18.75738427143028
r563_svd_normalised_tr050_tid1_015,1,15,True,257,polygon,215.04609929078015,216.22458628841608,31.333333333333332,3.1581180736464094,6.984734494431262,5.745773026671163,75.2047558700682,0.5685934553892822,0.9757785467128027,31.333333333333332,False,mask,360.0,1.0,True,True,10.105977835668511,320.8533333333334,320.8533333333334,22.351150382180037,18.38647368534772
r563_svd_normalised_tr050_tid1_015,1,15,True,258,polygon,224.36950904392765,181.1705426356589,14.333333333333334,2.135987289748623,4.4719111970756344,4.092991504436109,50.16743687773462,0.4028483917991088,0.9555555555555556,14.333333333333334,False,mask,360.0,1.0,True,True,6.835159327195594,146.77333333333337,146.77333333333337,14.310115830642031,13.097572814195551
r563_svd_normalised_tr050_tid1_015,1,15,True,259,polygon,276.0187353629977,216.45745511319282,142.33333333333334,6.730981141965328,16.471249895755836,12.196513628083657,27.393328053988885,0.6720862546677613,0.833984375,142.33333333333334,False,mask,360.0,1.0,True,True,21.539139654289052,1457.4933333333338,1457.4933333333338,52.70799966641868,39.02884360986771
r563_svd_normalised_tr050_tid1_015,1,15,True,260,polygon,250.39189189189187,129.86936936936937,8.222222222222221,1.6177807699850402,3.4308340067557297,3.0388839873202063,-11.667680971421268,0.4641499567923089,0.9866666666666667,8.222222222222221,False,mask,360.0,1.0,True,True,5.176898463952129,84.19555555555556,84.19555555555556,10.978668821618335,9.724428759424661
r563_svd_normalised_tr050_tid1_015,1,15,True,261,polygon,264.8701754385965,234.37543859649122,10.555555555555555,1.8330132807744652,3.861159369833963,3.4725939984253045,-16.436386596272143,0.43719729859913703,1.0,10.555555555555555,False,mask,360.0,1.0,True,True,5.865642498478289,108.0888888888889,108.0888888888889,12.355709983468682,11.112300794960975
r563_svd_normalised_tr050_tid1_015,1,15,True,262,polygon,327.2857142857143,243.96491228070178,14.777777777777779,2.1688505625085828,4.5073425349558045,4.182808514192177,-16.676278872458102,0.3725831536417378,0.9708029197080292,14.777777777777779,False,mask,360.0,1.0,True,True,6.940321800027466,151.32444444444448,151.32444444444448,14.423496111858576,13.384987245414969
r563_svd_normalised_tr050_tid1_015,1,15,True,263,polygon,272.59803921568624,155.31699346405227,11.333333333333334,1.8993451617376695,3.8306293860731047,3.760884802635274,56.55316342913565,0.18995437929467077,0.9902912621359223,11.333333333333334,False,mask,360.0,1.0,True,True,6.077904517560543,116.05333333333336,116.05333333333336,12.258014035433936,12.034831368432878
r563_svd_normalised_tr050_tid1_015,1,15,True,264,polygon,228.7264573991031,233.10463378176382,24.77777777777778,2.80838238570386,5.7226818325645,5.54360411357064,41.23072145736561,0.248205591529611,0.9911111111111112,24.77777777777778,False,mask,360.0,1.0,True,True,8.986823634252351,253.72444444444452,253.72444444444452,18.3125818642064,17.73953316342605
r563_svd_normalised_tr050_tid1_015,1,15,True,265,polygon,272.34947870316984,248.38043175420043,16.248428160999037,2.274210922186661,5.820696960146259,3.5542378199762132,-88.474645294747,0.7919232345838846,0.9558823529411765,14.444444444444445,True,ellipse,160.0,0.7166666666666667,True,True,7.277474950997315,166.38390436863017,147.91111111111115,18.62623027246803,11.373561023923884
r563_svd_normalised_tr050_tid1_015,1,15,True,266,polygon,300.6914893617021,139.21985815602838,10.444444444444445,1.823340319952377,3.8091601187454702,3.5394024579934187,39.32507564321712,0.3696228940683395,0.9215686274509803,10.444444444444445,False,mask,360.0,1.0,True,True,5.834689023847607,106.95111111111113,106.95111111111113,12.189312379985505,11.326087865578941
r563_svd_normalised_tr050_tid1_015,1,15,True,267,polygon,212.34325396825398,210.82539682539684,37.333333333333336,3.447255297217607,7.167949210558631,6.671739015769764,41.19005491870249,0.36559569680299936,0.9438202247191011,37.333333333333336,False,mask,360.0,1.0,True,True,11.031216951096344,382.2933333333334,382.2933333333334,22.93743747378762,21.349564850463246
r563_svd_normalised_tr050_tid1_015,1,15,True,268,polygon,316.9162790697674,42.93488372093023,23.88888888888889,2.7575477336357106,5.844507694525544,5.224641877119657,-74.59176001958828,0.44818574278011875,0.9817351598173516,23.88888888888889,False,mask,360.0,1.0,True,True,8.824152747634274,244.62222222222226,244.62222222222226,18.70242462248174,16.7188540067829
r563_svd_normalised_tr050_tid1_015,1,15,True,269,polygon,180.03630363036302,167.35313531353134,11.222222222222221,1.8900117137956478,3.9802643084418072,3.6221863415468385,63.75186816822918,0.414527829201857,0.9439252336448598,11.222222222222221,False,mask,360.0,1.0,True,True,6.048037484146073,114.91555555555557,114.91555555555557,12.736845787013785,11.590996292949884
r563_svd_normalised_tr050_tid1_015,1,15,True,270,polygon,188.3033033033033,209.42342342342343,12.333333333333334,1.9813687010751142,4.342970104265474,3.6882151305866397,69.95872365786911,0.528010288025105,0.925,12.333333333333334,False,mask,360.0,1.0,True,True,6.340379843440366,126.29333333333336,126.29333333333336,13.897504333649517,11.802288417877248
r563_svd_normalised_tr050_tid1_015,1,15,True,271,polygon,327.0080738177624,96.4204152249135,128.44444444444446,6.394148613541238,13.353615123963323,12.274226136859026,6.3906429374666995,0.3938638747576951,0.97883149872989,128.44444444444446,False,mask,360.0,1.0,True,True,20.461275563331963,1315.2711111111114,1315.2711111111114,42.73156839668263,39.27752363794889
r563_svd_normalised_tr050_tid1_015,1,15,True,272,polygon,1.5476753349093775,160.67218282111898,47.0,3.8678889139475245,14.980367399471712,4.2432433455699,-0.6843007171995867,0.9590450379612503,0.9441964285714286,47.0,False,mask,360.0,1.0,True,True,12.37724452463208,481.2800000000001,481.2800000000001,47.93717567830948,13.578378705823681
r563_svd_normalised_tr050_tid1_015,1,15,True,273,polygon,197.09501797637392,64.22650231124807,72.11111111111111,4.790999850799879,9.9110820560952,9.289600125716825,83.27950382131614,0.34853910428284407,0.9715568862275449,72.11111111111111,False,mask,360.0,1.0,True,True,15.331199522559613,738.4177777777779,738.4177777777779,31.715462579504642,29.726720402293843
r563_svd_normalised_tr050_tid1_015,1,15,True,274,polygon,372.4874857792947,88.86348122866895,65.11111111111111,4.552527909533112,9.841719023194345,8.52044138398132,-69.57877102096748,0.5004814313841663,0.9376,65.11111111111111,False,mask,360.0,1.0,True,True,14.568089310505961,666.737777777778,666.737777777778,31.49350087422191,27.265412428740223
r563_svd_normalised_tr050_tid1_015,1,15,True,275,polygon,284.60451503452623,241.3416983379802,190.5000333095288,7.787043336258278,15.574086672516556,15.574086672516556,,0.0,0.9623172103487064,190.11111111111111,True,circle,330.0,1.0,True,True,24.91853867602649,1950.7203410895752,1946.737777777778,49.83707735205298,49.83707735205298
r563_svd_normalised_tr050_tid1_015,1,15,True,276,polygon,207.50082304526748,3.2954732510288065,90.0,5.352372348458314,15.976508759093711,7.875895617334952,77.27227147160445,0.8700478656893998,0.8910891089108911,90.0,False,mask,360.0,1.0,True,True,17.127591515066605,921.6000000000001,921.6000000000001,51.12482802909988,25.20286597547185
r563_svd_normalised_tr050_tid1_015,1,15,True,277,polygon,239.17061193448265,248.66520564504268,7.795319756078999,1.5752229506719868,4.081683735755934,2.4316703644499444,87.02342550866365,0.8031686078856058,0.9848484848484849,7.222222222222222,True,ellipse,160.0,0.7416666666666667,True,True,5.040713442150358,79.82407430224896,73.95555555555558,13.06138795441899,7.781345166239823
r563_svd_normalised_tr050_tid1_015,1,15,True,278,polygon,186.73922902494328,72.62131519274377,16.333333333333332,2.2801450555469596,4.765416677427448,4.405104263816328,-82.43725193738122,0.3814483454940036,0.9671052631578947,16.333333333333332,False,mask,360.0,1.0,True,True,7.296464177750271,167.25333333333336,167.25333333333336,15.249333367767832,14.09633364421225
r563_svd_normalised_tr050_tid1_015,1,15,True,279,polygon,399.8408844313785,84.88581233735226,35.46317612718156,3.3598034997241855,6.719606999448371,6.719606999448371,,0.0,0.9586206896551724,15.444444444444445,True,circle,160.0,0.46944444444444444,True,True,10.751371199117393,363.14292354233925,158.15111111111113,21.502742398234787,21.502742398234787
r563_svd_normalised_tr050_tid1_015,1,15,True,280,polygon,210.05564063297604,4.135273098519653,72.55555555555556,4.805741423640122,10.235717072873221,9.076607473876935,-63.69695050608544,0.46223332586996957,0.9746268656716418,72.55555555555556,False,mask,360.0,1.0,True,True,15.378372555648392,742.9688888888891,742.9688888888891,32.75429463319431,29.045143916406193
r563_svd_normalised_tr050_tid1_015,1,15,True,281,polygon,358.40802675585286,87.47603121516165,33.22222222222222,3.251916630900638,7.457347450097885,5.790825364788714,-87.84268432832862,0.6300850147710748,0.9552715654952076,33.22222222222222,False,mask,360.0,1.0,True,True,10.406133218882042,340.1955555555556,340.1955555555556,23.863511840313233,18.530641167323886
r563_svd_normalised_tr050_tid1_015,1,15,True,282,polygon,-0.969603795222829,180.69638230938034,31.667062653917615,3.174891983854488,6.349783967708976,6.349783967708976,,0.0,0.9666666666666667,12.88888888888889,True,circle,160.0,0.4527777777777778,True,True,10.159654348334362,324.27072157611644,131.98222222222225,20.319308696668724,20.319308696668724
r563_svd_normalised_tr050_tid1_015,1,15,True,283,polygon,235.0848765432099,194.53395061728395,24.0,2.763953195770684,5.69046205161145,5.404174265898907,-39.26327742434038,0.313191822189598,0.968609865470852,24.0,False,mask,360.0,1.0,True,True,8.84465022646619,245.76000000000005,245.76000000000005,18.20947856515664,17.2933576508765
r563_svd_normalised_tr050_tid1_015,1,15,True,284,polygon,345.35108481262324,121.57199211045365,18.77777777777778,2.444821528706944,5.0784358428875045,4.807595523479034,-4.166393201211739,0.3222090099102207,0.9388888888888889,18.77777777777778,False,mask,360.0,1.0,True,True,7.823428891862221,192.2844444444445,192.2844444444445,16.250994697240014,15.38430567513291
r563_svd_normalised_tr050_tid1_015,1,15,True,285,polygon,193.681071209008,-3.748398648639572,58.988362029364104,4.333194987966169,8.666389975932338,8.666389975932338,,0.0,0.9487179487179487,4.111111111111111,True,circle,80.0,0.23055555555555557,False,True,13.866223961491741,604.0408271806886,42.09777777777778,27.732447922983482,27.732447922983482
r563_svd_normalised_tr050_tid1_015,1,15,True,286,polygon,288.9546370967742,83.69220430107526,110.22222222222223,5.923244297720637,12.561691297371874,11.433819874266922,54.83340478016103,0.4141395269763645,0.9456625357483317,110.22222222222223,False,mask,360.0,1.0,True,True,18.954381752706038,1128.6755555555558,1128.6755555555558,40.19741215159,36.58822359765415
r563_svd_normalised_tr050_tid2_015,2,15,True,0,polygon,147.24627875507443,82.55164636896707,82.11111111111111,5.112414149127824,10.673631495664528,9.820499408808121,-71.98444668476213,0.391751516478681,0.9840213049267643,82.11111111111111,False,mask,360.0,1.0,True,True,16.359725277209037,840.817777777778,840.817777777778,34.15562078612649,31.42559810818599
r563_svd_normalised_tr050_tid2_015,2,15,True,1,polygon,155.85906040268455,84.1261744966443,82.77777777777777,5.1331262426509205,10.855802358525969,9.73237156690153,-85.96247100757518,0.44301675110500366,0.9764089121887287,82.77777777777777,False,mask,360.0,1.0,True,True,16.426003976482946,847.6444444444445,847.6444444444445,34.738567547283104,31.1435890140849
r563_svd_normalised_tr050_tid2_015,2,15,True,2,polygon,312.5974615898464,57.36659986639947,277.22222222222223,9.393751859782814,19.35947707132158,18.24603222582243,69.3727794523485,0.3342461932560851,0.9842209072978304,277.22222222222223,False,mask,360.0,1.0,True,True,30.060005951305005,2838.7555555555564,2838.7555555555564,61.950326628229064,58.38730312263178
r563_svd_normalised_tr050_tid2_015,2,15,True,3,polygon,150.9009994597515,90.78660183684495,274.22222222222223,9.34278568439958,21.91729668009883,15.95661012897826,84.40841264506001,0.6855374883317279,0.9820931157978512,274.22222222222223,False,mask,360.0,1.0,True,True,29.896914190078657,2808.035555555556,2808.035555555556,70.13534937631626,51.061152412730436
r563_svd_normalised_tr050_tid2_015,2,15,True,4,polygon,256.4213130581704,117.1413227130099,306.8888888888889,9.88361104522493,20.148239551601772,19.402228263103098,-16.532778805711796,0.26959473487024554,0.9818698897973693,306.8888888888889,False,mask,360.0,1.0,True,True,31.627555344719777,3142.5422222222232,3142.5422222222232,64.47436656512568,62.087130441929915
r563_svd_normalised_tr050_tid2_015,2,15,True,5,polygon,200.3666146645866,155.36089443577742,71.22222222222223,4.761379784191995,9.775656893005188,9.302471067804172,-34.9462220275844,0.3073532371489846,0.9801223241590215,71.22222222222223,False,mask,360.0,1.0,True,True,15.236415309414383,729.3155555555558,729.3155555555558,31.2821020576166,29.76790741697335
r563_svd_normalised_tr050_tid2_015,2,15,True,6,polygon,118.09630242825607,85.01296909492272,134.22222222222223,6.536379753264877,13.70457203593453,12.607906577923162,-75.3373978342671,0.39196968903108226,0.9602543720190779,134.22222222222223,False,mask,360.0,1.0,True,True,20.91641521044761,1374.435555555556,1374.435555555556,43.854630514990504,40.34530104935412
r563_svd_normalised_tr050_tid2_015,2,15,True,7,polygon,62.52536715620828,80.12045690550363,499.3333333333333,12.607249363009608,26.87401878909336,23.682305380596315,-82.45617736750965,0.4726798320363803,0.9846625766871165,499.3333333333333,False,mask,360.0,1.0,True,True,40.34319796163075,5113.173333333334,5113.173333333334,85.99686012509875,75.78337721790821
r563_svd_normalised_tr050_tid2_015,2,15,True,8,polygon,213.10798534798536,78.73655677655678,252.77777777777777,8.970042679621763,18.9846902608074,16.989942654320767,65.19504526878562,0.44620932899824767,0.9776536312849162,252.77777777777777,False,mask,360.0,1.0,True,True,28.704136574789644,2588.444444444445,2588.444444444445,60.751008834583686,54.36781649382646
r563_svd_normalised_tr050_tid2_015,2,15,True,9,polygon,185.72508169934642,239.74795751633985,90.66666666666667,5.372159374714264,11.126070888608803,10.390528009664173,39.12817076198482,0.3575600480612571,0.9795918367346939,90.66666666666667,False,mask,360.0,1.0,True,True,17.190909999085644,928.4266666666668,928.4266666666668,35.60342684354817,33.24968963092535
r563_svd_normalised_tr050_tid2_015,2,15,True,10,polygon,189.44058885383808,178.7447799308998,246.55555555555554,8.85895427388979,18.060264738117606,17.390832348771788,-46.091276890356845,0.26973921433058873,0.9866607381058248,246.55555555555554,False,mask,360.0,1.0,True,True,28.348653676447327,2524.7288888888893,2524.7288888888893,57.79284716197634,55.65066351606973
r563_svd_normalised_tr050_tid2_015,2,15,True,11,polygon,292.3033143167617,223.799511002445,545.3333333333334,13.175165701635805,26.473732099373226,26.241597125645598,72.39958000164278,0.132136737653033,0.9891172914147521,545.3333333333334,False,mask,360.0,1.0,True,True,42.16053024523458,5584.213333333335,5584.213333333335,84.71594271799432,83.97311080206592
r563_svd_normalised_tr050_tid2_015,2,15,True,12,polygon,202.22199592668025,185.55634758995248,218.22222222222223,8.334404040981541,17.324848119730394,16.084936722526617,-58.27799166517997,0.3715033457947671,0.9790628115653041,218.22222222222223,False,mask,360.0,1.0,True,True,26.670092931140932,2234.595555555556,2234.595555555556,55.43951398313726,51.471797512085175
r563_svd_normalised_tr050_tid2_015,2,15,True,13,polygon,119.4979674796748,75.77574525745257,109.33333333333333,5.899311899656415,12.701923092477372,10.974680549340832,-84.10103437148875,0.5034622198011638,0.9800796812749004,109.33333333333333,False,mask,360.0,1.0,True,True,18.87779807890053,1119.5733333333335,1119.5733333333335,40.6461538959276,35.11897775789066
r563_svd_normalised_tr050_tid2_015,2,15,True,14,polygon,238.38942001274697,187.95602294455068,116.22222222222223,6.082325404611528,12.415456726014149,11.928115494367686,21.963182339827927,0.2774252790949154,0.9739292364990689,116.22222222222223,False,mask,360.0,1.0,True,True,19.46344129475689,1190.1155555555558,1190.1155555555558,39.72946152324528,38.169969581976595
r563_svd_normalised_tr050_tid2_015,2,15,True,15,polygon,314.910446459714,197.48125217997907,1274.2222222222222,20.13945209106773,40.87243408655603,39.711320650438005,37.42231617077297,0.23666311297230172,0.9913554633471646,1274.2222222222222,False,mask,360.0,1.0,True,True,64.44624669141675,13048.035555555558,13048.035555555558,130.79178907697928,127.07622608140161
r563_svd_normalised_tr050_tid2_015,2,15,True,16,polygon,184.06825396825397,111.34444444444445,23.333333333333332,2.7252946038220864,5.558080796459778,5.369570102487038,-40.91607930946341,0.2582299115927002,0.9767441860465116,23.333333333333332,False,mask,360.0,1.0,True,True,8.720942732230677,238.93333333333337,238.93333333333337,17.78585854867129,17.18262432795852
r563_svd_normalised_tr050_tid2_015,2,15,True,17,polygon,211.57661618628887,73.64262063724692,682.3333333333334,14.737484373960838,30.30527436601713,28.723982859404554,-55.963007144679814,0.3188022722534596,0.9887296731605216,682.3333333333334,False,mask,360.0,1.0,True,True,47.15994999667468,6987.093333333335,6987.093333333335,96.97687797125482,91.91674515009458
r563_svd_normalised_tr050_tid2_015,2,15,True,18,polygon,256.73683005038936,160.33837227057566,485.1111111111111,12.426409882354195,25.327398951362202,24.405415955542697,-7.345375036888091,0.2673575082661,0.9875593757068537,485.1111111111111,False,mask,360.0,1.0,True,True,39.76451162353342,4967.5377777777785,4967.5377777777785,81.04767664435906,78.09733105773664
r563_svd_normalised_tr050_tid2_015,2,15,True,19,polygon,282.8888374247337,240.22989038134938,239.88888888888889,8.738363972676936,17.907774199254327,17.065156881327006,46.26503002782192,0.30313745258927743,0.9813636363636363,239.88888888888889,False,mask,360.0,1.0,True,True,27.962764712566198,2456.462222222223,2456.462222222223,57.30487743761385,54.60850202024642
r563_svd_normalised_tr050_tid2_015,2,15,True,20,polygon,199.9632206759443,212.33101391650098,111.77777777777777,5.964894946461462,12.844105545749246,11.109647896843233,-15.14147573791043,0.5018394190532418,0.9729206963249516,111.77777777777777,False,mask,360.0,1.0,True,True,19.08766382867668,1144.6044444444447,1144.6044444444447,41.10113774639759,35.55087326989835
r563_svd_normalised_tr050_tid2_015,2,15,True,21,polygon,290.5784598368588,181.08392091801466,267.8888888888889,9.234266713287221,19.112982560755622,17.868701635230703,82.63894856571764,0.3549147927997147,0.9824775876120619,267.8888888888889,False,mask,360.0,1.0,True,True,29.54965348251911,2743.182222222223,2743.182222222223,61.16154419441799,57.17984523273825
r563_svd_normalised_tr050_tid2_015,2,15,True,22,polygon,317.9289308176101,185.7320754716981,58.888888888888886,4.329539873902551,8.795563026329491,8.54672199115546,-2.221215965986814,0.23618402225459678,0.9689213893967094,58.888888888888886,False,mask,360.0,1.0,True,True,13.854527596488163,603.0222222222224,603.0222222222224,28.145801684254373,27.349510371697473
r563_svd_normalised_tr050_tid2_015,2,15,True,23,polygon,342.44779874213833,114.27044025157232,29.444444444444443,3.0614470042540436,6.24940474778163,6.069159564867178,49.79903475612822,0.23843676893966695,0.9601449275362319,29.444444444444443,False,mask,360.0,1.0,True,True,9.79663041361294,301.5111111111112,301.5111111111112,19.998095192901218,19.42131060757497
r563_svd_normalised_tr050_tid2_015,2,15,True,24,polygon,189.57201646090536,77.00493827160494,45.0,3.7846987830302403,8.025238516891074,7.173221742037831,80.89987266154058,0.44840032629457727,0.9759036144578314,45.0,False,mask,360.0,1.0,True,True,12.111036105696769,460.80000000000007,460.80000000000007,25.68076325405144,22.954309574521062
r563_svd_normalised_tr050_tid2_015,2,15,True,25,polygon,270.30068965517245,230.6629885057471,80.55555555555556,5.0637564831220825,10.275582675097029,10.005732092139224,76.82808255771208,0.22766867244947694,0.9797297297297297,80.55555555555556,False,mask,360.0,1.0,True,True,16.204020745990665,824.888888888889,824.888888888889,32.8818645603105,32.01834269484552
r563_svd_normalised_tr050_tid2_015,2,15,True,26,polygon,169.96305696559503,82.84010152284263,131.33333333333334,6.465655294358893,14.074760258545716,11.911089034980726,-83.66941579621303,0.532749543413668,0.9809128630705394,131.33333333333334,False,mask,360.0,1.0,True,True,20.690096941948457,1344.8533333333337,1344.8533333333337,45.0392328273463,38.115484911938324
r563_svd_normalised_tr050_tid2_015,2,15,True,27,polygon,205.152802359882,47.270324483775816,313.8888888888889,9.99569589856448,21.04664369568209,19.046012676690314,-62.36096949068953,0.4255328245176011,0.9850069735006973,313.8888888888889,False,mask,360.0,1.0,True,True,31.986226875406334,3214.222222222223,3214.222222222223,67.34925982618269,60.947240565409004
r563_svd_normalised_tr050_tid2_015,2,15,True,28,polygon,248.42454752487114,189.41316073354906,309.0,9.91754782346883,20.142876031626415,19.55810874082329,75.74406007713519,0.23920524380378771,0.9844247787610619,309.0,False,mask,360.0,1.0,True,True,31.73615303510026,3164.1600000000008,3164.1600000000008,64.45720330120453,62.58594797063453
r563_svd_normalised_tr050_tid2_015,2,15,True,29,polygon,205.6939319393194,223.15457154571547,180.66666666666666,7.583402013863667,15.46008606153513,14.891198017843955,0.6542921084990726,0.2687757180541256,0.9783393501805054,180.66666666666666,False,mask,360.0,1.0,True,True,24.266886444363735,1850.0266666666669,1850.0266666666669,49.472275396912416,47.65183365710066
r563_svd_normalised_tr050_tid2_015,2,15,True,30,polygon,64.30533179900269,82.2619869581895,96.55555555555556,5.54387841671348,11.787504150674899,10.443080480082248,-82.05224700987382,0.4637902970538392,0.9709497206703911,96.55555555555556,False,mask,360.0,1.0,True,True,17.740410933483137,988.7288888888891,988.7288888888891,37.72001328215968,33.41785753626319
r563_svd_normalised_tr050_tid2_015,2,15,True,31,polygon,310.3175837320574,172.07077352472092,185.77777777777777,7.6899221907586295,15.568030454466692,15.20870067222704,6.788203093230226,0.21361127873482497,0.9794961921499707,185.77777777777777,False,mask,360.0,1.0,True,True,24.607751010427616,1902.3644444444446,1902.3644444444446,49.817697454293416,48.667842151126536
r563_svd_normalised_tr050_tid2_015,2,15,True,32,polygon,205.19140961857377,150.70759535655057,1116.6666666666667,18.853276626939405,38.16439906585094,37.26469481885887,-4.312009420794183,0.21585439821463562,0.9901477832512315,1116.6666666666667,False,mask,360.0,1.0,True,True,60.3304852062061,11434.66666666667,11434.66666666667,122.12607701072301,119.2470234203484
r563_svd_normalised_tr050_tid2_015,2,15,True,33,polygon,253.64204825209256,192.7808961102905,75.22222222222223,4.893258320796826,10.350208828300088,9.274141676441515,-10.453677846068615,0.44398492139294105,0.9685264663805436,75.22222222222223,False,mask,360.0,1.0,True,True,15.658426626549844,770.2755555555558,770.2755555555558,33.120668250560286,29.67725336461285
r563_svd_normalised_tr050_tid2_015,2,15,True,34,polygon,322.70373921380633,161.10642377756471,115.88888888888889,6.073596877649042,12.561168509532385,11.778611494329693,1.5900770333011949,0.3474451686259415,0.9839622641509433,115.88888888888889,False,mask,360.0,1.0,True,True,19.435510008476935,1186.7022222222224,1186.7022222222224,40.195739230503634,37.69155678185502
r563_svd_normalised_tr050_tid2_015,2,15,True,35,polygon,273.06109725685786,91.00540315876974,89.11111111111111,5.325875292896831,11.072168213314578,10.259489382627438,-76.818610043281,0.3760443781459282,0.969770253929867,89.11111111111111,False,mask,360.0,1.0,True,True,17.04280093726986,912.497777777778,912.497777777778,35.430938282606654,32.8303660244078
r563_svd_normalised_tr050_tid2_015,2,15,True,36,polygon,281.26290165530673,50.20837390457643,114.11111111111111,6.026831239555632,12.418686109182175,11.72446330358901,-53.6473858217062,0.3296634118887406,0.9846596356663471,114.11111111111111,False,mask,360.0,1.0,True,True,19.285859966578023,1168.497777777778,1168.497777777778,39.73979554938296,37.51828257148483
r563_svd_normalised_tr050_tid2_015,2,15,True,37,polygon,249.69566689838334,191.07999572215388,2077.8888888888887,25.71794268064196,52.31170499443385,50.60946078785593,64.77344023559635,0.25302556632498735,0.9900995340957222,2077.8888888888887,False,mask,360.0,1.0,True,True,82.29741657805428,21277.582222222223,21277.582222222223,167.39745598218835,161.950274521139
r563_svd_normalised_tr050_tid2_015,2,15,True,38,polygon,281.9908946951702,109.52177355502772,93.55555555555556,5.4570741465322055,11.63106155261948,10.263823596653932,-2.2491603676685785,0.470407280636782,0.9734104046242774,93.55555555555556,False,mask,360.0,1.0,True,True,17.46263726890306,958.0088888888891,958.0088888888891,37.219396968382334,32.84423550929258
r563_svd_normalised_tr050_tid2_015,2,15,True,39,polygon,269.6216014897579,110.84581005586593,99.44444444444444,5.626202075354333,11.39780667635288,11.125474611229805,-24.15460307833551,0.2172920982242477,0.9696641386782232,99.44444444444444,False,mask,360.0,1.0,True,True,18.003846641133865,1018.3111111111112,1018.3111111111112,36.47298136432922,35.60151875593538
r563_svd_normalised_tr050_tid2_015,2,15,True,40,polygon,242.6723466717723,146.37322100963686,580.3333333333334,13.591388350054354,27.354019861421204,27.0370995916354,17.507591522698476,0.15178115356988875,0.9847285067873304,580.3333333333334,False,mask,360.0,1.0,True,True,43.49244272017393,5942.613333333335,5942.613333333335,87.53286355654785,86.51871869323328
r563_svd_normalised_tr050_tid2_015,2,15,True,41,polygon,283.8988684582744,127.37199434229137,314.22222222222223,10.001001939404539,20.35844862826818,19.676420128873445,-66.211792520655,0.25667039880675785,0.9816036098576884,314.22222222222223,False,mask,360.0,1.0,True,True,32.003206206094525,3217.635555555556,3217.635555555556,65.14703561045819,62.96454441239503
r563_svd_normalised_tr050_tid2_015,2,15,True,42,polygon,146.35714285714286,74.97368421052632,29.555555555555557,3.067217880260154,6.276442047892758,6.029001971806115,-74.47393145748471,0.27801622470200504,0.9925373134328358,29.555555555555557,False,mask,360.0,1.0,True,True,9.815097216832493,302.64888888888896,302.64888888888896,20.084614553256827,19.292806309779568
r563_svd_normalised_tr050_tid2_015,2,15,True,43,polygon,274.7116847487218,130.57164234942013,297.0,9.72306722164286,19.768271484287563,19.255115044534147,-61.669296592254774,0.22636989675091573,0.9716466739367503,297.0,False,mask,360.0,1.0,True,True,31.113815109257157,3041.2800000000007,3041.2800000000007,63.25846874972021,61.61636814250927
r563_svd_normalised_tr050_tid2_015,2,15,True,44,polygon,180.40521564694083,215.96823804747578,110.77777777777777,5.93815306607515,12.043859569794728,11.724249322220595,46.888853523498035,0.22884529030865813,0.9755381604696673,110.77777777777777,False,mask,360.0,1.0,True,True,19.00208981144048,1134.3644444444446,1134.3644444444446,38.54035062334313,37.51759783110591
r563_svd_normalised_tr050_tid2_015,2,15,True,45,polygon,355.6099710144927,118.34388405797101,319.44444444444446,10.08376540549984,20.224908052362164,20.125556102654844,60.277015437383156,0.09899788323574402,0.9829059829059829,319.44444444444446,False,mask,360.0,1.0,True,True,32.26804929759949,3271.1111111111118,3271.1111111111118,64.71970576755892,64.40177952849551
r563_svd_normalised_tr050_tid2_015,2,15,True,46,polygon,223.9108409321175,117.16818642350557,73.11111111111111,4.824105042030931,10.20201645136684,9.136494104348976,49.23156748491334,0.4449454526861798,0.9791666666666666,73.11111111111111,False,mask,360.0,1.0,True,True,15.43713613449898,748.6577777777779,748.6577777777779,32.64645264437389,29.236781133916725
r563_svd_normalised_tr050_tid2_015,2,15,True,47,polygon,298.04725897920605,125.35790800252049,293.8888888888889,9.67200800107728,19.53808797449668,19.157811823362128,33.280190116332236,0.19633600912446475,0.9840029761904762,293.8888888888889,False,mask,360.0,1.0,True,True,30.9504256034473,3009.422222222223,3009.422222222223,62.52188151838938,61.30499783475881
r563_svd_normalised_tr050_tid2_015,2,15,True,48,polygon,189.01672749391727,115.44343065693431,121.77777777777777,6.225999565062577,12.693178782651211,12.222735168663688,-74.4050948399479,0.2697253733198584,0.9759572573463936,121.77777777777777,False,mask,360.0,1.0,True,True,19.92319860820025,1247.0044444444445,1247.0044444444445,40.618172104483875,39.1127525397238
r563_svd_normalised_tr050_tid2_015,2,15,True,49,polygon,362.14498806682576,98.84466984884646,186.22222222222223,7.699115167371386,15.53091920955247,15.293079955303122,-29.026186632892454,0.17433681151040348,0.9829912023460411,186.22222222222223,False,mask,360.0,1.0,True,True,24.637168535588437,1906.915555555556,1906.915555555556,49.69894147056791,48.937855856969996
r563_svd_normalised_tr050_tid2_015,2,15,True,50,polygon,343.0621212121212,126.47323232323232,73.33333333333333,4.831430946087433,10.150556642449919,9.227031420630068,-76.66896101409914,0.4167584181570111,0.9691629955947136,73.33333333333333,False,mask,360.0,1.0,True,True,15.460579027479788,750.9333333333334,750.9333333333334,32.48178125583974,29.52650054601622
r563_svd_normalised_tr050_tid2_015,2,15,True,51,polygon,296.37487922705316,235.74927536231883,153.33333333333334,6.986237605572443,14.324240005010806,13.644194598660945,66.97114210194754,0.304460843582505,0.9815078236130867,153.33333333333334,False,mask,360.0,1.0,True,True,22.355960337831817,1570.1333333333337,1570.1333333333337,45.83756801603458,43.66142271571503
r563_svd_normalised_tr050_tid2_015,2,15,True,52,polygon,205.11101750372467,242.73647286516916,321.08183101038276,10.109575712392585,20.21915142478517,20.21915142478517,,0.0,0.9900191938579654,286.55555555555554,True,circle,260.0,0.7305555555555555,True,True,32.35064227965628,3287.87794954632,2934.328888888889,64.70128455931255,64.70128455931255
r563_svd_normalised_tr050_tid2_015,2,15,True,53,polygon,252.9010454655969,227.00121565767083,152.33333333333334,6.963419131097222,14.121552522023608,13.765064759344723,-64.69514645050816,0.223273811200622,0.9827956989247312,152.33333333333334,False,mask,360.0,1.0,True,True,22.282941219511113,1559.8933333333337,1559.8933333333337,45.188968070475546,44.04820722990311
r563_svd_normalised_tr050_tid2_015,2,15,True,54,polygon,270.3302615933413,215.4823622671423,373.77777777777777,10.907665281923288,22.122341398464197,21.53603353655637,62.414282655714814,0.22869967729284316,0.9847775175644028,373.77777777777777,False,mask,360.0,1.0,True,True,34.904528902154524,3827.484444444445,3827.484444444445,70.79149247508543,68.91530731698039
r563_svd_normalised_tr050_tid2_015,2,15,True,55,polygon,226.02086167800454,65.58809523809524,326.6666666666667,10.197118685526071,21.664326498784234,19.215074668848658,73.78226044936838,0.4618742930773119,0.985254691689008,326.6666666666667,False,mask,360.0,1.0,True,True,32.63077979368343,3345.0666666666675,3345.0666666666675,69.32584479610955,61.48823894031571
r563_svd_normalised_tr050_tid2_015,2,15,True,56,polygon,312.1060070671378,224.98351001177855,157.22222222222223,7.0742764761577,14.66821679434,13.673320637905434,16.07466785322712,0.3620122437012578,0.9833217512161223,157.22222222222223,False,mask,360.0,1.0,True,True,22.63768472370464,1609.955555555556,1609.955555555556,46.938293741888,43.75462604129739
r563_svd_normalised_tr050_tid2_015,2,15,True,57,polygon,358.808618504436,49.9404309252218,29.22222222222222,3.049872493989379,6.353619853819062,5.9497357518431855,-74.6201257110822,0.3508479479412418,0.9704797047970479,29.22222222222222,False,mask,360.0,1.0,True,True,9.759591980766013,299.2355555555556,299.2355555555556,20.331583532221,19.039154405898195
r563_svd_normalised_tr050_tid2_015,2,15,True,58,polygon,327.94002789400275,109.72663877266388,53.111111111111114,4.111665323548652,8.295200073276577,8.200117489958359,-70.52928841509738,0.15097462566212416,0.9835390946502057,53.111111111111114,False,mask,360.0,1.0,True,True,13.157329035355687,543.8577777777779,543.8577777777779,26.544640234485048,26.24037596786675
r563_svd_normalised_tr050_tid2_015,2,15,True,59,polygon,197.58551384148655,140.998988749842,293.0,9.657370069115643,19.799555932413273,18.84881294589761,-2.9644308850778756,0.3061552421454742,0.982488822652757,293.0,False,mask,360.0,1.0,True,True,30.90358422117006,3000.3200000000006,3000.3200000000006,63.35857898372248,60.316201426872354
r563_svd_normalised_tr050_tid2_015,2,15,True,60,polygon,306.1799906498364,153.21166432912577,316.8888888888889,10.043349349451612,20.28376123031512,19.915566481381905,-1.122056450115913,0.18967046137907045,0.9848066298342542,316.8888888888889,False,mask,360.0,1.0,True,True,32.138717918245156,3244.9422222222233,3244.9422222222233,64.90803593700838,63.7298127404221
r563_svd_normalised_tr050_tid2_015,2,15,True,61,polygon,204.13508005822416,80.92227074235808,127.22222222222223,6.363653909162918,13.327717178739121,12.17355615601011,67.08625140143006,0.4070599423346979,0.9786324786324786,127.22222222222223,False,mask,360.0,1.0,True,True,20.36369250932134,1302.755555555556,1302.755555555556,42.64869497196519,38.95537969923235
r563_svd_normalised_tr050_tid2_015,2,15,True,62,polygon,173.18385812522618,27.37958740499457,511.6666666666667,12.761996647496277,26.434015684411335,24.660629486726407,77.81373524947318,0.3601025629870154,0.9858702633269107,511.6666666666667,False,mask,360.0,1.0,True,True,40.83838927198809,5239.466666666668,5239.466666666668,84.58885019011628,78.91401435752451
r563_svd_normalised_tr050_tid2_015,2,15,True,63,polygon,145.48666666666665,47.934666666666665,27.77777777777778,2.973540193587952,6.178643465185199,5.732432374666469,66.13412176078144,0.37312344616821436,0.9727626459143969,27.77777777777778,False,mask,360.0,1.0,True,True,9.515328619481448,284.4444444444445,284.4444444444445,19.77165908859264,18.3437835989327
r563_svd_normalised_tr050_tid2_015,2,15,True,64,polygon,184.43218134522485,124.570419918246,99.66666666666667,5.632484826698113,11.800470664331337,10.777981825234809,-51.017743279260564,0.4071711932274206,0.971830985915493,99.66666666666667,False,mask,360.0,1.0,True,True,18.023951445433962,1020.5866666666669,1020.5866666666669,37.76150612586028,34.48954184075139
r563_svd_normalised_tr050_tid2_015,2,15,True,65,polygon,204.7271505376344,113.16364247311827,110.22222222222223,5.923244297720637,12.04956362526731,11.661145408609201,-1.431786599180551,0.2518550980681387,0.9678048780487805,110.22222222222223,False,mask,360.0,1.0,True,True,18.954381752706038,1128.6755555555558,1128.6755555555558,38.5586036008554,37.315665307549445
r563_svd_normalised_tr050_tid2_015,2,15,True,66,polygon,269.7306613522291,50.0620755831119,501.77777777777777,12.638070554242047,25.731655795750523,24.842235435637633,-70.62554023604513,0.26064475212370963,0.9862415374535924,501.77777777777777,False,mask,360.0,1.0,True,True,40.44182577357455,5138.2044444444455,5138.2044444444455,82.34129854640167,79.49515339404043
r563_svd_normalised_tr050_tid2_015,2,15,True,67,polygon,188.89309386358775,62.674363908488345,173.22222222222223,7.4255199036874755,15.685840225707574,14.109146628075168,-82.15783919596512,0.43695575544192783,0.9774294670846395,173.22222222222223,False,mask,360.0,1.0,True,True,23.761663691799924,1773.795555555556,1773.795555555556,50.19468872226424,45.14926920984054
r563_svd_normalised_tr050_tid2_015,2,15,True,68,polygon,195.7967032967033,78.05860805860806,20.22222222222222,2.5371112025173193,5.593215134085136,4.691166081635266,5.9868035778516635,0.5445561115099593,0.9381443298969072,20.22222222222222,False,mask,360.0,1.0,True,True,8.118755848055422,207.07555555555558,207.07555555555558,17.898288429072434,15.01173146123285
r563_svd_normalised_tr050_tid2_015,2,15,True,69,polygon,24.867327667610954,85.73618980169971,313.77777777777777,9.99392659225828,21.55897187117191,18.72258300299634,86.30168714282262,0.49580163347603506,0.975474956822107,313.77777777777777,False,mask,360.0,1.0,True,True,31.980565095226495,3213.084444444445,3213.084444444445,68.98870998775011,59.912265609588296
r563_svd_normalised_tr050_tid2_015,2,15,True,70,polygon,241.28816293607585,170.57511595079654,183.66666666666666,7.64610461362012,15.380394295388003,15.214068769355164,-18.770618408521045,0.14666733521196176,0.9815914489311164,183.66666666666666,False,mask,360.0,1.0,True,True,24.467534763584386,1880.746666666667,1880.746666666667,49.217261745241615,48.68502006193653
r563_svd_normalised_tr050_tid2_015,2,15,True,71,polygon,220.81686746987953,232.7879518072289,138.33333333333334,6.635726605938322,13.447847040730162,13.130160658168023,26.721459840345926,0.21607660644223223,0.9749412685982772,138.33333333333334,False,mask,360.0,1.0,True,True,21.23432513900263,1416.5333333333338,1416.5333333333338,43.03311053033652,42.01651410613768
r563_svd_normalised_tr050_tid2_015,2,15,True,72,polygon,264.25140422235137,51.07805539415069,191.22222222222223,7.801789781285259,15.892619573050359,15.350323862779163,83.92501982192776,0.25899928677259615,0.9868119266055045,191.22222222222223,False,mask,360.0,1.0,True,True,24.96572730011283,1958.115555555556,1958.115555555556,50.85638263376115,49.12103636089333
r563_svd_normalised_tr050_tid2_015,2,15,True,73,polygon,323.5264943042543,241.75362707084756,603.3469505358556,13.85825743570978,27.71651487141956,27.71651487141956,,0.0,0.9899694723070214,504.44444444444446,True,circle,260.0,0.6861111111111111,True,True,44.346423794271296,6178.272773487163,5165.511111111112,88.69284758854259,88.69284758854259
r563_svd_normalised_tr050_tid2_015,2,15,True,74,polygon,213.2699771689498,105.8681506849315,64.88888888888889,4.54475245055381,9.13854833741854,9.063531679069945,19.988648052389088,0.12786808276024134,0.9782244556113903,64.88888888888889,False,mask,360.0,1.0,True,True,14.543207841772194,664.4622222222223,664.4622222222223,29.243354679739326,29.003301373023824
r563_svd_normalised_tr050_tid2_015,2,15,True,75,polygon,278.3542757417103,159.60471204188482,42.44444444444444,3.6756613391667816,7.529064711842502,7.199546344992803,70.33608481953564,0.29260361021262676,0.9794871794871794,42.44444444444444,False,mask,360.0,1.0,True,True,11.762116285333702,434.6311111111112,434.6311111111112,24.093007077896008,23.03854830397697
r563_svd_normalised_tr050_tid2_015,2,15,True,76,polygon,243.76747720364742,83.49345335515548,950.4444444444445,17.393558087266886,34.88829747670152,34.72928911564025,-14.94511143142442,0.09536514769919155,0.9854838709677419,950.4444444444445,False,mask,360.0,1.0,True,True,55.65938587925404,9732.551111111114,9732.551111111114,111.64255192544486,111.1337251700488
r563_svd_normalised_tr050_tid2_015,2,15,True,77,polygon,263.19405864197535,103.48881172839505,96.0,5.527906391541368,11.57419569539899,10.581027474658745,31.36169917424346,0.4052832459177402,0.9751693002257337,96.0,False,mask,360.0,1.0,True,True,17.68930045293238,983.0400000000002,983.0400000000002,37.03742622527677,33.85928791890799
r563_svd_normalised_tr050_tid2_015,2,15,True,78,polygon,245.77015873015873,117.47873015873016,175.0,7.463526651802308,15.05972017974211,14.864853062796007,-19.16910941057796,0.16034903855898516,0.9638922888616891,175.0,False,mask,360.0,1.0,True,True,23.883285285767386,1792.0000000000005,1792.0000000000005,48.191104575174755,47.56752980094723
r563_svd_normalised_tr050_tid2_015,2,15,True,79,polygon,166.76145884672252,192.45638245441103,225.44444444444446,8.471197993901395,17.1106494259729,16.785452902006146,-68.19311003419661,0.19403556302605166,0.9820909970958374,225.44444444444446,False,mask,360.0,1.0,True,True,27.107833580484467,2308.551111111112,2308.551111111112,54.75407816311328,53.71344928641967
r563_svd_normalised_tr050_tid2_015,2,15,True,80,polygon,95.40314294348747,85.98549410698097,245.11111111111111,8.832966086211373,19.868287580718114,15.723025374209682,-87.47707547031408,0.6113466976247748,0.9835042353990192,245.11111111111111,False,mask,360.0,1.0,True,True,28.265491475876395,2509.937777777778,2509.937777777778,63.57852025829797,50.313681197470984
r563_svd_normalised_tr050_tid2_015,2,15,True,81,polygon,252.7720148650832,107.7227338826951,229.22222222222223,8.541879153110932,17.463985402210977,16.727414321857086,60.2893089334033,0.2873574176013771,0.9819133745835317,229.22222222222223,False,mask,360.0,1.0,True,True,27.33401328995498,2347.235555555556,2347.235555555556,55.88475328707513,53.52772582994268
r563_svd_normalised_tr050_tid2_015,2,15,True,82,polygon,214.34171835515735,194.01711463358603,322.44444444444446,10.131004610190775,20.83792146988109,19.710133454881873,-69.96553086899011,0.3245221567148788,0.9814000676361176,322.44444444444446,False,mask,360.0,1.0,True,True,32.41921475261048,3301.831111111112,3301.831111111112,66.68134870361949,63.072427055622
r563_svd_normalised_tr050_tid2_015,2,15,True,83,polygon,294.09293680297395,163.26104915324245,89.66666666666667,5.342451353184844,10.937327684158108,10.457362315137408,89.78130678842582,0.2929859042264326,0.9746376811594203,89.66666666666667,False,mask,360.0,1.0,True,True,17.0958443301915,918.1866666666668,918.1866666666668,34.99944858930595,33.46355940843971
r563_svd_normalised_tr050_tid2_015,2,15,True,84,polygon,197.65219721329046,85.51125401929261,69.11111111111111,4.690282498081868,9.655176937296575,9.161239501796572,56.23696473865114,0.3157506057949064,0.971875,69.11111111111111,False,mask,360.0,1.0,True,True,15.008903993861978,707.6977777777779,707.6977777777779,30.896566199349042,29.315966405749034
r563_svd_normalised_tr050_tid2_015,2,15,True,85,polygon,165.07984366275824,48.132886655499725,66.33333333333333,4.595057756277366,9.994883927892365,8.483608618446581,-89.13224720783145,0.5287219104772325,0.9598070739549839,66.33333333333333,False,mask,360.0,1.0,True,True,14.70418482008757,679.2533333333334,679.2533333333334,31.983628569255572,27.147547579029062
r563_svd_normalised_tr050_tid2_015,2,15,True,86,polygon,348.52417962003454,51.27547495682211,42.888888888888886,3.6948555236668543,7.739529793618098,7.064464116801921,73.5798751935865,0.40845845103107475,0.9821882951653944,42.888888888888886,False,mask,360.0,1.0,True,True,11.823537675733935,439.18222222222226,439.18222222222226,24.766495339577915,22.60628517376615
r563_svd_normalised_tr050_tid2_015,2,15,True,87,polygon,298.8127977340028,88.52336809578988,287.6666666666667,9.569072260440775,20.668337054127516,17.73608116482306,76.5253858246707,0.513435618387714,0.9806818181818182,287.6666666666667,False,mask,360.0,1.0,True,True,30.62103123341048,2945.7066666666674,2945.7066666666674,66.13867857320805,56.75545972743379
r563_svd_normalised_tr050_tid2_015,2,15,True,88,polygon,280.1400208986416,141.0067920585162,70.88888888888889,4.750224642468775,9.849063442787438,9.186762183006394,-1.6149491918276657,0.3605111610201195,0.9740458015267176,70.88888888888889,False,mask,360.0,1.0,True,True,15.200718855900082,725.9022222222223,725.9022222222223,31.5170030169198,29.39763898562046
r563_svd_normalised_tr050_tid2_015,2,15,True,89,polygon,197.66725043782836,172.16374781085813,126.88888888888889,6.355311776790332,12.944183470177608,12.504929020732368,49.90133892349178,0.25829722799620636,0.9810996563573883,126.88888888888889,False,mask,360.0,1.0,True,True,20.336997685729063,1299.3422222222225,1299.3422222222225,41.421387104568346,40.01577286634358
r563_svd_normalised_tr050_tid2_015,2,15,True,90,polygon,394.97788769145507,77.36581389232485,78.44685970814297,4.997040222489187,10.798469333986368,9.249611296884312,36.118691940325135,0.5160360089427877,0.9694019471488178,77.44444444444444,True,ellipse,300.0,0.8722222222222222,True,True,15.9905287119654,803.2958434113841,793.0311111111113,34.55510186875638,29.5987561500298
r563_svd_normalised_tr050_tid2_015,2,15,True,91,polygon,228.0279286268425,170.70131885182312,143.22222222222223,6.751966325045255,13.70910904273626,13.321692017886273,-39.09852999357485,0.2360530292766617,0.9817212490479817,143.22222222222223,False,mask,360.0,1.0,True,True,21.606292240144818,1466.5955555555558,1466.5955555555558,43.869148936756034,42.629414457236074
r563_svd_normalised_tr050_tid2_015,2,15,True,92,polygon,111.5753559155621,84.01190476190476,301.77777777777777,9.800961692468842,22.708003435576938,16.926733213416245,-87.49388139271588,0.6666082309056829,0.9805054151624548,301.77777777777777,False,mask,360.0,1.0,True,True,31.363077415900296,3090.204444444445,3090.204444444445,72.6656109938462,54.165546282931984
r563_svd_normalised_tr050_tid2_015,2,15,True,93,polygon,256.3448275862069,91.31765935214212,35.44444444444444,3.3589160568491145,6.907526725872983,6.560597308323589,34.52886244798273,0.31293312944994583,0.9725609756097561,35.44444444444444,False,mask,360.0,1.0,True,True,10.748531381917168,362.9511111111112,362.9511111111112,22.104085522793547,20.99391138663549
r563_svd_normalised_tr050_tid2_015,2,15,True,94,polygon,228.35277255218134,121.899220639613,413.44444444444446,11.471854865471045,23.14063978608365,22.769419268201574,70.8205831136395,0.17839987666842758,0.9870026525198939,413.44444444444446,False,mask,360.0,1.0,True,True,36.709935569507344,4233.671111111112,4233.671111111112,74.05004731546768,72.86214165824504
r563_svd_normalised_tr050_tid2_015,2,15,True,95,polygon,264.3255643685174,174.2374211917836,910.5555555555555,17.024653748399913,34.52444520563936,33.627372679120306,-3.7492441390452913,0.22647788056667348,0.9856867933605966,910.5555555555555,False,mask,360.0,1.0,True,True,54.478891994879724,9324.088888888891,9324.088888888891,110.47822465804596,107.60759257318499
r563_svd_normalised_tr050_tid2_015,2,15,True,96,polygon,55.664162283996994,80.18382168795392,147.88888888888889,6.861085583934185,14.336974779425981,13.158853267678873,-16.370728284728752,0.3969820986610549,0.9758064516129032,147.88888888888889,False,mask,360.0,1.0,True,True,21.955473868589394,1514.3822222222225,1514.3822222222225,45.87831929416314,42.108330456572396
r563_svd_normalised_tr050_tid2_015,2,15,True,97,polygon,197.4378920953576,107.7030531158511,88.55555555555556,5.309247480559862,10.736869487541625,10.525355767207037,11.927999996349271,0.19751312276274235,0.9695863746958637,88.55555555555556,False,mask,360.0,1.0,True,True,16.98959193779156,906.8088888888891,906.8088888888891,34.3579823601332,33.681138455062516
r563_svd_normalised_tr050_tid2_015,2,15,True,98,polygon,347.65468220514094,83.99826431936523,448.1111111111111,11.943123409538634,24.10849396239257,23.684679187338528,67.23390544807447,0.18668133509623072,0.9841386041971694,448.1111111111111,False,mask,360.0,1.0,True,True,38.21799491052363,4588.657777777778,4588.657777777778,77.14718067965623,75.79097339948329
r563_svd_normalised_tr050_tid2_015,2,15,True,99,polygon,342.9633195781751,149.65245300320953,80.77777777777777,5.070736164564666,10.224832422968385,10.080356343772076,72.70129709082059,0.16751175559437328,0.9693333333333334,80.77777777777777,False,mask,360.0,1.0,True,True,16.226355726606933,827.1644444444445,827.1644444444445,32.719463753498836,32.257140300070645
r563_svd_normalised_tr050_tid2_015,2,15,True,100,polygon,271.19812925170066,242.76998299319726,87.11111111111111,5.265769446445725,11.013814128087587,10.07945631624221,62.28361636958973,0.40307960842447144,0.9739130434782609,87.11111111111111,False,mask,360.0,1.0,True,True,16.850462228626323,892.017777777778,892.017777777778,35.24420520988028,32.25426021197507
r563_svd_normalised_tr050_tid2_015,2,15,True,101,polygon,240.7050392972723,49.24133148404993,80.11111111111111,5.049768178821162,10.55098073887743,9.683161531680925,88.47137413740167,0.39715880787306423,0.9664879356568364,80.11111111111111,False,mask,360.0,1.0,True,True,16.15925817222772,820.337777777778,820.337777777778,33.76313836440777,30.986116901378963
r563_svd_normalised_tr050_tid2_015,2,15,True,102,polygon,232.19481844145244,223.4832721338229,181.55555555555554,7.602034479330107,16.132480253030305,14.395270591397868,65.6791970832241,0.4514112518734491,0.9796163069544365,181.55555555555554,False,mask,360.0,1.0,True,True,24.326510333856344,1859.1288888888892,1859.1288888888892,51.62393680969698,46.06486589247318
r563_svd_normalised_tr050_tid2_015,2,15,True,103,polygon,19.505764411027567,89.10952380952381,147.77777777777777,6.8585076820645146,13.849343384735638,13.606029204881859,-44.28160716663444,0.18662430233535915,0.9808259587020649,147.77777777777777,False,mask,360.0,1.0,True,True,21.94722458260645,1513.2444444444448,1513.2444444444448,44.31789883115405,43.53929345562195
r563_svd_normalised_tr050_tid2_015,2,15,True,104,polygon,79.92028985507247,88.2627765064836,97.11111111111111,5.559804558162025,11.333768392975026,10.9405637865502,76.50960070271236,0.2611183008184023,0.9743589743589743,97.11111111111111,False,mask,360.0,1.0,True,True,17.79137458611848,994.417777777778,994.417777777778,36.26805885752008,35.009804116960645
r563_svd_normalised_tr050_tid2_015,2,15,True,105,polygon,222.40700189240337,95.65423087320897,274.0,9.338999347593866,18.82507839998218,18.542218316877413,37.13659829754426,0.1727010106370171,0.982078853046595,274.0,False,mask,360.0,1.0,True,True,29.88479791230037,2805.7600000000007,2805.7600000000007,60.24025087994298,59.33509861400773
r563_svd_normalised_tr050_tid2_015,2,15,True,106,polygon,295.12841530054646,144.71311475409837,94.88888888888889,5.495823088703691,11.569734910832066,10.461758169102131,-35.83907519347176,0.4270354004958967,0.9715585893060296,94.88888888888889,False,mask,360.0,1.0,True,True,17.586633883851814,971.6622222222223,971.6622222222223,37.02315171466261,33.47762614112682
r563_svd_normalised_tr050_tid2_015,2,15,True,107,polygon,221.22511111111112,119.57660317460318,1166.6666666666667,19.270742950937027,39.602508589038194,37.52291589293761,-26.931791824140692,0.3197902573814045,0.9897257045904421,1166.6666666666667,False,mask,360.0,1.0,True,True,61.66637744299849,11946.66666666667,11946.66666666667,126.72802748492222,120.07333085740036
r563_svd_normalised_tr050_tid2_015,2,15,True,108,polygon,312.75333857030637,115.52500654621629,141.44444444444446,6.709930328434165,13.754665989081447,13.124925677039569,82.66573314235029,0.29911764459967954,0.9762269938650306,141.44444444444446,False,mask,360.0,1.0,True,True,21.47177705098933,1448.3911111111115,1448.3911111111115,44.01493116506063,41.99976216652662
r563_svd_normalised_tr050_tid2_015,2,15,True,109,polygon,72.03483992467044,65.79484463276836,314.6666666666667,10.008072284536093,20.890915416947596,19.24167770025026,82.04697596100539,0.38943301718965223,0.9857292029237731,314.6666666666667,False,mask,360.0,1.0,True,True,32.0258313105155,3222.1866666666674,3222.1866666666674,66.8509293342323,61.57336864080084
r563_svd_normalised_tr050_tid2_015,2,15,True,110,polygon,54.523809523809526,92.43107769423558,29.555555555555557,3.067217880260154,6.3041909791716195,5.975024963192564,-50.62646755568241,0.3189065599344906,0.9925373134328358,29.555555555555557,False,mask,360.0,1.0,True,True,9.815097216832493,302.64888888888896,302.64888888888896,20.173411133349184,19.120079882216206
r563_svd_normalised_tr050_tid2_015,2,15,True,111,polygon,48.72510288065843,89.86748971193417,45.0,3.7846987830302403,7.872052629820346,7.3425873135334285,62.13844439304593,0.3605467694903938,0.9665871121718377,45.0,False,mask,360.0,1.0,True,True,12.111036105696769,460.80000000000007,460.80000000000007,25.19056841542511,23.49627940330697
r563_svd_normalised_tr050_tid2_015,2,15,True,112,polygon,283.488539445629,77.43079246624022,416.8888888888889,11.519542298785538,24.27151836794522,21.909554765676702,-18.555862237108826,0.43030031613042824,0.984002098085497,416.8888888888889,False,mask,360.0,1.0,True,True,36.862535356113725,4268.942222222223,4268.942222222223,77.6688587774247,70.11057525016545
r563_svd_normalised_tr050_tid2_015,2,15,True,113,polygon,392.12352532963223,78.74045801526718,160.11111111111111,7.138973984722037,14.644969812095134,13.962972206740583,-73.17213839606103,0.3016103582757325,0.9829467939972715,160.11111111111111,False,mask,360.0,1.0,True,True,22.84471675111052,1639.537777777778,1639.537777777778,46.86390339870443,44.681511061569864
r563_svd_normalised_tr050_tid2_015,2,15,True,114,polygon,307.68794180924084,142.72970665573882,1084.5555555555557,18.580224849255373,38.61166951993787,35.80878487809648,52.30937199114856,0.374050457514455,0.9874557410217502,1084.5555555555557,False,mask,360.0,1.0,True,True,59.456719517617195,11105.848888888891,11105.848888888891,123.55734246380119,114.58811160990875
r563_svd_normalised_tr050_tid2_015,2,15,True,115,polygon,215.27370812038615,214.18455423055082,65.22222222222223,4.556410663253419,9.208388098115,9.036946140658076,69.40170324540847,0.19206616077628438,0.9767054908485857,65.22222222222223,False,mask,360.0,1.0,True,True,14.580514122410941,667.8755555555557,667.8755555555557,29.466841913968,28.918227650105845
r563_svd_normalised_tr050_tid2_015,2,15,True,116,polygon,240.95391832229578,120.22571743929359,134.22222222222223,6.536379753264877,13.119350862127106,13.070491599999864,-59.81294408947994,0.08622387726926592,0.9813160032493907,134.22222222222223,False,mask,360.0,1.0,True,True,20.91641521044761,1374.435555555556,1374.435555555556,41.981922758806746,41.82557311999957
r563_svd_normalised_tr050_tid2_015,2,15,True,117,polygon,355.4805149617259,9.932846207376478,106.44444444444444,5.820852085048025,12.24119186994036,11.090706904901253,82.17016888423669,0.42324497475805944,0.9716024340770791,106.44444444444444,False,mask,360.0,1.0,True,True,18.62672667215368,1089.9911111111112,1089.9911111111112,39.17181398380916,35.49026209568401
r563_svd_normalised_tr050_tid2_015,2,15,True,118,polygon,231.89121582315298,117.0389761489238,63.666666666666664,4.501747374116856,9.15096033615884,8.894820288099902,-74.34358531357428,0.23494159192793018,0.9744897959183674,63.666666666666664,False,mask,360.0,1.0,True,True,14.405591597173938,651.9466666666667,651.9466666666667,29.28307307570829,28.46342492191969
r563_svd_normalised_tr050_tid2_015,2,15,True,119,polygon,280.54707870593916,134.38129727989698,920.4444444444445,17.11685036300819,34.44973443911149,34.05218928441385,-43.51504593047021,0.15148120033441476,0.9877190890664123,920.4444444444445,False,mask,360.0,1.0,True,True,54.77392116162621,9425.351111111113,9425.351111111113,110.23915020515676,108.96700571012433
r563_svd_normalised_tr050_tid2_015,2,15,True,120,polygon,45.315834218916045,81.19752036840241,522.7777777777778,12.899819182603277,32.44486875690213,20.573818847795568,-83.80465266082666,0.7732377177806302,0.980616923718216,522.7777777777778,False,mask,360.0,1.0,True,True,41.27942138433049,5353.244444444446,5353.244444444446,103.82358002208683,65.83622031294583
r563_svd_normalised_tr050_tid2_015,2,15,True,121,polygon,187.84519350811487,84.02372034956305,29.666666666666668,3.0729779189117394,6.354176597976483,5.961818015741649,-65.22030881253899,0.3459529535187968,0.978021978021978,29.666666666666668,False,mask,360.0,1.0,True,True,9.833529340517567,303.78666666666675,303.78666666666675,20.33336511352475,19.077817650373277
r563_svd_normalised_tr050_tid2_015,2,15,True,122,polygon,306.3240740740741,14.47089947089947,28.0,2.985410660720923,6.200145381271901,5.805039093593323,-6.280358827136384,0.3512687510057457,0.9655172413793104,28.0,False,mask,360.0,1.0,True,True,9.553314114306955,286.72,286.72,19.840465220070087,18.576125099498636
r563_svd_normalised_tr050_tid2_015,2,15,True,123,polygon,245.0473746545598,84.27622055533622,281.44444444444446,9.465017119803393,19.889305605395375,18.041001903876918,73.99381453885023,0.42097880168779345,0.9867549668874173,281.44444444444446,False,mask,360.0,1.0,True,True,30.28805478337086,2881.991111111112,2881.991111111112,63.6457779372652,57.73120609240614
r563_svd_normalised_tr050_tid2_015,2,15,True,124,polygon,197.0002740435294,238.86129513353393,1383.9751726605305,20.988877523363787,41.97775504672757,41.97775504672757,,0.0,0.9890507380975657,1124.111111111111,True,circle,250.0,0.6694444444444444,True,True,67.16440807476413,14171.905768043835,11510.89777777778,134.32881614952825,134.32881614952825
r563_svd_normalised_tr050_tid2_015,2,15,True,125,polygon,225.77023319615913,158.4272976680384,162.0,7.1809610472257885,14.563090321204463,14.184807303731118,-70.30662780241248,0.22644249118210186,0.9811574697173621,162.0,False,mask,360.0,1.0,True,True,22.979075351122525,1658.8800000000003,1658.8800000000003,46.601889027854284,45.39138337193958
r563_svd_normalised_tr050_tid2_015,2,15,True,126,polygon,326.7967479674797,124.15505226480836,63.77777777777778,4.505673888054876,9.786879937461501,8.325817055599357,2.2473644037576896,0.5256319484617229,0.9778534923339012,63.77777777777778,False,mask,360.0,1.0,True,True,14.418156441775603,653.0844444444446,653.0844444444446,31.318015799876804,26.642614577917943
r563_svd_normalised_tr050_tid2_015,2,15,True,127,polygon,179.52060753520607,40.371009363710094,502.3333333333333,12.64506489345379,27.856746140007726,23.030838728147724,75.78685948809724,0.5625550479815888,0.9869024230517355,502.3333333333333,False,mask,360.0,1.0,True,True,40.464207659052136,5143.893333333334,5143.893333333334,89.14158764802472,73.69868393007272
r563_svd_normalised_tr050_tid2_015,2,15,True,128,polygon,373.67668776371306,87.69567510548524,70.22222222222223,4.727835399326886,9.698548704464839,9.243335806884572,89.2270757617214,0.30276949769568573,0.9723076923076923,70.22222222222223,False,mask,360.0,1.0,True,True,15.129073277846036,719.0755555555558,719.0755555555558,31.035355854287488,29.57867458203063
r563_svd_normalised_tr050_tid2_015,2,15,True,129,polygon,303.4906779661017,101.4638418079096,131.11111111111111,6.4601828809413835,13.355854289711395,12.522836979666957,64.16713671656906,0.3476374018754269,0.9816971713810316,131.11111111111111,False,mask,360.0,1.0,True,True,20.67258521901243,1342.577777777778,1342.577777777778,42.738733727076465,40.073078334934266
r563_svd_normalised_tr050_tid2_015,2,15,True,130,polygon,309.6020151133501,148.1376994122586,44.111111111111114,3.74713260470167,7.589567645770862,7.432178397793071,-62.69807228216988,0.20259592312867483,0.9589371980676329,44.111111111111114,False,mask,360.0,1.0,True,True,11.990824335045346,451.6977777777779,451.6977777777779,24.28661646646676,23.782970872937828
r563_svd_normalised_tr050_tid2_015,2,15,True,131,polygon,356.67595459236327,22.09391124871001,35.888888888888886,3.379909486581694,6.911377935180447,6.627923876588977,10.987816886397134,0.2834489368732637,0.9877675840978594,35.888888888888886,False,mask,360.0,1.0,True,True,10.815710357061421,367.50222222222226,367.50222222222226,22.11640939257743,21.20935640508473
r563_svd_normalised_tr050_tid2_015,2,15,True,132,polygon,337.91101465002714,95.71097847712063,409.55555555555554,11.417774839031818,23.46294667085341,22.23300521199785,79.85969965197341,0.3195203558536656,0.9866167023554604,409.55555555555554,False,mask,360.0,1.0,True,True,36.53687948490182,4193.84888888889,4193.84888888889,75.08142934673091,71.14561667839313
r563_svd_normalised_tr050_tid2_015,2,15,True,133,polygon,227.08912978018668,215.8584763625414,123.0,6.257165172872317,13.002681125866578,12.079944174614857,25.937510684362817,0.3699921750278962,0.9744718309859155,123.0,False,mask,360.0,1.0,True,True,20.022928553191417,1259.5200000000002,1259.5200000000002,41.608579602773055,38.65582135876755
r563_svd_normalised_tr050_tid2_015,2,15,True,134,polygon,235.57541478129713,99.48831070889895,98.22222222222223,5.591520757027962,12.542039934659273,9.987912631587951,-76.16129298621713,0.6048298675424603,0.9767955801104973,98.22222222222223,False,mask,360.0,1.0,True,True,17.89286642248948,1005.7955555555558,1005.7955555555558,40.13452779090968,31.961320421081446
r563_svd_normalised_tr050_tid2_015,2,15,True,135,polygon,247.6906077348066,107.3855125844076,60.333333333333336,4.382316335731828,8.859531316346857,8.686657442079078,-21.68465548065695,0.19658271711176592,0.98014440433213,60.333333333333336,False,mask,360.0,1.0,True,True,14.023412274341851,617.8133333333335,617.8133333333335,28.350500212309942,27.79730381465305
r563_svd_normalised_tr050_tid2_015,2,15,True,136,polygon,76.52215189873418,90.62236286919831,70.22222222222223,4.727835399326886,9.996347248645582,8.975668096871228,65.66610525738513,0.4402101192547025,0.9708141321044547,70.22222222222223,False,mask,360.0,1.0,True,True,15.129073277846036,719.0755555555558,719.0755555555558,31.988311195665865,28.722137909987932
r563_svd_normalised_tr050_tid2_015,2,15,True,137,polygon,380.00589290289525,25.040994107097106,144.55555555555554,6.7833223744801865,14.386836686894547,12.807439871450407,-54.32387234831555,0.4555321885295982,0.9759939984996249,144.55555555555554,False,mask,360.0,1.0,True,True,21.7066315983366,1480.248888888889,1480.248888888889,46.037877398062555,40.983807588641305
r563_svd_normalised_tr050_tid2_015,2,15,True,138,polygon,249.72777777777776,134.98055555555555,26.666666666666668,2.9134624815788777,6.136255607199356,5.557694851409714,57.24944967376415,0.42388853350682215,0.97165991902834,26.666666666666668,False,mask,360.0,1.0,True,True,9.32307994105241,273.0666666666667,273.0666666666667,19.636017943037942,17.784623524511087
r563_svd_normalised_tr050_tid2_015,2,15,True,139,polygon,296.9750656167979,110.998687664042,28.22222222222222,2.9972341155487343,6.179479907756961,5.885316374383,-88.74820910649986,0.3048614344717244,0.9621212121212122,28.22222222222222,False,mask,360.0,1.0,True,True,9.59114916975595,288.9955555555556,288.9955555555556,19.774335704822278,18.8330123980256
r563_svd_normalised_tr050_tid2_015,2,15,True,140,polygon,262.4607534143779,211.0723397868828,246.77777777777777,8.862945693003722,18.123710166439086,17.3551299088397,43.147864134758656,0.288125840994234,0.9827433628318584,246.77777777777777,False,mask,360.0,1.0,True,True,28.36142621761191,2527.0044444444447,2527.0044444444447,57.99587253260508,55.536415708287045
r563_svd_normalised_tr050_tid2_015,2,15,True,141,polygon,271.743630017452,194.9722513089005,212.22222222222223,8.219028616644835,16.95438420516281,15.961052619221318,2.174202653413697,0.33726006057541646,0.9820051413881749,212.22222222222223,False,mask,360.0,1.0,True,True,26.30089157326347,2173.155555555556,2173.155555555556,54.254029456520996,51.07536838150822
r563_svd_normalised_tr050_tid2_015,2,15,True,142,polygon,336.997955010225,40.48057259713701,18.11111111111111,2.401030136512194,4.9607597460241,4.710966957131791,-43.2915167640322,0.31332407207933655,0.9476744186046512,18.11111111111111,False,mask,360.0,1.0,True,True,7.683296436839021,185.4577777777778,185.4577777777778,15.87443118727712,15.07509426282173
r563_svd_normalised_tr050_tid2_015,2,15,True,143,polygon,225.38143790849674,204.7756862745098,141.66666666666666,6.71519921839283,13.947593129722383,12.959450133185603,-31.889487302550762,0.36969503415350957,0.9822804314329738,141.66666666666666,False,mask,360.0,1.0,True,True,21.48863749885706,1450.6666666666667,1450.6666666666667,44.63229801511163,41.47024042619393
r563_svd_normalised_tr050_tid2_015,2,15,True,144,polygon,270.9115980918306,170.68202146690518,248.44444444444446,8.892824232723045,18.03356880244247,17.56579157887483,-12.336809866080607,0.22628666001707232,0.9815627743634767,248.44444444444446,False,mask,360.0,1.0,True,True,28.457037544713746,2544.071111111112,2544.071111111112,57.70742016781591,56.210533052399455
r563_svd_normalised_tr050_tid2_015,2,15,True,145,polygon,290.0713081443546,245.65916588678,167.84521011880975,7.309363154845486,14.618726309690972,14.618726309690972,,0.0,0.9864649681528662,137.66666666666666,True,circle,240.0,0.675,True,True,23.389962095505556,1718.734951616612,1409.706666666667,46.77992419101111,46.77992419101111
r563_svd_normalised_tr050_tid2_015,2,15,True,146,polygon,310.41817906836053,89.02949183303086,244.88888888888889,8.828961113851232,18.087010206071138,17.295603534321348,51.95069265054655,0.2925688102611455,0.9808633733867379,244.88888888888889,False,mask,360.0,1.0,True,True,28.252675564323944,2507.6622222222227,2507.6622222222227,57.878432659427645,55.345931309828316
r563_svd_normalised_tr050_tid2_015,2,15,True,147,polygon,304.02348578491967,138.8652657601978,89.88888888888889,5.3490673945473555,10.745766245705724,10.6865352367551,29.0165546055068,0.10485075959779167,0.9746987951807229,89.88888888888889,False,mask,360.0,1.0,True,True,17.117015662551538,920.4622222222224,920.4622222222224,34.386451986258315,34.196912757616325
r563_svd_normalised_tr050_tid2_015,2,15,True,148,polygon,348.52119460500967,40.23506743737958,76.88888888888889,4.947170248841286,10.527900519157301,9.343083574568604,-49.94597425282017,0.4608860292338674,0.9829545454545454,76.88888888888889,False,mask,360.0,1.0,True,True,15.830944796292115,787.3422222222223,787.3422222222223,33.68928166130336,29.897867438619535
r563_svd_normalised_tr050_tid2_015,2,15,True,149,polygon,243.8732741617357,39.64250493096647,75.11111111111111,4.889643057413888,9.904920235040983,9.687474944195346,-58.27014789121653,0.20838563938174567,0.9782923299565847,75.11111111111111,False,mask,360.0,1.0,True,True,15.646857783724442,769.137777777778,769.137777777778,31.695744752131148,30.99991982142511
r563_svd_normalised_tr050_tid2_015,2,15,True,150,polygon,155.03073967339097,45.06628242074928,38.55555555555556,3.5032291533157958,7.454297831513517,6.596919045140102,-78.79140452103822,0.46562532660121053,0.9692737430167597,38.55555555555556,False,mask,360.0,1.0,True,True,11.210333290610548,394.808888888889,394.808888888889,23.853753060843257,21.11014094444833
r563_svd_normalised_tr050_tid2_015,2,15,True,151,polygon,84.39858906525573,78.94885361552028,21.0,2.5854414729132054,5.550294626473055,4.834977798053964,58.52680413232257,0.49106856058631543,0.9692307692307692,21.0,False,mask,360.0,1.0,True,True,8.273412713322257,215.04000000000005,215.04000000000005,17.760942804713775,15.471928953772684
r563_svd_normalised_tr050_tid2_015,2,15,True,152,polygon,236.9522709776751,235.21670515781372,96.22222222222223,5.534300733056252,11.863211899640627,10.381019857526896,-68.21710431183116,0.48401481660796475,0.9730337078651685,96.22222222222223,False,mask,360.0,1.0,True,True,17.709762345780007,985.3155555555558,985.3155555555558,37.962278078850005,33.21926354408607
r563_svd_normalised_tr050_tid2_015,2,15,True,153,polygon,157.0170857511283,111.93326885880077,114.88888888888889,6.0473357064085995,12.365128057854681,11.855384736571757,-85.40528958206977,0.28416384503137554,0.9745523091423186,114.88888888888889,False,mask,360.0,1.0,True,True,19.35147426050752,1176.4622222222224,1176.4622222222224,39.56840978513498,37.93723115702962
r563_svd_normalised_tr050_tid2_015,2,15,True,154,polygon,2.997942386831276,174.278463648834,108.0,5.863230142835039,18.48494738970523,7.857536339035843,-1.2000601777887112,0.9051569298820412,0.9838056680161943,108.0,False,mask,360.0,1.0,True,True,18.762336457072124,1105.9200000000003,1105.9200000000003,59.15183164705674,25.1441162849147
r563_svd_normalised_tr050_tid2_015,2,15,True,155,polygon,288.7917050691244,120.36221198156682,120.55555555555556,6.1946771641234495,12.885523384011975,11.952176628907234,-37.36227474231179,0.3736587324829178,0.9810126582278481,120.55555555555556,False,mask,360.0,1.0,True,True,19.82296692519504,1234.488888888889,1234.488888888889,41.233674828838325,38.24696521250315
r563_svd_normalised_tr050_tid2_015,2,15,True,156,polygon,184.24604966139955,172.1640331075997,49.22222222222222,3.9582723445044565,8.197453665245682,7.681491096756119,-56.33548238446327,0.34917323488679,0.9757709251101322,49.22222222222222,False,mask,360.0,1.0,True,True,12.666471502414261,504.0355555555556,504.0355555555556,26.231851728786182,24.58077150961958
r563_svd_normalised_tr050_tid2_015,2,15,True,157,polygon,241.10371845949535,204.7152722443559,278.8888888888889,9.421947276446948,19.504290436037603,18.22464470132063,50.92486648227279,0.35624763941601206,0.9820031298904538,278.8888888888889,False,mask,360.0,1.0,True,True,30.150231284630237,2855.822222222223,2855.822222222223,62.41372939532033,58.31886304422602
r563_svd_normalised_tr050_tid2_015,2,15,True,158,polygon,207.16108726752506,56.20457796852647,129.44444444444446,6.418991071674358,14.249740905223215,11.6031369475714,-77.08568505076288,0.5804862780659648,0.967607973421927,129.44444444444446,False,mask,360.0,1.0,True,True,20.540771429357946,1325.5111111111114,1325.5111111111114,45.59917089671429,37.13003823222848
r563_svd_normalised_tr050_tid2_015,2,15,True,159,polygon,300.25309227721453,183.6301420033628,2224.777777777778,26.61144042002746,55.00491799662831,51.575976558223026,2.6075791917509132,0.3475507203449935,0.9922200198216056,2224.777777777778,False,mask,360.0,1.0,True,True,85.15660934408788,22781.724444444448,22781.724444444448,176.0157375892106,165.0431249863137
r563_svd_normalised_tr050_tid2_015,2,15,True,160,polygon,52.6544,71.30346666666667,69.44444444444444,4.701579862897969,9.564951555924214,9.271916961061665,-78.91763725308914,0.24562978376644085,0.9796238244514106,69.44444444444444,False,mask,360.0,1.0,True,True,15.0450555612735,711.1111111111112,711.1111111111112,30.607844978957488,29.67013427539733
r563_svd_normalised_tr050_tid2_015,2,15,True,161,polygon,350.75707762557073,70.87260273972602,81.11111111111111,5.081187710173536,10.675651817235389,9.69450205105699,-69.07873935177935,0.41876502847867897,0.9656084656084656,81.11111111111111,False,mask,360.0,1.0,True,True,16.259800672555315,830.577777777778,830.577777777778,34.16208581515325,31.02240656338237
r563_svd_normalised_tr050_tid2_015,2,15,True,162,polygon,244.68705321683876,217.6809637278263,139.88888888888889,6.672931612162616,13.444901920974067,13.268584463306524,-9.669485100340818,0.1614192424884014,0.9812938425565082,139.88888888888889,False,mask,360.0,1.0,True,True,21.35338115892037,1432.4622222222224,1432.4622222222224,43.02368614711702,42.45947028258088
r563_svd_normalised_tr050_tid2_015,2,15,True,163,polygon,289.18650793650795,102.3611111111111,9.333333333333334,1.7236276486088036,4.126972488123781,2.939825722820339,72.95595284519091,0.701830080588817,0.9032258064516129,9.333333333333334,False,mask,360.0,1.0,True,True,5.515608475548172,95.57333333333335,95.57333333333335,13.2063119619961,9.407442313025085
r563_svd_normalised_tr050_tid2_015,2,15,True,164,polygon,318.98163082437276,48.39804147465438,578.6666666666666,13.57185767701018,31.524198736483115,23.438019504255436,-72.45863905902807,0.6687437729099939,0.979131415679639,578.6666666666666,False,mask,360.0,1.0,True,True,43.42994456643258,5925.546666666667,5925.546666666667,100.87743595674597,75.0016624136174
r563_svd_normalised_tr050_tid2_015,2,15,True,165,polygon,349.1143928738866,28.030942334739805,79.0,5.014626706796775,10.476670136417853,9.642168029864203,-3.392524068301755,0.39110367529704954,0.9820441988950276,79.0,False,mask,360.0,1.0,True,True,16.04680546174968,808.9600000000002,808.9600000000002,33.52534443653713,30.854937695565454
r563_svd_normalised_tr050_tid2_015,2,15,True,166,polygon,398.5213651083672,90.18073662945375,138.12708542571897,6.630777996642577,13.261555993285153,13.261555993285153,,0.0,0.9865591397849462,81.55555555555556,True,circle,200.0,0.5472222222222223,True,True,21.218489589256247,1414.4213547593627,835.128888888889,42.436979178512495,42.436979178512495
r563_svd_normalised_tr050_tid2_015,2,15,True,167,polygon,279.6914893617021,206.3945035460993,41.77777777777778,3.646680639904754,7.495267886613767,7.124155809370801,-54.552658582923975,0.31076386270018214,0.9591836734693877,41.77777777777778,False,mask,360.0,1.0,True,True,11.669378047695213,427.8044444444445,427.8044444444445,23.984857237164057,22.797298589986564
r563_svd_normalised_tr050_tid2_015,2,15,True,168,polygon,193.67125382262998,124.83333333333333,24.22222222222222,2.7767197911697967,5.825932243371579,5.332862313298192,-12.493597116461656,0.4026219709192677,0.9732142857142857,24.22222222222222,False,mask,360.0,1.0,True,True,8.88550333174335,248.0355555555556,248.0355555555556,18.642983178789052,17.065159402554215
r563_svd_normalised_tr050_tid2_015,2,15,True,169,polygon,245.96691277003006,240.13645064260322,135.44444444444446,6.566072318771541,13.376432532897988,12.916445772171437,81.80858408489439,0.2599868776118642,0.9830645161290322,135.44444444444446,False,mask,360.0,1.0,True,True,21.01143142006893,1386.9511111111115,1386.9511111111115,42.80458410527356,41.332626470948604
r563_svd_normalised_tr050_tid2_015,2,15,True,170,polygon,283.90038314176246,99.91954022988506,9.666666666666666,1.754136701184748,3.6880610005765617,3.3357022338236195,-6.8176609949691676,0.42655926232136204,0.9560439560439561,9.666666666666666,False,mask,360.0,1.0,True,True,5.613237443791194,98.98666666666668,98.98666666666668,11.801795201844998,10.674247148235583
r563_svd_normalised_tr050_tid2_015,2,15,True,171,polygon,256.38310376492194,77.15867768595042,403.3333333333333,11.330709926013562,23.864974212938886,21.537443431342734,74.34687452819114,0.4307509429719725,0.9800215982721382,403.3333333333333,False,mask,360.0,1.0,True,True,36.2582717632434,4130.133333333334,4130.133333333334,76.36791748140443,68.91981898029675
r563_svd_normalised_tr050_tid2_015,2,15,True,172,polygon,243.0652920962199,74.15807560137456,43.111111111111114,3.70441532107761,8.2406535278521,6.713530743744339,-81.69898429721387,0.5799047784434135,0.97,43.111111111111114,False,mask,360.0,1.0,True,True,11.854129027448352,441.4577777777779,441.4577777777779,26.37009128912672,21.483298379981886
r563_svd_normalised_tr050_tid2_015,2,15,True,173,polygon,254.1033950617284,239.06172839506175,24.0,2.763953195770684,5.561004578555781,5.529904036684315,-14.889711889672775,0.10561224846023975,0.96,24.0,False,mask,360.0,1.0,True,True,8.84465022646619,245.76000000000005,245.76000000000005,17.795214651378497,17.69569291738981
r563_svd_normalised_tr050_tid2_015,2,15,True,174,polygon,63.084848484848486,72.84377104377104,55.0,4.1841419359420025,9.08153801240242,7.757779754853602,-88.96637637630887,0.5198848744226396,0.9593023255813954,55.0,False,mask,360.0,1.0,True,True,13.38925419501441,563.2000000000002,563.2000000000002,29.06092163968775,24.824895215531527
r563_svd_normalised_tr050_tid2_015,2,15,True,175,polygon,205.2037037037037,2.3372319688109164,76.0,4.918490759365935,16.34271555763532,6.372405919561655,-88.97014808536545,0.920847329349879,0.9799426934097422,76.0,False,mask,360.0,1.0,True,True,15.739170429970992,778.2400000000001,778.2400000000001,52.29668978443303,20.391698942597298
r563_svd_normalised_tr050_tid2_015,2,15,True,176,polygon,349.0553745928339,152.1601520086862,68.22222222222223,4.660022295092679,9.557941108967027,9.114044129923654,-55.84295326434239,0.3012118074307958,0.9761526232114467,68.22222222222223,False,mask,360.0,1.0,True,True,14.912071344296573,698.5955555555557,698.5955555555557,30.585411548694488,29.164941215755693
r563_svd_normalised_tr050_tid2_015,2,15,True,177,polygon,222.00149142431022,167.993288590604,99.33333333333333,5.623058067243292,11.451826376241216,11.073381076755544,-1.0951750899636454,0.2549536315755741,0.9759825327510917,99.33333333333333,False,mask,360.0,1.0,True,True,17.993785815178537,1017.1733333333335,1017.1733333333335,36.64584440397189,35.43481944561774
r563_svd_normalised_tr050_tid2_015,2,15,True,178,polygon,311.66915979082677,259.4943747001653,898.6338337006861,16.912836347761687,33.82567269552337,33.82567269552337,,0.0,0.9833194328607172,131.0,True,circle,110.0,0.2972222222222222,False,True,54.1210763128374,9202.010457095028,1341.4400000000003,108.2421526256748,108.2421526256748
r563_svd_normalised_tr050_tid2_015,2,15,True,179,polygon,283.08045977011494,95.31896551724138,12.88888888888889,2.0255025932488326,4.209856467843618,3.9529942926260393,-59.530984004589016,0.3439566552937451,0.9586776859504132,12.88888888888889,False,mask,360.0,1.0,True,True,6.481608298396265,131.98222222222225,131.98222222222225,13.471540697099579,12.649581736403327
r563_svd_normalised_tr050_tid2_015,2,15,True,180,polygon,365.4066091954023,84.98132183908045,51.55555555555556,4.051005186497665,8.439162330528491,7.810456055422313,73.20197542909756,0.37874432993238993,0.9686847599164927,51.55555555555556,False,mask,360.0,1.0,True,True,12.96321659679253,527.928888888889,527.928888888889,27.005319457691172,24.993459377351403
r563_svd_normalised_tr050_tid2_015,2,15,True,181,polygon,233.93387314439948,224.88191632928476,109.77777777777777,5.91129021026323,12.206020887321143,11.511861657872904,-44.57763406113926,0.3324247871840719,0.9762845849802372,109.77777777777777,False,mask,360.0,1.0,True,True,18.916128672842337,1124.1244444444446,1124.1244444444446,39.059266839427664,36.83795730519329
r563_svd_normalised_tr050_tid2_015,2,15,True,182,polygon,260.72807017543863,235.88815789473685,16.88888888888889,2.318598779434016,4.799654345978964,4.51520364181438,-81.63531707549187,0.33914206757537174,0.9681528662420382,16.88888888888889,False,mask,360.0,1.0,True,True,7.419516094188852,172.94222222222226,172.94222222222226,15.358893907132686,14.448651653806017
r563_svd_normalised_tr050_tid2_015,2,15,True,183,polygon,152.85368217054264,34.31637596899225,76.44444444444444,4.932851346887945,10.08032854746301,9.677275037214203,72.88841318652015,0.2799456995771275,0.9745042492917847,76.44444444444444,False,mask,360.0,1.0,True,True,15.785124310041425,782.7911111111113,782.7911111111113,32.257051351881636,30.96728011908545
r563_svd_normalised_tr050_tid2_015,2,15,True,184,polygon,235.1983791402396,148.47766032417195,525.5555555555555,12.934045348310317,26.702855219707285,25.110000351791985,-30.38113449389656,0.3402116385590339,0.9852114142886899,525.5555555555555,False,mask,360.0,1.0,True,True,41.388945114593014,5381.68888888889,5381.68888888889,85.44913670306332,80.35200112573436
r563_svd_normalised_tr050_tid2_015,2,15,True,185,polygon,293.87995712754554,98.60557341907825,34.55555555555556,3.316530560074269,6.810303368647186,6.501524516847649,28.058040835538936,0.2976981684019955,0.9810725552050473,34.55555555555556,False,mask,360.0,1.0,True,True,10.61289779223766,353.84888888888895,353.84888888888895,21.792970779670995,20.80487845391248
r563_svd_normalised_tr050_tid2_015,2,15,True,186,polygon,352.62559694364853,163.04584527220632,38.77777777777778,3.5133104091305074,7.169357846087318,6.914845038018609,-25.976590564738892,0.264083154814155,0.9587912087912088,38.77777777777778,False,mask,360.0,1.0,True,True,11.242593309217625,397.08444444444456,397.08444444444456,22.94194510747942,22.127504121659552
r563_svd_normalised_tr050_tid2_015,2,15,True,187,polygon,272.9259259259259,103.8694885361552,21.0,2.5854414729132054,5.336046124658449,5.043832360554697,40.867009711192864,0.3263825220539436,0.9692307692307692,21.0,False,mask,360.0,1.0,True,True,8.273412713322257,215.04000000000005,215.04000000000005,17.07534759890704,16.140263553775032
r563_svd_normalised_tr050_tid2_015,2,15,True,188,polygon,240.912,217.552,27.77777777777778,2.973540193587952,6.419205236825193,5.53381248073699,-5.60664477395306,0.5067870427340532,0.9578544061302682,27.77777777777778,False,mask,360.0,1.0,True,True,9.515328619481448,284.4444444444445,284.4444444444445,20.54145675784062,17.70819993835837
r563_svd_normalised_tr050_tid2_015,2,15,True,189,polygon,295.2105263157895,103.78245614035087,10.555555555555555,1.8330132807744652,4.0871187653854735,3.3086617059514953,-78.35076777457242,0.5870729613168856,0.95,10.555555555555555,False,mask,360.0,1.0,True,True,5.865642498478289,108.0888888888889,108.0888888888889,13.078780049233515,10.587717459044786
r563_svd_normalised_tr050_tid2_015,2,15,True,190,polygon,277.6359700905155,218.40731995277451,94.11111111111111,5.47325287798836,11.314942956787531,10.612394367318343,2.9193037621563747,0.34687960270167206,0.9758064516129032,94.11111111111111,False,mask,360.0,1.0,True,True,17.514409209562753,963.697777777778,963.697777777778,36.207817461720104,33.9596619754187
r563_svd_normalised_tr050_tid2_015,2,15,True,191,polygon,250.34948604992658,244.74008810572687,50.44444444444444,4.00711434447729,8.429473382195447,7.644826453567789,-63.77430067374963,0.42131093226664096,0.959830866807611,50.44444444444444,False,mask,360.0,1.0,True,True,12.822765902327328,516.5511111111111,516.5511111111111,26.97431482302543,24.463444651416925
r563_svd_normalised_tr050_tid2_015,2,15,True,192,polygon,207.70965023177413,197.4715549936789,87.88888888888889,5.2892251057259845,10.870909629412806,10.317679325802592,69.4880230765701,0.3149474620568258,0.9838308457711443,87.88888888888889,False,mask,360.0,1.0,True,True,16.92552033832315,899.9822222222224,899.9822222222224,34.78691081412098,33.0165738425683
r563_svd_normalised_tr050_tid2_015,2,15,True,193,polygon,132.20560747663552,47.862928348909655,11.88888888888889,1.9453408105198318,4.054580295169541,3.7485594058986607,-5.966971472692249,0.38112226614701866,0.9553571428571429,11.88888888888889,False,mask,360.0,1.0,True,True,6.225090593663462,121.74222222222225,121.74222222222225,12.97465694454253,11.995390098875715
r563_svd_normalised_tr050_tid2_015,2,15,True,194,polygon,67.50746268656717,8.906716417910447,29.77777777777778,3.0787271810361267,6.572350738281749,5.802218873305963,77.16461106683303,0.46970682024650867,0.9675090252707581,29.77777777777778,False,mask,360.0,1.0,True,True,9.851926979315607,304.92444444444453,304.92444444444453,21.031522362501597,18.567100394579082
r563_svd_normalised_tr050_tid2_015,2,15,True,195,polygon,321.38244514106583,214.37617554858934,35.44444444444444,3.3589160568491145,6.9166219599465215,6.548834007963431,-1.3571085008196084,0.321747545191623,0.9815384615384616,35.44444444444444,False,mask,360.0,1.0,True,True,10.748531381917168,362.9511111111112,362.9511111111112,22.13319027182887,20.95626882548298
r563_svd_normalised_tr050_tid2_015,2,15,True,196,polygon,206.8345727391697,254.87451222586168,312.34353889355924,9.971059939417236,19.942119878834472,19.942119878834472,,0.0,0.9878048780487805,54.0,True,circle,120.0,0.3194444444444444,False,True,31.907391806135156,3198.397838270047,552.9600000000002,63.81478361227031,63.81478361227031
r563_svd_normalised_tr050_tid2_015,2,15,True,197,polygon,207.5298245614035,213.37807017543858,42.22222222222222,3.6660265615489305,7.576339870535482,7.119585131781409,13.242789814927916,0.3419641238459237,0.987012987012987,42.22222222222222,False,mask,360.0,1.0,True,True,11.731284996956578,432.3555555555556,432.3555555555556,24.244287585713543,22.78267242170051
r563_svd_normalised_tr050_tid2_015,2,15,True,198,polygon,253.35438596491227,143.59298245614033,10.555555555555555,1.8330132807744652,3.803325301583637,3.5645830762545803,-4.698461660116812,0.3487171082059012,0.9313725490196079,10.555555555555555,False,mask,360.0,1.0,True,True,5.865642498478289,108.0888888888889,108.0888888888889,12.170640965067639,11.406665844014658
r563_svd_normalised_tr050_tid2_015,2,15,True,199,polygon,45.41830065359477,83.5658263305322,39.666666666666664,3.553349427224549,7.219603650691501,7.012237439127446,75.51425731522409,0.23795026006574604,0.967479674796748,39.666666666666664,False,mask,360.0,1.0,True,True,11.370718167118557,406.1866666666667,406.1866666666667,23.102731682212806,22.43915980520783
r563_svd_normalised_tr050_tid2_015,2,15,True,200,polygon,290.19700551615443,96.76359338061467,47.0,3.8678889139475245,8.258002439010545,7.2699246602695275,69.83537116006305,0.4743264042382348,0.976905311778291,47.0,False,mask,360.0,1.0,True,True,12.37724452463208,481.2800000000001,481.2800000000001,26.425607804833746,23.26375891286249
r563_svd_normalised_tr050_tid2_015,2,15,True,201,polygon,326.5995337995338,81.62657342657343,79.44444444444444,5.028712764619351,10.322157881628817,9.834029783544047,-73.19264245700647,0.30387894008356586,0.9623149394347241,79.44444444444444,False,mask,360.0,1.0,True,True,16.091880846781923,813.5111111111113,813.5111111111113,33.030905221212215,31.46889530734095
r563_svd_normalised_tr050_tid2_015,2,15,True,202,polygon,321.046902971715,100.26960257787324,103.44444444444444,5.738239219260257,11.966045256014922,11.097948733501527,-23.86934355260856,0.3739388820616438,0.986228813559322,103.44444444444444,False,mask,360.0,1.0,True,True,18.362365501632823,1059.2711111111114,1059.2711111111114,38.291344819247755,35.51343594720489
r563_svd_normalised_tr050_tid2_015,2,15,True,203,polygon,305.2271505376344,26.243279569892476,27.555555555555557,2.9616221488603185,6.170057971687345,5.7236367905080385,41.546863622692314,0.3734578098097302,0.9841269841269841,27.555555555555557,False,mask,360.0,1.0,True,True,9.477190876353019,282.16888888888894,282.16888888888894,19.744185509399504,18.315637729625724
r563_svd_normalised_tr050_tid2_015,2,15,True,204,polygon,242.94007490636704,127.78277153558052,9.88888888888889,1.7741846286974687,3.881539145118135,3.250865673423926,0.9092421912004532,0.5464070620214059,0.9270833333333334,9.88888888888889,False,mask,360.0,1.0,True,True,5.6773908118319,101.26222222222225,101.26222222222225,12.420925264378033,10.402770154956563
r563_svd_normalised_tr050_tid2_015,2,15,True,205,polygon,3.8344722854973425,151.66552771450264,195.11111111111111,7.880723036052639,26.23606747498478,10.253076041133637,-0.29430893915977124,0.9204752784313458,0.9837535014005602,195.11111111111111,False,mask,360.0,1.0,True,True,25.218313715368446,1997.9377777777781,1997.9377777777781,83.95541591995129,32.80984333162764
r563_svd_normalised_tr050_tid2_015,2,15,True,206,polygon,22.728582375478926,86.40061302681993,241.66666666666666,8.77068350592374,19.669536447444532,16.23346411073532,-43.34214575363169,0.5646799881805634,0.925531914893617,241.66666666666666,False,mask,360.0,1.0,True,True,28.06618721895597,2474.666666666667,2474.666666666667,62.94251663182251,51.947085154353026
r563_svd_normalised_tr050_tid2_015,2,15,True,207,polygon,303.46370967741933,48.979838709677416,55.111111111111114,4.188366209542812,8.723460952211417,8.056865401401,-25.664083923049954,0.3833915929426524,0.9631067961165048,55.111111111111114,False,mask,360.0,1.0,True,True,13.402771870536998,564.3377777777779,564.3377777777779,27.915075047076535,25.7819692844832
r563_svd_normalised_tr050_tid2_015,2,15,True,208,polygon,324.87510548523204,208.76708860759493,43.888888888888886,3.7376820660611645,8.287668503552437,6.850346573027186,-28.966722048052745,0.5628324403875623,0.9541062801932367,43.888888888888886,False,mask,360.0,1.0,True,True,11.960582611395727,449.4222222222223,449.4222222222223,26.5205392113678,21.921109033686996
r563_svd_normalised_tr050_tid2_015,2,15,True,209,polygon,243.31785516860145,228.09729132117192,67.0,4.61809077155419,9.53911421632596,8.968312695990162,11.467674271615056,0.34072777186007486,0.9741518578352181,67.0,False,mask,360.0,1.0,True,True,14.777890468973409,686.0800000000002,686.0800000000002,30.525165492243072,28.69860062716852
r563_svd_normalised_tr050_tid2_015,2,15,True,210,polygon,188.37014314928425,210.08384458077708,18.11111111111111,2.401030136512194,4.906303225407112,4.723423693654097,24.794509998371197,0.27047999566598724,0.9702380952380952,18.11111111111111,False,mask,360.0,1.0,True,True,7.683296436839021,185.4577777777778,185.4577777777778,15.700170321302759,15.114955819693112
r563_svd_normalised_tr050_tid2_015,2,15,True,211,polygon,326.33633972190904,50.62081924088688,98.55555555555556,5.601000595578361,11.959520263268523,10.520042107722682,-63.629934394688455,0.47564474886165964,0.973655323819978,98.55555555555556,False,mask,360.0,1.0,True,True,17.923201905850757,1009.2088888888891,1009.2088888888891,38.270464842459276,33.664134744712584
r563_svd_normalised_tr050_tid2_015,2,15,True,212,polygon,2.0971896955503513,153.70491803278688,94.88888888888889,5.495823088703691,22.624301185690936,5.691868335194527,0.49965043764344996,0.9678359707444649,0.9782359679266895,94.88888888888889,False,mask,360.0,1.0,True,True,17.586633883851814,971.6622222222223,971.6622222222223,72.397763794211,18.213978672622485
r563_svd_normalised_tr050_tid2_015,2,15,True,213,polygon,57.202632816173015,140.68735307945462,78.77777777777777,5.007568819123348,10.194794487481111,9.855391050612937,-71.78714407495386,0.25588147195926564,0.9888423988842399,78.77777777777777,False,mask,360.0,1.0,True,True,16.024220221194714,806.6844444444446,806.6844444444446,32.623342359939556,31.5372513619614
r563_svd_normalised_tr050_tid2_015,2,15,True,214,polygon,224.49262536873155,181.35398230088495,12.555555555555555,1.9991391797128957,4.133026364157839,3.8761400640376795,67.23954689037966,0.3470531218682688,0.9741379310344828,12.555555555555555,False,mask,360.0,1.0,True,True,6.397245375081266,128.56888888888892,128.56888888888892,13.225684365305085,12.403648204920575
r563_svd_normalised_tr050_tid2_015,2,15,True,215,polygon,240.42502883506344,42.38638985005767,64.22222222222223,4.521345844549571,9.582777773294787,8.568516935853498,81.56321840540052,0.4477516713388999,0.9714285714285714,64.22222222222223,False,mask,360.0,1.0,True,True,14.468306702558628,657.6355555555557,657.6355555555557,30.66488887454332,27.419254194731195
r563_svd_normalised_tr050_tid2_015,2,15,True,216,polygon,222.9551354053978,246.81137052825073,152.72141506134682,6.972283431273055,15.051061658626814,12.919417207527394,68.24454575360502,0.5130269738384415,0.9828897338403042,114.88888888888889,True,ellipse,220.0,0.6333333333333333,True,True,22.311306980073777,1563.8672902281917,1176.4622222222224,48.163397307605806,41.342135064087664
r563_svd_normalised_tr050_tid2_015,2,15,True,217,polygon,233.18372703412072,123.46456692913387,14.11111111111111,2.1193645679081743,4.4335788568127485,4.104517940976867,21.89279383720608,0.37806306490686653,0.9621212121212122,14.11111111111111,False,mask,360.0,1.0,True,True,6.781966617306158,144.4977777777778,144.4977777777778,14.187452341800796,13.134457411125974
r563_svd_normalised_tr050_tid2_015,2,15,True,218,polygon,243.25063775510205,119.203018707483,174.22222222222223,7.44692256749341,16.409485775976137,13.91562795407809,-60.89991165613078,0.5299587809723336,0.9462884731442366,174.22222222222223,False,mask,360.0,1.0,True,True,23.830152215978913,1784.035555555556,1784.035555555556,52.51035448312364,44.53000945304989
r563_svd_normalised_tr050_tid2_015,2,15,True,219,polygon,324.2003603603604,46.78462462462463,308.3333333333333,9.906843505375571,20.669408777305815,19.467459991648507,-12.511713853831889,0.33603666926362186,0.9819532908704883,308.3333333333333,False,mask,360.0,1.0,True,True,31.701899217201827,3157.333333333334,3157.333333333334,66.14210808737862,62.295871973275226
r563_svd_normalised_tr050_tid2_015,2,15,True,220,polygon,244.97471264367815,221.80919540229885,16.11111111111111,2.2645807435532483,5.363991302271233,3.8721421048969007,81.85048931933099,0.6920213544347127,0.9477124183006536,16.11111111111111,False,mask,360.0,1.0,True,True,7.246658379370395,164.97777777777782,164.97777777777782,17.164772167267948,12.390854735670082
r563_svd_normalised_tr050_tid2_015,2,15,True,221,polygon,-0.5875378837049505,214.58169779531474,31.063717476117475,3.144501291821707,6.289002583643414,6.289002583643414,,0.0,0.9925373134328358,14.777777777777779,True,circle,160.0,0.49166666666666664,True,True,10.062404133829462,318.092466955443,151.32444444444448,20.124808267658924,20.124808267658924
r563_svd_normalised_tr050_tid2_015,2,15,True,222,polygon,174.6686046511628,202.14341085271317,19.11111111111111,2.4664256734439727,5.032507616905019,4.8893213991971916,36.28568698678969,0.23684380904190797,1.0,19.11111111111111,False,mask,360.0,1.0,True,True,7.892562155020713,195.69777777777782,195.69777777777782,16.104024374096063,15.645828477431014
r563_svd_normalised_tr050_tid2_015,2,15,True,223,polygon,299.48140043763675,152.55871626549964,50.77777777777778,4.020331909819171,8.292411482526992,7.86767013431869,39.98596668637908,0.3159389723708157,0.9764957264957265,50.77777777777778,False,mask,360.0,1.0,True,True,12.865062111421347,519.9644444444446,519.9644444444446,26.535716744086375,25.17654442981981
r563_svd_normalised_tr050_tid2_015,2,15,True,224,polygon,216.86956521739128,188.30676328502418,15.333333333333334,2.2092423108729964,5.074240264724719,3.8662183795912797,-77.41330272605148,0.6476588036244112,0.9857142857142858,15.333333333333334,False,mask,360.0,1.0,True,True,7.069575394793588,157.01333333333338,157.01333333333338,16.237568847119103,12.371898814692095
r563_svd_normalised_tr050_tid2_015,2,15,True,225,polygon,197.98124706985467,64.3666197843413,79.0,5.014626706796775,10.404086112294335,9.708026598615515,-69.20813776200592,0.35962352684901483,0.9847645429362881,79.0,False,mask,360.0,1.0,True,True,16.04680546174968,808.9600000000002,808.9600000000002,33.29307555934187,31.06568511556965
r563_svd_normalised_tr050_tid2_015,2,15,True,226,polygon,189.1545853926414,9.901153212520592,134.88888888888889,6.552592377805918,13.761096591202332,12.53529541635143,-61.45366050629848,0.41257704027973113,0.9853896103896104,134.88888888888889,False,mask,360.0,1.0,True,True,20.968295608978938,1381.2622222222224,1381.2622222222224,44.035509091847466,40.11294533232458
r563_svd_normalised_tr050_tid2_015,2,15,True,227,polygon,231.93678160919538,109.32183908045977,38.666666666666664,3.508273402369496,7.539068982206277,6.555828181841143,-10.278150468669866,0.49379101643429046,0.9886363636363636,38.666666666666664,False,mask,360.0,1.0,True,True,11.226474887582388,395.9466666666667,395.9466666666667,24.125020743060087,20.97865018189166
r563_svd_normalised_tr050_tid2_015,2,15,True,228,polygon,4.128571428571429,230.3166666666667,15.555555555555555,2.2251937260415153,4.717618331095468,4.21812794486008,-6.126871095075869,0.44782277723582115,0.9722222222222222,15.555555555555555,False,mask,360.0,1.0,True,True,7.12061992333285,159.28888888888892,159.28888888888892,15.096378659505499,13.498009423552256
r563_svd_normalised_tr050_tid2_015,2,15,True,229,polygon,268.69152046783626,211.1608187134503,25.333333333333332,2.8396919639266094,5.877064900583768,5.564382100449076,-11.035465656885885,0.3218340468043762,0.9743589743589743,25.333333333333332,False,mask,360.0,1.0,True,True,9.08701428456515,259.41333333333336,259.41333333333336,18.80660768186806,17.806022721437042
r563_svd_normalised_tr050_tid2_015,2,15,True,230,polygon,260.40686274509807,228.60539215686276,15.11111111111111,2.193174880826514,4.689014751817176,4.125153235394746,-18.32668979880191,0.4754395324117311,0.9784172661870504,15.11111111111111,False,mask,360.0,1.0,True,True,7.0181596186448445,154.7377777777778,154.7377777777778,15.004847205814963,13.20049035326319
r563_svd_normalised_tr050_tid2_015,2,15,True,231,polygon,250.77329749103944,229.93906810035844,41.333333333333336,3.6272315378164124,7.721309186481872,6.890613976508899,69.75029483426249,0.4512150736754303,0.9763779527559056,41.333333333333336,False,mask,360.0,1.0,True,True,11.60714092101252,423.25333333333344,423.25333333333344,24.708189396741993,22.049964724828477
r563_svd_normalised_tr050_tid2_015,2,15,True,232,polygon,345.00508905852416,30.489821882951656,58.22222222222222,4.304963290078433,9.150493256476723,8.136770178172192,59.330061187995945,0.45748650383579736,0.9721706864564007,58.22222222222222,False,mask,360.0,1.0,True,True,13.775882528250987,596.1955555555556,596.1955555555556,29.281578420725516,26.037664570151016
r563_svd_normalised_tr050_tid2_015,2,15,True,233,polygon,235.72881355932202,236.11236660389204,59.0,4.3336224206596095,8.954165485471362,8.444505909406042,63.60751388079732,0.332562304306916,0.9725274725274725,59.0,False,mask,360.0,1.0,True,True,13.867591746110751,604.1600000000001,604.1600000000001,28.65332955350836,27.022418910099333
r563_svd_normalised_tr050_tid2_015,2,15,True,234,polygon,273.88095238095235,175.6957671957672,14.0,2.111004122822376,4.560899686862642,3.9191840510717593,-30.319132266485024,0.5114708186676151,0.9767441860465116,14.0,False,mask,360.0,1.0,True,True,6.755213193031604,143.36,143.36,14.594878997960457,12.54138896342963
r563_svd_normalised_tr050_tid2_015,2,15,True,235,polygon,216.90728831725616,206.2861736334405,69.11111111111111,4.690282498081868,9.865568292327927,8.9438397768104,67.44751765887727,0.42205297778272566,0.97339593114241,69.11111111111111,False,mask,360.0,1.0,True,True,15.008903993861978,707.6977777777779,707.6977777777779,31.569818535449368,28.62028728579328
r563_svd_normalised_tr050_tid2_015,2,15,True,236,polygon,213.0151515151515,210.84564393939397,39.111111111111114,3.528378285600818,7.636196950349447,6.551703783518501,80.76854460136987,0.5136831966795058,0.9617486338797814,39.111111111111114,False,mask,360.0,1.0,True,True,11.290810513922619,400.4977777777779,400.4977777777779,24.435830241118232,20.965452107259203
r563_svd_normalised_tr050_tid2_015,2,15,True,237,polygon,315.1984649122807,93.05592105263158,33.77777777777778,3.27899383957729,6.836993758630193,6.3154738615859545,-3.6916582348026212,0.38306623953926644,0.9712460063897763,33.77777777777778,False,mask,360.0,1.0,True,True,10.49278028664733,345.8844444444445,345.8844444444445,21.87838002761662,20.209516357075056
r563_svd_normalised_tr050_tid2_015,2,15,True,238,polygon,307.48311481922923,111.92371871275327,93.22222222222223,5.447343843136359,11.215624648542475,10.622727288376868,-73.59280745572248,0.32083092412753195,0.9721900347624566,93.22222222222223,False,mask,360.0,1.0,True,True,17.43150029803635,954.5955555555558,954.5955555555558,35.88999887533592,33.99272732280598
r563_svd_normalised_tr050_tid2_015,2,15,True,239,polygon,193.5734027001935,-2.907988199499438,54.075700186791686,4.148834772772525,8.29766954554505,8.29766954554505,,0.0,0.961038961038961,8.222222222222221,True,circle,100.0,0.30277777777777776,False,True,13.27627127287208,553.735169912747,84.19555555555556,26.55254254574416,26.55254254574416
r563_svd_normalised_tr050_tid2_015,2,15,True,240,polygon,319.52542372881356,110.98022598870057,13.11111111111111,2.042889200500314,4.272112900041582,3.931602778781587,76.17110240506281,0.3912258938502362,0.9672131147540983,13.11111111111111,False,mask,360.0,1.0,True,True,6.537245441601005,134.2577777777778,134.2577777777778,13.670761280133062,12.581128892101079
r563_svd_normalised_tr050_tid2_015,2,15,True,241,polygon,386.4155844155844,46.75974025974026,17.11111111111111,2.333802868765049,4.820391035140562,4.526380815986523,35.389348308180374,0.34389809001923,0.9808917197452229,17.11111111111111,False,mask,360.0,1.0,True,True,7.468169180048157,175.2177777777778,175.2177777777778,15.4252513124498,14.484418611156876
r563_svd_normalised_tr050_tid2_015,2,15,True,242,polygon,350.7209554831705,37.979370249728554,34.111111111111114,3.2951333653405315,7.086506596417344,6.185718076343762,58.108001041340486,0.4879227724430412,0.9623824451410659,34.111111111111114,False,mask,360.0,1.0,True,True,10.544426769089702,349.29777777777787,349.29777777777787,22.676821108535503,19.79429784430004
r563_svd_normalised_tr050_tid2_015,2,15,True,243,polygon,192.00984046377036,248.92268998781472,44.66125811994366,3.770427030056962,7.540854060113924,7.540854060113924,,0.0,0.9634146341463414,26.333333333333332,True,circle,200.0,0.5472222222222223,True,True,12.065366496182278,457.3312831482232,269.65333333333336,24.130732992364557,24.130732992364557
r563_svd_normalised_tr050_tid2_015,2,15,True,244,polygon,1.497594501718213,162.03161512027492,53.888888888888886,4.141662237410623,17.6016683689433,4.144664547699035,-1.0880089307036076,0.9718816220150124,0.9642147117296223,53.888888888888886,False,mask,360.0,1.0,True,True,13.253319159713994,551.8222222222223,551.8222222222223,56.325338780618566,13.262926552636912
r563_svd_normalised_tr050_tid2_015,2,15,True,245,polygon,349.6666666666667,87.46666666666665,20.555555555555557,2.5579359939868462,5.459480851301929,4.842971106105,-74.42000272355018,0.4616245793025532,0.9635416666666666,20.555555555555557,False,mask,360.0,1.0,True,True,8.185395180757908,210.48888888888894,210.48888888888894,17.470338724166172,15.497507539536
r563_svd_normalised_tr050_tid2_015,2,15,True,246,polygon,327.4117647058824,243.89324618736384,17.0,2.326213245840639,4.820168619322123,4.513526228300572,-89.19260980909007,0.3509786218703414,0.9870967741935484,17.0,False,mask,360.0,1.0,True,True,7.443882386690046,174.08000000000004,174.08000000000004,15.424539581830794,14.443283930561831
r563_svd_normalised_tr050_tid2_015,2,15,True,247,polygon,227.66235632183907,207.08189655172416,25.77777777777778,2.864493237994374,5.908151249295312,5.635608679414683,51.042967357557465,0.30021971734602765,0.9707112970711297,25.77777777777778,False,mask,360.0,1.0,True,True,9.166378361581996,263.9644444444445,263.9644444444445,18.906083997744997,18.033947774126986
r563_svd_normalised_tr050_tid2_015,2,15,True,248,polygon,228.42933333333335,232.80933333333334,27.77777777777778,2.973540193587952,6.545241716653147,5.424596757519812,21.580895356285968,0.5595674918827364,0.9689922480620154,27.77777777777778,False,mask,360.0,1.0,True,True,9.515328619481448,284.4444444444445,284.4444444444445,20.94477349329007,17.3587096240634
r563_svd_normalised_tr050_tid2_015,2,15,True,249,polygon,227.92978979014643,247.5527831187998,54.670774380974656,4.171600169094318,8.343200338188636,8.343200338188636,,0.0,0.9723618090452262,43.0,True,circle,230.0,0.6527777777777778,True,True,13.349120541101819,559.8287296611805,440.3200000000001,26.698241082203637,26.698241082203637
r563_svd_normalised_tr050_tid2_015,2,15,True,250,polygon,-3.229747003366415,158.76985000144526,127.06707884964233,6.359772590772127,12.719545181544254,12.719545181544254,,0.0,0.9638989169675091,29.666666666666668,True,circle,140.0,0.35833333333333334,True,True,20.351272290470806,1301.1668874203376,303.78666666666675,40.70254458094161,40.70254458094161
r563_svd_normalised_tr050_tid2_015,2,15,True,251,polygon,234.66666664372306,247.51491312586353,17.899908536976163,2.3869892855027954,4.773978571005591,4.773978571005591,,0.0,1.0,17.22222222222222,True,circle,260.0,0.8138888888888889,True,True,7.638365713608946,183.29506341863595,176.35555555555558,15.276731427217891,15.276731427217891
r563_svd_normalised_tr050_tid2_015,2,15,True,252,polygon,326.8634884166188,47.264790350373346,193.44444444444446,7.846991722564625,17.830653491804682,13.991578845763994,-25.16343158028157,0.619885302105602,0.9645429362880886,193.44444444444446,False,mask,360.0,1.0,True,True,25.110373512206802,1980.8711111111115,1980.8711111111115,57.05809117377498,44.77305230644478
r563_svd_normalised_tr050_tid2_015,2,15,True,253,polygon,221.04250559284117,217.51118568232664,33.111111111111114,3.246474088791812,6.908693880967506,6.140570076283201,-74.7936323129749,0.45826075930222976,0.9770491803278688,33.111111111111114,False,mask,360.0,1.0,True,True,10.3887170841338,339.05777777777786,339.05777777777786,22.10782041909602,19.649824244106245
r563_svd_normalised_tr050_tid2_015,2,15,True,254,polygon,272.1537376943868,249.76740394257564,29.685189443339063,3.0739370964698547,6.147874192939709,6.147874192939709,,0.0,0.9666666666666667,12.88888888888889,True,circle,160.0,0.475,True,True,9.836598708703535,303.97633989979204,131.98222222222225,19.67319741740707,19.67319741740707
r563_svd_normalised_tr050_tid2_015,2,15,True,255,polygon,399.5450184751348,85.35196259938287,39.708179347019026,3.5552082988926506,7.110416597785301,7.110416597785301,,0.0,0.9831460674157303,19.444444444444443,True,circle,180.0,0.49722222222222223,True,True,11.376666556456483,406.6117565134749,199.11111111111114,22.753333112912966,22.753333112912966
r563_svd_normalised_tr050_tid2_015,2,15,True,256,polygon,97.74092409240923,85.4917491749175,22.444444444444443,2.6728801986938215,5.508306852394212,5.221437462474234,-74.62959967737747,0.3185067684926978,0.9758454106280193,22.444444444444443,False,mask,360.0,1.0,True,True,8.55321663582023,229.83111111111114,229.83111111111114,17.62658192766148,16.70859987991755
r563_svd_normalised_tr050_tid2_015,2,15,True,257,polygon,260.7431693989071,240.6010928961749,6.777777777777778,1.4688205040179245,3.2123452794844014,2.7756420440022223,-4.001392594472704,0.5033979256141188,0.8970588235294118,6.777777777777778,False,mask,360.0,1.0,True,True,4.700225612857358,69.40444444444445,69.40444444444445,10.279504894350085,8.882054540807111
r563_svd_normalised_tr050_tid2_015,2,15,True,258,polygon,176.38763295946416,0.6450142901338922,21.81669135916627,2.6352359559331884,5.270471911866377,5.270471911866377,,0.0,0.9675324675324676,16.555555555555557,True,circle,220.0,0.6416666666666667,True,True,8.432755058986203,223.40291951786264,169.52888888888893,16.865510117972406,16.865510117972406
r563_svd_normalised_tr050_tid2_015,2,15,True,259,polygon,174.28294573643413,209.57751937984494,9.555555555555555,1.7440263189848304,3.6992995516799803,3.2908319602910066,85.19747108951756,0.4567746312733777,0.945054945054945,9.555555555555555,False,mask,360.0,1.0,True,True,5.580884220751457,97.84888888888891,97.84888888888891,11.837758565375937,10.530662272931222
r563_svd_normalised_tr050_tid2_015,2,15,True,260,polygon,289.6756756756757,99.27927927927927,4.111111111111111,1.1439437529296161,2.9173641642462655,1.8452377215653273,-76.06575774310235,0.7745589910701236,0.9024390243902439,4.111111111111111,False,mask,360.0,1.0,True,True,3.660620009374772,42.09777777777778,42.09777777777778,9.33556532558805,5.9047607090090475
r563_svd_normalised_tr050_tid2_015,2,15,True,261,polygon,225.03333333333333,188.89076923076922,72.22222222222223,4.794689493126327,9.736370679084255,9.465378006477982,-58.492607701253306,0.23428908965055656,0.974512743628186,72.22222222222223,False,mask,360.0,1.0,True,True,15.343006378004247,739.5555555555558,739.5555555555558,31.156386173069617,30.289209620729544
r563_svd_normalised_tr050_tid2_015,2,15,True,262,polygon,239.00000001516358,248.9172405577732,11.560553040785967,1.9182904687857512,3.8365809375715023,3.8365809375715023,,0.0,1.0,7.888888888888889,True,circle,190.0,0.5972222222222222,True,True,6.138529500114404,118.38006313764832,80.78222222222225,12.277059000228808,12.277059000228808
r563_svd_normalised_tr050_tid2_015,2,15,True,263,polygon,329.4327122153209,229.68944099378882,17.88888888888889,2.3862544261198764,5.196774000946769,4.403606468417411,55.06994440367993,0.530997964331895,0.9817073170731707,17.88888888888889,False,mask,360.0,1.0,True,True,7.636014163583605,183.18222222222226,183.18222222222226,16.629676803029664,14.091540698935717
r563_svd_normalised_tr050_tid2_015,2,15,True,264,polygon,187.3076923076923,72.92773892773893,15.88888888888889,2.2489087162019534,4.595599406016432,4.408977291383816,68.19593299100443,0.2820791843907647,0.9794520547945206,15.88888888888889,False,mask,360.0,1.0,True,True,7.1965078918462515,162.70222222222225,162.70222222222225,14.705918099252584,14.108727332428211
r563_svd_normalised_tr050_tid2_015,2,15,True,265,polygon,257.3932980599647,134.16754850088185,21.0,2.5854414729132054,5.354859299777914,5.012081880141469,-85.26329822848501,0.35203298297823366,0.9692307692307692,21.0,False,mask,360.0,1.0,True,True,8.273412713322257,215.04000000000005,215.04000000000005,17.135549759289326,16.0386620164527
r563_svd_normalised_tr050_tid2_015,2,15,True,266,polygon,210.68998015873015,4.379960317460317,74.66666666666667,4.875155194287635,10.714973281740514,8.926528053820723,-63.35382676914838,0.5531387323505841,0.9655172413793104,74.66666666666667,False,mask,360.0,1.0,True,True,15.600496621720433,764.5866666666668,764.5866666666668,34.287914501569645,28.564889772226316
r563_svd_normalised_tr050_tid3_015,3,15,True,0,polygon,201.37280701754386,186.07093821510298,194.22222222222223,7.862751010296489,16.514764936131915,15.010402744771541,-46.16861321881577,0.4169965972256688,0.976536312849162,194.22222222222223,False,mask,360.0,1.0,True,True,25.160803232948766,1988.835555555556,1988.835555555556,52.84724779562213,48.03328878326894
r563_svd_normalised_tr050_tid3_015,3,15,True,1,polygon,155.64410387398894,84.36015325670498,87.0,5.262410103554244,11.132938053716034,9.970070439506165,-87.98001965209286,0.4449667217592647,0.9702602230483272,87.0,False,mask,360.0,1.0,True,True,16.839712331373583,890.8800000000002,890.8800000000002,35.62540177189131,31.904225406419727
r563_svd_normalised_tr050_tid3_015,3,15,True,2,polygon,146.77808857808859,82.5011655011655,79.44444444444444,5.028712764619351,10.409406632478792,9.757083770419817,-42.62766798723702,0.348433968755657,0.9636118598382749,79.44444444444444,False,mask,360.0,1.0,True,True,16.091880846781923,813.5111111111113,813.5111111111113,33.310101223932136,31.222668065343413
r563_svd_normalised_tr050_tid3_015,3,15,True,3,polygon,185.54752518615854,240.17827420061323,84.55555555555556,5.1879542466270925,10.580807607351508,10.19007755029097,68.75119199719806,0.2692446578083033,0.9719029374201787,84.55555555555556,False,mask,360.0,1.0,True,True,16.601453589206695,865.8488888888891,865.8488888888891,33.858584343524825,32.608248160931105
r563_svd_normalised_tr050_tid3_015,3,15,True,4,polygon,269.633608815427,49.54683195592287,484.0,12.412170838050638,25.735407694689524,23.99930391452459,-78.68462371263375,0.361065996645658,0.9886518384021789,484.0,False,mask,360.0,1.0,True,True,39.71894668176205,4956.160000000001,4956.160000000001,82.35330462300648,76.79777252647868
r563_svd_normalised_tr050_tid3_015,3,15,True,5,polygon,322.1813725490196,160.96699346405228,113.33333333333333,6.00625677391193,12.391605054276859,11.670391560216878,-13.661084226360323,0.3361786969414686,0.9723546234509056,113.33333333333333,False,mask,360.0,1.0,True,True,19.220021676518176,1160.5333333333335,1160.5333333333335,39.65313617368595,37.34525299269401
r563_svd_normalised_tr050_tid3_015,3,15,True,6,polygon,200.4192229038855,155.5385139740968,54.333333333333336,4.158706186943157,8.473603847211406,8.17958585430478,-11.79830467338986,0.2611364601129192,0.978,54.333333333333336,False,mask,360.0,1.0,True,True,13.307859798218104,556.3733333333334,556.3733333333334,27.1155323110765,26.174674733775294
r563_svd_normalised_tr050_tid3_015,3,15,True,7,polygon,227.62906220984215,123.9408077994429,319.1111111111111,10.078502937329569,20.275918617634368,20.04871865001182,18.262202430705248,0.14928247539091496,0.9838985954093867,319.1111111111111,False,mask,360.0,1.0,True,True,32.25120939945462,3267.6977777777784,3267.6977777777784,64.88293957642998,64.15589968003783
r563_svd_normalised_tr050_tid3_015,3,15,True,8,polygon,314.578533405108,197.43761588611758,1238.4444444444443,19.85469995129765,40.4935686731019,38.95970708848578,57.923650021303985,0.2726232786675421,0.9910198275095581,1238.4444444444443,False,mask,360.0,1.0,True,True,63.535039844152486,12681.671111111113,12681.671111111113,129.5794197539261,124.6710626831545
r563_svd_normalised_tr050_tid3_015,3,15,True,9,polygon,150.5640091730743,90.79023337380278,274.55555555555554,9.34846231419993,21.97010573535825,15.935440833779737,83.75180519283926,0.6884078502526129,0.9844621513944223,274.55555555555554,False,mask,360.0,1.0,True,True,29.915079405439776,2811.448888888889,2811.448888888889,70.3043383531464,50.99341066809516
r563_svd_normalised_tr050_tid3_015,3,15,True,10,polygon,310.2561844863732,172.01761006289306,176.66666666666666,7.498983034994569,15.36441869027665,14.667407340760477,-11.910258376634747,0.29777940732641733,0.9784615384615385,176.66666666666666,False,mask,360.0,1.0,True,True,23.996745711982623,1809.0666666666668,1809.0666666666668,49.16613980888528,46.935703490433525
r563_svd_normalised_tr050_tid3_015,3,15,True,11,polygon,116.49426328502415,85.30978260869564,122.66666666666667,6.248680877210138,12.88257559202666,12.144761166574845,-74.56787663955507,0.333563245101915,0.9778565101860053,122.66666666666667,False,mask,360.0,1.0,True,True,19.99577880707244,1256.106666666667,1256.106666666667,41.22424189448532,38.86323573303951
r563_svd_normalised_tr050_tid3_015,3,15,True,12,polygon,292.18185508422977,224.0515526689669,547.4444444444445,13.2006431208127,26.548982497904106,26.268086718514798,88.3530141076461,0.14508144587473154,0.9903517587939699,547.4444444444445,False,mask,360.0,1.0,True,True,42.24205798660064,5605.8311111111125,5605.8311111111125,84.95674399329314,84.05787749924735
r563_svd_normalised_tr050_tid3_015,3,15,True,13,polygon,343.2605956471936,126.50515463917526,64.66666666666667,4.53696366599423,9.594856129757357,8.601320554459141,-66.73614799899767,0.44314241148130556,0.9797979797979798,64.66666666666667,False,mask,360.0,1.0,True,True,14.518283731181535,662.1866666666668,662.1866666666668,30.703539615223544,27.524225774269254
r563_svd_normalised_tr050_tid3_015,3,15,True,14,polygon,170.0759647523549,82.89425706472197,121.88888888888889,6.228839245741612,13.29963199369192,11.698947259169772,-76.71884986246536,0.4756318634320707,0.9785905441570026,121.88888888888889,False,mask,360.0,1.0,True,True,19.93228558637316,1248.1422222222225,1248.1422222222225,42.558822379814146,37.43663122934327
r563_svd_normalised_tr050_tid3_015,3,15,True,15,polygon,304.36064030131826,139.55649717514123,78.66666666666667,5.004036142268046,10.478368510880648,9.57103423418504,80.03162964476567,0.40704339395034805,0.9752066115702479,78.66666666666667,False,mask,360.0,1.0,True,True,16.01291565525775,805.5466666666669,805.5466666666669,33.53077923481808,30.62730954939213
r563_svd_normalised_tr050_tid3_015,3,15,True,16,polygon,62.5027965424566,79.97581172368707,509.8888888888889,12.739806677834704,26.950518006915456,24.118638260537608,-81.4222084169251,0.4462206125672014,0.985186775440103,509.8888888888889,False,mask,360.0,1.0,True,True,40.76738136907105,5221.2622222222235,5221.2622222222235,86.24165762212947,77.17964243372035
r563_svd_normalised_tr050_tid3_015,3,15,True,17,polygon,205.61831591886906,223.39889366933005,180.77777777777777,7.585733574876134,15.490472944149033,14.87587065771575,18.23550646992759,0.2788872495375016,0.9771771771771772,180.77777777777777,False,mask,360.0,1.0,True,True,24.27434743960363,1851.1644444444448,1851.1644444444448,49.56951342127691,47.6027861046904
r563_svd_normalised_tr050_tid3_015,3,15,True,18,polygon,282.72096317280455,240.3089392508656,235.33333333333334,8.654994312452517,17.88894409327232,16.76012571059957,53.01348925174692,0.34960136511273615,0.9842007434944238,235.33333333333334,False,mask,360.0,1.0,True,True,27.695981799848056,2409.813333333334,2409.813333333334,57.24462109847142,53.63240227391863
r563_svd_normalised_tr050_tid3_015,3,15,True,19,polygon,265.04635639644613,176.10081480458499,804.5555555555555,16.00306181071064,33.711702692903806,30.404141099033932,-79.06700446321801,0.4319723639501108,0.9901545193491044,804.5555555555555,False,mask,360.0,1.0,True,True,51.20979779427405,8238.64888888889,8238.64888888889,107.87744861729219,97.29325151690858
r563_svd_normalised_tr050_tid3_015,3,15,True,20,polygon,200.04529737206087,212.65871369294607,107.11111111111111,5.839051771203707,11.988445598343866,11.394428602104439,-9.217466925104118,0.3108747903562958,0.9717741935483871,107.11111111111111,False,mask,360.0,1.0,True,True,18.684965667851863,1096.817777777778,1096.817777777778,38.36302591470037,36.4621715267342
r563_svd_normalised_tr050_tid3_015,3,15,True,21,polygon,290.4682433437453,181.08017254201994,249.0,8.902761462589227,18.458098737644757,17.19845579185774,82.80758282038227,0.36308344901066425,0.9816031537450722,249.0,False,mask,360.0,1.0,True,True,28.48883668028553,2549.7600000000007,2549.7600000000007,59.06591596046323,55.03505853394477
r563_svd_normalised_tr050_tid3_015,3,15,True,22,polygon,253.58993902439025,192.7952235772358,72.88888888888889,4.816767995895711,9.68772192094601,9.604974985816405,-82.84868089577455,0.13042197273674536,0.973293768545994,72.88888888888889,False,mask,360.0,1.0,True,True,15.413657586866277,746.3822222222224,746.3822222222224,31.000710147027235,30.7359199546125
r563_svd_normalised_tr050_tid3_015,3,15,True,23,polygon,119.55019237495628,75.65022735222105,105.88888888888889,5.805642098024152,12.558023852622554,10.761743419413461,-84.36448237289623,0.5153803687702525,0.9834881320949432,105.88888888888889,False,mask,360.0,1.0,True,True,18.578054713677286,1084.3022222222223,1084.3022222222223,40.18567632839218,34.437578942123075
r563_svd_normalised_tr050_tid3_015,3,15,True,24,polygon,248.4222046413502,189.9643987341772,280.8888888888889,9.455670798653772,19.488218330802514,18.38319180499585,79.78934486832271,0.33194792123498656,0.9809856422196352,280.8888888888889,False,mask,360.0,1.0,True,True,30.258146555692072,2876.302222222223,2876.302222222223,62.36229865856805,58.82621377598672
r563_svd_normalised_tr050_tid3_015,3,15,True,25,polygon,215.47120098039215,214.3045343137255,60.44444444444444,4.386349761653028,9.076151365575768,8.504067164504724,-51.56403498349818,0.3494140641395588,0.9731663685152058,60.44444444444444,False,mask,360.0,1.0,True,True,14.036319237289689,618.9511111111112,618.9511111111112,29.04368436984246,27.213014926415116
r563_svd_normalised_tr050_tid3_015,3,15,True,26,polygon,361.74172954149736,98.88469723350745,191.44444444444446,7.8063217536577465,15.74260297954138,15.517559409091326,25.97040404466073,0.16848156065016454,0.9812072892938497,191.44444444444446,False,mask,360.0,1.0,True,True,24.98022961170479,1960.3911111111115,1960.3911111111115,50.37632953453242,49.65619010909225
r563_svd_normalised_tr050_tid3_015,3,15,True,27,polygon,204.9424437137401,242.7650632655989,316.44232550350915,10.03627025417092,20.07254050834184,20.07254050834184,,0.0,0.9895064127477653,282.8888888888889,True,circle,260.0,0.7361111111111112,True,True,32.116064813346945,3240.3694131559346,2896.782222222223,64.23212962669389,64.23212962669389
r563_svd_normalised_tr050_tid3_015,3,15,True,28,polygon,189.21632725973564,179.47659878528046,207.33333333333334,8.123807588528871,16.349381378501167,16.15812184233057,-77.87185230781456,0.15251130301761484,0.9800420168067226,207.33333333333334,False,mask,360.0,1.0,True,True,25.99618428329239,2123.0933333333337,2123.0933333333337,52.31802041120374,51.705989895457826
r563_svd_normalised_tr050_tid3_015,3,15,True,29,polygon,205.23138297872342,46.59143870314083,292.44444444444446,9.648210084061862,20.17604762641163,18.50113514476698,-64.90432763096857,0.3989214431338425,0.9857677902621723,292.44444444444446,False,mask,360.0,1.0,True,True,30.87427226899796,2994.6311111111117,2994.6311111111117,64.56335240451722,59.20363246325434
r563_svd_normalised_tr050_tid3_015,3,15,True,30,polygon,260.00814147480816,123.43817150483818,555.0,13.291425312283248,28.609750051200155,24.741524930756114,-75.6003055617161,0.5021277325525245,0.9854014598540146,555.0,False,mask,360.0,1.0,True,True,42.5325609993064,5683.200000000001,5683.200000000001,91.5512001638405,79.17287977841957
r563_svd_normalised_tr050_tid3_015,3,15,True,31,polygon,257.52402957486134,162.90460053399056,360.6666666666667,10.7146519130093,22.604568855367102,20.331620979584468,-54.92216589148178,0.4370290049829014,0.9836363636363636,360.6666666666667,False,mask,360.0,1.0,True,True,34.28688612162976,3693.2266666666674,3693.2266666666674,72.33462033717473,65.0611871346703
r563_svd_normalised_tr050_tid3_015,3,15,True,32,polygon,197.18555240793202,108.55004721435317,78.44444444444444,4.99696329612914,10.231991003806838,9.788491177071002,67.59571052655622,0.2912217746910666,0.9778393351800554,78.44444444444444,False,mask,360.0,1.0,True,True,15.990282547613248,803.2711111111113,803.2711111111113,32.74237121218189,31.32317176662721
r563_svd_normalised_tr050_tid3_015,3,15,True,33,polygon,64.10901960784314,82.11960784313725,94.44444444444444,5.482937202066284,11.55676279688088,10.420377353212816,-86.73610618488634,0.4324264202151086,0.9747706422018348,94.44444444444444,False,mask,360.0,1.0,True,True,17.54539904661211,967.1111111111113,967.1111111111113,36.98164095001882,33.34520753028101
r563_svd_normalised_tr050_tid3_015,3,15,True,34,polygon,270.04102564102567,231.15058275058274,79.44444444444444,5.028712764619351,10.400308703932199,9.7525654801024,70.48250726313952,0.34739511380809335,0.9834938101788171,79.44444444444444,False,mask,360.0,1.0,True,True,16.091880846781923,813.5111111111113,813.5111111111113,33.28098785258304,31.20820953632768
r563_svd_normalised_tr050_tid3_015,3,15,True,35,polygon,355.56323964497045,118.48101577909271,300.44444444444446,9.779286114827777,19.868087672956616,19.26920914993599,79.45381602291577,0.24367373188329966,0.985063752276867,300.44444444444446,False,mask,360.0,1.0,True,True,31.293715567448885,3076.551111111112,3076.551111111112,63.57788055346117,61.66146927979517
r563_svd_normalised_tr050_tid3_015,3,15,True,36,polygon,249.77391304347827,191.188115942029,2044.4444444444443,25.51013285775271,51.379444569477606,50.69807122682826,52.496818620769474,0.16231857091376148,0.98946009894601,2044.4444444444443,False,mask,360.0,1.0,True,True,81.63242514480868,20935.111111111113,20935.111111111113,164.41422262232834,162.23382792585045
r563_svd_normalised_tr050_tid3_015,3,15,True,37,polygon,238.14931308749098,188.12111352133044,102.44444444444444,5.710436012361296,11.770339486551599,11.098847014936219,22.511702323027247,0.33293307572558667,0.9715489989462592,102.44444444444444,False,mask,360.0,1.0,True,True,18.273395239556148,1049.0311111111114,1049.0311111111114,37.66508635696512,35.5163104477959
r563_svd_normalised_tr050_tid3_015,3,15,True,38,polygon,337.69897408207345,95.68754499640029,411.55555555555554,11.445619338733733,23.434946291438493,22.36793718557429,76.56707735437779,0.2983091056441583,0.9845826687931951,411.55555555555554,False,mask,360.0,1.0,True,True,36.62598188394795,4214.328888888889,4214.328888888889,74.99182813260317,71.57739899383773
r563_svd_normalised_tr050_tid3_015,3,15,True,39,polygon,296.11058326735287,235.67616785431514,140.33333333333334,6.683523573768952,13.654370113211955,13.108460420297222,43.246348897165234,0.2799334226796095,0.9760432766615147,140.33333333333334,False,mask,360.0,1.0,True,True,21.387275436060648,1437.0133333333338,1437.0133333333338,43.69398436227826,41.947073344951114
r563_svd_normalised_tr050_tid3_015,3,15,True,40,polygon,225.9336487907466,66.70767613038906,352.22222222222223,10.588475596938276,21.857026891692552,20.537929201794753,58.525290299969534,0.3421405019521885,0.9835556934533044,352.22222222222223,False,mask,360.0,1.0,True,True,33.88312191020248,3606.7555555555564,3606.7555555555564,69.94248605341618,65.72137344574321
r563_svd_normalised_tr050_tid3_015,3,15,True,41,polygon,311.41909882232466,225.04198668714798,144.66666666666666,6.78592883850509,13.758626681846087,13.407764662087052,21.20262989388457,0.22439287809024072,0.9833836858006042,144.66666666666666,False,mask,360.0,1.0,True,True,21.71497228321629,1481.3866666666668,1481.3866666666668,44.02760538190748,42.90484691867857
r563_svd_normalised_tr050_tid3_015,3,15,True,42,polygon,183.6985815602837,125.53767730496453,83.55555555555556,5.1571852185967,10.61876742822138,10.040670356786402,85.9162234718685,0.32545093605360365,0.9791666666666666,83.55555555555556,False,mask,360.0,1.0,True,True,16.50299269950944,855.608888888889,855.608888888889,33.98005577030842,32.13014514171649
r563_svd_normalised_tr050_tid3_015,3,15,True,43,polygon,179.9927060539752,216.12436177972282,101.55555555555556,5.6856079121075975,11.515190911256932,11.238203723937744,25.737224148774626,0.218012701854208,0.9775401069518717,101.55555555555556,False,mask,360.0,1.0,True,True,18.193945318744312,1039.928888888889,1039.928888888889,36.84861091602218,35.962251916600785
r563_svd_normalised_tr050_tid3_015,3,15,True,44,polygon,312.750463160895,57.1819866039618,259.8888888888889,9.095339611177478,18.384502295665115,18.068530800153642,42.7601677816709,0.18460306636482499,0.9713455149501661,259.8888888888889,False,mask,360.0,1.0,True,True,29.10508675576793,2661.262222222223,2661.262222222223,58.83040734612837,57.81929856049166
r563_svd_normalised_tr050_tid3_015,3,15,True,45,polygon,213.94095524633323,194.6375830512724,295.44444444444446,9.697571215760387,20.226968606437463,18.620733853823968,-79.61361943179922,0.39053177741085066,0.9826311899482632,295.44444444444446,False,mask,360.0,1.0,True,True,31.03222789043324,3025.351111111112,3025.351111111112,64.72629954059988,59.586348332236696
r563_svd_normalised_tr050_tid3_015,3,15,True,46,polygon,342.79432624113474,149.74873353596757,73.11111111111111,4.824105042030931,9.94607053727543,9.373951454672563,20.16670306093438,0.3342685289266609,0.9648093841642229,73.11111111111111,False,mask,360.0,1.0,True,True,15.43713613449898,748.6577777777779,748.6577777777779,31.82742571928138,29.996644654952203
r563_svd_normalised_tr050_tid3_015,3,15,True,47,polygon,231.89227761485824,223.47233626588465,189.44444444444446,7.765438786653499,16.41463815422807,14.738022813587046,71.72210718038255,0.4402840762161729,0.9889791183294664,189.44444444444446,False,mask,360.0,1.0,True,True,24.8494041172912,1939.9111111111117,1939.9111111111117,52.52684209352982,47.16167300347855
r563_svd_normalised_tr050_tid3_015,3,15,True,48,polygon,364.93091884641177,85.21998658618377,55.22222222222222,4.1925862269453145,8.559261974745391,8.229258829486637,67.99923052790486,0.2749976211896095,0.9764243614931237,55.22222222222222,False,mask,360.0,1.0,True,True,13.416275926225007,565.4755555555556,565.4755555555556,27.389638319185252,26.33362825435724
r563_svd_normalised_tr050_tid3_015,3,15,True,49,polygon,280.3892086037304,133.88290273866372,907.4444444444445,16.995544646442617,34.348419959437294,33.725079273790904,-11.735615071968502,0.18964657806486734,0.9869486404833837,907.4444444444445,False,mask,360.0,1.0,True,True,54.385742868616376,9292.231111111114,9292.231111111114,109.91494387019935,107.9202536761309
r563_svd_normalised_tr050_tid3_015,3,15,True,50,polygon,241.45439469320067,49.1404090657822,67.0,4.61809077155419,9.614359621105287,8.889446987774308,-74.82791266412292,0.38093687250633523,0.9788961038961039,67.0,False,mask,360.0,1.0,True,True,14.777890468973409,686.0800000000002,686.0800000000002,30.76595078753692,28.446230360877788
r563_svd_normalised_tr050_tid3_015,3,15,True,51,polygon,252.9105461393597,227.22716572504706,157.33333333333334,7.076775779000613,14.590881285375389,13.746400674192515,-29.59378108599709,0.3352682389197486,0.9860724233983287,157.33333333333334,False,mask,360.0,1.0,True,True,22.645682492801964,1611.0933333333337,1611.0933333333337,46.69082011320125,43.98848215741605
r563_svd_normalised_tr050_tid3_015,3,15,True,52,polygon,244.5985191279309,84.50788427259015,270.1111111111111,9.272488179272864,19.638305696286785,17.553447697929762,78.45269396260427,0.44839168529687806,0.9778761061946902,270.1111111111111,False,mask,360.0,1.0,True,True,29.671962173673165,2765.937777777778,2765.937777777778,62.842578228117716,56.17103263337524
r563_svd_normalised_tr050_tid3_015,3,15,True,53,polygon,197.6291368133743,172.51586489252816,108.55555555555556,5.878291123575546,12.102158921294716,11.443043070296142,26.652201304710758,0.32551367383620206,0.9789579158316634,108.55555555555556,False,mask,360.0,1.0,True,True,18.81053159544175,1111.6088888888892,1111.6088888888892,38.72690854814309,36.61773782494765
r563_svd_normalised_tr050_tid3_015,3,15,True,54,polygon,173.1565154787617,27.089488840892727,514.4444444444445,12.79659144299741,26.509931174126717,24.72669195652263,75.32375875878108,0.3605673952671536,0.988471391972673,514.4444444444445,False,mask,360.0,1.0,True,True,40.94909261759172,5267.911111111112,5267.911111111112,84.8317797572055,79.12541426087242
r563_svd_normalised_tr050_tid3_015,3,15,True,55,polygon,202.84034863945578,184.46832482993196,174.22222222222223,7.44692256749341,15.737001976366441,14.205848048509042,-30.076870958641432,0.4302629936156757,0.9843063402385436,174.22222222222223,False,mask,360.0,1.0,True,True,23.830152215978913,1784.035555555556,1784.035555555556,50.358406324372616,45.458713755228935
r563_svd_normalised_tr050_tid3_015,3,15,True,56,polygon,111.39880059970015,83.8815592203898,296.44444444444446,9.713969187254413,22.2146152762719,16.997053673050168,-85.69672731806492,0.6438766266958916,0.9780058651026393,296.44444444444446,False,mask,360.0,1.0,True,True,31.084701399214126,3035.591111111112,3035.591111111112,71.08676888407008,54.39057175376054
r563_svd_normalised_tr050_tid3_015,3,15,True,57,polygon,270.4521947659264,215.71587947033677,355.22222222222223,10.633472862875458,21.690798570347045,20.891052189311292,-87.68537787680285,0.26903753003563574,0.9806748466257669,355.22222222222223,False,mask,360.0,1.0,True,True,34.02711316120146,3637.475555555556,3637.475555555556,69.41055542511054,66.85136700579613
r563_svd_normalised_tr050_tid3_015,3,15,True,58,polygon,203.7893890675241,81.19614147909968,138.22222222222223,6.633061120148538,13.623210393111032,12.938790006339294,-85.32441903221692,0.312976979076728,0.9779874213836478,138.22222222222223,False,mask,360.0,1.0,True,True,21.22579558447532,1415.3955555555558,1415.3955555555558,43.59427325795531,41.40412802028575
r563_svd_normalised_tr050_tid3_015,3,15,True,59,polygon,220.38076923076923,232.58794871794873,144.44444444444446,6.780714908547033,13.885072126202024,13.26070802445576,75.75119872638948,0.29649814883648845,0.9796533534287868,144.44444444444446,False,mask,360.0,1.0,True,True,21.698287707350506,1479.1111111111115,1479.1111111111115,44.43223080384648,42.434265678258434
r563_svd_normalised_tr050_tid3_015,3,15,True,60,polygon,298.4969185423366,88.62942122186496,276.44444444444446,9.380564996163736,20.041964335403016,17.571760624877708,78.21094739944361,0.4809492725514947,0.9822345045400711,276.44444444444446,False,mask,360.0,1.0,True,True,30.017807987723955,2830.7911111111116,2830.7911111111116,64.13428587328966,56.229633999608666
r563_svd_normalised_tr050_tid3_015,3,15,True,61,polygon,278.5685131195335,160.01652089407193,38.111111111111114,3.4829791041744107,7.191918964841753,6.768120492853612,73.49026866242137,0.33820360367285657,0.9744318181818182,38.111111111111114,False,mask,360.0,1.0,True,True,11.145533133358114,390.2577777777779,390.2577777777779,23.01414068749361,21.65798557713156
r563_svd_normalised_tr050_tid3_015,3,15,True,62,polygon,25.0078001218769,85.6915295551493,303.8888888888889,9.835183660447873,20.995272226472686,18.489589216259322,-80.09579302268799,0.47375833440969306,0.9753922967189729,303.8888888888889,False,mask,360.0,1.0,True,True,31.472587713433196,3111.822222222223,3111.822222222223,67.1848711247126,59.166685492029835
r563_svd_normalised_tr050_tid3_015,3,15,True,63,polygon,317.93391430646335,185.97530864197532,51.0,4.029119531035698,8.318174205700497,7.829192002075664,7.746047281819298,0.33780755840337995,0.9642857142857143,51.0,False,mask,360.0,1.0,True,True,12.893182499314234,522.2400000000001,522.2400000000001,26.618157458241594,25.053414406642126
r563_svd_normalised_tr050_tid3_015,3,15,True,64,polygon,323.2915103866966,242.05551790686292,591.9809794255443,13.727104508377357,27.454209016754714,27.454209016754714,,0.0,0.9907782276203329,489.44444444444446,True,circle,240.0,0.6805555555555556,True,True,43.92673442680754,6061.885229317575,5011.911111111112,87.85346885361508,87.85346885361508
r563_svd_normalised_tr050_tid3_015,3,15,True,65,polygon,242.40390154490706,146.3872741555381,565.7777777777778,13.41986065686833,26.92703715120867,26.765619430767032,25.685967457467864,0.1093312923110932,0.989314163590441,565.7777777777778,False,mask,360.0,1.0,True,True,42.94355410197866,5793.564444444446,5793.564444444446,86.16651888386775,85.64998217845451
r563_svd_normalised_tr050_tid3_015,3,15,True,66,polygon,272.5044289044289,91.0890442890443,79.44444444444444,5.028712764619351,10.10445872028914,10.03579892708106,72.0620560789785,0.11637794992479347,0.9727891156462585,79.44444444444444,False,mask,360.0,1.0,True,True,16.091880846781923,813.5111111111113,813.5111111111113,32.33426790492525,32.114556566659395
r563_svd_normalised_tr050_tid3_015,3,15,True,67,polygon,328.00488758553274,109.54838709677419,37.888888888888886,3.472809800414142,7.118048573355846,6.805016461090065,6.411816664385778,0.2932924777069204,0.9798850574712644,37.888888888888886,False,mask,360.0,1.0,True,True,11.112991361325255,387.9822222222223,387.9822222222223,22.777755434738708,21.77605267548821
r563_svd_normalised_tr050_tid3_015,3,15,True,68,polygon,166.51423423423424,192.6545945945946,205.55555555555554,8.088903849925202,16.48690072534843,15.88847626571154,-83.53794930675672,0.2669765166725173,0.9793541556379036,205.55555555555554,False,mask,360.0,1.0,True,True,25.88449231976065,2104.888888888889,2104.888888888889,52.75808232111498,50.843124050276934
r563_svd_normalised_tr050_tid3_015,3,15,True,69,polygon,196.53619776339022,143.03453011575436,188.77777777777777,7.751763216099507,16.60108057842699,14.515277991818913,27.876013823978067,0.4852824963282944,0.9832175925925926,188.77777777777777,False,mask,360.0,1.0,True,True,24.805642291518424,1933.0844444444447,1933.0844444444447,53.123457850966375,46.44888957382052
r563_svd_normalised_tr050_tid3_015,3,15,True,70,polygon,264.05638366817885,50.54763447828905,171.44444444444446,7.387317618591632,15.538685535992935,14.090938286828711,-85.99843787163996,0.42149765747236667,0.9772007599746675,171.44444444444446,False,mask,360.0,1.0,True,True,23.639416379493223,1755.5911111111116,1755.5911111111116,49.72379371517739,45.09100251785188
r563_svd_normalised_tr050_tid3_015,3,15,True,71,polygon,392.0961857379768,78.90713101160863,156.33333333333334,7.054250175608032,14.600006253366807,13.67940686187445,-77.69296527867971,0.34947611251628014,0.9832285115303984,156.33333333333334,False,mask,360.0,1.0,True,True,22.573600561945703,1600.8533333333337,1600.8533333333337,46.72002001077379,43.77410195799824
r563_svd_normalised_tr050_tid3_015,3,15,True,72,polygon,79.55555555555556,88.05555555555556,99.33333333333333,5.623058067243292,11.632935134230898,10.89604082854818,59.81122123893096,0.3502547386578815,0.9749182115594329,99.33333333333333,False,mask,360.0,1.0,True,True,17.993785815178537,1017.1733333333335,1017.1733333333335,37.22539242953888,34.86733065135418
r563_svd_normalised_tr050_tid3_015,3,15,True,73,polygon,348.6689750692521,40.067405355493996,80.22222222222223,5.053268885084814,10.765926784667323,9.506046193193079,-42.662191468621,0.4694196660454637,0.9743589743589743,80.22222222222223,False,mask,360.0,1.0,True,True,16.17046043227141,821.4755555555557,821.4755555555557,34.450965710935435,30.419347818217854
r563_svd_normalised_tr050_tid3_015,3,15,True,74,polygon,281.7465811965812,49.93931623931624,86.66666666666667,5.252319183236601,10.762802359450157,10.272906486900537,-70.10258424239937,0.2982669275310614,0.9762202753441802,86.66666666666667,False,mask,360.0,1.0,True,True,16.807421386357124,887.4666666666669,887.4666666666669,34.44096755024051,32.87330075808172
r563_svd_normalised_tr050_tid3_015,3,15,True,75,polygon,19.665610142630744,89.33755942947703,140.22222222222223,6.680877157678755,13.573411108908793,13.227588966782507,-70.6043170122262,0.224291541204605,0.9813374805598756,140.22222222222223,False,mask,360.0,1.0,True,True,21.378806904572016,1435.8755555555558,1435.8755555555558,43.434915548508144,42.32828469370403
r563_svd_normalised_tr050_tid3_015,3,15,True,76,polygon,226.47704590818364,158.42714570858283,148.44444444444446,6.873960591662361,14.045315587268085,13.469404008121055,-21.325408276192004,0.2834189918921733,0.9801907556859868,148.44444444444446,False,mask,360.0,1.0,True,True,21.996673893319556,1520.0711111111116,1520.0711111111116,44.945009879257874,43.10209282598738
r563_svd_normalised_tr050_tid3_015,3,15,True,77,polygon,155.41194029850746,45.31144278606965,37.22222222222222,3.4421216304865405,7.379337971656952,6.4591098030897465,-85.18262303562928,0.4835863678226394,0.9571428571428572,37.22222222222222,False,mask,360.0,1.0,True,True,11.014789217556931,381.1555555555556,381.1555555555556,23.613881509302246,20.66915136988719
r563_svd_normalised_tr050_tid3_015,3,15,True,78,polygon,200.41183294663574,114.74168600154678,95.77777777777777,5.52150464487542,11.749493306208128,10.402594637837199,17.01616399289202,0.4648958368043633,0.9773242630385488,95.77777777777777,False,mask,360.0,1.0,True,True,17.668814863601344,980.7644444444446,980.7644444444446,37.598378579866015,33.28830284107904
r563_svd_normalised_tr050_tid3_015,3,15,True,79,polygon,146.27134986225894,75.02479338842976,26.88888888888889,2.9255767229438394,6.001080320171482,5.7693840802346985,3.7685371090556674,0.27518632758149775,0.968,26.88888888888889,False,mask,360.0,1.0,True,True,9.361845513420286,275.3422222222223,275.3422222222223,19.203457024548744,18.462029056751035
r563_svd_normalised_tr050_tid3_015,3,15,True,80,polygon,281.89718309859154,110.1244131455399,78.88888888888889,5.011099005546381,10.38220831484301,9.689102660704227,-7.887962837652481,0.3592508895273808,0.9699453551912568,78.88888888888889,False,mask,360.0,1.0,True,True,16.03551681774842,807.8222222222223,807.8222222222223,33.223066607497636,31.005128514253528
r563_svd_normalised_tr050_tid3_015,3,15,True,81,polygon,188.58273381294964,61.55981881161737,139.0,6.651697090182843,14.545856013547143,12.19823752943888,-81.20071590938686,0.5447389347318558,0.9827179890023566,139.0,False,mask,360.0,1.0,True,True,21.285430688585098,1423.3600000000004,1423.3600000000004,46.546739243350856,39.034360094204416
r563_svd_normalised_tr050_tid3_015,3,15,True,82,polygon,243.37504234417347,82.77117208672087,874.6666666666666,16.685773794326177,33.65059128635343,33.13602087551349,-8.46302029542387,0.17421053397700062,0.9885721461760643,874.6666666666666,False,mask,360.0,1.0,True,True,53.39447614184377,8956.586666666668,8956.586666666668,107.68189211633099,106.03526680164316
r563_svd_normalised_tr050_tid3_015,3,15,True,83,polygon,204.94202898550725,152.1201981287837,1009.4444444444445,17.92529347653675,36.04700189310665,35.667386243502065,-29.15134006099407,0.14474582744582015,0.9885745375408053,1009.4444444444445,False,mask,360.0,1.0,True,True,57.36093912491761,10336.711111111113,10336.711111111113,115.3504060579413,114.13563597920661
r563_svd_normalised_tr050_tid3_015,3,15,True,84,polygon,226.99510763209392,215.9934768427919,113.55555555555556,6.012142377258377,12.231566281682232,11.852440733438415,61.16485245621913,0.24704372386368087,0.9751908396946565,113.55555555555556,False,mask,360.0,1.0,True,True,19.23885560722681,1162.8088888888892,1162.8088888888892,39.14101210138315,37.92781034700293
r563_svd_normalised_tr050_tid3_015,3,15,True,85,polygon,180.33876733876733,40.73816673816674,518.0,12.84073677960901,28.257871034191762,23.387832368783847,77.70330785786462,0.5612338594743453,0.9854153455928979,518.0,False,mask,360.0,1.0,True,True,41.09035769474883,5304.320000000001,5304.320000000001,90.42518730941364,74.84106358010831
r563_svd_normalised_tr050_tid3_015,3,15,True,86,polygon,342.5062240663901,114.21023513139697,26.77777777777778,2.9195258856018533,6.02659194939924,5.694995135791125,-46.9606413607653,0.32713468734095114,0.9757085020242915,26.77777777777778,False,mask,360.0,1.0,True,True,9.342482833925931,274.2044444444445,274.2044444444445,19.28509423807757,18.223984434531598
r563_svd_normalised_tr050_tid3_015,3,15,True,87,polygon,95.13699666969421,85.86936118679988,244.66666666666666,8.824954323940387,19.56827069488755,15.927451604757207,-89.21841165611046,0.5809451245791073,0.9843540455967814,244.66666666666666,False,mask,360.0,1.0,True,True,28.239853836609242,2505.386666666667,2505.386666666667,62.618466223640155,50.967845135223065
r563_svd_normalised_tr050_tid3_015,3,15,True,88,polygon,305.9111994698476,153.9088137839629,279.44444444444446,9.431327017223172,19.036553649189056,18.714209439373427,-8.694056967991541,0.18324598889078378,0.9855015673981191,279.44444444444446,False,mask,360.0,1.0,True,True,30.18024645511415,2861.511111111112,2861.511111111112,60.91697167740498,59.88547020599497
r563_svd_normalised_tr050_tid3_015,3,15,True,89,polygon,196.88339240986335,239.24379804567667,1405.5789242528012,21.15206059468543,42.30412118937086,42.30412118937086,,0.0,0.9912504915454188,1120.3333333333333,True,circle,240.0,0.6638888888888889,True,True,67.68659390299338,14393.128184348687,11472.213333333335,135.37318780598676,135.37318780598676
r563_svd_normalised_tr050_tid3_015,3,15,True,90,polygon,348.23333333333335,51.5,32.22222222222222,3.2026008006219517,6.506102420840367,6.321366421520666,-89.18467468905615,0.2366057831723783,0.9731543624161074,32.22222222222222,False,mask,360.0,1.0,True,True,10.248322561990246,329.95555555555563,329.95555555555563,20.819527746689175,20.228372548866133
r563_svd_normalised_tr050_tid3_015,3,15,True,91,polygon,308.27902151359615,142.99213716282625,1017.4444444444445,17.99618363179931,37.03255403722365,35.013699513950435,19.39490199094802,0.3256675961167539,0.9878101402373247,1017.4444444444445,False,mask,360.0,1.0,True,True,57.58778762175779,10418.631111111114,10418.631111111114,118.50417291911567,112.0438384446414
r563_svd_normalised_tr050_tid3_015,3,15,True,92,polygon,45.60396177721978,80.95898723582339,531.0,13.000867261978827,32.741535177402426,20.698465523118028,-83.93789386504685,0.7748235068903359,0.9857673267326733,531.0,False,mask,360.0,1.0,True,True,41.60277523833225,5437.440000000001,5437.440000000001,104.77291256768777,66.2350896739777
r563_svd_normalised_tr050_tid3_015,3,15,True,93,polygon,294.3116147308782,163.5982058545798,78.44444444444444,4.99696329612914,10.306967796230692,9.702429353006622,-56.81682863968882,0.33744115170343403,0.9751381215469613,78.44444444444444,False,mask,360.0,1.0,True,True,15.990282547613248,803.2711111111113,803.2711111111113,32.98229694793822,31.04777392962119
r563_svd_normalised_tr050_tid3_015,3,15,True,94,polygon,347.788939624556,84.21486555048199,438.0,11.807613228273542,24.02939131914789,23.225146099010818,-85.69625795867896,0.25655071675292596,0.9857464366091523,438.0,False,mask,360.0,1.0,True,True,37.78436233047534,4485.120000000001,4485.120000000001,76.89405222127326,74.32046751683463
r563_svd_normalised_tr050_tid3_015,3,15,True,95,polygon,282.79800968262504,76.61762596377982,413.1111111111111,11.467229428202659,23.77375242710299,22.13993462974503,-19.410084857697885,0.36431341246057397,0.9859453725802174,413.1111111111111,False,mask,360.0,1.0,True,True,36.69513417024851,4230.257777777779,4230.257777777779,76.07600776672957,70.8477908151841
r563_svd_normalised_tr050_tid3_015,3,15,True,96,polygon,236.7304189435337,235.0287795992714,101.66666666666667,5.688717350629406,11.732699984471948,11.047813173821288,-73.67549241085362,0.33666129317839877,0.9765208110992529,101.66666666666667,False,mask,360.0,1.0,True,True,18.2038955220141,1041.0666666666668,1041.0666666666668,37.544639950310234,35.35300215622812
r563_svd_normalised_tr050_tid3_015,3,15,True,97,polygon,165.20210896309314,47.99882835383715,63.22222222222222,4.486006950489698,9.637430850842685,8.372947520618409,83.6340607908455,0.49517270522675244,0.9793459552495697,63.22222222222222,False,mask,360.0,1.0,True,True,14.355222241567034,647.3955555555557,647.3955555555557,30.839778722696593,26.79343206597891
r563_svd_normalised_tr050_tid3_015,3,15,True,98,polygon,310.1857575757576,89.08696969696969,244.44444444444446,8.820945714002045,17.896049337141072,17.40429882447576,29.82630912418586,0.23281166494164116,0.9812667261373773,244.44444444444446,False,mask,360.0,1.0,True,True,28.227026284806545,2503.1111111111118,2503.1111111111118,57.267357878851435,55.693756238322436
r563_svd_normalised_tr050_tid3_015,3,15,True,99,polygon,262.2300954168622,211.16205224464258,236.77777777777777,8.68151527645349,17.7169601120646,17.02384304850057,31.098770676759344,0.27697081899319587,0.9829335793357934,236.77777777777777,False,mask,360.0,1.0,True,True,27.78084888465117,2424.6044444444447,2424.6044444444447,56.694272358606725,54.47629775520183
r563_svd_normalised_tr050_tid3_015,3,15,True,100,polygon,72.2241212121212,65.40339393939394,305.55555555555554,9.862117121171996,20.469182737371842,19.0715080151584,74.43226682720794,0.36318230295310805,0.9860164933667981,305.55555555555554,False,mask,360.0,1.0,True,True,31.55877478775039,3128.888888888889,3128.888888888889,65.5013847595899,61.02882564850688
r563_svd_normalised_tr050_tid3_015,3,15,True,101,polygon,76.06438831104508,90.74046557701833,74.77777777777777,4.878781193445883,10.200452314629397,9.364240171820457,80.06800235014681,0.3965293316399332,0.9753623188405797,74.77777777777777,False,mask,360.0,1.0,True,True,15.612099819026827,765.7244444444445,765.7244444444445,32.64144740681407,29.965568549825463
r563_svd_normalised_tr050_tid3_015,3,15,True,102,polygon,348.6876061120543,152.2908885116016,65.44444444444444,4.564166261484404,9.517530881789442,8.793116081574395,-13.627644510065666,0.38266717241606546,0.971947194719472,65.44444444444444,False,mask,360.0,1.0,True,True,14.605332036750093,670.1511111111113,670.1511111111113,30.456098821726215,28.137971461038063
r563_svd_normalised_tr050_tid3_015,3,15,True,103,polygon,225.36700055648302,204.7671118530885,133.11111111111111,6.509268977971005,13.269988217300856,12.801792468799112,-39.88309314469737,0.2632864705813594,0.9716139497161395,133.11111111111111,False,mask,360.0,1.0,True,True,20.829660729507218,1363.057777777778,1363.057777777778,42.46396229536274,40.96573590015716
r563_svd_normalised_tr050_tid3_015,3,15,True,104,polygon,220.18617186690165,120.38177671815072,1071.888888888889,18.471405745743667,39.27040452393612,34.865353501879774,-4.171261431840395,0.46017599796033554,0.988118406227594,1071.888888888889,False,mask,360.0,1.0,True,True,59.108498386379736,10976.142222222225,10976.142222222225,125.66529447659559,111.56913120601529
r563_svd_normalised_tr050_tid3_015,3,15,True,105,polygon,55.64619661359615,80.32373009855952,146.55555555555554,6.830086544729217,14.353799773588591,13.038870476387673,-20.779644101667888,0.4181205392574153,0.9828614008941878,146.55555555555554,False,mask,360.0,1.0,True,True,21.856276943133494,1500.728888888889,1500.728888888889,45.93215927548349,41.72438552444056
r563_svd_normalised_tr050_tid3_015,3,15,True,106,polygon,228.02148664343784,171.21602787456447,127.55555555555556,6.371985120117519,12.923328534258983,12.603411055159151,41.77394499724764,0.22112725432800517,0.9803586678052946,127.55555555555556,False,mask,360.0,1.0,True,True,20.39035238437606,1306.1688888888891,1306.1688888888891,41.35465130962875,40.33091537650929
r563_svd_normalised_tr050_tid3_015,3,15,True,107,polygon,240.85352697095436,204.8728907330567,267.77777777777777,9.232351486322043,19.217816522592944,17.760970731026685,42.67484557430179,0.3819258740084414,0.9836734693877551,267.77777777777777,False,mask,360.0,1.0,True,True,29.54352475623054,2742.0444444444447,2742.0444444444447,61.497012872297425,56.835106339285396
r563_svd_normalised_tr050_tid3_015,3,15,True,108,polygon,394.8375713247036,77.48497913914204,74.94691731129517,4.884295723969254,10.54643649184789,9.048115820969347,22.313290388965186,0.5137647653248929,0.9767441860465116,74.66666666666667,True,ellipse,350.0,1.0,True,True,15.629746316701613,767.4564332676626,764.5866666666668,33.74859677391325,28.95397062710191
r563_svd_normalised_tr050_tid3_015,3,15,True,109,polygon,197.6572847682119,85.46192052980132,67.11111111111111,4.621918447944047,9.551809882678407,8.97348622540685,-3.3833510305938583,0.34267497405592967,0.9773462783171522,67.11111111111111,False,mask,360.0,1.0,True,True,14.790139033420951,687.217777777778,687.217777777778,30.565791624570906,28.71515592130192
r563_svd_normalised_tr050_tid3_015,3,15,True,110,polygon,300.17174837925444,184.15425783360345,2193.777777777778,26.425388450446167,53.45945596932475,52.31369442628169,-12.281614484464466,0.20592558370139935,0.9924101533048505,2193.777777777778,False,mask,360.0,1.0,True,True,84.56124304142774,22464.28444444445,22464.28444444445,171.0702591018392,167.40382216410143
r563_svd_normalised_tr050_tid3_015,3,15,True,111,polygon,211.69381746810598,73.85546832406499,679.3333333333334,14.705050697436867,30.574805970253994,28.32366070094031,-5.993221036762632,0.3766084373156673,0.9812229176697159,679.3333333333334,False,mask,360.0,1.0,True,True,47.05616223179798,6956.373333333335,6956.373333333335,97.83937910481279,90.63571424300899
r563_svd_normalised_tr050_tid3_015,3,15,True,112,polygon,355.4630021141649,10.160324171952078,105.11111111111111,5.784280924577363,12.295281405343282,10.89946521954338,78.69024533442109,0.46277560622227615,0.9772727272727273,105.11111111111111,False,mask,360.0,1.0,True,True,18.50969895864756,1076.337777777778,1076.337777777778,39.34490049709851,34.87828870253882
r563_svd_normalised_tr050_tid3_015,3,15,True,113,polygon,271.5357485144719,194.98006517155454,193.22222222222223,7.842483252371959,16.106996825467252,15.311227935921499,-5.716403321285337,0.31043431835612867,0.9824858757062147,193.22222222222223,False,mask,360.0,1.0,True,True,25.095946407590272,1978.595555555556,1978.595555555556,51.54238984149521,48.9959293949488
r563_svd_normalised_tr050_tid3_015,3,15,True,114,polygon,398.6315353244985,90.1702519884217,148.304001770486,6.870708109370103,13.741416218740206,13.741416218740206,,0.0,0.9884318766066839,85.44444444444444,True,circle,200.0,0.5416666666666666,True,True,21.98626594998433,1518.6329781297768,874.9511111111112,43.97253189996866,43.97253189996866
r563_svd_normalised_tr050_tid3_015,3,15,True,115,polygon,356.41155234657043,22.1913357400722,30.77777777777778,3.1299953580531787,6.421939815081282,6.117747358145485,-0.9941474379058625,0.30412445266440297,0.9719298245614035,30.77777777777778,False,mask,360.0,1.0,True,True,10.015985145770173,315.16444444444454,315.16444444444454,20.550207408260103,19.576791546065554
r563_svd_normalised_tr050_tid3_015,3,15,True,116,polygon,3.0387596899224807,174.01303735024666,105.11111111111111,5.784280924577363,17.818991661243032,7.941803100936755,-2.755411991320247,0.8951857835936846,0.9762641898864809,105.11111111111111,False,mask,360.0,1.0,True,True,18.50969895864756,1076.337777777778,1076.337777777778,57.020773315977706,25.413769922997616
r563_svd_normalised_tr050_tid3_015,3,15,True,117,polygon,186.85120684387414,116.33944393522762,121.22222222222223,6.211781689539785,13.111008713158894,11.788630044200621,19.08528220943858,0.4376614901937358,0.9767233661593554,121.22222222222223,False,mask,360.0,1.0,True,True,19.87770140652731,1241.3155555555559,1241.3155555555559,41.95522788210846,37.72361614144199
r563_svd_normalised_tr050_tid3_015,3,15,True,118,polygon,184.11572942135288,172.39690301548492,45.44444444444444,3.8033427322286784,7.780611263676715,7.459701217535691,-58.521502559947436,0.28423324596788013,0.9761336515513126,45.44444444444444,False,mask,360.0,1.0,True,True,12.17069674313177,465.3511111111112,465.3511111111112,24.89795604376549,23.871043896114212
r563_svd_normalised_tr050_tid3_015,3,15,True,119,polygon,57.627015250544666,140.39912854030501,85.0,5.201570947860099,10.62107226043508,10.218360399115173,-62.11079537625109,0.2727544173074664,0.9757653061224489,85.0,False,mask,360.0,1.0,True,True,16.645027033152317,870.4000000000002,870.4000000000002,33.98743123339226,32.69875327716856
r563_svd_normalised_tr050_tid3_015,3,15,True,120,polygon,207.53780068728523,213.43298969072166,43.111111111111114,3.70441532107761,7.668497594343993,7.188814005646048,10.2297311804557,0.3481266415621164,0.9748743718592965,43.111111111111114,False,mask,360.0,1.0,True,True,11.854129027448352,441.4577777777779,441.4577777777779,24.53919230190078,23.004204818067354
r563_svd_normalised_tr050_tid3_015,3,15,True,121,polygon,301.62190963341857,126.57566069906223,173.77777777777777,7.437417876233425,16.16510983921587,13.702314315668877,-11.1821939808924,0.5305598754855264,0.9817953546767106,173.77777777777777,False,mask,360.0,1.0,True,True,23.79973720394696,1779.4844444444448,1779.4844444444448,51.72835148549078,43.84740581014041
r563_svd_normalised_tr050_tid3_015,3,15,True,122,polygon,320.9446112779446,99.66199532866199,111.0,5.944106103225343,12.139198492341668,11.650417706150998,-50.347491391809406,0.2809058397203103,0.9699029126213592,111.0,False,mask,360.0,1.0,True,True,19.021139530321097,1136.6400000000003,1136.6400000000003,38.84543517549334,37.2813366596832
r563_svd_normalised_tr050_tid3_015,3,15,True,123,polygon,295.7936746987952,146.10843373493975,73.77777777777777,4.8460495300128175,10.1331229710576,9.291254569373214,-20.872217250610316,0.3990730009335202,0.9837037037037037,73.77777777777777,False,mask,360.0,1.0,True,True,15.507358496041016,755.4844444444445,755.4844444444445,32.42599350738433,29.732014621994285
r563_svd_normalised_tr050_tid3_015,3,15,True,124,polygon,241.7395498392283,172.24222936763132,138.22222222222223,6.633061120148538,14.211348322913265,12.402698658895021,-69.80355058497565,0.48819957993640817,0.9810725552050473,138.22222222222223,False,mask,360.0,1.0,True,True,21.22579558447532,1415.3955555555558,1415.3955555555558,45.47631463332245,39.68863570846407
r563_svd_normalised_tr050_tid3_015,3,15,True,125,polygon,305.68995098039215,101.52001633986929,90.66666666666667,5.372159374714264,11.158708755529496,10.358799892189248,-2.0536073130940564,0.3717939385003058,0.9725864123957092,90.66666666666667,False,mask,360.0,1.0,True,True,17.190909999085644,928.4266666666668,928.4266666666668,35.70786801769439,33.14815965500559
r563_svd_normalised_tr050_tid3_015,3,15,True,126,polygon,380.2977099236641,25.172179813401186,131.0,6.457444935117649,14.063115876202216,11.875365416814015,-66.11302644866443,0.5356604832896151,0.9735755573905863,131.0,False,mask,360.0,1.0,True,True,20.663823792376476,1341.4400000000003,1341.4400000000003,45.001970803847094,38.001169333804846
r563_svd_normalised_tr050_tid3_015,3,15,True,127,polygon,156.8919790407094,112.16888351471181,91.88888888888889,5.408247568647095,10.98499048711997,10.668246709028296,-57.22393806914638,0.23840522963457267,0.9729411764705882,91.88888888888889,False,mask,360.0,1.0,True,True,17.306392219670705,940.9422222222224,940.9422222222224,35.15196955878391,34.138389468890544
r563_svd_normalised_tr050_tid3_015,3,15,True,128,polygon,277.66476841306,218.23917995444194,97.55555555555556,5.572512699445857,11.580205180404016,10.750215217617784,-6.7177677484941825,0.37176509842382943,0.974472807991121,97.55555555555556,False,mask,360.0,1.0,True,True,17.832040638226744,998.9688888888891,998.9688888888891,37.056656577292856,34.40068869637691
r563_svd_normalised_tr050_tid3_015,3,15,True,129,polygon,290.06065090406156,245.9206799582078,165.71558619314465,7.262844441403108,14.525688882806216,14.525688882806216,,0.0,0.9892205638474295,132.55555555555554,True,circle,240.0,0.6638888888888889,True,True,23.24110221248995,1696.9276026178015,1357.368888888889,46.4822044249799,46.4822044249799
r563_svd_normalised_tr050_tid3_015,3,15,True,130,polygon,256.0728193146418,77.17065809968848,380.44444444444446,11.004509430700061,23.21911617860397,20.891387209058234,72.83786993363117,0.4364068192516876,0.9830605799598048,380.44444444444446,False,mask,360.0,1.0,True,True,35.2144301782402,3895.751111111112,3895.751111111112,74.30117177153271,66.85243906898636
r563_svd_normalised_tr050_tid3_015,3,15,True,131,polygon,251.94138184490996,106.9321940463065,201.55555555555554,8.009814351693777,16.27306479932004,15.827770996065304,76.63536710631509,0.23233366426985946,0.9805405405405405,201.55555555555554,False,mask,360.0,1.0,True,True,25.631405925420086,2063.928888888889,2063.928888888889,52.07380735782413,50.648867187408975
r563_svd_normalised_tr050_tid3_015,3,15,True,132,polygon,291.1025267249757,121.50340136054422,76.22222222222223,4.925676286585545,10.2184251739599,9.509366320194859,-61.67045674827667,0.36601291297753735,0.9702970297029703,76.22222222222223,False,mask,360.0,1.0,True,True,15.762164117073745,780.5155555555558,780.5155555555558,32.698960556671686,30.42997222462355
r563_svd_normalised_tr050_tid3_015,3,15,True,133,polygon,319.23037905271093,47.97909383782302,540.3333333333334,13.114627018510346,30.577508205682033,22.609910203480595,-76.07515481223301,0.6732340471588552,0.9838154966619462,540.3333333333334,False,mask,360.0,1.0,True,True,41.96680645923311,5533.013333333335,5533.013333333335,97.84802625818251,72.3517126511379
r563_svd_normalised_tr050_tid3_015,3,15,True,134,polygon,270.6865919468659,242.57077625570776,89.22222222222223,5.329194629643436,11.761418715615362,9.690412837262402,64.19266336855425,0.5667129585059962,0.9709794437726723,89.22222222222223,False,mask,360.0,1.0,True,True,17.053422814858997,913.6355555555558,913.6355555555558,37.63653988996916,31.009321079239687
r563_svd_normalised_tr050_tid3_015,3,15,True,135,polygon,145.3350785340314,48.16404886561955,21.22222222222222,2.5990850582700578,5.436927645164016,4.997135567790305,61.969745302398,0.39400059626072426,0.9794871794871794,21.22222222222222,False,mask,360.0,1.0,True,True,8.317072186464186,217.3155555555556,217.3155555555556,17.398168464524854,15.990833816928976
r563_svd_normalised_tr050_tid3_015,3,15,True,136,polygon,244.60820992465574,217.72538321641983,142.55555555555554,6.736233566597579,13.5546763784798,13.404364060670282,-72.12369581954738,0.14851158999903502,0.9771515613099772,142.55555555555554,False,mask,360.0,1.0,True,True,21.555947413112253,1459.768888888889,1459.768888888889,43.37496441113536,42.89396499414491
r563_svd_normalised_tr050_tid3_015,3,15,True,137,polygon,349.0884450784593,28.09462672372801,77.88888888888889,4.979237226443839,10.468580859701293,9.500971414208635,-13.688365224716243,0.41990050952524677,0.9749652294853964,77.88888888888889,False,mask,360.0,1.0,True,True,15.933559124620286,797.5822222222223,797.5822222222223,33.49945875104414,30.403108525467633
r563_svd_normalised_tr050_tid3_015,3,15,True,138,polygon,358.5232974910394,49.890681003584234,20.666666666666668,2.5648400173236943,5.294885899922253,4.995901498225737,19.60817750353738,0.33127751732730587,0.96875,20.666666666666668,False,mask,360.0,1.0,True,True,8.207488055435823,211.62666666666672,211.62666666666672,16.94363487975121,15.986884794322359
r563_svd_normalised_tr050_tid3_015,3,15,True,139,polygon,350.71581196581195,70.87350427350428,86.66666666666667,5.252319183236601,10.912955492068129,10.123098686890856,-70.28215259048181,0.37352006672888466,0.9762202753441802,86.66666666666667,False,mask,360.0,1.0,True,True,16.807421386357124,887.4666666666669,887.4666666666669,34.92145757461801,32.39391579805074
r563_svd_normalised_tr050_tid3_015,3,15,True,140,polygon,84.22619047619047,78.75396825396825,18.666666666666668,2.4375775971438176,5.1966051009276795,4.587969620767666,63.086846083760356,0.46960195330618226,0.9710982658959537,18.666666666666668,False,mask,360.0,1.0,True,True,7.8002483108602165,191.1466666666667,191.1466666666667,16.629136322968574,14.681502786456532
r563_svd_normalised_tr050_tid3_015,3,15,True,141,polygon,279.40776699029124,206.18122977346277,34.333333333333336,3.30584927448961,6.909703092081139,6.36501991265606,-69.7250376643223,0.3891574325697247,0.9778481012658228,34.333333333333336,False,mask,360.0,1.0,True,True,10.578717678366752,351.57333333333344,351.57333333333344,22.111049894659644,20.368063720499393
r563_svd_normalised_tr050_tid3_015,3,15,True,142,polygon,311.59841109531766,258.80364338058246,797.7307672516192,15.935042821692415,31.87008564338483,31.87008564338483,,0.0,0.9808219178082191,119.33333333333333,True,circle,120.0,0.30277777777777776,False,True,50.99213702941573,8168.763056656582,1221.9733333333336,101.98427405883146,101.98427405883146
r563_svd_normalised_tr050_tid3_015,3,15,True,143,polygon,313.5700589970501,116.24373156342183,100.44444444444444,5.654419482042803,11.824288762918416,10.832816140739132,-50.36923604147902,0.40083676069176694,0.9794149512459371,100.44444444444444,False,mask,360.0,1.0,True,True,18.09414234253697,1028.5511111111114,1028.5511111111114,37.83772404133893,34.66501165036522
r563_svd_normalised_tr050_tid3_015,3,15,True,144,polygon,188.47008547008548,76.35992402659069,39.0,3.523362819972964,7.457784654154669,6.675967532367676,-21.59112718572642,0.4457296105969685,0.9669421487603306,39.0,False,mask,360.0,1.0,True,True,11.274761023913484,399.36000000000007,399.36000000000007,23.864910893294944,21.363096103576567
r563_svd_normalised_tr050_tid3_015,3,15,True,145,polygon,212.89766970618032,106.24012158054711,36.55555555555556,3.4111573883762865,7.15761587384208,6.568782716413914,-87.42076839881689,0.3971970772445574,0.9762611275964391,36.55555555555556,False,mask,360.0,1.0,True,True,10.915703642804118,374.32888888888897,374.32888888888897,22.904370796294657,21.020104692524527
r563_svd_normalised_tr050_tid3_015,3,15,True,146,polygon,240.7132075471698,217.5622641509434,29.444444444444443,3.0614470042540436,6.390825970097395,5.878278525158138,10.14892713144607,0.39238868706345925,0.9566787003610109,29.444444444444443,False,mask,360.0,1.0,True,True,9.79663041361294,301.5111111111112,301.5111111111112,20.450643104311666,18.810491280506042
r563_svd_normalised_tr050_tid3_015,3,15,True,147,polygon,245.7830188679245,240.1563750714694,129.55555555555554,6.421745412531289,12.918140363359145,12.80079950156192,-50.27704106045887,0.13447797759477065,0.96843853820598,129.55555555555554,False,mask,360.0,1.0,True,True,20.549585320100125,1326.648888888889,1326.648888888889,41.338049162749265,40.96255840499815
r563_svd_normalised_tr050_tid3_015,3,15,True,148,polygon,62.744360902255636,72.82873851294904,44.333333333333336,3.7565593682892047,7.879610185547221,7.212744185810554,74.29002079503985,0.4026178744906189,0.9614457831325302,44.333333333333336,False,mask,360.0,1.0,True,True,12.020989978525456,453.97333333333347,453.97333333333347,25.214752593751108,23.080781394593775
r563_svd_normalised_tr050_tid3_015,3,15,True,149,polygon,153.18448023426063,34.93313811615422,75.88888888888889,4.9148940563186665,10.18456599459432,9.509229104411617,-75.47987690779374,0.35808193992008236,0.9715504978662873,75.88888888888889,False,mask,360.0,1.0,True,True,15.727660980219733,777.1022222222224,777.1022222222224,32.59061118270183,30.429533134117175
r563_svd_normalised_tr050_tid3_015,3,15,True,150,polygon,240.6316758747698,42.20748925721301,60.333333333333336,4.382316335731828,9.371144425357967,8.233070178512373,-89.99513746985485,0.47764033459860655,0.9836956521739131,60.333333333333336,False,mask,360.0,1.0,True,True,14.023412274341851,617.8133333333335,617.8133333333335,29.987662161145494,26.345824571239593
r563_svd_normalised_tr050_tid3_015,3,15,True,151,polygon,243.22121760096445,227.8215792646172,61.44444444444444,4.422485061335692,9.062682857946308,8.649679265383318,17.097844707550497,0.29844092239414916,0.9634146341463414,61.44444444444444,False,mask,360.0,1.0,True,True,14.151952196274216,629.1911111111112,629.1911111111112,29.00058514542819,27.67897364922662
r563_svd_normalised_tr050_tid3_015,3,15,True,152,polygon,195.4200913242009,77.84474885844749,24.333333333333332,2.7830811277800676,5.785732660129068,5.370489014247649,20.680166169066634,0.372007506130372,0.9733333333333334,24.333333333333332,False,mask,360.0,1.0,True,True,8.905859608896217,249.17333333333337,249.17333333333337,18.514344512413018,17.185564845592477
r563_svd_normalised_tr050_tid3_015,3,15,True,153,polygon,52.696672122204035,71.70049099836334,67.88888888888889,4.648623935678841,9.409909790558475,9.206600594806131,-81.52676832963866,0.2067484154042553,0.9823151125401929,67.88888888888889,False,mask,360.0,1.0,True,True,14.875596594172292,695.1822222222223,695.1822222222223,30.11171132978712,29.46112190337962
r563_svd_normalised_tr050_tid3_015,3,15,True,154,polygon,244.23510466988728,39.74449812130971,69.0,4.686510657907603,9.66805980927039,9.123081440013388,-44.43880825851939,0.33099915314329514,0.9672897196261683,69.0,False,mask,360.0,1.0,True,True,14.99683410530433,706.5600000000002,706.5600000000002,30.93779138966525,29.193860608042844
r563_svd_normalised_tr050_tid3_015,3,15,True,155,polygon,205.206223628692,2.199367088607595,70.22222222222223,4.727835399326886,16.016546080339925,6.017483170726091,-89.77332872783367,0.9267396483031464,0.9723076923076923,70.22222222222223,False,mask,360.0,1.0,True,True,15.129073277846036,719.0755555555558,719.0755555555558,51.252947457087764,19.255946146323495
r563_svd_normalised_tr050_tid3_015,3,15,True,156,polygon,373.09778597785976,88.09717097170972,60.22222222222222,4.378279194077338,9.377927109797438,8.216406269723892,-83.1732572019249,0.48205107834228406,0.9783393501805054,60.22222222222222,False,mask,360.0,1.0,True,True,14.010493421047483,616.6755555555557,616.6755555555557,30.009366751351806,26.292500063116456
r563_svd_normalised_tr050_tid3_015,3,15,True,157,polygon,290.16046831955924,96.98347107438018,53.77777777777778,4.137390279350213,8.689618838976413,7.905824900710986,24.01733402161034,0.415044494966629,0.9718875502008032,53.77777777777778,False,mask,360.0,1.0,True,True,13.239648893920682,550.6844444444446,550.6844444444446,27.806780284724525,25.298639682275155
r563_svd_normalised_tr050_tid3_015,3,15,True,158,polygon,242.03044280442805,119.54274292742927,120.44444444444444,6.191821816120116,12.732657623700177,12.083766470064758,5.173634702290175,0.3151639004516686,0.9748201438848921,120.44444444444444,False,mask,360.0,1.0,True,True,19.813829811584373,1233.3511111111113,1233.3511111111113,40.74450439584057,38.66805270420723
r563_svd_normalised_tr050_tid3_015,3,15,True,159,polygon,233.19102196752627,224.86119070359757,116.33333333333333,6.085232131374638,12.640905757479432,11.867806547336007,-82.43053647981851,0.344349667686757,0.9703429101019463,116.33333333333333,False,mask,360.0,1.0,True,True,19.472742820398842,1191.2533333333336,1191.2533333333336,40.450898423934184,37.97698095147523
r563_svd_normalised_tr050_tid3_015,3,15,True,160,polygon,207.52753623188406,139.6536231884058,51.111111111111114,4.033506162199936,8.351377969289235,7.808951825319688,-87.98976755300268,0.3545171725703161,0.9787234042553191,51.111111111111114,False,mask,360.0,1.0,True,True,12.907219719039796,523.377777777778,523.377777777778,26.724409501725553,24.988645841023
r563_svd_normalised_tr050_tid3_015,3,15,True,161,polygon,336.1541950113379,40.60770975056689,16.333333333333332,2.2801450555469596,4.984724137237874,4.235501274243624,-39.30234465838534,0.5272725366368346,0.9735099337748344,16.333333333333332,False,mask,360.0,1.0,True,True,7.296464177750271,167.25333333333336,167.25333333333336,15.9511172391612,13.5536040775796
r563_svd_normalised_tr050_tid3_015,3,15,True,162,polygon,302.88984881209507,48.87616990640748,51.44444444444444,4.046637524649255,8.239364049966754,7.962039159581649,-17.875326722441198,0.25726283313335746,0.9706498951781971,51.44444444444444,False,mask,360.0,1.0,True,True,12.949240078877617,526.7911111111111,526.7911111111111,26.365964959893617,25.47852531066128
r563_svd_normalised_tr050_tid3_015,3,15,True,163,polygon,228.5157894736842,233.26315789473685,31.666666666666668,3.1748721332498895,6.457468533328289,6.257439549472529,16.13439934452977,0.24696805319512535,0.986159169550173,31.666666666666668,False,mask,360.0,1.0,True,True,10.159590826399647,324.26666666666677,324.26666666666677,20.663899306650524,20.023806558312092
r563_svd_normalised_tr050_tid3_015,3,15,True,164,polygon,207.24899057873486,197.52759084791387,82.55555555555556,5.1262315098645805,10.495236426080083,10.066954525544057,60.55594900306169,0.28275306948624873,0.9699738903394256,82.55555555555556,False,mask,360.0,1.0,True,True,16.403940831566658,845.368888888889,845.368888888889,33.58475656345627,32.21425448174099
r563_svd_normalised_tr050_tid3_015,3,15,True,165,polygon,233.77813399095768,150.81290587751747,450.55555555555554,11.975653953265494,24.41378428779871,23.639632366728822,-73.25297400105265,0.2498274360756104,0.9680114585820004,450.55555555555554,False,mask,360.0,1.0,True,True,38.322092650449584,4613.68888888889,4613.68888888889,78.12410972095587,75.64682357353223
r563_svd_normalised_tr050_tid3_015,3,15,True,166,polygon,255.7297297297297,90.45045045045045,28.77777777777778,3.0265906840976804,6.206777267475425,5.971060919801541,10.33132941402187,0.27296929011707477,0.9522058823529411,28.77777777777778,False,mask,360.0,1.0,True,True,9.685090189112579,294.6844444444445,294.6844444444445,19.86168725592136,19.107394943364934
r563_svd_normalised_tr050_tid3_015,3,15,True,167,polygon,244.71004566210047,221.92694063926942,16.22222222222222,2.272376225276905,4.893892140223463,4.257474606244117,74.91852680471213,0.49312799126485013,0.954248366013072,16.22222222222222,False,mask,360.0,1.0,True,True,7.271603920886097,166.11555555555557,166.11555555555557,15.660454848715084,13.623918739981177
r563_svd_normalised_tr050_tid3_015,3,15,True,168,polygon,289.4783950617284,101.91358024691358,12.0,1.9544100476116797,3.994321658056506,3.8661658944027564,-62.904380622171885,0.25127586598994267,0.9557522123893806,12.0,False,mask,360.0,1.0,True,True,6.254112152357376,122.88000000000002,122.88000000000002,12.78182930578082,12.371730862088821
r563_svd_normalised_tr050_tid3_015,3,15,True,169,polygon,326.34696969696967,81.64090909090909,73.33333333333333,4.831430946087433,9.813818248307491,9.535118173485339,70.56837129842722,0.23662415759745675,0.9606986899563319,73.33333333333333,False,mask,360.0,1.0,True,True,15.460579027479788,750.9333333333334,750.9333333333334,31.404218394583975,30.512378155153087
r563_svd_normalised_tr050_tid3_015,3,15,True,170,polygon,250.55524079320114,229.6515580736544,39.22222222222222,3.533386632033197,7.239837088285673,6.9670310342479524,-57.91399908300009,0.2719239014510643,0.9805555555555555,39.22222222222222,False,mask,360.0,1.0,True,True,11.306837222506232,401.63555555555564,401.63555555555564,23.167478682514155,22.294499309593448
r563_svd_normalised_tr050_tid3_015,3,15,True,171,polygon,228.5430224150398,112.4229934924078,204.88888888888889,8.075776055745079,16.92509735263156,15.455776718829398,11.22768253685335,0.40754108483265333,0.9818956336528222,204.88888888888889,False,mask,360.0,1.0,True,True,25.842483378384255,2098.0622222222228,2098.0622222222228,54.160311528421,49.45848550025408
r563_svd_normalised_tr050_tid3_015,3,15,True,172,polygon,3.578623835018838,151.47075153678367,186.77777777777777,7.71059097515267,26.890309997312176,9.504529341879811,-0.6471226551839876,0.9354513206629648,0.981892523364486,186.77777777777777,False,mask,360.0,1.0,True,True,24.673891120488545,1912.6044444444447,1912.6044444444447,86.04899199139896,30.414493894015397
r563_svd_normalised_tr050_tid3_015,3,15,True,173,polygon,45.27504553734062,83.28142076502732,40.666666666666664,3.597860758581524,7.379511472880529,7.079926313009852,32.485238270192724,0.2820383981888804,0.9631578947368421,40.666666666666664,False,mask,360.0,1.0,True,True,11.513154427460877,416.42666666666673,416.42666666666673,23.614436713217696,22.655764201631527
r563_svd_normalised_tr050_tid3_015,3,15,True,174,polygon,253.73925925925926,239.1362962962963,25.0,2.8209479177387813,5.894626113088283,5.435388310602555,-28.009964285790627,0.38697043239210716,0.9782608695652174,25.0,False,mask,360.0,1.0,True,True,9.0270333367641,256.00000000000006,256.00000000000006,18.862803561882508,17.393242593928175
r563_svd_normalised_tr050_tid3_015,3,15,True,175,polygon,67.77192982456141,9.073684210526315,31.666666666666668,3.1748721332498895,6.6386984286378015,6.08570848275346,19.706999672871696,0.39957145159317664,0.9895833333333334,31.666666666666668,False,mask,360.0,1.0,True,True,10.159590826399647,324.26666666666677,324.26666666666677,21.243834971640965,19.474267144811073
r563_svd_normalised_tr050_tid3_015,3,15,True,176,polygon,259.89068100358423,235.86917562724014,20.666666666666668,2.5648400173236943,5.285469518643484,5.012310210860307,32.82384672044964,0.3173191104560869,0.96875,20.666666666666668,False,mask,360.0,1.0,True,True,8.207488055435823,211.62666666666672,211.62666666666672,16.91350245965915,16.039392674752985
r563_svd_normalised_tr050_tid3_015,3,15,True,177,polygon,206.666281076872,254.53478514101943,284.0753273817696,9.509152702870754,19.018305405741508,19.018305405741508,,0.0,0.9763948497854077,50.55555555555556,True,circle,120.0,0.325,False,True,30.429288649186415,2908.9313523893215,517.688888888889,60.85857729837283,60.85857729837283
r563_svd_normalised_tr050_tid3_015,3,15,True,178,polygon,221.6887290167866,168.41774580335732,77.22222222222223,4.957882286462129,10.330281592941345,9.545595993937189,19.825685379630492,0.3822951934153008,0.976123595505618,77.22222222222223,False,mask,360.0,1.0,True,True,15.865223316678815,790.7555555555558,790.7555555555558,33.05690109741231,30.545907180599006
r563_svd_normalised_tr050_tid3_015,3,15,True,179,polygon,287.2947539210384,130.89363619974762,205.44444444444446,8.086717364184507,17.850172943116263,14.799738277954312,-56.7863418153311,0.5590870565386434,0.9726459758022094,205.44444444444446,False,mask,360.0,1.0,True,True,25.877495565390422,2103.7511111111116,2103.7511111111116,57.12055341797205,47.3591624894538
r563_svd_normalised_tr050_tid3_015,3,15,True,180,polygon,216.74897119341563,188.55555555555554,9.0,1.692568750643269,3.721032267830586,3.1012176254972768,-76.96540949192776,0.5526259714044371,0.9,9.0,False,mask,360.0,1.0,True,True,5.416220002058461,92.16000000000003,92.16000000000003,11.907303257057876,9.923896401591286
r563_svd_normalised_tr050_tid3_015,3,15,True,181,polygon,324.64223385689354,208.847294938918,42.44444444444444,3.6756613391667816,8.122389686274042,6.712853301861043,-21.07824905329077,0.5629912637672102,0.9573934837092731,42.44444444444444,False,mask,360.0,1.0,True,True,11.762116285333702,434.6311111111112,434.6311111111112,25.991646996076938,21.48113056595534
r563_svd_normalised_tr050_tid3_015,3,15,True,182,polygon,186.67387387387387,83.66486486486487,20.555555555555557,2.5579359939868462,5.263562915506946,5.029017735730274,-23.538479049940644,0.29518587827844267,0.9585492227979274,20.555555555555557,False,mask,360.0,1.0,True,True,8.185395180757908,210.48888888888894,210.48888888888894,16.84340132962223,16.092856754336875
r563_svd_normalised_tr050_tid3_015,3,15,True,183,polygon,2.298663777537017,154.30697002527987,102.55555555555556,5.713531938862713,22.421394731262158,6.269859426892964,0.776295117839421,0.9601056983284095,0.9726027397260274,102.55555555555556,False,mask,360.0,1.0,True,True,18.28330220436068,1050.1688888888891,1050.1688888888891,71.74846314003891,20.063550166057485
r563_svd_normalised_tr050_tid3_015,3,15,True,184,polygon,250.24977777777778,244.7751111111111,41.666666666666664,3.641828101973597,7.810690824862685,6.807091922645391,-73.61649489624698,0.49037846864984386,0.9715025906735751,41.666666666666664,False,mask,360.0,1.0,True,True,11.65384992631551,426.66666666666674,426.66666666666674,24.994210639560592,21.782694152465254
r563_svd_normalised_tr050_tid3_015,3,15,True,185,polygon,271.0578043544925,170.77184912603494,241.55555555555554,8.768667025035858,17.727414019234306,17.39819871219368,15.17219154187186,0.1918256050154676,0.9828209764918626,241.55555555555554,False,mask,360.0,1.0,True,True,28.05973448011475,2473.528888888889,2473.528888888889,56.72772486154978,55.674235879019776
r563_svd_normalised_tr050_tid3_015,3,15,True,186,polygon,268.5080018289895,111.4769090077732,81.0,5.077706251929807,10.937408685153068,9.481233580989386,54.245939628429426,0.4985466368459704,0.9694148936170213,81.0,False,mask,360.0,1.0,True,True,16.24866000617538,829.4400000000002,829.4400000000002,34.99970779248982,30.339947459166037
r563_svd_normalised_tr050_tid3_015,3,15,True,187,polygon,305.4553264604811,26.457044673539517,21.555555555555557,2.6194171938653197,5.51015427803329,5.039193349082285,71.56521459791007,0.4045213824455904,0.9748743718592965,21.555555555555557,False,mask,360.0,1.0,True,True,8.382135020369024,220.72888888888895,220.72888888888895,17.63249368970653,16.12541871706331
r563_svd_normalised_tr050_tid3_015,3,15,True,188,polygon,309.1732377538829,148.4647550776583,31.0,3.141274657157109,6.636364414361625,5.9834023772197895,76.73416360388322,0.4325530762511055,0.9554794520547946,31.0,False,mask,360.0,1.0,True,True,10.05207890290275,317.44000000000005,317.44000000000005,21.236366125957204,19.146887607103327
r563_svd_normalised_tr050_tid3_015,3,15,True,189,polygon,222.6095651587901,246.47066512364387,132.1763021507054,6.4863721519648685,14.343159916815871,11.73326489777447,77.16235872961198,0.5751626851054374,0.9877300613496932,107.33333333333333,True,ellipse,220.0,0.6722222222222223,True,True,20.75639088628758,1353.4853340232235,1099.0933333333335,45.898111733810794,37.54644767287831
r563_svd_normalised_tr050_tid3_015,3,15,True,190,polygon,193.72730535361902,-2.887953032312962,62.776459499305915,4.470164166811484,8.940328333622968,8.940328333622968,,0.0,0.9523809523809523,11.11111111111111,True,circle,120.0,0.3194444444444444,False,True,14.30452533379675,642.8309452728927,113.7777777777778,28.6090506675935,28.6090506675935
r563_svd_normalised_tr050_tid3_015,3,15,True,191,polygon,327.2291666666667,122.26515151515152,19.555555555555557,2.4949402123397033,5.551159154921923,4.550199723968489,-72.06607956789664,0.5728151019392553,0.9832402234636871,19.555555555555557,False,mask,360.0,1.0,True,True,7.983808679487051,200.24888888888896,200.24888888888896,17.763709295750154,14.560639116699164
r563_svd_normalised_tr050_tid3_015,3,15,True,192,polygon,214.33124592302673,77.65857795172865,283.8888888888889,9.50603176467789,21.22922480258394,17.146948191409624,-78.7298214587831,0.5895870149094005,0.9722222222222222,283.8888888888889,False,mask,360.0,1.0,True,True,30.419301646969245,2907.0222222222233,2907.0222222222233,67.9335193682686,54.8702342125108
r563_svd_normalised_tr050_tid3_015,3,15,True,193,polygon,217.097520661157,206.18787878787882,67.22222222222223,4.625742957036961,9.521155969825914,9.00172299146723,89.033249880461,0.3257836797810087,0.9758064516129032,67.22222222222223,False,mask,360.0,1.0,True,True,14.802377462518274,688.3555555555557,688.3555555555557,30.467699103442925,28.805513572695133
r563_svd_normalised_tr050_tid3_015,3,15,True,194,polygon,189.50263504611328,9.398221343873518,112.44444444444444,5.98265645955964,12.448079607273419,11.514222019905768,-57.85049051537345,0.38001630781394063,0.9768339768339769,112.44444444444444,False,mask,360.0,1.0,True,True,19.144500670590848,1151.4311111111112,1151.4311111111112,39.83385474327494,36.84551046369846
r563_svd_normalised_tr050_tid3_015,3,15,True,195,polygon,54.527646129541864,91.72353870458136,23.444444444444443,2.7317756940776294,5.776800454421756,5.197630255679743,-76.77687471473166,0.43642210309091206,0.9813953488372092,23.444444444444443,False,mask,360.0,1.0,True,True,8.741682221048414,240.07111111111115,240.07111111111115,18.48576145414962,16.63241681817518
r563_svd_normalised_tr050_tid3_015,3,15,True,196,polygon,227.9683898083487,247.21835186285549,43.08907925224316,3.7034686325856545,7.406937265171309,7.406937265171309,,0.0,0.9710144927536232,37.22222222222222,True,circle,260.0,0.7138888888888889,True,True,11.851099624274095,441.23217154297004,381.1555555555556,23.70219924854819,23.70219924854819
r563_svd_normalised_tr050_tid3_015,3,15,True,197,polygon,223.54817104585265,94.57066804052893,215.66666666666666,8.28545907722102,16.809557074214432,16.36413353332745,-15.21975553784469,0.22867948626071508,0.9832826747720365,215.66666666666666,False,mask,360.0,1.0,True,True,26.513469047107264,2208.426666666667,2208.426666666667,53.79058263748618,52.365227306647846
r563_svd_normalised_tr050_tid3_015,3,15,True,198,polygon,211.5352862849534,4.771415889924545,83.44444444444444,5.153755098351177,11.163438843757119,9.562961875378848,-67.3981316943916,0.5159274819524081,0.9677835051546392,83.44444444444444,False,mask,360.0,1.0,True,True,16.492016314723767,854.4711111111112,854.4711111111112,35.72300430002278,30.601478001212314
r563_svd_normalised_tr050_tid3_015,3,15,True,199,polygon,191.95509454018207,248.23182498441085,37.35019814048431,3.4480338338014596,6.896067667602919,6.896067667602919,,0.0,0.9760956175298805,27.22222222222222,True,circle,220.0,0.6194444444444445,True,True,11.033708268164672,382.4660289585594,278.7555555555556,22.067416536329343,22.067416536329343
r563_svd_normalised_tr050_tid3_015,3,15,True,200,polygon,220.67210884353742,217.99591836734695,27.22222222222222,2.94365460902352,6.004998449696381,5.779550048675763,64.55554251688335,0.2714358171226772,0.9839357429718876,27.22222222222222,False,mask,360.0,1.0,True,True,9.419694748875264,278.7555555555556,278.7555555555556,19.21599503902842,18.494560155762443
r563_svd_normalised_tr050_tid3_015,3,15,True,201,polygon,273.8546365914787,175.95989974937345,14.777777777777779,2.1688505625085828,4.477370656445575,4.20530299619924,-20.502384104312405,0.3432749805025288,0.9637681159420289,14.777777777777779,False,mask,360.0,1.0,True,True,6.940321800027466,151.32444444444448,151.32444444444448,14.32758610062584,13.45696958783757
r563_svd_normalised_tr050_tid3_015,3,15,True,202,polygon,176.95725536443837,1.3815701513117895,18.452536236989705,2.423556211313958,5.727281778564493,4.102207599690094,-84.96822785600354,0.6978362458423745,0.9310344827586207,18.0,True,ellipse,300.0,0.8694444444444445,True,True,7.755379876204666,188.9539710667746,184.32000000000005,18.32730169140638,13.127064319008301
r563_svd_normalised_tr050_tid3_015,3,15,True,203,polygon,269.38690476190476,158.00892857142858,12.444444444444445,1.9902737738139489,4.090410447874615,3.8790134461953083,80.3625969777795,0.31731893382605586,0.9911504424778761,12.444444444444445,False,mask,360.0,1.0,True,True,6.368876076204637,127.43111111111114,127.43111111111114,13.089313433198768,12.412843027824987
r563_svd_normalised_tr050_tid3_015,3,15,True,204,polygon,311.37421383647796,114.27295597484277,117.77777777777777,6.122894008508087,13.523841586306657,11.191533044459357,53.97534971603636,0.5614053220520878,0.9833024118738405,117.77777777777777,False,mask,360.0,1.0,True,True,19.59326082722588,1206.0444444444447,1206.0444444444447,43.276293076181304,35.81290574226994
r563_svd_normalised_tr050_tid3_015,3,15,True,205,polygon,309.2195231668916,112.3229869545659,82.33333333333333,5.119327491230213,10.77576900369673,9.75129994680498,-48.34236081761798,0.42556374326989727,0.973718791064389,82.33333333333333,False,mask,360.0,1.0,True,True,16.381847971936683,843.0933333333335,843.0933333333335,34.48246081182954,31.20415982977594
r563_svd_normalised_tr050_tid3_015,3,15,True,206,polygon,-3.3701432913311926,158.81390370395658,137.30214576482976,6.610947767997657,13.221895535995314,13.221895535995314,,0.0,0.9530201342281879,31.555555555555557,True,circle,130.0,0.35833333333333334,False,True,21.155032857592502,1405.9739726318571,323.128888888889,42.310065715185004,42.310065715185004
r563_svd_normalised_tr050_tid3_015,3,15,True,207,polygon,227.40404040404042,206.88636363636363,29.333333333333332,3.055665229491694,6.285861579564506,5.985335113227571,75.69818599931004,0.30550618563239446,0.9814126394052045,29.333333333333332,False,mask,360.0,1.0,True,True,9.778128734373421,300.3733333333334,300.3733333333334,20.11475705460642,19.153072362328228
r563_svd_normalised_tr050_tid3_015,3,15,True,208,polygon,323.43040935672514,91.02222222222223,31.666666666666668,3.1748721332498895,6.511671855878693,6.232411821248509,-65.15503089680671,0.2897118063909591,0.979381443298969,31.666666666666668,False,mask,360.0,1.0,True,True,10.159590826399647,324.26666666666677,324.26666666666677,20.83734993881182,19.94371782799523
r563_svd_normalised_tr050_tid3_015,3,15,True,209,polygon,208.45018958979662,56.04963805584281,107.44444444444444,5.848130374931097,12.780321203171688,10.742560599358269,-85.06757827951023,0.5417264929307815,0.9679679679679679,107.44444444444444,False,mask,360.0,1.0,True,True,18.714017199779512,1100.2311111111112,1100.2311111111112,40.897027850149406,34.37619391794646
r563_svd_normalised_tr050_tid3_015,3,15,True,210,polygon,399.2018575603497,85.35192367364093,36.61272805637038,3.4138238531742284,6.827647706348457,6.827647706348457,,0.0,0.983957219251337,20.444444444444443,True,circle,180.0,0.5305555555555556,True,True,10.924236330157532,374.91433529723275,209.35111111111112,21.848472660315064,21.848472660315064
r563_svd_normalised_tr050_tid3_015,3,15,True,211,polygon,306.1337325349302,14.053892215568863,18.555555555555557,2.430312073986774,4.9599896450803245,4.777137101433297,48.000422862847174,0.2690203571034143,1.0,18.555555555555557,False,mask,360.0,1.0,True,True,7.776998636757677,190.00888888888895,190.00888888888895,15.87196686425704,15.286838724586552
r563_svd_normalised_tr050_tid3_015,3,15,True,212,polygon,345.070323488045,30.559071729957807,52.666666666666664,4.094425560728428,8.643266691379663,7.781356750332623,76.30395054429194,0.4353121030831359,0.9875,52.666666666666664,False,mask,360.0,1.0,True,True,13.102161794330971,539.3066666666667,539.3066666666667,27.658453412414925,24.900341601064397
r563_svd_normalised_tr050_tid3_015,3,15,True,213,polygon,327.32239858906524,97.2236331569665,105.0,5.781222885281108,12.13772095155745,11.07257449130618,13.415625151394353,0.4096451805360877,0.9732234809474768,105.0,False,mask,360.0,1.0,True,True,18.499913232899544,1075.2000000000003,1075.2000000000003,38.840707044983844,35.432238372179775
r563_svd_normalised_tr050_tid3_015,3,15,True,214,polygon,211.33605442176872,66.96190476190476,27.22222222222222,2.94365460902352,6.093215209062044,5.72961851384938,16.14404063388834,0.3402704512261202,0.9722222222222222,27.22222222222222,False,mask,360.0,1.0,True,True,9.419694748875264,278.7555555555556,278.7555555555556,19.49828866899854,18.334779244318018
r563_svd_normalised_tr050_tid3_015,3,15,True,215,polygon,243.64840182648402,75.43752594437525,89.22222222222223,5.329194629643436,11.795336541260214,9.847416664683967,-81.10107273258129,0.5504672193705283,0.9348079161816065,89.22222222222223,False,mask,360.0,1.0,True,True,17.053422814858997,913.6355555555558,913.6355555555558,37.74507693203269,31.511733326988697
r563_svd_normalised_tr050_tid3_015,3,15,True,216,polygon,200.92030651340997,59.06130268199234,48.333333333333336,3.9223689056763327,8.940046365703639,6.924932801388141,84.29230511274473,0.6324551671258541,0.9731543624161074,48.333333333333336,False,mask,360.0,1.0,True,True,12.551580498164265,494.93333333333345,494.93333333333345,28.608148370251644,22.159784964442053
r563_svd_normalised_tr050_tid3_015,3,15,True,217,polygon,281.0556881463803,142.3739061256961,46.55555555555556,3.849557583685693,8.009639063640703,7.456114559000642,89.67399927197476,0.3652927254550267,0.9676674364896074,46.55555555555556,False,mask,360.0,1.0,True,True,12.318584267794218,476.728888888889,476.728888888889,25.63084500365025,23.859566588802053
r563_svd_normalised_tr050_tid3_015,3,15,True,218,polygon,327.2801556420233,126.24124513618676,28.555555555555557,3.0148823590322396,6.966393270984086,5.363168434576653,-88.06713372106432,0.6382091809302002,0.9625468164794008,28.555555555555557,False,mask,360.0,1.0,True,True,9.647623548903168,292.40888888888895,292.40888888888895,22.292458467149075,17.16213899064529
r563_svd_normalised_tr050_tid3_015,3,15,True,219,polygon,-1.123920316154655,214.5032209698465,40.20506401646211,3.5773830310846044,7.154766062169209,7.154766062169209,,0.0,0.958904109589041,15.555555555555555,True,circle,160.0,0.44166666666666665,True,True,11.447625699470734,411.6998555285721,159.28888888888892,22.89525139894147,22.89525139894147
r563_svd_normalised_tr050_tid3_015,3,15,True,220,polygon,326.35715565108364,47.70177324019344,206.77777777777777,8.112916301169488,18.383965203875906,14.490744610093758,-34.604884074273876,0.6153841137162009,0.9657498702646601,206.77777777777777,False,mask,360.0,1.0,True,True,25.961332163742362,2117.404444444445,2117.404444444445,58.8286886524029,46.37038275230003
r563_svd_normalised_tr050_tid3_015,3,15,True,221,polygon,272.01208788154486,249.93225262394068,23.618912583644203,2.7419214752222003,5.483842950444401,5.483842950444401,,0.0,0.9425287356321839,9.11111111111111,True,circle,140.0,0.44722222222222224,True,True,8.774148720711041,241.8576648565167,93.2977777777778,17.548297441422083,17.548297441422083
r563_svd_normalised_tr050_tid3_015,3,15,True,222,polygon,276.4705882352941,105.10196078431373,18.88888888888889,2.4520440600365423,5.0236397051598525,4.865765891943634,8.404976110888795,0.24872627150362447,0.9659090909090909,18.88888888888889,False,mask,360.0,1.0,True,True,7.846540992116935,193.42222222222227,193.42222222222227,16.075647056511528,15.57045085421963
r563_svd_normalised_tr050_tid3_015,3,15,True,223,polygon,269.18936678614097,241.8327359617682,62.0,4.442433223290478,9.20247209728844,8.780295700317634,85.33721755551316,0.29941305568254206,0.9806678383128296,62.0,False,mask,360.0,1.0,True,True,14.215786314529531,634.8800000000001,634.8800000000001,29.44791071132301,28.09694624101643
r563_svd_normalised_tr050_tid3_015,3,15,True,224,polygon,285.7182637182637,131.64619164619165,135.66666666666666,6.571456552820002,13.768956330066183,12.61714922997647,60.8031952986498,0.4003838035206538,0.9682791435368755,135.66666666666666,False,mask,360.0,1.0,True,True,21.028660969024006,1389.226666666667,1389.226666666667,44.06066025621179,40.3748775359247
r563_svd_normalised_tr050_tid3_015,3,15,True,225,polygon,3.900497512437811,229.84825870646765,14.88888888888889,2.1769888671339888,4.478046793948393,4.253654714941389,49.83920746148801,0.3125824380429194,0.9571428571428572,14.88888888888889,False,mask,360.0,1.0,True,True,6.966364374828764,152.46222222222227,152.46222222222227,14.32974974063486,13.611695087812445
r563_svd_normalised_tr050_tid3_015,3,15,True,226,polygon,346.57286432160805,80.32160804020101,22.11111111111111,2.652957832528615,5.582177084076502,5.080211118517194,80.65106885947705,0.4144391475189965,0.9660194174757282,22.11111111111111,False,mask,360.0,1.0,True,True,8.489465064091569,226.41777777777781,226.41777777777781,17.862966669044805,16.25667557925502
r563_svd_normalised_tr050_tid3_015,3,15,True,227,polygon,347.0504128639722,29.180356366797046,85.22222222222223,5.208365948729532,12.025911930334972,9.206352685145358,-64.34582121091803,0.6433847345450202,0.956359102244389,85.22222222222223,False,mask,360.0,1.0,True,True,16.666771035934502,872.6755555555558,872.6755555555558,38.482918177071916,29.460328592465146
r563_svd_normalised_tr050_tid3_015,3,15,True,228,polygon,277.22564102564104,136.75448717948717,115.55555555555556,6.064855788622974,12.842768422344077,11.53628891680229,-64.36120540593802,0.4394415355621296,0.9737827715355806,115.55555555555556,False,mask,360.0,1.0,True,True,19.407538523593516,1183.2888888888892,1183.2888888888892,41.09685895150105,36.91612453376733
r563_svd_normalised_tr050_tid3_015,3,15,True,229,polygon,395.29468228666724,45.59770155742766,106.83151199264834,5.831425762472001,13.179655712116377,10.320611453290107,12.290194865352277,0.6219318146804084,0.9848812095032398,101.33333333333333,True,ellipse,270.0,0.7972222222222223,True,True,18.660562439910404,1093.9546828047194,1037.6533333333334,42.17489827877241,33.02595665052834
r563_svd_normalised_tr050_tid3_015,3,15,True,230,polygon,321.34421768707483,214.6843537414966,27.22222222222222,2.94365460902352,6.12104857444508,5.7146638392211395,-45.14817924352498,0.3582944403950285,0.9645669291338582,27.22222222222222,False,mask,360.0,1.0,True,True,9.419694748875264,278.7555555555556,278.7555555555556,19.587355438224257,18.28692428550765
r563_svd_normalised_tr050_tid3_015,3,15,True,231,polygon,238.72820573888612,249.02876424391297,8.24887442652138,1.620400654113174,3.240801308226348,3.240801308226348,,0.0,0.9622641509433962,5.666666666666667,True,circle,170.0,0.5916666666666667,True,True,5.185282093162157,84.46847412757896,58.02666666666668,10.370564186324314,10.370564186324314
r563_svd_normalised_tr050_tid4_015,4,15,True,0,polygon,220.49135802469138,142.94897119341564,45.0,3.7846987830302403,7.851624983059382,7.323764211230969,70.20903890237899,0.3604707789223254,0.9878048780487805,45.0,False,mask,360.0,1.0,True,True,12.111036105696769,460.80000000000007,460.80000000000007,25.125199945790023,23.436045475939103
r563_svd_normalised_tr050_tid4_015,4,15,True,1,polygon,229.75065206051121,222.6755346896192,71.0,4.753945931439391,9.81895511197881,9.239853478268772,42.80173769285789,0.3383451805099458,0.9755725190839695,71.0,False,mask,360.0,1.0,True,True,15.212626980606053,727.0400000000002,727.0400000000002,31.42065635833219,29.567531130460072
r563_svd_normalised_tr050_tid4_015,4,15,True,2,polygon,302.86248415716096,115.8060836501901,175.33333333333334,7.470631390823534,15.191933447477574,14.73124448885045,44.53752983656096,0.2443963469762213,0.9795158286778398,175.33333333333334,False,mask,360.0,1.0,True,True,23.90602045063531,1795.4133333333339,1795.4133333333339,48.61418703192824,47.13998236432144
r563_svd_normalised_tr050_tid4_015,4,15,True,3,polygon,251.1902465166131,210.15273311897104,69.11111111111111,4.690282498081868,9.843348505514335,8.958781186475468,-9.223606628171025,0.41431065784568727,0.9643410852713178,69.11111111111111,False,mask,360.0,1.0,True,True,15.008903993861978,707.6977777777779,707.6977777777779,31.498715217645874,28.6680997967215
r563_svd_normalised_tr050_tid4_015,4,15,True,4,polygon,313.51931546495535,225.58978230778908,294.3333333333333,9.67931866576512,19.53114712090193,19.209104001201098,69.1806682078575,0.1808466535874813,0.982566765578635,294.3333333333333,False,mask,360.0,1.0,True,True,30.973819730448383,3013.973333333334,3013.973333333334,62.499670786886185,61.469132803843515
r563_svd_normalised_tr050_tid4_015,4,15,True,5,polygon,180.99041533546324,205.74476393326233,104.33333333333333,5.762840572019048,12.112902001240853,10.988725582138366,73.71430102144053,0.420717252078096,0.9771071800208116,104.33333333333333,False,mask,360.0,1.0,True,True,18.441089830460953,1068.3733333333334,1068.3733333333334,38.76128640397073,35.16392186284278
r563_svd_normalised_tr050_tid4_015,4,15,True,6,polygon,343.3871499176277,185.64634816035144,67.44444444444444,4.633382504697848,9.396200641924782,9.159579538320326,75.43119766314696,0.22300472523730375,0.9790322580645161,67.44444444444444,False,mask,360.0,1.0,True,True,14.826824015033115,690.6311111111112,690.6311111111112,30.067842054159303,29.310654522625043
r563_svd_normalised_tr050_tid4_015,4,15,True,7,polygon,286.94022788721514,171.64175357280803,383.55555555555554,11.049412890920923,22.50259409055458,21.71483312974277,28.531691341178437,0.26227770561437,0.9812393405343945,383.55555555555554,False,mask,360.0,1.0,True,True,35.35812125094696,3927.6088888888894,3927.6088888888894,72.00830108977466,69.48746601517688
r563_svd_normalised_tr050_tid4_015,4,15,True,8,polygon,321.98054145516073,190.63790186125212,43.77777777777778,3.7329478246854357,7.7016283620673045,7.259905848266324,-22.507757633936905,0.3337953438382143,0.9633251833740831,43.77777777777778,False,mask,360.0,1.0,True,True,11.945433038993395,448.28444444444455,448.28444444444455,24.645210758615377,23.231698714452236
r563_svd_normalised_tr050_tid4_015,4,15,True,9,polygon,207.05619412515964,123.47892720306514,29.0,3.0382538898732494,6.317767428303902,5.905968405538054,-71.90137911954797,0.35512479765256605,0.9775280898876404,29.0,False,mask,360.0,1.0,True,True,9.7224124475944,296.96000000000004,296.96000000000004,20.216855770572487,18.899098897721775
r563_svd_normalised_tr050_tid4_015,4,15,True,10,polygon,321.2200344178973,181.80625925481252,925.4444444444445,17.163278118719994,34.6151816145485,34.051982067587,61.87678770403246,0.1796549089005926,0.9887226970560304,925.4444444444445,False,mask,360.0,1.0,True,True,54.922489979903986,9476.551111111114,9476.551111111114,110.7685811665552,108.9663426162784
r563_svd_normalised_tr050_tid4_015,4,15,True,11,polygon,263.58845861807134,169.2213363705391,97.55555555555556,5.572512699445857,11.349769341469218,10.957308731519342,30.499676579039694,0.2606947860766407,0.9755555555555555,97.55555555555556,False,mask,360.0,1.0,True,True,17.832040638226744,998.9688888888891,998.9688888888891,36.3192618927015,35.063387940861894
r563_svd_normalised_tr050_tid4_015,4,15,True,12,polygon,291.05822619713064,219.58617477175332,397.55555555555554,11.249260581950377,22.704109377225205,22.310534668043516,-19.48607352218966,0.18538988345132437,0.9859465417470378,397.55555555555554,False,mask,360.0,1.0,True,True,35.99763386224121,4070.9688888888895,4070.9688888888895,72.65315000712066,71.39371093773926
r563_svd_normalised_tr050_tid4_015,4,15,True,13,polygon,226.78865482582955,65.387925099821,538.0,13.086279790944385,28.072682395447348,24.4336614867909,55.14380388932112,0.4923957009569273,0.9881632653061224,538.0,False,mask,360.0,1.0,True,True,41.876095331022036,5509.120000000001,5509.120000000001,89.83258366543151,78.18771675773088
r563_svd_normalised_tr050_tid4_015,4,15,True,14,polygon,356.1797587525743,116.63234284593507,377.6666666666667,10.964261656950653,22.14043085727093,21.725810519806533,-89.73760083061399,0.19262135975883843,0.9846465816917729,377.6666666666667,False,mask,360.0,1.0,True,True,35.08563730224209,3867.3066666666678,3867.3066666666678,70.84937874326697,69.5225936633809
r563_svd_normalised_tr050_tid4_015,4,15,True,15,polygon,197.77234352256187,152.4037845705968,127.22222222222223,6.363653909162918,12.90253830596248,12.578341989431138,18.679864302080784,0.22275942837856585,0.9786324786324786,127.22222222222223,False,mask,360.0,1.0,True,True,20.36369250932134,1302.755555555556,1302.755555555556,41.28812257907994,40.250694366179644
r563_svd_normalised_tr050_tid4_015,4,15,True,16,polygon,314.0148995148995,172.56063756063756,106.88888888888889,5.832991518640677,12.08943640655781,11.273283023444895,-57.63453024552066,0.36119483736021324,0.9746707193515705,106.88888888888889,False,mask,360.0,1.0,True,True,18.665572859650165,1094.5422222222223,1094.5422222222223,38.686196500985,36.074505675023666
r563_svd_normalised_tr050_tid4_015,4,15,True,17,polygon,298.8358208955224,185.51492537313433,44.666666666666664,3.7706553253878807,7.562523735357201,7.53357950994853,-17.357566762069403,0.08740708639529093,0.9852941176470589,44.666666666666664,False,mask,360.0,1.0,True,True,12.06609704124122,457.3866666666667,457.3866666666667,24.200075953143042,24.107454431835297
r563_svd_normalised_tr050_tid4_015,4,15,True,18,polygon,246.94444444444446,167.7987421383648,35.333333333333336,3.353647165673108,6.974907924553977,6.459719342519354,-25.05735787464302,0.3771876345278731,0.9754601226993865,35.333333333333336,False,mask,360.0,1.0,True,True,10.731670930153946,361.81333333333345,361.81333333333345,22.31970535857273,20.671101896061934
r563_svd_normalised_tr050_tid4_015,4,15,True,19,polygon,201.94113149847092,106.17737003058103,145.33333333333334,6.801546647053466,14.00117208517306,13.255261150633453,-55.0009484862563,0.3220428083347758,0.9797752808988764,145.33333333333334,False,mask,360.0,1.0,True,True,21.764949270571094,1488.2133333333338,1488.2133333333338,44.8037506725538,42.416835682027056
r563_svd_normalised_tr050_tid4_015,4,15,True,20,polygon,174.49349039057657,140.52056209960736,179.22222222222223,7.553026225107496,15.301006019794988,14.925445622911937,-31.995687161351835,0.2201980619700911,0.9787621359223301,179.22222222222223,False,mask,360.0,1.0,True,True,24.16968392034399,1835.235555555556,1835.235555555556,48.963219263343966,47.7614259933182
r563_svd_normalised_tr050_tid4_015,4,15,True,21,polygon,276.2856856856857,209.96596596596598,370.0,10.852403323135505,22.792031381692876,20.812106805506716,-23.85888248754319,0.4076666106813332,0.9742539496781744,370.0,False,mask,360.0,1.0,True,True,34.727690634033614,3788.8000000000006,3788.8000000000006,72.93450042141721,66.5987417776215
r563_svd_normalised_tr050_tid4_015,4,15,True,22,polygon,308.2436673391616,151.16655458417395,165.22222222222223,7.252025010339424,14.986524896829453,14.050376107727223,45.27298024418049,0.3478937546399558,0.9828155981493721,165.22222222222223,False,mask,360.0,1.0,True,True,23.20648003308616,1691.875555555556,1691.875555555556,47.95687966985425,44.96120354472711
r563_svd_normalised_tr050_tid4_015,4,15,True,23,polygon,337.12814274128147,201.26196269261962,45.666666666666664,3.8126305182983278,7.950643094584279,7.330878152095823,-30.64377950554677,0.3870744805325514,0.9647887323943662,45.666666666666664,False,mask,360.0,1.0,True,True,12.200417658554649,467.6266666666667,467.6266666666667,25.442057902669696,23.458810086706634
r563_svd_normalised_tr050_tid4_015,4,15,True,24,polygon,339.4657162253904,123.56143923964697,54.55555555555556,4.1672020204907705,8.387357076336011,8.297796028622818,55.91619329445559,0.14574697446918622,0.9703557312252964,54.55555555555556,False,mask,360.0,1.0,True,True,13.335046465570466,558.648888888889,558.648888888889,26.839542644275237,26.552947291593018
r563_svd_normalised_tr050_tid4_015,4,15,True,25,polygon,292.71875,133.55654761904762,24.88888888888889,2.814672163763168,5.830998637140588,5.4561863374931505,1.781387553618697,0.35274169565844804,0.9824561403508771,24.88888888888889,False,mask,360.0,1.0,True,True,9.006950924042139,254.86222222222227,254.86222222222227,18.659195638849884,17.459796279978082
r563_svd_normalised_tr050_tid4_015,4,15,True,26,polygon,330.55859649122806,211.32491228070174,52.77777777777778,4.0987422994716125,8.625383157121986,7.8105658950094545,65.23405040322837,0.4242766267529191,0.9674134419551935,52.77777777777778,False,mask,360.0,1.0,True,True,13.11597535830916,540.4444444444446,540.4444444444446,27.601226102790356,24.993810864030255
r563_svd_normalised_tr050_tid4_015,4,15,True,27,polygon,288.1360036207287,153.55261371350983,163.66666666666666,7.217805624893695,14.796353007876732,14.110692497747111,1.3668899582690175,0.30088583159076154,0.982,163.66666666666666,False,mask,360.0,1.0,True,True,23.096977999659828,1675.946666666667,1675.946666666667,47.348329625205544,45.15421599279076
r563_svd_normalised_tr050_tid4_015,4,15,True,28,polygon,187.57565789473685,141.547149122807,67.55555555555556,4.637197558868032,9.606260730297203,8.9828734532525,22.938583217386395,0.3543677396167761,0.9838187702265372,67.55555555555556,False,mask,360.0,1.0,True,True,14.839032188377704,691.768888888889,691.768888888889,30.74003433695105,28.745195050408
r563_svd_normalised_tr050_tid4_015,4,15,True,29,polygon,221.88614540466392,132.57338820301783,27.0,2.9316150714175193,5.904226791323992,5.848074816443485,-50.651377753441636,0.13758812449958627,0.9878048780487805,27.0,False,mask,360.0,1.0,True,True,9.381168228536062,276.4800000000001,276.4800000000001,18.893525732236775,18.71383941261915
r563_svd_normalised_tr050_tid4_015,4,15,True,30,polygon,253.9358346927678,235.3347833967736,204.33333333333334,8.064819903561883,16.51788757895432,15.778947375875402,15.133413951087357,0.2957536573513325,0.9865879828326181,204.33333333333334,False,mask,360.0,1.0,True,True,25.80742369139803,2092.373333333334,2092.373333333334,52.857240252653824,50.49263160280129
r563_svd_normalised_tr050_tid4_015,4,15,True,31,polygon,322.3597222222222,155.73055555555555,53.333333333333336,4.120258154914023,8.590114182700058,7.9274585348649085,70.77808906052647,0.38513955916838866,0.967741935483871,53.333333333333336,False,mask,360.0,1.0,True,True,13.184826095724873,546.1333333333334,546.1333333333334,27.488365384640186,25.367867311567707
r563_svd_normalised_tr050_tid4_015,4,15,True,32,polygon,264.9584233261339,150.30156587473002,411.55555555555554,11.445619338733733,23.527598869648703,22.28524060619858,-74.31911669426371,0.32065603969534384,0.986680873734683,411.55555555555554,False,mask,360.0,1.0,True,True,36.62598188394795,4214.328888888889,4214.328888888889,75.28831638287585,71.31276993983546
r563_svd_normalised_tr050_tid4_015,4,15,True,33,polygon,174.20067596113222,121.12082805238698,87.66666666666667,5.28253411619641,10.793626988996067,10.357382611778126,-0.8421252827928409,0.28142525412120223,0.9669117647058824,87.66666666666667,False,mask,360.0,1.0,True,True,16.904109171828512,897.7066666666669,897.7066666666669,34.53960636478742,33.14362435769001
r563_svd_normalised_tr050_tid4_015,4,15,True,34,polygon,282.72506504770166,239.33535703960683,128.11111111111111,6.385846317964186,13.236873068854733,12.355082750671029,85.83663068179605,0.3588797860835214,0.9804421768707483,128.11111111111111,False,mask,360.0,1.0,True,True,20.434708217485394,1311.857777777778,1311.857777777778,42.357993820335146,39.53626480214729
r563_svd_normalised_tr050_tid4_015,4,15,True,35,polygon,349.6030428769018,143.2340940525588,107.11111111111111,5.839051771203707,12.14557746319838,11.245071477912438,53.804644265833126,0.37787335457411875,0.9776876267748479,107.11111111111111,False,mask,360.0,1.0,True,True,18.684965667851863,1096.817777777778,1096.817777777778,38.86584788223482,35.9842287293198
r563_svd_normalised_tr050_tid4_015,4,15,True,36,polygon,260.5244347191831,206.8942377826404,50.77777777777778,4.020331909819171,8.226251057542356,7.8777575725529845,-28.132309609213472,0.28798002787029603,0.9580712788259959,50.77777777777778,False,mask,360.0,1.0,True,True,12.865062111421347,519.9644444444446,519.9644444444446,26.32400338413554,25.20882423216955
r563_svd_normalised_tr050_tid4_015,4,15,True,37,polygon,220.19160493827158,216.78123456790124,75.0,4.886025119029199,9.948225667833293,9.61872332508288,-81.48783648660643,0.2552379110045763,0.974025974025974,75.0,False,mask,360.0,1.0,True,True,15.635280380893438,768.0000000000001,768.0000000000001,31.83432213706654,30.77991464026522
r563_svd_normalised_tr050_tid4_015,4,15,True,38,polygon,331.0653594771242,188.3029878618114,79.33333333333333,5.025194951831626,10.499063342653363,9.646393621047393,-77.27546123516177,0.39475571516265384,0.9648648648648649,79.33333333333333,False,mask,360.0,1.0,True,True,16.080623845861204,812.3733333333334,812.3733333333334,33.59700269649076,30.86845958735166
r563_svd_normalised_tr050_tid4_015,4,15,True,39,polygon,238.22338935574228,147.2780112044818,211.55555555555554,8.206108993331583,16.455119846199203,16.3825278761528,-78.19553760226631,0.09382730913410317,0.9829633453794527,211.55555555555554,False,mask,360.0,1.0,True,True,26.259548778661067,2166.328888888889,2166.328888888889,52.656383507837454,52.424089203688965
r563_svd_normalised_tr050_tid4_015,4,15,True,40,polygon,336.11734068627453,153.41973039215688,120.88888888888889,6.203235322241705,12.693203786218922,12.144636323574566,-38.679882181917655,0.290804205757618,0.977538185085355,120.88888888888889,False,mask,360.0,1.0,True,True,19.850353031173455,1237.9022222222225,1237.9022222222225,40.61825211590055,38.862836235438614
r563_svd_normalised_tr050_tid4_015,4,15,True,41,polygon,169.15065828845005,197.11220825852783,247.55555555555554,8.876901526605662,18.087972466778165,17.431056290387833,-82.23439571765338,0.26705187455988916,0.9827966475518306,247.55555555555554,False,mask,360.0,1.0,True,True,28.40608488513812,2534.968888888889,2534.968888888889,57.88151189369013,55.77938012924107
r563_svd_normalised_tr050_tid4_015,4,15,True,42,polygon,198.053525384547,175.724015292967,833.1111111111111,16.284578685254008,34.208390428490596,31.046411603807055,-59.154925947923665,0.4199069632817971,0.991274457958752,833.1111111111111,False,mask,360.0,1.0,True,True,52.11065179281283,8531.05777777778,8531.05777777778,109.46684937116991,99.34851713218258
r563_svd_normalised_tr050_tid4_015,4,15,True,43,polygon,235.47192982456139,103.38421052631578,21.11111111111111,2.592272241681251,5.54970197765829,4.856839553258346,12.673106584485936,0.4838458869531282,0.9844559585492227,21.11111111111111,False,mask,360.0,1.0,True,True,8.295271173380003,216.1777777777778,216.1777777777778,17.75904632850653,15.541886570426707
r563_svd_normalised_tr050_tid4_015,4,15,True,44,polygon,175.24444444444444,178.44874551971327,51.666666666666664,4.055368144344298,8.33256020253835,7.919667627078883,-14.187383114798633,0.31088268029287447,0.9810126582278481,51.666666666666664,False,mask,360.0,1.0,True,True,12.977178061901753,529.0666666666667,529.0666666666667,26.66419264812272,25.342936406652427
r563_svd_normalised_tr050_tid4_015,4,15,True,45,polygon,238.2416427889207,65.24785100286533,155.11111111111111,7.026620818261015,15.904582045399074,12.447410031825044,89.37649225462698,0.6224866228313375,0.9762237762237762,155.11111111111111,False,mask,360.0,1.0,True,True,22.48518661843525,1588.3377777777782,1588.3377777777782,50.89466254527704,39.83171210184014
r563_svd_normalised_tr050_tid4_015,4,15,True,46,polygon,364.8053333333333,45.24733333333333,55.55555555555556,4.2052208700336005,8.522544351063718,8.311907255774477,-11.033355486085552,0.2209518516197503,0.9765625,55.55555555555556,False,mask,360.0,1.0,True,True,13.456706784107523,568.888888888889,568.888888888889,27.2721419234039,26.59810321847833
r563_svd_normalised_tr050_tid4_015,4,15,True,47,polygon,346.2315130830489,229.57224118316267,65.11111111111111,4.552527909533112,9.393483120360019,8.848791619341895,54.011277869931774,0.33557386984891924,0.9750415973377704,65.11111111111111,False,mask,360.0,1.0,True,True,14.568089310505961,666.737777777778,666.737777777778,30.05914598515206,28.316133181894067
r563_svd_normalised_tr050_tid4_015,4,15,True,48,polygon,318.4438305709024,149.31184775936157,60.333333333333336,4.382316335731828,9.556135739758036,8.08358329296517,88.40606063322369,0.533333553818994,0.9679144385026738,60.333333333333336,False,mask,360.0,1.0,True,True,14.023412274341851,617.8133333333335,617.8133333333335,30.579634367225715,25.867466537488543
r563_svd_normalised_tr050_tid4_015,4,15,True,49,polygon,198.0285343709468,169.30090791180285,28.555555555555557,3.0148823590322396,6.231904963821031,5.863625629908085,-80.87240815309262,0.3386727973129855,0.9846743295019157,28.555555555555557,False,mask,360.0,1.0,True,True,9.647623548903168,292.40888888888895,292.40888888888895,19.9420958842273,18.76360201570587
r563_svd_normalised_tr050_tid4_015,4,15,True,50,polygon,224.2682030728123,235.98363393453573,110.88888888888889,5.941130330271272,12.233968539442628,11.561844547182552,-66.25228818069002,0.32689450049133517,0.974609375,110.88888888888889,False,mask,360.0,1.0,True,True,19.011617056868072,1135.5022222222224,1135.5022222222224,39.148699326216416,36.99790255098417
r563_svd_normalised_tr050_tid4_015,4,15,True,51,polygon,364.15696556546055,97.43209229155742,423.77777777777777,11.614329778840627,23.46378013323185,23.008733894553405,50.12758059413124,0.19598727187345857,0.9875712066286898,423.77777777777777,False,mask,360.0,1.0,True,True,37.16585529229001,4339.484444444445,4339.484444444445,75.08409642634193,73.6279484625709
r563_svd_normalised_tr050_tid4_015,4,15,True,52,polygon,381.54922894424675,39.954922894424676,31.22222222222222,3.152513600598826,6.458086574990479,6.246137919224807,72.57334086105121,0.2540888164388305,0.9689655172413794,31.22222222222222,False,mask,360.0,1.0,True,True,10.088043521916244,319.7155555555556,319.7155555555556,20.665877039969534,19.987641341519385
r563_svd_normalised_tr050_tid4_015,4,15,True,53,polygon,283.1021276595745,114.58297872340425,26.11111111111111,2.882954180334833,6.108812259904936,5.470027749337898,-35.811308709897325,0.44519772521003315,0.975103734439834,26.11111111111111,False,mask,360.0,1.0,True,True,9.225453377071466,267.37777777777785,267.37777777777785,19.548199231695797,17.504088797881277
r563_svd_normalised_tr050_tid4_015,4,15,True,54,polygon,232.57124183006536,230.30849673202613,28.333333333333332,3.003128386955965,6.2017808533407965,5.855950313094031,-17.3720481240395,0.3292668842233628,0.9732824427480916,28.333333333333332,False,mask,360.0,1.0,True,True,9.610010838259088,290.1333333333334,290.1333333333334,19.84569873069055,18.739041001900897
r563_svd_normalised_tr050_tid4_015,4,15,True,55,polygon,206.94634473507713,149.57344064386317,55.22222222222222,4.1925862269453145,8.705462281852085,8.095248511997594,-40.89782040868961,0.36780107272797113,0.9764243614931237,55.22222222222222,False,mask,360.0,1.0,True,True,13.416275926225007,565.4755555555556,565.4755555555556,27.857479301926674,25.904795238392303
r563_svd_normalised_tr050_tid4_015,4,15,True,56,polygon,297.25568475452195,162.2607235142119,286.6666666666667,9.55242555790692,19.324947279762796,18.898232571986437,75.04897252604579,0.20898441278908947,0.9802431610942249,286.6666666666667,False,mask,360.0,1.0,True,True,30.567761785302146,2935.4666666666676,2935.4666666666676,61.83983129524095,60.4743442303566
r563_svd_normalised_tr050_tid4_015,4,15,True,57,polygon,290.09464978558304,220.25575182084268,2176.4444444444443,26.3207861470066,53.703283954482124,51.640075875983605,21.681503598687353,0.2745201667589663,0.9933566610882905,2176.4444444444443,False,mask,360.0,1.0,True,True,84.22651567042112,22286.791111111113,22286.791111111113,171.8505086543428,165.24824280314755
r563_svd_normalised_tr050_tid4_015,4,15,True,58,polygon,227.77941933112825,192.31525174568173,503.8888888888889,12.66462849322865,25.47757552199499,25.186442368043117,-61.698105047996194,0.15074313713960705,0.9871571615150196,503.8888888888889,False,mask,360.0,1.0,True,True,40.526811178331684,5159.822222222224,5159.822222222224,81.52824167038398,80.59661557773798
r563_svd_normalised_tr050_tid4_015,4,15,True,59,polygon,357.0709906421426,5.967086156824782,114.77777777777777,6.044410755472601,12.359114101951077,11.844252141645827,53.45945902575559,0.28562482247260224,0.9791469194312796,114.77777777777777,False,mask,360.0,1.0,True,True,19.342114417512324,1175.3244444444447,1175.3244444444447,39.54916512624345,37.90160685326665
r563_svd_normalised_tr050_tid4_015,4,15,True,60,polygon,244.3931924882629,118.22417840375586,63.111111111111114,4.482063207353322,9.096766697239145,8.856317451998757,13.74883353000284,0.22839899349875942,0.9793103448275862,63.111111111111114,False,mask,360.0,1.0,True,True,14.342602263530631,646.257777777778,646.257777777778,29.109653431165267,28.340215846396024
r563_svd_normalised_tr050_tid4_015,4,15,True,61,polygon,286.3549848942598,190.43957703927492,73.55555555555556,4.838745758672839,10.125744684148977,9.264612964956155,11.75628988108047,0.40355313954356414,0.976401179941003,73.55555555555556,False,mask,360.0,1.0,True,True,15.483986427753084,753.2088888888891,753.2088888888891,32.402382989276724,29.6467614878597
r563_svd_normalised_tr050_tid4_015,4,15,True,62,polygon,283.3984962406015,33.056390977443606,29.555555555555557,3.067217880260154,6.2721501842613465,6.022510857209813,79.10931152905128,0.2793176199213554,0.9779411764705882,29.555555555555557,False,mask,360.0,1.0,True,True,9.815097216832493,302.64888888888896,302.64888888888896,20.07088058963631,19.2720347430714
r563_svd_normalised_tr050_tid4_015,4,15,True,63,polygon,220.22894265232972,160.92876344086022,82.66666666666667,5.1296800346473885,10.778585276967926,9.796080908207637,78.39365851401053,0.4171304383766605,0.9738219895287958,82.66666666666667,False,mask,360.0,1.0,True,True,16.414976110871645,846.5066666666669,846.5066666666669,34.491472886297366,31.34745890626444
r563_svd_normalised_tr050_tid4_015,4,15,True,64,polygon,257.951447740113,77.58839453860641,629.3333333333334,14.153551558001226,29.941510867437575,26.928425805372953,85.31162650750123,0.43719315848199414,0.98710352039038,629.3333333333334,False,mask,360.0,1.0,True,True,45.29136498560393,6444.373333333335,6444.373333333335,95.81283477580024,86.17096257719345
r563_svd_normalised_tr050_tid4_015,4,15,True,65,polygon,346.0566550252231,173.8637951105937,95.44444444444444,5.511888083768233,11.106060462410161,10.957445475870273,-52.19244875445071,0.1630453929239379,0.9695259593679458,95.44444444444444,False,mask,360.0,1.0,True,True,17.638041868058348,977.3511111111113,977.3511111111113,35.539393479712516,35.063825522784875
r563_svd_normalised_tr050_tid4_015,4,15,True,66,polygon,23.643714040886277,86.19151670951157,605.1111111111111,13.878503121962574,28.631944279677157,27.400978204217342,-84.93086325771118,0.2900640049927208,0.9738912732474965,605.1111111111111,False,mask,360.0,1.0,True,True,44.41120999028024,6196.337777777779,6196.337777777779,91.62222169496691,87.6831302534955
r563_svd_normalised_tr050_tid4_015,4,15,True,67,polygon,254.42552957962903,202.4964987377895,1687.2222222222222,23.174544515962292,46.912041484395196,45.82449551457018,3.791359688211067,0.21407448905708892,0.9903476162525272,1687.2222222222222,False,mask,360.0,1.0,True,True,74.15854245107934,17277.155555555557,17277.155555555557,150.11853275006465,146.63838564662458
r563_svd_normalised_tr050_tid4_015,4,15,True,68,polygon,350.39968152866237,157.30944798301485,69.77777777777777,4.712850146419074,10.011881713535143,8.894904308421436,14.172560731194595,0.459002804012011,0.9797191887675507,69.77777777777777,False,mask,360.0,1.0,True,True,15.081120468541037,714.5244444444445,714.5244444444445,32.038021483312455,28.463693786948596
r563_svd_normalised_tr050_tid4_015,4,15,True,69,polygon,220.07022749752718,163.88961424332345,187.22222222222223,7.719759338647282,15.570357850669316,15.32053857044752,-85.77478606023821,0.17841429081176782,0.9825072886297376,187.22222222222223,False,mask,360.0,1.0,True,True,24.703229883671302,1917.155555555556,1917.155555555556,49.82514512214181,49.02572342543206
r563_svd_normalised_tr050_tid4_015,4,15,True,70,polygon,302.97901861252114,140.42301184433163,109.44444444444444,5.90230875628845,11.9612782458105,11.686977713534972,75.12562617512289,0.21292923348943657,0.9714003944773175,109.44444444444444,False,mask,360.0,1.0,True,True,18.88738802012304,1120.7111111111112,1120.7111111111112,38.2760903865936,37.39832868331191
r563_svd_normalised_tr050_tid4_015,4,15,True,71,polygon,198.26689189189187,34.8848536036036,131.55555555555554,6.471123079940161,14.687084737154102,11.429080825546286,85.1073979752815,0.6280509931771844,0.9809444904722452,131.55555555555554,False,mask,360.0,1.0,True,True,20.707593855808515,1347.128888888889,1347.128888888889,46.99867115889313,36.57305864174812
r563_svd_normalised_tr050_tid4_015,4,15,True,72,polygon,310.7346278317152,189.08996763754044,57.22222222222222,4.267833061723377,8.792628773145896,8.303881612852862,-6.429146393696041,0.3287586006599031,0.9884836852207294,57.22222222222222,False,mask,360.0,1.0,True,True,13.657065797514807,585.9555555555556,585.9555555555556,28.136412074066868,26.57242116112916
r563_svd_normalised_tr050_tid4_015,4,15,True,73,polygon,346.3036824485892,57.13916786226685,77.44444444444444,4.965010805293177,10.336002910957736,9.576899182729585,86.29767885857667,0.3761535964013978,0.9844632768361582,77.44444444444444,False,mask,360.0,1.0,True,True,15.888034576938168,793.0311111111113,793.0311111111113,33.07520931506476,30.646077384734674
r563_svd_normalised_tr050_tid4_015,4,15,True,74,polygon,191.99453551912566,173.95956284153007,33.888888888888886,3.284382493729582,6.70951245972073,6.452112429633914,83.09256450763986,0.27432670523977276,0.9775641025641025,33.888888888888886,False,mask,360.0,1.0,True,True,10.510023979934664,347.02222222222224,347.02222222222224,21.470439871106336,20.646759774828524
r563_svd_normalised_tr050_tid4_015,4,15,True,75,polygon,153.334357150555,88.06089018213169,687.3333333333334,14.791382460867505,32.15794831236615,27.5908881002315,36.89659566989253,0.5136824897113512,0.9760176711896498,687.3333333333334,False,mask,360.0,1.0,True,True,47.33242387477602,7038.293333333335,7038.293333333335,102.90543459957169,88.2908419207408
r563_svd_normalised_tr050_tid4_015,4,15,True,76,polygon,117.48099502487561,85.60676616915423,186.11111111111111,7.696817952590317,16.35336695857938,14.542743837589137,-54.78021962971008,0.45736060713296794,0.9864546525323911,186.11111111111111,False,mask,360.0,1.0,True,True,24.629817448289018,1905.7777777777783,1905.7777777777783,52.33077426745402,46.53678028028524
r563_svd_normalised_tr050_tid4_015,4,15,True,77,polygon,157.34494195688225,115.73665008291874,111.66666666666667,5.9619295498345135,12.219968892247884,11.646816584574056,63.081086297065895,0.3026647803235183,0.97953216374269,111.66666666666667,False,mask,360.0,1.0,True,True,19.078174559470444,1143.466666666667,1143.466666666667,39.103900455193234,37.26981307063698
r563_svd_normalised_tr050_tid4_015,4,15,True,78,polygon,192.88573360378635,157.50642325895876,54.77777777777778,4.1756805684637115,8.739045043895558,8.004399595283179,-46.781625561333676,0.4013260250076506,0.974308300395257,54.77777777777778,False,mask,360.0,1.0,True,True,13.362177819083877,560.9244444444446,560.9244444444446,27.96494414046579,25.614078704906174
r563_svd_normalised_tr050_tid4_015,4,15,True,79,polygon,212.7242155349794,56.34066358024691,576.0,13.540550005146152,27.80862523049132,26.40040627311375,-32.15406074513516,0.31418930538092066,0.9887469006294106,576.0,False,mask,360.0,1.0,True,True,43.32976001646769,5898.240000000002,5898.240000000002,88.98760073757222,84.48130007396401
r563_svd_normalised_tr050_tid4_015,4,15,True,80,polygon,273.9439511653718,60.57972623011469,200.22222222222223,7.983277069413362,16.59818835155308,15.370202051560435,80.84418044514099,0.37748218254806226,0.9798803697661773,200.22222222222223,False,mask,360.0,1.0,True,True,25.54648662212276,2050.275555555556,2050.275555555556,53.11420272496986,49.18464656499339
r563_svd_normalised_tr050_tid4_015,4,15,True,81,polygon,281.03286384976525,133.0453834115806,23.666666666666668,2.744691963229459,5.663382964775788,5.3482781889616975,38.881083343619004,0.32891068492883585,0.9861111111111112,23.666666666666668,False,mask,360.0,1.0,True,True,8.78301428233427,242.34666666666672,242.34666666666672,18.122825487282523,17.114490204677434
r563_svd_normalised_tr050_tid4_015,4,15,True,82,polygon,230.43928571428572,158.84375,124.44444444444444,6.293798292550864,12.776217647183087,12.441721577729846,-81.10163177810882,0.22732542137143363,0.984182776801406,124.44444444444444,False,mask,360.0,1.0,True,True,20.14015453616277,1274.3111111111114,1274.3111111111114,40.88389647098588,39.81350904873551
r563_svd_normalised_tr050_tid4_015,4,15,True,83,polygon,168.20296643247462,119.68306010928961,47.44444444444444,3.886133774223977,8.035008865629207,7.54159459326987,4.40019331139896,0.34502921932203934,0.9793577981651376,47.44444444444444,False,mask,360.0,1.0,True,True,12.435628077516727,485.83111111111117,485.83111111111117,25.712028370013464,24.133102698463585
r563_svd_normalised_tr050_tid4_015,4,15,True,84,polygon,379.7426874536006,25.861915367483295,249.44444444444446,8.910703267435743,19.603442486058338,16.206377502550726,-86.5408881290456,0.5626271083972477,0.9799214316892186,249.44444444444446,False,mask,360.0,1.0,True,True,28.51425045579438,2554.3111111111116,2554.3111111111116,62.73101595538668,51.860408008162324
r563_svd_normalised_tr050_tid4_015,4,15,True,85,polygon,252.96236559139786,217.83736559139786,27.555555555555557,2.9616221488603185,6.13485505712847,5.7551710409108425,-68.38639509846563,0.346336492891764,0.9575289575289575,27.555555555555557,False,mask,360.0,1.0,True,True,9.477190876353019,282.16888888888894,282.16888888888894,19.631536182811104,18.416547330914696
r563_svd_normalised_tr050_tid4_015,4,15,True,86,polygon,213.64216524216525,178.9094017094017,65.0,4.54864184146723,9.475148735633457,8.755391529007966,60.81231654642156,0.3823021536729655,0.9669421487603306,65.0,False,mask,360.0,1.0,True,True,14.555653892695137,665.6000000000001,665.6000000000001,30.320475954027064,28.017252892825493
r563_svd_normalised_tr050_tid4_015,4,15,True,87,polygon,271.0717154331612,175.81583476764197,64.55555555555556,4.533064255161211,10.158367816004207,8.108119525050771,-87.13997485468688,0.6024303117419266,0.9699499165275459,64.55555555555556,False,mask,360.0,1.0,True,True,14.505805616515875,661.048888888889,661.048888888889,32.506777011213465,25.94598248016247
r563_svd_normalised_tr050_tid4_015,4,15,True,88,polygon,214.79999999999998,107.62089552238807,74.44444444444444,4.867895093171857,9.944852524902869,9.556839835019,55.68797737742851,0.2766054724101739,0.9640287769784173,74.44444444444444,False,mask,360.0,1.0,True,True,15.577264298149942,762.3111111111112,762.3111111111112,31.823528079689183,30.5818874720608
r563_svd_normalised_tr050_tid4_015,4,15,True,89,polygon,342.88114336643747,96.87859689330277,581.7777777777778,13.608292259820963,28.041115409308116,26.481836085967416,-76.35689318640289,0.32881858332893515,0.9868073878627969,581.7777777777778,False,mask,360.0,1.0,True,True,43.546535231427086,5957.404444444446,5957.404444444446,89.73156930978598,84.74187547509574
r563_svd_normalised_tr050_tid4_015,4,15,True,90,polygon,332.91681009753296,109.74497991967871,129.11111111111111,6.410720948757677,13.000226782032565,12.657333107812441,45.24293371900031,0.2281584111586902,0.9740150880134115,129.11111111111111,False,mask,360.0,1.0,True,True,20.51430703602457,1322.097777777778,1322.097777777778,41.60072570250421,40.50346594499982
r563_svd_normalised_tr050_tid4_015,4,15,True,91,polygon,140.4090909090909,51.34615384615385,31.77777777777778,3.1804372069918685,7.014105518822382,5.787282379688919,-33.95243601208994,0.5649983935591276,0.9828178694158075,31.77777777777778,False,mask,360.0,1.0,True,True,10.17739906237398,325.4044444444445,325.4044444444445,22.445137660231623,18.519303615004542
r563_svd_normalised_tr050_tid4_015,4,15,True,92,polygon,249.42304886943836,62.390226112326765,50.77777777777778,4.020331909819171,8.258175241281394,7.849687552071661,-82.4612247368529,0.3106163789602915,0.970276008492569,50.77777777777778,False,mask,360.0,1.0,True,True,12.865062111421347,519.9644444444446,519.9644444444446,26.426160772100463,25.119000166629316
r563_svd_normalised_tr050_tid4_015,4,15,True,93,polygon,292.4019975031211,186.0012484394507,29.666666666666668,3.0729779189117394,6.249214791408812,6.072082729663999,44.00993842238643,0.23640211575497203,0.978021978021978,29.666666666666668,False,mask,360.0,1.0,True,True,9.833529340517567,303.78666666666675,303.78666666666675,19.9974873325082,19.4306647349248
r563_svd_normalised_tr050_tid4_015,4,15,True,94,polygon,308.6213056490834,90.05939019827908,396.0,11.227230955528665,23.25080123514151,21.89769199076395,-30.689721597833795,0.33616317544640656,0.9687415058439793,396.0,False,mask,360.0,1.0,True,True,35.927139057691726,4055.040000000001,4055.040000000001,74.40256395245284,70.07261437044464
r563_svd_normalised_tr050_tid4_015,4,15,True,95,polygon,298.18008147211685,204.57536170810508,263.6666666666667,9.161206615786272,18.78487445167647,17.889257060815158,71.98391684805426,0.30509344807154876,0.9858745326132115,263.6666666666667,False,mask,360.0,1.0,True,True,29.315861170516072,2699.946666666667,2699.946666666667,60.1115982453647,57.245622594608506
r563_svd_normalised_tr050_tid4_015,4,15,True,96,polygon,195.44748858447488,203.33424657534246,40.55555555555556,3.592942286345453,7.477667093177568,6.931730369204497,-42.071688281308404,0.3750834817396983,0.9785522788203753,40.55555555555556,False,mask,360.0,1.0,True,True,11.49741531630545,415.288888888889,415.288888888889,23.92853469816822,22.18153718145439
r563_svd_normalised_tr050_tid4_015,4,15,True,97,polygon,64.60681196041271,80.9976310802274,703.5555555555555,14.964915262468494,32.62300792456827,27.514308558854495,-76.72381830600979,0.537283116813413,0.9867539348605268,703.5555555555555,False,mask,360.0,1.0,True,True,47.88772883989918,7204.40888888889,7204.40888888889,104.39362535861846,88.04578738833439
r563_svd_normalised_tr050_tid4_015,4,15,True,98,polygon,323.6298568507157,172.70245398773008,36.22222222222222,3.3955693827220683,7.000893021968075,6.624652524706068,-34.554580285396085,0.32341211040768625,0.9819277108433735,36.22222222222222,False,mask,360.0,1.0,True,True,10.865822024710619,370.9155555555556,370.9155555555556,22.40285767029784,21.19888807905942
r563_svd_normalised_tr050_tid4_015,4,15,True,99,polygon,367.18128654970764,52.7061403508772,25.333333333333332,2.8396919639266094,5.847342539284398,5.553437086577383,-84.13475938490745,0.31304917348525063,0.9743589743589743,25.333333333333332,False,mask,360.0,1.0,True,True,9.08701428456515,259.41333333333336,259.41333333333336,18.711496125710074,17.770998677047626
r563_svd_normalised_tr050_tid4_015,4,15,True,100,polygon,325.9840406238665,226.83496554225607,102.11111111111111,5.701138145658127,11.538626393702671,11.280369940760293,-29.949604318389447,0.21038741064976368,0.9776595744680852,102.11111111111111,False,mask,360.0,1.0,True,True,18.243642066106005,1045.617777777778,1045.617777777778,36.92360445984855,36.09718381043294
r563_svd_normalised_tr050_tid4_015,4,15,True,101,polygon,173.2854938271605,68.92361111111111,48.0,3.9088200952233594,8.118124063010336,7.5415876728315006,49.441677208075895,0.37012597114559515,0.9840546697038725,48.0,False,mask,360.0,1.0,True,True,12.508224304714751,491.5200000000001,491.5200000000001,25.977997001633078,24.133080553060804
r563_svd_normalised_tr050_tid4_015,4,15,True,102,polygon,171.890350877193,243.55526315789473,42.22222222222222,3.6660265615489305,7.611881165519866,7.084982804663638,-70.14445029930683,0.3655811220156451,0.9693877551020408,42.22222222222222,False,mask,360.0,1.0,True,True,11.731284996956578,432.3555555555556,432.3555555555556,24.35801972966357,22.671944974923644
r563_svd_normalised_tr050_tid4_015,4,15,True,103,polygon,203.66579062636882,202.17783618046428,84.55555555555556,5.1879542466270925,10.54785725171678,10.232777998460973,46.970170097311026,0.24259121511212473,0.9806701030927835,84.55555555555556,False,mask,360.0,1.0,True,True,16.601453589206695,865.8488888888891,865.8488888888891,33.75314320549369,32.744889595075115
r563_svd_normalised_tr050_tid4_015,4,15,True,104,polygon,390.032293377121,106.04980842911878,67.66666666666667,4.641009476946063,10.28898547927528,8.392473899481436,1.2050300439301298,0.578509633099768,0.9744,67.66666666666667,False,mask,360.0,1.0,True,True,14.851230326227402,692.9066666666669,692.9066666666669,32.92475353368089,26.855916478340596
r563_svd_normalised_tr050_tid4_015,4,15,True,105,polygon,283.52968036529677,121.46849315068494,40.55555555555556,3.592942286345453,7.437048835140081,6.976393637233522,-68.48111404627113,0.346474450172056,0.9864864864864865,40.55555555555556,False,mask,360.0,1.0,True,True,11.49741531630545,415.288888888889,415.288888888889,23.798556272448263,22.32445963914727
r563_svd_normalised_tr050_tid4_015,4,15,True,106,polygon,94.52089552238806,85.63466003316749,223.33333333333334,8.43144162728889,17.757112217689173,16.06955607973752,56.951878546073765,0.42548709018110575,0.9809663250366032,223.33333333333334,False,mask,360.0,1.0,True,True,26.980613207324453,2286.933333333334,2286.933333333334,56.82275909660535,51.42257945516007
r563_svd_normalised_tr050_tid4_015,4,15,True,107,polygon,291.3623188405797,123.02512077294686,38.333333333333336,3.4931188027862214,7.306084107101092,6.691199651781878,-86.17193434044009,0.4015447692784315,0.9663865546218487,38.333333333333336,False,mask,360.0,1.0,True,True,11.177980168915909,392.5333333333334,392.5333333333334,23.379469142723494,21.41183888570201
r563_svd_normalised_tr050_tid4_015,4,15,True,108,polygon,206.1050505050505,179.0727272727273,18.333333333333332,2.4157154730437167,4.973338430007397,4.736418821495032,-80.33248803599818,0.30496968833423516,0.9763313609467456,18.333333333333332,False,mask,360.0,1.0,True,True,7.730289513739894,187.73333333333335,187.73333333333335,15.91468297602367,15.156540228784102
r563_svd_normalised_tr050_tid4_015,4,15,True,109,polygon,232.72777777777776,46.92483660130719,113.33333333333333,6.00625677391193,13.056315395887289,11.06803672116306,78.46240537834035,0.530451673686028,0.9751434034416826,113.33333333333333,False,mask,360.0,1.0,True,True,19.220021676518176,1160.5333333333335,1160.5333333333335,41.78020926683933,35.41771750772179
r563_svd_normalised_tr050_tid4_015,4,15,True,110,polygon,135.76357560568087,76.63909774436091,44.333333333333336,3.7565593682892047,8.040937138023926,7.047490565739508,80.32052685690365,0.48149034622525017,0.9684466019417476,44.333333333333336,False,mask,360.0,1.0,True,True,12.020989978525456,453.97333333333347,453.97333333333347,25.730998841676566,22.55196981036643
r563_svd_normalised_tr050_tid4_015,4,15,True,111,polygon,339.77671682098764,37.32359182098765,384.0,11.055812783082736,22.2359550701685,22.097514221129092,66.99328278897181,0.11141462382063325,0.9795918367346939,384.0,False,mask,360.0,1.0,True,True,35.37860090586476,3932.1600000000008,3932.1600000000008,71.15505622453921,70.7120455076131
r563_svd_normalised_tr050_tid4_015,4,15,True,112,polygon,272.7365384615385,89.32996794871794,231.11111111111111,8.577001310107583,17.293672513706493,17.06884496640088,-47.62097908997795,0.1607237355111948,0.9843823946994794,231.11111111111111,False,mask,360.0,1.0,True,True,27.446404192344268,2366.5777777777785,2366.5777777777785,55.339752043860784,54.62030389248282
r563_svd_normalised_tr050_tid4_015,4,15,True,113,polygon,310.73253257948795,250.21837244028362,257.58465389484024,9.054929147373695,18.10985829474739,18.10985829474739,,0.0,0.9829545454545454,115.33333333333333,True,circle,180.0,0.475,True,True,28.975773271595827,2637.6668558831648,1181.0133333333335,57.951546543191654,57.951546543191654
r563_svd_normalised_tr050_tid4_015,4,15,True,114,polygon,250.02457757296466,188.0030721966206,24.11111111111111,2.770343847529131,5.703885864602314,5.4394829322754985,-57.04893039415648,0.30093351580304634,0.9774774774774775,24.11111111111111,False,mask,360.0,1.0,True,True,8.865100312093219,246.89777777777783,246.89777777777783,18.252434766727404,17.406345383281597
r563_svd_normalised_tr050_tid4_015,4,15,True,115,polygon,274.43265993265993,233.5,44.0,3.742410318509555,7.730651448413615,7.272671170601857,-16.064576993909075,0.33907909819484455,0.9682151589242054,44.0,False,mask,360.0,1.0,True,True,11.975713019230577,450.56000000000006,450.56000000000006,24.738084634923567,23.272547745925944
r563_svd_normalised_tr050_tid4_015,4,15,True,116,polygon,199.4323899371069,163.3671383647799,47.111111111111114,3.8724581877367887,8.19526879151378,7.32674262581486,-80.17176630117609,0.4480250019218105,0.9814814814814815,47.111111111111114,False,mask,360.0,1.0,True,True,12.391866200757725,482.4177777777779,482.4177777777779,26.224860132844096,23.445576402607553
r563_svd_normalised_tr050_tid4_015,4,15,True,117,polygon,256.83513513513515,104.25585585585584,41.111111111111114,3.6174677743785018,7.487425106904691,7.024177237875894,53.57319287764656,0.3462835875873054,0.9536082474226805,41.111111111111114,False,mask,360.0,1.0,True,True,11.575896878011207,420.9777777777779,420.9777777777779,23.959760342095013,22.477367161202864
r563_svd_normalised_tr050_tid4_015,4,15,True,118,polygon,202.15746985489474,82.16799509503372,362.44444444444446,10.741026480698125,23.07222686999644,20.152531822428664,-79.70391336854487,0.4869064434921233,0.9619581244470657,362.44444444444446,False,mask,360.0,1.0,True,True,34.371284738234,3711.431111111112,3711.431111111112,73.83112598398861,64.48810183177173
r563_svd_normalised_tr050_tid4_015,4,15,True,119,polygon,218.6942416869424,115.33414436334145,45.666666666666664,3.8126305182983278,8.09187547859416,7.210693462367843,-60.57084817748835,0.4538013608856219,0.9693396226415094,45.666666666666664,False,mask,360.0,1.0,True,True,12.200417658554649,467.6266666666667,467.6266666666667,25.894001531501313,23.074219079577098
r563_svd_normalised_tr050_tid4_015,4,15,True,120,polygon,231.06421152030217,119.00755429650614,39.22222222222222,3.533386632033197,7.488783432410838,6.696049238822581,71.92835671711863,0.4477799389339486,0.9805555555555555,39.22222222222222,False,mask,360.0,1.0,True,True,11.306837222506232,401.63555555555564,401.63555555555564,23.964106983714686,21.42735756423226
r563_svd_normalised_tr050_tid4_015,4,15,True,121,polygon,336.0423976608187,150.87719298245614,50.666666666666664,4.015930888346901,9.01183707735057,7.192572610483729,-77.60202653121345,0.6024918746537865,0.9806451612903225,50.666666666666664,False,mask,360.0,1.0,True,True,12.850978842710084,518.8266666666667,518.8266666666667,28.837878647521826,23.016232353547935
r563_svd_normalised_tr050_tid4_015,4,15,True,122,polygon,227.11577964519142,109.20448179271709,39.666666666666664,3.553349427224549,7.252714550424911,7.00023484418661,-3.3429556938011267,0.26155620335768315,0.9780821917808219,39.666666666666664,False,mask,360.0,1.0,True,True,11.370718167118557,406.1866666666667,406.1866666666667,23.208686561359716,22.400751501397153
r563_svd_normalised_tr050_tid4_015,4,15,True,123,polygon,323.1033573141487,100.58465227817744,154.44444444444446,7.011504370164073,14.330092506679229,13.738867274433668,-84.04017411263362,0.28427629423643785,0.983026874115983,154.44444444444446,False,mask,360.0,1.0,True,True,22.436813984525035,1581.5111111111116,1581.5111111111116,45.85629602137354,43.96437527818774
r563_svd_normalised_tr050_tid4_015,4,15,True,124,polygon,359.28401360544217,19.48639455782313,21.77777777777778,2.6328847232228627,5.54457549322007,5.066489577740692,-84.7789965955442,0.4062226758172726,0.9607843137254902,21.77777777777778,False,mask,360.0,1.0,True,True,8.425231114313162,223.0044444444445,223.0044444444445,17.742641578304227,16.212766648770216
r563_svd_normalised_tr050_tid4_015,4,15,True,125,polygon,22.568455640744798,89.50757575757575,405.77777777777777,11.36499354422852,25.695904764612777,20.324001845505915,67.56601403246806,0.6118895415259505,0.9856950067476383,405.77777777777777,False,mask,360.0,1.0,True,True,36.36797934153127,4155.1644444444455,4155.1644444444455,82.22689524676089,65.03680590561893
r563_svd_normalised_tr050_tid4_015,4,15,True,126,polygon,262.72362869198315,99.67932489451476,35.111111111111114,3.34308447119785,7.217865529850293,6.212356052039315,1.9576151695276751,0.5091267155454822,0.978328173374613,35.111111111111114,False,mask,360.0,1.0,True,True,10.69787030783312,359.5377777777779,359.5377777777779,23.09716969552094,19.879539366525808
r563_svd_normalised_tr050_tid4_015,4,15,True,127,polygon,366.086409625376,76.42821985233799,135.44444444444446,6.566072318771541,13.447413135893273,12.852326388692253,55.79814637647782,0.29418946415354424,0.979903536977492,135.44444444444446,False,mask,360.0,1.0,True,True,21.01143142006893,1386.9511111111115,1386.9511111111115,43.031722034858475,41.127444443815214
r563_svd_normalised_tr050_tid4_015,4,15,True,128,polygon,3.9470304975922956,151.9118958444801,207.66666666666666,8.130335357833271,27.213227235067873,10.37782299276537,-0.4112601556316355,0.9244298404380564,0.9873217115689382,207.66666666666666,False,mask,360.0,1.0,True,True,26.01707314506647,2126.506666666667,2126.506666666667,87.0823271522172,33.20903357684919
r563_svd_normalised_tr050_tid4_015,4,15,True,129,polygon,172.27114427860695,128.11940298507463,14.88888888888889,2.1769888671339888,4.555871248929027,4.179490462599477,84.66192639035785,0.3979996836080674,0.9640287769784173,14.88888888888889,False,mask,360.0,1.0,True,True,6.966364374828764,152.46222222222227,152.46222222222227,14.578787996572888,13.374369480318329
r563_svd_normalised_tr050_tid4_015,4,15,True,130,polygon,289.70557717250324,112.90402075226979,28.555555555555557,3.0148823590322396,6.141492357537643,5.9469292284857245,85.49251797751148,0.2497130011362441,0.9809160305343512,28.555555555555557,False,mask,360.0,1.0,True,True,9.647623548903168,292.40888888888895,292.40888888888895,19.65277554412046,19.03017353115432
r563_svd_normalised_tr050_tid4_015,4,15,True,131,polygon,135.04156064461407,40.26887192536048,43.666666666666664,3.72820757156736,7.765333175006446,7.187472643933442,-83.66359660183186,0.37854086384898483,0.9562043795620438,43.666666666666664,False,mask,360.0,1.0,True,True,11.930264229015553,447.1466666666667,447.1466666666667,24.849066160020627,22.999912460587016
r563_svd_normalised_tr050_tid4_015,4,15,True,132,polygon,212.60261437908494,55.26666666666667,28.333333333333332,3.003128386955965,6.394523561010485,5.709135593112079,83.43259042157008,0.45042074931529996,0.9479553903345725,28.333333333333332,False,mask,360.0,1.0,True,True,9.610010838259088,290.1333333333334,290.1333333333334,20.462475395233554,18.269233897958653
r563_svd_normalised_tr050_tid4_015,4,15,True,133,polygon,312.2806567794566,243.99472811033826,882.7188613772408,16.76240258129111,35.47092733658933,31.6854575163517,77.45898841137611,0.4495013558524418,0.9905742712515273,630.5555555555555,True,ellipse,220.0,0.6138888888888889,True,True,53.63968826013155,9039.041140502948,6456.88888888889,113.50696747708585,101.39346405232544
r563_svd_normalised_tr050_tid4_015,4,15,True,134,polygon,256.66543209876545,198.8962962962963,30.0,3.0901936161855166,6.376757576159977,6.010779995247538,6.863127761891655,0.33390261985578595,0.9642857142857143,30.0,False,mask,360.0,1.0,True,True,9.888619571793654,307.20000000000005,307.20000000000005,20.405624243711927,19.234495984792122
r563_svd_normalised_tr050_tid4_015,4,15,True,135,polygon,183.25510204081635,155.07142857142858,21.77777777777778,2.6328847232228627,5.417298674961777,5.124025095206318,21.187152895631723,0.32456468675619066,0.9751243781094527,21.77777777777778,False,mask,360.0,1.0,True,True,8.425231114313162,223.0044444444445,223.0044444444445,17.335355759877686,16.39688030466022
r563_svd_normalised_tr050_tid4_015,4,15,True,136,polygon,154.24325271643883,70.36908517350157,105.66666666666667,5.799546934036074,12.514461672146412,10.769840079153324,74.71613875307074,0.5092957576498853,0.9713993871297242,105.66666666666667,False,mask,360.0,1.0,True,True,18.558550188915437,1082.0266666666669,1082.0266666666669,40.04627735086852,34.46348825329064
r563_svd_normalised_tr050_tid4_015,4,15,True,137,polygon,350.92985074626864,49.820895522388064,74.44444444444444,4.867895093171857,10.257075431829298,9.270546613374044,52.384242570434054,0.42791353072017274,0.9710144927536232,74.44444444444444,False,mask,360.0,1.0,True,True,15.577264298149942,762.3111111111112,762.3111111111112,32.82264138185376,29.665749162796942
r563_svd_normalised_tr050_tid4_015,4,15,True,138,polygon,105.57427958167786,84.82687126090332,811.0,16.067025788709444,40.43635683980832,25.57757277392622,-88.22564057751742,0.7745285093291177,0.988220958570268,811.0,False,mask,360.0,1.0,True,True,51.41448252387022,8304.640000000001,8304.640000000001,129.39634188738663,81.84823287656391
r563_svd_normalised_tr050_tid4_015,4,15,True,139,polygon,227.4857142857143,148.50476190476192,31.11111111111111,3.146899146275432,6.403274852659533,6.219082144973153,-76.37558743633765,0.23812462105165277,0.9824561403508771,31.11111111111111,False,mask,360.0,1.0,True,True,10.070077268081384,318.57777777777784,318.57777777777784,20.490479528510505,19.901062863914092
r563_svd_normalised_tr050_tid4_015,4,15,True,140,polygon,259.7163047225095,224.7514650120648,107.44444444444444,5.848130374931097,11.953662413395234,11.478476981285345,21.141124628460943,0.27914930018040474,0.9718592964824121,107.44444444444444,False,mask,360.0,1.0,True,True,18.714017199779512,1100.2311111111112,1100.2311111111112,38.25171972286475,36.73112634011311
r563_svd_normalised_tr050_tid4_015,4,15,True,141,polygon,182.72301654051023,188.13456686291,132.11111111111111,6.484772373907345,13.468113819632263,12.52254695562309,-47.76297841900435,0.3680849026405651,0.9818331957060281,132.11111111111111,False,mask,360.0,1.0,True,True,20.751271596503504,1352.817777777778,1352.817777777778,43.097964222823244,40.07215025799389
r563_svd_normalised_tr050_tid4_015,4,15,True,142,polygon,239.95220737140542,231.08424463345486,91.44444444444444,5.395152518998057,11.052284250294962,10.564037900443786,14.775071761494344,0.2939397759084734,0.9809296781883194,91.44444444444444,False,mask,360.0,1.0,True,True,17.264488060793784,936.3911111111113,936.3911111111113,35.36730960094388,33.804921281420114
r563_svd_normalised_tr050_tid4_015,4,15,True,143,polygon,113.14603798297316,74.53307138179437,113.11111111111111,6.000365397532044,12.251670250113746,11.766639297472546,73.59060724645428,0.27858687171437363,0.9741626794258373,113.11111111111111,False,mask,360.0,1.0,True,True,19.201169272102543,1158.257777777778,1158.257777777778,39.20534480036399,37.653245751912145
r563_svd_normalised_tr050_tid4_015,4,15,True,144,polygon,289.3675705286223,98.39674061900848,270.44444444444446,9.278207818870497,19.721881232975907,17.52531571149539,-89.0875652390417,0.45863853309129,0.9728217426059153,270.44444444444446,False,mask,360.0,1.0,True,True,29.690265020385592,2769.351111111112,2769.351111111112,63.11001994552291,56.08101027678526
r563_svd_normalised_tr050_tid4_015,4,15,True,145,polygon,302.67233560090705,19.117913832199545,98.0,5.585191925620057,11.59027892985298,10.779976506873332,47.760120292065075,0.36733740410042875,0.9778270509977827,98.0,False,mask,360.0,1.0,True,True,17.872614161984185,1003.5200000000002,1003.5200000000002,37.088892575529535,34.49592482199466
r563_svd_normalised_tr050_tid4_015,4,15,True,146,polygon,234.06966490299826,175.2222222222222,84.0,5.170882945826411,11.551877193361188,9.285734512362732,-82.44771587409727,0.594860363857231,0.9767441860465116,84.0,False,mask,360.0,1.0,True,True,16.546825426644514,860.1600000000002,860.1600000000002,36.9660070187558,29.714350439560743
r563_svd_normalised_tr050_tid4_015,4,15,True,147,polygon,213.03487429034874,223.88483373884833,45.666666666666664,3.8126305182983278,7.903234519932517,7.36818707358988,50.70284288414306,0.3616854280643127,0.9693396226415094,45.666666666666664,False,mask,360.0,1.0,True,True,12.200417658554649,467.6266666666667,467.6266666666667,25.290350463784055,23.578198635487617
r563_svd_normalised_tr050_tid4_015,4,15,True,148,polygon,347.97491039426524,214.4014336917563,31.0,3.141274657157109,6.3410757016409205,6.246974028461893,-75.9748682984934,0.17163859853501445,0.9755244755244755,31.0,False,mask,360.0,1.0,True,True,10.05207890290275,317.44000000000005,317.44000000000005,20.29144224525095,19.99031689107806
r563_svd_normalised_tr050_tid4_015,4,15,True,149,polygon,204.6374269005848,96.90448343079923,19.0,2.4592453796829674,5.288800688489819,4.625710574824535,87.9412983486071,0.48480236634791346,0.9771428571428571,19.0,False,mask,360.0,1.0,True,True,7.869585214985496,194.56000000000003,194.56000000000003,16.924162203167423,14.802273839438513
r563_svd_normalised_tr050_tid4_015,4,15,True,150,polygon,310.3873873873874,110.23153153153153,41.111111111111114,3.6174677743785018,7.419928732967336,7.066349243925792,77.7330302948888,0.3050157077302309,0.9762532981530343,41.111111111111114,False,mask,360.0,1.0,True,True,11.575896878011207,420.9777777777779,420.9777777777779,23.743771945495478,22.612317580562536
r563_svd_normalised_tr050_tid4_015,4,15,True,151,polygon,270.4557823129252,129.29931972789117,16.333333333333332,2.2801450555469596,4.728442085627065,4.400085096742698,60.371031786232955,0.36614694479000537,0.9735099337748344,16.333333333333332,False,mask,360.0,1.0,True,True,7.296464177750271,167.25333333333336,167.25333333333336,15.131014674006607,14.080272309576635
r563_svd_normalised_tr050_tid4_015,4,15,True,152,polygon,297.2893772893773,150.08608058608058,20.22222222222222,2.5371112025173193,5.262364550095536,4.908620504867113,88.72439116528001,0.36045009680409507,0.9891304347826086,20.22222222222222,False,mask,360.0,1.0,True,True,8.118755848055422,207.07555555555558,207.07555555555558,16.839566560305716,15.707585615574764
r563_svd_normalised_tr050_tid4_015,4,15,True,153,polygon,205.8096846846847,198.83108108108107,65.77777777777777,4.575775011718465,9.784260724164762,8.63130656518683,55.40136147108208,0.4709453943780196,0.9563812600969306,65.77777777777777,False,mask,360.0,1.0,True,True,14.642480037499087,673.5644444444445,673.5644444444445,31.309634317327237,27.620181008597854
r563_svd_normalised_tr050_tid4_015,4,15,True,154,polygon,390.72727272727275,92.00384122919336,86.77777777777777,5.255684976073692,11.245062246386135,9.872643158000843,-11.086607540435113,0.47874568725170136,0.97625,86.77777777777777,False,mask,360.0,1.0,True,True,16.818191923435815,888.6044444444445,888.6044444444445,35.98419918843563,31.5924581056027
r563_svd_normalised_tr050_tid4_015,4,15,True,155,polygon,235.41272430668843,238.34964654703643,68.11111111111111,4.656225942287305,9.741606818683032,8.943044632207164,13.337593961354687,0.3965210743472202,0.9653543307086614,68.11111111111111,False,mask,360.0,1.0,True,True,14.899923015319377,697.4577777777779,697.4577777777779,31.1731418197857,28.617742823062926
r563_svd_normalised_tr050_tid4_015,4,15,True,156,polygon,236.02886405959032,96.14525139664805,39.77777777777778,3.5583226268971964,7.320891391961985,6.944509717578817,-74.37178759096022,0.31651351921688076,0.9623655913978495,39.77777777777778,False,mask,360.0,1.0,True,True,11.38663240607103,407.3244444444445,407.3244444444445,23.426852454278354,22.222431096252215
r563_svd_normalised_tr050_tid4_015,4,15,True,157,polygon,179.3162393162393,106.0576923076923,17.333333333333332,2.3489085466486426,4.840031693454451,4.614227157031698,-24.93529916209462,0.301878282340654,0.9811320754716981,17.333333333333332,False,mask,360.0,1.0,True,True,7.516507349275656,177.49333333333337,177.49333333333337,15.488101419054244,14.765526902501435
r563_svd_normalised_tr050_tid4_015,4,15,True,158,polygon,335.23443223443223,143.83699633699635,60.666666666666664,4.394405507212168,8.947400271584021,8.657772810048927,-70.80666577928224,0.25237315213450406,0.975,60.666666666666664,False,mask,360.0,1.0,True,True,14.06209762307894,621.2266666666668,621.2266666666668,28.63168086906887,27.704872992156567
r563_svd_normalised_tr050_tid4_015,4,15,True,159,polygon,363.395390070922,94.52039007092198,41.77777777777778,3.646680639904754,7.698564619865763,6.941975284904349,-49.44908156090358,0.4323135963440643,0.9740932642487047,41.77777777777778,False,mask,360.0,1.0,True,True,11.669378047695213,427.8044444444445,427.8044444444445,24.635406783570446,22.214320911693918
r563_svd_normalised_tr050_tid4_015,4,15,True,160,polygon,251.77355371900828,52.92451790633609,67.22222222222223,4.625742957036961,9.722208267862879,8.833524464365047,-87.9760576835707,0.4176839300646222,0.968,67.22222222222223,False,mask,360.0,1.0,True,True,14.802377462518274,688.3555555555557,688.3555555555557,31.111066457161215,28.26727828596815
r563_svd_normalised_tr050_tid4_015,4,15,True,161,polygon,307.0740157480315,166.7417322834646,70.55555555555556,4.7390432429471465,9.660806260927535,9.334346879498183,-78.83572833370337,0.25776420237368464,0.9679878048780488,70.55555555555556,False,mask,360.0,1.0,True,True,15.16493837743087,722.488888888889,722.488888888889,30.91458003496811,29.869910014394186
r563_svd_normalised_tr050_tid4_015,4,15,True,162,polygon,373.14550264550263,51.18518518518518,14.0,2.111004122822376,4.541422743455858,3.986467906957633,-12.063834158389664,0.4790244724207643,0.9545454545454546,14.0,False,mask,360.0,1.0,True,True,6.755213193031604,143.36,143.36,14.532552779058745,12.756697302264428
r563_svd_normalised_tr050_tid4_015,4,15,True,163,polygon,181.5444172779136,222.66503667481663,45.44444444444444,3.8033427322286784,7.896799792914149,7.3706268811708275,-85.87078189695802,0.358918659427987,0.964622641509434,45.44444444444444,False,mask,360.0,1.0,True,True,12.17069674313177,465.3511111111112,465.3511111111112,25.26975933732528,23.586006019746648
r563_svd_normalised_tr050_tid4_015,4,15,True,164,polygon,251.01055806938157,99.17722473604827,49.111111111111114,3.9538022444398098,8.572506442234726,7.309213663416183,-85.75244034682943,0.5225080137059456,0.9714285714285714,49.111111111111114,False,mask,360.0,1.0,True,True,12.652167182207393,502.8977777777779,502.8977777777779,27.432020615151124,23.389483722931786
r563_svd_normalised_tr050_tid4_015,4,15,True,165,polygon,180.7948717948718,117.97150997150997,13.0,2.0342144725641096,4.263933541563101,3.894705370930407,-13.874668525622349,0.4070482045056872,0.9435483870967742,13.0,False,mask,360.0,1.0,True,True,6.509486312205151,133.12000000000003,133.12000000000003,13.644587333001923,12.463057186977302
r563_svd_normalised_tr050_tid4_015,4,15,True,166,polygon,3.2449197860962564,175.5030303030303,103.88888888888889,5.750553051488413,16.65662803257976,8.272033201564787,-2.7990124965062253,0.8679674344057735,0.9811122770199371,103.88888888888889,False,mask,360.0,1.0,True,True,18.40176976476292,1063.8222222222223,1063.8222222222223,53.301209704255236,26.470506245007318
r563_svd_normalised_tr050_tid4_015,4,15,True,167,polygon,193.6203288490284,135.94319880418536,49.55555555555556,3.971652458192107,9.000235257296103,7.044733742856283,-45.255974062863594,0.6223642786931625,0.9632829373650108,49.55555555555556,False,mask,360.0,1.0,True,True,12.709287866214744,507.44888888888903,507.44888888888903,28.80075282334753,22.54314797714011
r563_svd_normalised_tr050_tid4_015,4,15,True,168,polygon,165.44927536231884,2.9694041867954915,23.0,2.7057581899030048,5.740135518779172,5.122813936675656,86.12785828885318,0.4511359785499715,0.971830985915493,23.0,False,mask,360.0,1.0,True,True,8.658426207689615,235.52000000000004,235.52000000000004,18.368433660093352,16.3930045973621
r563_svd_normalised_tr050_tid4_015,4,15,True,169,polygon,333.537037037037,196.48333333333335,20.0,2.5231325220201604,5.376357666978759,4.834724269074786,75.76159397386319,0.4374218223512879,0.967741935483871,20.0,False,mask,360.0,1.0,True,True,8.074024070464514,204.80000000000004,204.80000000000004,17.20434453433203,15.471117661039315
r563_svd_normalised_tr050_tid4_015,4,15,True,170,polygon,333.5269121813031,177.76487252124647,39.22222222222222,3.533386632033197,7.536707314101662,6.640010985413052,-2.645831477808951,0.4730738047774976,0.9751381215469613,39.22222222222222,False,mask,360.0,1.0,True,True,11.306837222506232,401.63555555555564,401.63555555555564,24.11746340512532,21.248035153321766
r563_svd_normalised_tr050_tid4_015,4,15,True,171,polygon,354.11743772241994,168.19928825622776,31.22222222222222,3.152513600598826,6.4769320471106475,6.156444824752266,5.204373670158874,0.31066744441376587,0.9790940766550522,31.22222222222222,False,mask,360.0,1.0,True,True,10.088043521916244,319.7155555555556,319.7155555555556,20.726182550754075,19.700623439207252
r563_svd_normalised_tr050_tid4_015,4,15,True,172,polygon,301.12636439966417,133.60621326616288,88.22222222222223,5.299245749579524,10.78899908322961,10.43863198507591,57.568301066444945,0.25277334026644754,0.9742331288343559,88.22222222222223,False,mask,360.0,1.0,True,True,16.957586398654477,903.3955555555558,903.3955555555558,34.524797066334756,33.40362235224291
r563_svd_normalised_tr050_tid4_015,4,15,True,173,polygon,193.69897235404093,-1.9029533804450602,85.6746652456423,5.222173201184998,10.444346402369996,10.444346402369996,,0.0,0.98046875,27.88888888888889,True,circle,140.0,0.41388888888888886,True,True,16.710954243791996,877.3085721153774,285.5822222222223,33.42190848758399,33.42190848758399
r563_svd_normalised_tr050_tid4_015,4,15,True,174,polygon,324.49367088607596,142.29535864978902,17.555555555555557,2.363917699663443,5.195984164408597,4.339881853141812,-11.63696547560516,0.5498890684284329,0.9518072289156626,17.555555555555557,False,mask,360.0,1.0,True,True,7.564536638923018,179.76888888888894,179.76888888888894,16.62714932610751,13.8876219300538
r563_svd_normalised_tr050_tid4_015,4,15,True,175,polygon,264.365682137834,235.26535396155649,79.0,5.014626706796775,10.162729260193789,9.924202366312596,-58.01436811802728,0.2153848346286984,0.9739726027397261,79.0,False,mask,360.0,1.0,True,True,16.04680546174968,808.9600000000002,808.9600000000002,32.52073363262013,31.757447572200306
r563_svd_normalised_tr050_tid4_015,4,15,True,176,polygon,346.83026584867076,18.856850715746422,18.11111111111111,2.401030136512194,5.135145441774349,4.541291298055619,87.45678476835731,0.4668150809203969,0.9878787878787879,18.11111111111111,False,mask,360.0,1.0,True,True,7.683296436839021,185.4577777777778,185.4577777777778,16.432465413677917,14.53213215377798
r563_svd_normalised_tr050_tid4_015,4,15,True,177,polygon,183.8395061728395,103.33744855967079,9.0,1.692568750643269,3.5286943466308336,3.285684237088061,31.281416092465932,0.3646794220493524,0.9204545454545454,9.0,False,mask,360.0,1.0,True,True,5.416220002058461,92.16000000000003,92.16000000000003,11.291821909218669,10.514189558681796
r563_svd_normalised_tr050_tid4_015,4,15,True,178,polygon,154.90813648293963,8.190288713910762,28.22222222222222,2.9972341155487343,6.312805361752475,5.758115493370716,52.96260862430269,0.409895281208834,0.9883268482490273,28.22222222222222,False,mask,360.0,1.0,True,True,9.59114916975595,288.9955555555556,288.9955555555556,20.200977157607923,18.42596957878629
r563_svd_normalised_tr050_tid4_015,4,15,True,179,polygon,164.32661290322582,78.75,27.555555555555557,2.9616221488603185,6.015254831471647,5.8596672215418915,64.81590498950703,0.2259689969833883,0.96875,27.555555555555557,False,mask,360.0,1.0,True,True,9.477190876353019,282.16888888888894,282.16888888888894,19.24881546070927,18.750935108934055
r563_svd_normalised_tr050_tid4_015,4,15,True,180,polygon,395.67624761987133,80.96525690870845,231.57972934959386,8.585692592432032,17.171385184864064,17.171385184864064,,0.0,0.9834761321909424,178.55555555555554,True,circle,240.0,0.6472222222222223,True,True,27.474216295782504,2371.3764285398415,1828.4088888888891,54.94843259156501,54.94843259156501
r563_svd_normalised_tr050_tid4_015,4,15,True,181,polygon,174.6919741883444,32.54638031861263,367.3333333333333,10.813224843905068,22.675198039470004,20.737508865310595,47.4785800611241,0.4044821872688473,0.9856887298747764,367.3333333333333,False,mask,360.0,1.0,True,True,34.60231950049622,3761.493333333334,3761.493333333334,72.56063372630402,66.36002836899391
r563_svd_normalised_tr050_tid4_015,4,15,True,182,polygon,198.13429571303587,232.36832895888014,84.66666666666667,5.191361770309175,10.619922339591849,10.189617628474185,-74.15306899888971,0.28177207442525803,0.9806949806949807,84.66666666666667,False,mask,360.0,1.0,True,True,16.61235766498936,866.9866666666669,866.9866666666669,33.98375148669392,32.606776411117394
r563_svd_normalised_tr050_tid4_015,4,15,True,183,polygon,243.92575039494469,179.50710900473936,23.444444444444443,2.7317756940776294,5.864230295655527,5.121888326637826,-80.37904586874104,0.4869822500839296,0.9723502304147466,23.444444444444443,False,mask,360.0,1.0,True,True,8.741682221048414,240.07111111111115,240.07111111111115,18.765536946097686,16.390042645241046
r563_svd_normalised_tr050_tid4_015,4,15,True,184,polygon,273.72043010752685,126.384229390681,51.666666666666664,4.055368144344298,8.858997697642573,7.455074472091675,45.673103011505276,0.5402170414931358,0.9789473684210527,51.666666666666664,False,mask,360.0,1.0,True,True,12.977178061901753,529.0666666666667,529.0666666666667,28.348792632456238,23.85623831069336
r563_svd_normalised_tr050_tid4_015,4,15,True,185,polygon,242.24463519313304,97.26466380543634,25.88888888888889,2.870660076645618,5.936803789354432,5.576866272401953,-37.279603678381676,0.3429002110453631,0.9549180327868853,25.88888888888889,False,mask,360.0,1.0,True,True,9.186112245265978,265.1022222222223,265.1022222222223,18.997772125934183,17.84597207168625
r563_svd_normalised_tr050_tid4_015,4,15,True,186,polygon,317.1695616211745,39.923904052936315,89.55555555555556,5.339140258132861,10.885584990789217,10.50900102439964,58.35159430526983,0.2607540624918843,0.9699157641395909,89.55555555555556,False,mask,360.0,1.0,True,True,17.085248826025158,917.0488888888891,917.0488888888891,34.8338719705255,33.62880327807885
r563_svd_normalised_tr050_tid4_015,4,15,True,187,polygon,359.4961685823755,48.53065134099617,19.333333333333332,2.4807239130718717,5.034718599052074,4.894318066875133,-4.774010903699646,0.23451073739119246,0.9886363636363636,19.333333333333332,False,mask,360.0,1.0,True,True,7.938316521829989,197.97333333333336,197.97333333333336,16.11109951696664,15.661817814000427
r563_svd_normalised_tr050_tid4_015,4,15,True,188,polygon,241.05653021442495,104.57797270955166,38.0,3.477898169151024,7.3333259162587545,6.622650490356297,4.293180217341747,0.4294521444006508,0.9715909090909091,38.0,False,mask,360.0,1.0,True,True,11.129274141283277,389.12000000000006,389.12000000000006,23.466642932028016,21.192481569140153
r563_svd_normalised_tr050_tid4_015,4,15,True,189,polygon,180.34050179211468,168.7431302270012,31.0,3.141274657157109,7.4964820341654415,5.3104258092287635,84.69325602863124,0.7058221798365145,0.9554794520547946,31.0,False,mask,360.0,1.0,True,True,10.05207890290275,317.44000000000005,317.44000000000005,23.988742509329413,16.993362589532044
r563_svd_normalised_tr050_tid4_015,4,15,True,190,polygon,329.4170771756979,146.1510673234811,22.555555555555557,2.6794880708264137,5.580045526114251,5.194453629347765,-5.974909407604435,0.3652790400124107,0.9712918660287081,22.555555555555557,False,mask,360.0,1.0,True,True,8.574361826644525,230.96888888888896,230.96888888888896,17.856145683565604,16.622251613912848
r563_svd_normalised_tr050_tid4_015,4,15,True,191,polygon,332.5173688100517,222.3288987435329,50.111111111111114,3.9938530361445532,8.475059926668683,7.560722339134352,-80.95175131460506,0.45180973511723077,0.9783080260303688,50.111111111111114,False,mask,360.0,1.0,True,True,12.780329715662571,513.137777777778,513.137777777778,27.120191765339786,24.194311485229928
r563_svd_normalised_tr050_tid4_015,4,15,True,192,polygon,197.77704194260488,138.46578366445917,16.77777777777778,2.3109592239720236,4.9365632607693035,4.342516907796927,-51.623415543037446,0.47559570471219875,0.9556962025316456,16.77777777777778,False,mask,360.0,1.0,True,True,7.395069516710476,171.8044444444445,171.8044444444445,15.797002434461772,13.896054104950167
r563_svd_normalised_tr050_tid4_015,4,15,True,193,polygon,316.91525423728814,204.1672316384181,32.77777777777778,3.2300914404706917,6.651647440296336,6.312334602664347,-49.02362070995685,0.3153117347362203,0.9672131147540983,32.77777777777778,False,mask,360.0,1.0,True,True,10.336292609506215,335.6444444444445,335.6444444444445,21.285271808948277,20.19947072852591
r563_svd_normalised_tr050_tid4_015,4,15,True,194,polygon,276.80450522928396,83.2142665593993,138.11111111111111,6.630394562806549,14.234172961418016,12.394014193016467,-81.97268819735679,0.4917747308559972,0.9849445324881141,138.11111111111111,False,mask,360.0,1.0,True,True,21.21726260098096,1414.257777777778,1414.257777777778,45.549353476537654,39.660845417652695
r563_svd_normalised_tr050_tid4_015,4,15,True,195,polygon,398.2886804299975,33.74493306129187,31.233050768653737,3.1530602333832327,7.376589514309719,5.3909947495692,10.483376195211534,0.6825650690186279,0.9647577092511013,24.333333333333332,True,ellipse,180.0,0.6472222222222223,True,True,10.089792746826346,319.8264398710143,249.17333333333337,23.605086445791102,17.25118319862144
r563_svd_normalised_tr050_tid4_015,4,15,True,196,polygon,222.59874608150471,176.84639498432603,35.44444444444444,3.3589160568491145,7.031688892663486,6.445567287472531,-70.08438107233069,0.3997007463987509,0.9815384615384616,35.44444444444444,False,mask,360.0,1.0,True,True,10.748531381917168,362.9511111111112,362.9511111111112,22.501404456523158,20.6258153199121
r563_svd_normalised_tr050_tid4_015,4,15,True,197,polygon,350.71924451250635,24.92904543134252,72.55555555555556,4.805741423640122,10.331976098953277,8.993243095273233,-51.07271455841208,0.49229543259621833,0.9574780058651027,72.55555555555556,False,mask,360.0,1.0,True,True,15.378372555648392,742.9688888888891,742.9688888888891,33.06232351665049,28.778377904874347
r563_svd_normalised_tr050_tid4_015,4,15,True,198,polygon,188.98181049069373,127.78130287648054,87.55555555555556,5.279185441301286,11.016484928033078,10.139949203359484,-11.457211088991043,0.39089759736626295,0.9704433497536946,87.55555555555556,False,mask,360.0,1.0,True,True,16.893393412164116,896.5688888888891,896.5688888888891,35.25275176970585,32.44783745075035
r563_svd_normalised_tr050_tid4_015,4,15,True,199,polygon,184.20912547528516,175.04626108998733,58.44444444444444,4.313171044508436,8.963017520578186,8.34379862433842,-42.01395751215593,0.36523841137768415,0.9669117647058824,58.44444444444444,False,mask,360.0,1.0,True,True,13.802147342426995,598.4711111111112,598.4711111111112,28.681656065850195,26.700155597882947
r563_svd_normalised_tr050_tid4_015,4,15,True,200,polygon,292.5988888888889,176.38722222222222,66.66666666666667,4.606588659617806,9.580664062034872,8.875715075741342,-30.44585682878993,0.37649263461021054,0.9787928221859706,66.66666666666667,False,mask,360.0,1.0,True,True,14.74108371077698,682.6666666666669,682.6666666666669,30.658124998511592,28.402288242372293
r563_svd_normalised_tr050_tid4_015,4,15,True,201,polygon,337.3333333333333,117.04248366013071,22.666666666666668,2.686079687357132,5.477373760049152,5.282436884010182,2.114323926740717e-16,0.2644094290113764,0.9902912621359223,22.666666666666668,False,mask,360.0,1.0,True,True,8.595454999542822,232.1066666666667,232.1066666666667,17.527596032157287,16.903798028832583
r563_svd_normalised_tr050_tid4_015,4,15,True,202,polygon,207.70303048114707,246.5425527916509,579.4147815394745,13.580627863432385,27.16125572686477,27.16125572686477,,0.0,0.9910421021200359,368.77777777777777,True,circle,220.0,0.5694444444444444,True,True,43.458009162983636,5933.20736296422,3776.284444444445,86.91601832596727,86.91601832596727
r563_svd_normalised_tr050_tid4_015,4,15,True,203,polygon,182.1019367991845,161.60550458715596,36.333333333333336,3.400773323526733,7.605980862300132,6.120081243531739,73.81320719553324,0.5937621192737887,0.9589442815249267,36.333333333333336,False,mask,360.0,1.0,True,True,10.882474635285547,372.05333333333346,372.05333333333346,24.339138759360424,19.584259979301564
r563_svd_normalised_tr050_tid4_015,4,15,True,204,polygon,325.2601503759399,31.2280701754386,73.88888888888889,4.849697290807848,9.78983094697965,9.618581929481893,67.0840469274769,0.18622323341369126,0.9693877551020408,73.88888888888889,False,mask,360.0,1.0,True,True,15.519031330585115,756.6222222222224,756.6222222222224,31.327459030334882,30.779462174342058
r563_svd_normalised_tr050_tid4_015,4,15,True,205,polygon,209.25862068965515,34.55890804597701,25.77777777777778,2.864493237994374,5.79170716792683,5.676883185441299,-35.06510890800534,0.1981366096634582,0.9707112970711297,25.77777777777778,False,mask,360.0,1.0,True,True,9.166378361581996,263.9644444444445,263.9644444444445,18.533462937365858,18.166026193412158
r563_svd_normalised_tr050_tid4_015,4,15,True,206,polygon,264.51594202898553,201.631884057971,12.777777777777779,2.016753081099968,4.236411146837929,3.8569124641412267,-32.77075889359563,0.4136856795232152,0.9274193548387096,12.777777777777779,False,mask,360.0,1.0,True,True,6.453609859519898,130.8444444444445,130.8444444444445,13.556515669881373,12.342119885251925
r563_svd_normalised_tr050_tid4_015,4,15,True,207,polygon,291.7982456140351,24.596491228070175,29.555555555555557,3.067217880260154,6.3746320504440375,5.919883698127973,77.92652009259378,0.3709250457480945,0.9925373134328358,29.555555555555557,False,mask,360.0,1.0,True,True,9.815097216832493,302.64888888888896,302.64888888888896,20.39882256142092,18.943627834009515
r563_svd_normalised_tr050_tid4_015,4,15,True,208,polygon,323.1931958399436,50.90710382513661,210.11111111111111,8.178046457665031,18.232994891768072,14.74598025111831,-51.16445810432792,0.5881491216653789,0.9848958333333333,210.11111111111111,False,mask,360.0,1.0,True,True,26.1697486645281,2151.537777777778,2151.537777777778,58.34558365365783,47.187136803578596
r563_svd_normalised_tr050_tid4_015,4,15,True,209,polygon,216.2613451473599,230.09704760454736,2157.3534862742863,26.205093830669107,52.41018766133821,52.41018766133821,,0.0,0.9851875704395427,2039.6666666666667,True,circle,320.0,0.7638888888888888,True,True,83.85630025814115,22091.299699448697,20886.186666666672,167.7126005162823,167.7126005162823
r563_svd_normalised_tr050_tid4_015,4,15,True,210,polygon,327.60897435897436,138.76923076923077,11.555555555555555,1.9178757972505307,3.9532480423021443,3.750305996920502,51.550585733926226,0.3162842156636401,0.9541284403669725,11.555555555555555,False,mask,360.0,1.0,True,True,6.137202551201699,118.32888888888891,118.32888888888891,12.650393735366862,12.000979190145607
r563_svd_normalised_tr050_tid4_015,4,15,True,211,polygon,154.8010862186015,52.22946367956552,54.55555555555556,4.1672020204907705,8.599793619370846,8.092614285298055,33.34601962041239,0.33833913912451496,0.9879275653923542,54.55555555555556,False,mask,360.0,1.0,True,True,13.335046465570466,558.648888888889,558.648888888889,27.51933958198671,25.896365712953777
r563_svd_normalised_tr050_tid4_015,4,15,True,212,polygon,209.19104716227017,184.66266986410872,46.333333333333336,3.8403591055849153,8.34650135675789,7.116218385368222,54.44791906788886,0.5225657964092371,0.9788732394366197,46.333333333333336,False,mask,360.0,1.0,True,True,12.28914913787173,474.45333333333343,474.45333333333343,26.708804341625253,22.771898833178312
r563_svd_normalised_tr050_tid4_015,4,15,True,213,polygon,314.10946327683615,12.926553672316386,52.44444444444444,4.085778401000628,8.709607331756962,7.711629837343206,72.12319312466882,0.46479851843969927,0.9731958762886598,52.44444444444444,False,mask,360.0,1.0,True,True,13.07449088320201,537.0311111111112,537.0311111111112,27.87074346162228,24.67721547949826
r563_svd_normalised_tr050_tid4_015,4,15,True,214,polygon,252.70600414078675,177.61904761904762,17.88888888888889,2.3862544261198764,5.240139997770507,4.400527324860557,89.8660098302461,0.5429378901305452,0.9470588235294117,17.88888888888889,False,mask,360.0,1.0,True,True,7.636014163583605,183.18222222222226,183.18222222222226,16.768447992865624,14.081687439553784
r563_svd_normalised_tr050_tid4_015,4,15,True,215,polygon,301.5284552845529,193.43252032520323,22.77777777777778,2.6926551676670596,5.556881666379297,5.254604128407836,-11.845095216668536,0.32532278427357836,0.9855769230769231,22.77777777777778,False,mask,360.0,1.0,True,True,8.61649653653459,233.2444444444445,233.2444444444445,17.782021332413752,16.814733210905075
r563_svd_normalised_tr050_tid4_015,4,15,True,216,polygon,119.82544378698225,87.75641025641026,37.55555555555556,3.4574997634790834,6.996928311440314,6.863699756973278,35.33713564779511,0.19421496397744967,0.9602272727272727,37.55555555555556,False,mask,360.0,1.0,True,True,11.063999243133068,384.568888888889,384.568888888889,22.390170596609007,21.96383922231449
r563_svd_normalised_tr050_tid4_015,4,15,True,217,polygon,346.38937409024743,102.53784570596798,50.888888888888886,4.024728118797814,8.597411952557552,7.569230072141721,-31.66183246774388,0.4742170309968471,0.9662447257383966,50.888888888888886,False,mask,360.0,1.0,True,True,12.879129980153005,521.1022222222223,521.1022222222223,27.511718248184167,24.22153623085351
r563_svd_normalised_tr050_tid4_015,4,15,True,218,polygon,156.86924493554326,109.05524861878452,20.11111111111111,2.5301315161088653,5.2424912293502075,4.931442706209366,70.18137096523864,0.3393288739090659,0.9836956521739131,20.11111111111111,False,mask,360.0,1.0,True,True,8.09642085154837,205.93777777777782,205.93777777777782,16.775971933920665,15.780616659869972
r563_svd_normalised_tr050_tid4_015,4,15,True,219,polygon,348.2745138178096,83.65124530876834,542.7777777777778,13.144258543848538,27.268680462818832,25.576277329755715,8.677134668731592,0.3468083658516508,0.9777822257806245,542.7777777777778,False,mask,360.0,1.0,True,True,42.061627340315326,5558.044444444446,5558.044444444446,87.25977748102027,81.8440874552183
r563_svd_normalised_tr050_tid4_015,4,15,True,220,polygon,377.3050847457627,94.53107344632768,26.22222222222222,2.889081613773073,5.917085868704771,5.660464418974894,-37.30700750408187,0.29130433212585927,0.9833333333333333,26.22222222222222,False,mask,360.0,1.0,True,True,9.245061164073833,268.5155555555556,268.5155555555556,18.934674779855268,18.11348614071966
r563_svd_normalised_tr050_tid4_015,4,15,True,221,polygon,205.92285129226852,208.10407327466933,1338.4444444444443,20.640738813677142,42.62443583217435,40.00668417119123,-53.685900200898594,0.3450463182965906,0.9904620950501563,1338.4444444444443,False,mask,360.0,1.0,True,True,66.05036420376686,13705.671111111113,13705.671111111113,136.39819466295793,128.02138934781195
r563_svd_normalised_tr050_tid4_015,4,15,True,222,polygon,339.5611111111111,103.49444444444445,13.333333333333334,2.0601290774570113,4.461087083266676,3.8501480889851707,-3.6260947876242025,0.5051158627260496,0.9448818897637795,13.333333333333334,False,mask,360.0,1.0,True,True,6.592413047862436,136.53333333333336,136.53333333333336,14.275478666453365,12.320473884752547
r563_svd_normalised_tr050_tid4_015,4,15,True,223,polygon,351.7471675611211,23.7376267143709,62.111111111111114,4.446412116361523,9.877922163984092,8.195066718630079,-5.66091042355478,0.5583066454301917,0.9410774410774411,62.111111111111114,False,mask,360.0,1.0,True,True,14.228518772356873,636.017777777778,636.017777777778,31.609350924749094,26.224213499616255
r563_svd_normalised_tr050_tid4_015,4,15,True,224,polygon,273.77843137254905,223.1,18.88888888888889,2.4520440600365423,5.192691148336412,4.647188234212346,-48.14232386194044,0.4461705826726958,0.9826589595375722,18.88888888888889,False,mask,360.0,1.0,True,True,7.846540992116935,193.42222222222227,193.42222222222227,16.61661167467652,14.87100234947951
r563_svd_normalised_tr050_tid4_015,4,15,True,225,polygon,181.22573099415206,213.78362573099415,31.666666666666668,3.1748721332498895,6.433874919095889,6.291238991827588,-61.60722663378629,0.20939807780520073,0.9693877551020408,31.666666666666668,False,mask,360.0,1.0,True,True,10.159590826399647,324.26666666666677,324.26666666666677,20.588399741106844,20.13196477384828
r563_svd_normalised_tr050_tid4_015,4,15,True,226,polygon,67.55873015873016,8.96084656084656,35.0,3.3377905890622728,6.912053110892278,6.453843464196724,71.92831931216347,0.35803385585427816,0.9936908517350158,35.0,False,mask,360.0,1.0,True,True,10.680929884999273,358.4000000000001,358.4000000000001,22.11856995485529,20.65229908542952
r563_svd_normalised_tr050_tid4_015,4,15,True,227,polygon,248.40748952944077,89.98694259669868,150.33333333333334,6.917556376565586,15.565898794138796,12.317000113767058,80.90871919111022,0.6114526668389295,0.9776011560693642,150.33333333333334,False,mask,360.0,1.0,True,True,22.136180405009878,1539.4133333333336,1539.4133333333336,49.81087614124415,39.414400364054586
r563_svd_normalised_tr050_tid4_015,4,15,True,228,polygon,221.61713435374148,77.3063350340136,174.22222222222223,7.44692256749341,15.948672355941808,13.927144344241563,-76.11570765990672,0.48727624384898016,0.978776529338327,174.22222222222223,False,mask,360.0,1.0,True,True,23.830152215978913,1784.035555555556,1784.035555555556,51.03575153901379,44.566861901573006
r563_svd_normalised_tr050_tid4_015,4,15,True,229,polygon,68.2982785602504,59.298278560250395,118.33333333333333,6.137317807078422,12.467045361659373,12.127221572465757,11.364209658705871,0.23188907628021235,0.9815668202764977,118.33333333333333,False,mask,360.0,1.0,True,True,19.639416982650953,1211.7333333333336,1211.7333333333336,39.89454515731,38.80710903189043
r563_svd_normalised_tr050_tid4_015,4,15,True,230,polygon,185.37099811676083,193.41180163214062,59.0,4.3336224206596095,8.818858310491555,8.534006613920257,-60.84621961953806,0.25210568162111474,0.968978102189781,59.0,False,mask,360.0,1.0,True,True,13.867591746110751,604.1600000000001,604.1600000000001,28.220346593572977,27.308821164544824
r563_svd_normalised_tr050_tid4_015,4,15,True,231,polygon,320.68686868686865,141.1858585858586,18.333333333333332,2.4157154730437167,5.029435696567807,4.68870300227598,-39.2464263622056,0.3618088538912742,0.9705882352941176,18.333333333333332,False,mask,360.0,1.0,True,True,7.730289513739894,187.73333333333335,187.73333333333335,16.094194229016985,15.003849607283136
r563_svd_normalised_tr050_tid4_015,4,15,True,232,polygon,318.12318840579707,211.19202898550725,20.444444444444443,2.5510132857752708,5.315944262606117,4.939215632933508,-15.869461155459634,0.3697473859338386,0.989247311827957,20.444444444444443,False,mask,360.0,1.0,True,True,8.163242514480867,209.35111111111112,209.35111111111112,17.011021640339575,15.805490025387227
r563_svd_normalised_tr050_tid4_015,4,15,True,233,polygon,153.11711996626607,83.23518869913558,351.3333333333333,10.575106304236622,23.592493842943295,19.090760746909535,67.81981490919762,0.5875499373547965,0.9798574527424853,351.3333333333333,False,mask,360.0,1.0,True,True,33.84034017355719,3597.6533333333336,3597.6533333333336,75.49598029741854,61.09043439011052
r563_svd_normalised_tr050_tid4_015,4,15,True,234,polygon,103.95859213250519,119.27950310559005,17.88888888888889,2.3862544261198764,5.079385909358638,4.498649035821218,82.31357732638035,0.4643192613095315,0.9640718562874252,17.88888888888889,False,mask,360.0,1.0,True,True,7.636014163583605,183.18222222222226,183.18222222222226,16.254034909947645,14.395676914627899
r563_svd_normalised_tr050_tid4_015,4,15,True,235,polygon,57.25572916666667,140.4609375,71.11111111111111,4.757664309740723,10.258853790359664,8.845220410840904,-88.90381197204766,0.5065619366828199,0.975609756097561,71.11111111111111,False,mask,360.0,1.0,True,True,15.224525791170315,728.1777777777779,728.1777777777779,32.82833212915093,28.304705314690892
r563_svd_normalised_tr050_tid4_015,4,15,True,236,polygon,75.9266130694702,67.78932178932179,179.66666666666666,7.562385616833336,16.063278367492178,14.294764278148905,-65.47212629138993,0.45614924450019284,0.9764492753623188,179.66666666666666,False,mask,360.0,1.0,True,True,24.19963397386668,1839.7866666666669,1839.7866666666669,51.40249077597497,45.7432456900765
r563_svd_normalised_tr050_tid4_015,4,15,True,237,polygon,255.1861312171099,255.53622591873696,523.4647142569338,12.908291661422712,25.816583322845425,25.816583322845425,,0.0,0.9909819639278558,109.88888888888889,True,circle,120.0,0.3472222222222222,False,True,41.30653331655268,5360.278673991003,1125.2622222222224,82.61306663310536,82.61306663310536
r563_svd_normalised_tr050_tid4_015,4,15,True,238,polygon,58.79382716049383,105.42962962962963,30.0,3.0901936161855166,6.573842517960533,5.8467869527228125,28.28068050996427,0.4571264055286282,0.9712230215827338,30.0,False,mask,360.0,1.0,True,True,9.888619571793654,307.20000000000005,307.20000000000005,21.036296057473706,18.709718248713
r563_svd_normalised_tr050_tid4_015,4,15,True,239,polygon,1.99442119944212,163.41515574151558,79.66666666666667,5.03574101789485,19.904013658160654,5.469752441994218,0.6221931664796543,0.9614995498944979,0.9624161073825503,79.66666666666667,False,mask,360.0,1.0,True,True,16.11437125726352,815.7866666666669,815.7866666666669,63.6928437061141,17.503207814381497
r563_svd_normalised_tr050_tid4_015,4,15,True,240,polygon,207.8921875,87.50156249999999,213.33333333333334,8.240516309828045,18.03953291385981,15.122933760142486,57.85196025261595,0.5451757096394046,0.9706774519716885,213.33333333333334,False,mask,360.0,1.0,True,True,26.369652191449745,2184.5333333333338,2184.5333333333338,57.72650532435139,48.39338803245596
r563_svd_normalised_tr050_tid4_015,4,15,True,241,polygon,343.54237288135596,164.70409604519776,104.88888888888889,5.778163227546146,13.025614912088605,10.295433992634793,-37.77956014347118,0.6125922791231837,0.9731958762886598,104.88888888888889,False,mask,360.0,1.0,True,True,18.490122328147667,1074.0622222222223,1074.0622222222223,41.68196771868354,32.94538877643134
r563_svd_normalised_tr050_tid4_015,4,15,True,242,polygon,0.21979696769553722,215.82250998006293,39.27181470451755,3.535619729103499,7.071239458206998,7.071239458206998,,0.0,0.9565217391304348,24.444444444444443,True,circle,200.0,0.5638888888888889,True,True,11.313983133131197,402.1433825742598,250.31111111111113,22.627966266262394,22.627966266262394
r563_svd_normalised_tr050_tid4_015,4,15,True,243,polygon,181.31439393939397,76.65151515151516,9.777777777777779,1.764189142800409,3.8514581604205893,3.248199059109863,2.644899027873494,0.5373353930772929,0.967032967032967,9.777777777777779,False,mask,360.0,1.0,True,True,5.645405256961309,100.12444444444448,100.12444444444448,12.324666113345886,10.394236989151562
r563_svd_normalised_tr050_tid4_015,4,15,True,244,polygon,207.21789321789322,117.83261183261185,25.666666666666668,2.858313094358972,5.951730246979015,5.5088403496364995,74.60280547420766,0.378536505017076,0.9914163090128756,25.666666666666668,False,mask,360.0,1.0,True,True,9.146601901948712,262.8266666666667,262.8266666666667,19.04553679033285,17.6282891188368
r563_svd_normalised_tr050_tid4_015,4,15,True,245,polygon,231.57407407407405,20.37962962962963,12.0,1.9544100476116797,4.120817135112255,3.72065627928292,69.24563260678607,0.4298657028960914,0.9642857142857143,12.0,False,mask,360.0,1.0,True,True,6.254112152357376,122.88000000000002,122.88000000000002,13.186614832359218,11.906100093705344
r563_svd_normalised_tr050_tid4_015,4,15,True,246,polygon,224.25707547169813,92.9449685534591,47.111111111111114,3.8724581877367887,9.179387669437746,6.647445933410424,-76.65086279618878,0.6896204957570121,0.9614512471655329,47.111111111111114,False,mask,360.0,1.0,True,True,12.391866200757725,482.4177777777779,482.4177777777779,29.374040542200788,21.271826986913357
r563_svd_normalised_tr050_tid4_015,4,15,True,247,polygon,259.96576576576575,186.34774774774777,20.555555555555557,2.5579359939868462,5.556051257026098,4.77261856518873,3.2609553745249102,0.5119844829590366,0.9685863874345549,20.555555555555557,False,mask,360.0,1.0,True,True,8.185395180757908,210.48888888888894,210.48888888888894,17.779364022483517,15.272379408603937
r563_svd_normalised_tr050_tid4_015,4,15,True,248,polygon,239.03191489361703,91.75354609929077,20.88888888888889,2.57859260929835,5.489179767541141,4.906831320104332,64.56591013920004,0.4482469818878661,0.9740932642487047,20.88888888888889,False,mask,360.0,1.0,True,True,8.25149634975472,213.90222222222226,213.90222222222226,17.565375256131652,15.701860224333863
r563_svd_normalised_tr050_tid4_015,4,15,True,249,polygon,155.4927536231884,39.630861040068204,86.88888888888889,5.259048614802706,11.33895018804133,9.772936829018661,87.05506265183074,0.5070939280568282,0.9762796504369539,86.88888888888889,False,mask,360.0,1.0,True,True,16.82895556736866,889.7422222222224,889.7422222222224,36.28464060173226,31.273397852859716
r563_svd_normalised_tr050_tid4_015,4,15,True,250,polygon,290.49850427350424,20.64957264957265,173.33333333333334,7.427901022845578,15.33969398895669,14.435342245104685,-0.6774682322898651,0.3382814188974129,0.9848484848484849,173.33333333333334,False,mask,360.0,1.0,True,True,23.769283273105852,1774.9333333333338,1774.9333333333338,49.08702076466141,46.19309518433499
r563_svd_normalised_tr050_tid4_015,4,15,True,251,polygon,260.1518987341772,109.25105485232068,17.555555555555557,2.363917699663443,5.184488040936946,4.386014866637297,-73.67285734408853,0.5332018747935146,0.9518072289156626,17.555555555555557,False,mask,360.0,1.0,True,True,7.564536638923018,179.76888888888894,179.76888888888894,16.59036173099823,14.035247573239353
r563_svd_normalised_tr050_tid4_015,4,15,True,252,polygon,300.7645259938838,122.94189602446482,36.333333333333336,3.400773323526733,7.123437797780898,6.512497863126851,-62.909247687507204,0.40518381796491876,0.9969512195121951,36.333333333333336,False,mask,360.0,1.0,True,True,10.882474635285547,372.05333333333346,372.05333333333346,22.795000952898874,20.839993162005925
r563_svd_normalised_tr050_tid4_015,4,15,True,253,polygon,359.6757575757576,24.736363636363635,12.222222222222221,1.9724234242343992,4.1223110827060045,3.8300026740727957,71.4535108962044,0.3698508709367543,0.9401709401709402,12.222222222222221,False,mask,360.0,1.0,True,True,6.311754957550078,125.15555555555557,125.15555555555557,13.191395464659216,12.256008557032947
r563_svd_normalised_tr050_tid4_015,4,15,True,254,polygon,178.22710622710622,113.43956043956045,10.11111111111111,1.7940085359243525,3.638949033586466,3.573595103739395,87.04603439235254,0.18867055315369682,0.9479166666666666,10.11111111111111,False,mask,360.0,1.0,True,True,5.7408273149579285,103.53777777777779,103.53777777777779,11.644636907476691,11.435504331966065
r563_svd_normalised_tr050_tid4_015,4,15,True,255,polygon,356.42333333333335,57.88166666666667,22.22222222222222,2.659615202676218,5.6079382126996435,5.064214988227453,77.08929375526837,0.4295480455958753,0.9803921568627451,22.22222222222222,False,mask,360.0,1.0,True,True,8.510768648563898,227.5555555555556,227.5555555555556,17.94540228063886,16.20548796232785
r563_svd_normalised_tr050_tid4_015,4,15,True,256,polygon,250.84747474747473,182.5070707070707,36.666666666666664,3.4163375848129616,7.475144110184825,6.255586491627479,-74.84640902525744,0.5474297750858932,0.9880239520958084,36.666666666666664,False,mask,360.0,1.0,True,True,10.932280271401478,375.4666666666667,375.4666666666667,23.920461152591443,20.017876773207934
r563_svd_normalised_tr050_tid4_015,4,15,True,257,polygon,377.85497835497836,15.74025974025974,17.11111111111111,2.333802868765049,4.948784580134079,4.436315169806267,-20.054911679333504,0.44315420090235635,0.9746835443037974,17.11111111111111,False,mask,360.0,1.0,True,True,7.468169180048157,175.2177777777778,175.2177777777778,15.836110656429055,14.196208543380056
r563_svd_normalised_tr050_tid4_015,4,15,True,258,polygon,274.20379965457687,43.877374784110536,21.444444444444443,2.612657396289405,5.393180993311088,5.104813507854273,-42.291481190764955,0.3226125963885986,0.9796954314720813,21.444444444444443,False,mask,360.0,1.0,True,True,8.360503668126096,219.59111111111113,219.59111111111113,17.25817917859548,16.335403225133675
r563_svd_normalised_tr050_tid4_015,4,15,True,259,polygon,268.02500000000003,12.673611111111112,26.666666666666668,2.9134624815788777,6.44897574994713,5.278181451116932,-88.16339112974424,0.5745739459843459,0.967741935483871,26.666666666666668,False,mask,360.0,1.0,True,True,9.32307994105241,273.0666666666667,273.0666666666667,20.636722399830816,16.890180643574183
r563_svd_normalised_tr050_tid4_015,4,15,True,260,polygon,171.22790697674418,106.95658914728682,23.88888888888889,2.7575477336357106,6.016667520901386,5.066890386514123,67.4339850153663,0.5392553209431227,0.9953703703703703,23.88888888888889,False,mask,360.0,1.0,True,True,8.824152747634274,244.62222222222226,244.62222222222226,19.253336066884437,16.214049236845195
r563_svd_normalised_tr050_tid4_015,4,15,True,261,polygon,299.7549668874172,58.66291390728477,167.77777777777777,7.307894727526784,15.88679964984574,13.564215124692554,89.94230580635941,0.5205943821187281,0.949685534591195,167.77777777777777,False,mask,360.0,1.0,True,True,23.38526312808571,1718.0444444444447,1718.0444444444447,50.83775887950637,43.40548839901618
r563_svd_normalised_tr050_tid4_015,4,15,True,262,polygon,325.01190476190476,151.17380952380952,15.555555555555555,2.2251937260415153,4.548493126954595,4.388317755476055,35.657386321817704,0.26303988801263556,0.9859154929577465,15.555555555555555,False,mask,360.0,1.0,True,True,7.12061992333285,159.28888888888892,159.28888888888892,14.555178006254705,14.042616817523376
r563_svd_normalised_tr050_tid4_015,4,15,True,263,polygon,285.86008230452677,42.681069958847736,18.0,2.393653682408596,5.24854479454282,4.399667869109217,-83.09606694303912,0.5452640812857493,0.9759036144578314,18.0,False,mask,360.0,1.0,True,True,7.659691783707507,184.32000000000005,184.32000000000005,16.795343342537024,14.078937181149493
r563_svd_normalised_tr050_tid4_015,4,15,True,264,polygon,288.16987740805604,83.25569176882662,63.44444444444444,4.4938840539231695,9.398037688685397,8.63097205054797,66.54719429558622,0.3956990599161349,0.9710884353741497,63.44444444444444,False,mask,360.0,1.0,True,True,14.380428972554142,649.6711111111113,649.6711111111113,30.073720603793273,27.6191105617535
r563_svd_normalised_tr050_tid4_015,4,15,True,265,polygon,357.52241715399606,62.94346978557505,19.0,2.4592453796829674,5.238533050967566,4.670796416283201,81.57268606634688,0.45277861358755805,0.9553072625698324,19.0,False,mask,360.0,1.0,True,True,7.869585214985496,194.56000000000003,194.56000000000003,16.76330576309621,14.946548532106243
r563_svd_normalised_tr050_tid4_015,4,15,True,266,polygon,208.13273453093814,65.94311377245509,37.111111111111114,3.4369802958311806,7.201297449793068,6.591335242657357,-76.43828571966061,0.40277666274057383,0.9766081871345029,37.111111111111114,False,mask,360.0,1.0,True,True,10.998336946659778,380.0177777777779,380.0177777777779,23.044151839337818,21.092272776503545
r563_svd_normalised_tr050_tid4_015,4,15,True,267,polygon,241.55065359477123,41.169934640522875,22.666666666666668,2.686079687357132,5.864876740018688,4.936405329912721,88.54575643224388,0.5399617948888429,0.9855072463768116,22.666666666666668,False,mask,360.0,1.0,True,True,8.595454999542822,232.1066666666667,232.1066666666667,18.767605568059803,15.796497055720707
r563_svd_normalised_tr050_tid4_015,4,15,True,268,polygon,322.773082942097,51.00156494522691,23.666666666666668,2.744691963229459,5.61049641500063,5.4016501239506605,-56.23281198660384,0.27030126938558324,0.9726027397260274,23.666666666666668,False,mask,360.0,1.0,True,True,8.78301428233427,242.34666666666672,242.34666666666672,17.953588528002015,17.285280396642115
r563_svd_normalised_tr050_tid4_015,4,15,True,269,polygon,145.61848958333334,65.70182291666667,28.444444444444443,3.0090111122547003,6.647616605152223,5.471091036904695,85.29331895086291,0.5680190159162146,0.9884169884169884,28.444444444444443,False,mask,360.0,1.0,True,True,9.628835559215041,291.27111111111117,291.27111111111117,21.272373136487115,17.507491318095024
r563_svd_normalised_tr050_tid4_015,4,15,True,270,polygon,349.11045364891515,136.6153846153846,18.77777777777778,2.444821528706944,5.102053236092395,4.743383908502457,-86.68402265109113,0.3683151943086379,1.0,18.77777777777778,False,mask,360.0,1.0,True,True,7.823428891862221,192.2844444444445,192.2844444444445,16.326570355495665,15.178828507207863
r563_svd_normalised_tr050_tid4_015,4,15,True,271,polygon,230.25388601036272,194.91364421416233,21.444444444444443,2.612657396289405,5.277151354566087,5.197580558168093,80.93192652748873,0.17300105847170993,0.9796954314720813,21.444444444444443,False,mask,360.0,1.0,True,True,8.360503668126096,219.59111111111113,219.59111111111113,16.886884334611477,16.6322577861379
r563_svd_normalised_tr050_tid4_015,4,15,True,272,polygon,334.5276292335116,139.9073083778966,20.77777777777778,2.571725506269388,5.493256082022392,4.879907096332628,15.297442735318276,0.45917642807087894,0.9639175257731959,20.77777777777778,False,mask,360.0,1.0,True,True,8.229521620062043,212.7644444444445,212.7644444444445,17.578419462471654,15.615702708264411
r563_svd_normalised_tr050_tid4_015,4,15,True,273,polygon,2.6545623836126633,154.4320297951583,119.33333333333333,6.163195579507897,22.842306118867626,7.14005819717561,-0.18703845182938453,0.9498912915668803,0.9728260869565217,119.33333333333333,False,mask,360.0,1.0,True,True,19.72222585442527,1221.9733333333336,1221.9733333333336,73.0953795803764,22.848186230961954
r563_svd_normalised_tr050_tid4_015,4,15,True,274,polygon,386.3819053575151,76.81259120283511,177.66666666666666,7.5201766232795455,16.06493120309962,14.1496204806937,3.0471663379997147,0.4735314488261114,0.962673088500903,177.66666666666666,False,mask,360.0,1.0,True,True,24.06456519449455,1819.3066666666668,1819.3066666666668,51.40777984991878,45.27878553821984
r563_svd_normalised_tr050_tid4_015,4,15,True,275,polygon,204.12608695652173,132.52173913043478,25.555555555555557,2.8521195592493016,5.88535950118138,5.584929420461918,-75.19007329067551,0.3154175757435096,0.9704641350210971,25.555555555555557,False,mask,360.0,1.0,True,True,9.126782589597765,261.688888888889,261.688888888889,18.83315040378042,17.87177414547814
r563_svd_normalised_tr050_tid4_015,4,15,True,276,polygon,172.30430547438144,45.44379505162673,190.11111111111111,7.779090315715055,16.356000247196338,14.860698989908416,-55.026918463700184,0.417715634751068,0.9738190096755834,190.11111111111111,False,mask,360.0,1.0,True,True,24.89308901028818,1946.737777777778,1946.737777777778,52.33920079102828,47.55423676770693
r563_svd_normalised_tr050_tid4_015,4,15,True,277,polygon,243.13440860215053,191.8064516129032,6.888888888888889,1.4808110744301592,3.3286365557567983,2.685991059353523,-74.61394158123018,0.5906411864286208,0.9253731343283582,6.888888888888889,False,mask,360.0,1.0,True,True,4.738595438176509,70.54222222222224,70.54222222222224,10.651636978421756,8.595171389931274
r563_svd_normalised_tr050_tid4_015,4,15,True,278,polygon,250.79835390946502,127.48559670781894,18.0,2.393653682408596,5.009723650105805,4.630570912638262,50.23429203480067,0.38162646136513084,0.9585798816568047,18.0,False,mask,360.0,1.0,True,True,7.659691783707507,184.32000000000005,184.32000000000005,16.031115680338576,14.81782692044244
r563_svd_normalised_tr050_tid4_015,4,15,True,279,polygon,350.7828083989502,40.297244094488185,56.44444444444444,4.238729135816349,8.732943147969026,8.269276411869946,49.215509636779835,0.3215104900298733,0.9806949806949807,56.44444444444444,False,mask,360.0,1.0,True,True,13.563933234612316,577.9911111111112,577.9911111111112,27.945418073500885,26.461684517983826
r563_svd_normalised_tr050_tid4_015,4,15,True,280,polygon,71.81914893617021,80.18439716312056,20.88888888888889,2.57859260929835,5.36294394589692,5.041327237370137,-57.023394282462625,0.3410922685642565,0.9791666666666666,20.88888888888889,False,mask,360.0,1.0,True,True,8.25149634975472,213.90222222222226,213.90222222222226,17.161420626870147,16.132247159584438
r563_svd_normalised_tr050_tid4_015,4,15,True,281,polygon,188.31270627062705,129.4785478547855,44.888888888888886,3.7800234275912956,8.194426414287713,7.090567601483688,-83.17986225199627,0.5012689932479943,0.9550827423167849,44.888888888888886,False,mask,360.0,1.0,True,True,12.096074968292147,459.6622222222223,459.6622222222223,26.222164525720686,22.689816324747802
r563_svd_normalised_tr050_tid4_015,4,15,True,282,polygon,245.8188848188848,84.74253154253155,455.0,12.034575115625177,25.375080179101392,22.907345864389644,80.66626148669211,0.4301662354976063,0.9780272271315978,455.0,False,mask,360.0,1.0,True,True,38.51064037000057,4659.200000000001,4659.200000000001,81.20025657312446,73.30350676604687
r563_svd_normalised_tr050_tid4_015,4,15,True,283,polygon,266.02131782945736,179.53294573643413,19.11111111111111,2.4664256734439727,5.3950592493918,4.555198645945643,-80.12647232451913,0.5358269521296234,0.9772727272727273,19.11111111111111,False,mask,360.0,1.0,True,True,7.892562155020713,195.69777777777782,195.69777777777782,17.26418959805376,14.576635667026057
r563_svd_normalised_tr050_tid4_015,4,15,True,284,polygon,383.16265060240966,91.52409638554217,36.888888888888886,3.4266744846379447,7.325975274326272,6.480683058621584,34.79155856417325,0.4663181024539476,0.9822485207100592,36.888888888888886,False,mask,360.0,1.0,True,True,10.965358350841424,377.74222222222227,377.74222222222227,23.44312087784407,20.73818578758907
r563_svd_normalised_tr050_tid4_015,4,15,True,285,polygon,42.65363038948549,80.12806539509536,693.2222222222222,14.854611629242617,30.866978254849716,28.875602970952766,31.369806642544667,0.3533657324669863,0.9712017434620175,693.2222222222222,False,mask,360.0,1.0,True,True,47.53475721357638,7098.5955555555565,7098.5955555555565,98.7743304155191,92.40192950704886
r563_svd_normalised_tr050_tid4_015,4,15,True,286,polygon,20.165867306155075,85.8193445243805,370.6666666666667,10.862175863002392,24.070418924715707,19.972776928158705,43.84600492259602,0.5581138109038591,0.9785860956292168,370.6666666666667,False,mask,360.0,1.0,True,True,34.758962761607656,3795.6266666666675,3795.6266666666675,77.02534055909027,63.91288617010786
r563_svd_normalised_tr050_tid4_015,4,15,True,287,polygon,381.10108024691357,84.40432098765432,48.0,3.9088200952233594,8.64462997556185,7.1031157044355195,-89.88443376448384,0.5699497436004678,0.9621380846325167,48.0,False,mask,360.0,1.0,True,True,12.508224304714751,491.5200000000001,491.5200000000001,27.66281592179792,22.729970254193663
r563_svd_normalised_tr050_tid4_015,4,15,True,288,polygon,263.0,15.979655712050077,23.666666666666668,2.744691963229459,5.907031281017833,5.145021984697554,88.57984691112311,0.4912836927839164,0.9726027397260274,23.666666666666668,False,mask,360.0,1.0,True,True,8.78301428233427,242.34666666666672,242.34666666666672,18.902500099257065,16.464070351032174
r563_svd_normalised_tr050_tid4_015,4,15,True,289,polygon,218.66931216931218,30.08994708994709,14.0,2.111004122822376,4.9741616330539715,3.6227929927896816,82.34325791326525,0.6852346918526813,0.9264705882352942,14.0,False,mask,360.0,1.0,True,True,6.755213193031604,143.36,143.36,15.91731722577271,11.592937576926982
r563_svd_normalised_tr050_tid4_015,4,15,True,290,polygon,77.01030353661933,92.32609301030352,133.0,6.506551687525748,13.819097259443245,12.309841386106953,1.698799981788605,0.4544254525851959,0.984375,133.0,False,mask,360.0,1.0,True,True,20.820965400082397,1361.9200000000003,1361.9200000000003,44.22111123021838,39.391492435542254
r563_svd_normalised_tr050_tid4_015,4,15,True,291,polygon,244.12535612535612,221.66524216524215,52.0,4.068428945128219,8.58411823830395,7.736318818539833,-81.0420202208049,0.43332800652001424,0.968944099378882,52.0,False,mask,360.0,1.0,True,True,13.018972624410303,532.4800000000001,532.4800000000001,27.469178362572638,24.756220219327467
r563_svd_normalised_tr050_tid4_015,4,15,True,292,polygon,2.081527347781218,161.00980392156862,71.77777777777777,4.779913835517316,17.62838515319363,5.7114169678439515,-3.315040881767935,0.9460605741424233,0.8959778085991679,71.77777777777777,False,mask,360.0,1.0,True,True,15.295724273655413,735.0044444444445,735.0044444444445,56.41083249021962,18.276534297100646
r563_svd_normalised_tr050_tid4_015,4,15,True,293,polygon,187.19225967540572,124.21223470661674,29.666666666666668,3.0729779189117394,6.373608212139346,5.957199146936058,82.87227373248164,0.35552527456780025,0.985239852398524,29.666666666666668,False,mask,360.0,1.0,True,True,9.833529340517567,303.78666666666675,303.78666666666675,20.39554627884591,19.063037270195387
r563_svd_normalised_tr050_tid4_015,4,15,True,294,polygon,286.2955974842767,119.70440251572326,11.777777777777779,1.9362290938683944,3.974763155002419,3.7696415454831644,45.0,0.3170943270418413,1.0,11.777777777777779,False,mask,360.0,1.0,True,True,6.195933100378863,120.60444444444448,120.60444444444448,12.719242096007742,12.062852945546126
r563_svd_normalised_tr050_tid4_015,4,15,True,295,polygon,-7.441476571094561,199.2913417764741,267.1278972555784,9.221141500483467,18.442283000966935,18.442283000966935,,0.0,0.9344262295081968,19.0,True,circle,80.0,0.23055555555555557,False,True,29.507652801547096,2735.389667897123,194.56000000000003,59.01530560309419,59.01530560309419
r563_svd_normalised_tr050_tid4_015,4,15,True,296,polygon,1.5909090909090908,159.85416666666666,39.111111111111114,3.528378285600818,11.95894954869434,4.592033763465223,0.2942911890385408,0.9233401472510836,0.9832402234636871,39.111111111111114,False,mask,360.0,1.0,True,True,11.290810513922619,400.4977777777779,400.4977777777779,38.26863855582189,14.694508043088716
r563_svd_normalised_tr050_tid4_015,4,15,True,297,polygon,332.7187112763321,241.38042131350684,29.88888888888889,3.08446572689375,6.296949541579899,6.065208441548978,28.57103833085965,0.2687933150535688,0.9817518248175182,29.88888888888889,False,mask,360.0,1.0,True,True,9.870290326060001,306.06222222222226,306.06222222222226,20.150238533055678,19.40866701295673
r563_svd_normalised_tr050_tid4_015,4,15,True,298,polygon,337.81294964028774,143.7170263788969,15.444444444444445,2.217232363394281,4.9913534019489445,3.9986005021373523,-10.25237278437349,0.5985232070892279,0.9652777777777778,15.444444444444445,False,mask,360.0,1.0,True,True,7.0951435628617,158.15111111111113,158.15111111111113,15.972330886236623,12.795521606839529
r563_svd_normalised_tr050_tid4_015,4,15,True,299,polygon,188.4677565849228,111.93278837420526,40.77777777777778,3.602772516170339,7.537294182548517,6.9108819852097545,-82.77352060648299,0.39913622985651726,0.976063829787234,40.77777777777778,False,mask,360.0,1.0,True,True,11.528872051745084,417.5644444444445,417.5644444444445,24.119341384155256,22.114822352671215
r563_svd_normalised_tr050_tid4_015,4,15,True,300,polygon,251.6273148148148,109.20601851851852,16.0,2.256758334191025,4.560216366670345,4.48666704217215,-65.24779888414544,0.17887654255356894,0.9863013698630136,16.0,False,mask,360.0,1.0,True,True,7.221626669411281,163.84000000000003,163.84000000000003,14.592692373345105,14.35733453495088
r563_svd_normalised_tr050_tid4_015,4,15,True,301,polygon,359.9438202247191,31.54307116104869,9.88888888888889,1.7741846286974687,3.874866574217402,3.264664967150784,61.020525938585656,0.5386600649023894,0.9270833333333334,9.88888888888889,False,mask,360.0,1.0,True,True,5.6773908118319,101.26222222222225,101.26222222222225,12.399573037495687,10.44692789488251
r563_svd_normalised_tr050_tid4_015,4,15,True,302,polygon,196.88081936685288,184.49348230912474,19.88888888888889,2.5161140591285367,5.61693752046105,4.585470325625583,-85.15068970448806,0.5775365275163153,0.9728260869565217,19.88888888888889,False,mask,360.0,1.0,True,True,8.051564989211318,203.66222222222225,203.66222222222225,17.97420006547536,14.673505042001867
r563_svd_normalised_tr050_tid4_015,4,15,True,303,polygon,207.84929078014184,239.51595744680853,20.88888888888889,2.57859260929835,5.5823338825179425,4.8365326107401145,-71.48523633782969,0.4993510736647684,0.9591836734693877,20.88888888888889,False,mask,360.0,1.0,True,True,8.25149634975472,213.90222222222226,213.90222222222226,17.863468424057416,15.476904354368367
r563_svd_normalised_tr050_tid4_015,4,15,True,304,polygon,249.22185430463574,237.79359823399557,33.55555555555556,3.2681898766324387,6.69912021032561,6.384650591441596,-3.413290717275504,0.30278756824406544,0.9869281045751634,33.55555555555556,False,mask,360.0,1.0,True,True,10.458207605223805,343.608888888889,343.608888888889,21.437184673041955,20.430881892613108
r563_svd_normalised_tr050_tid4_015,4,15,True,305,polygon,365.78482228626325,91.28113992955491,115.66666666666667,6.067770884099459,13.11066057418244,11.320927473947634,68.87490597149689,0.5043655437395425,0.9701770736253494,115.66666666666667,False,mask,360.0,1.0,True,True,19.41686682911827,1184.426666666667,1184.426666666667,41.95411383738381,36.22696791663243
r563_svd_normalised_tr050_tid4_015,4,15,True,306,polygon,277.8021026592455,203.2047000618429,59.888888888888886,4.366145371594481,9.117411424239588,8.388156318734515,-66.34465581355595,0.3918828758975099,0.9729241877256317,59.888888888888886,False,mask,360.0,1.0,True,True,13.971665189102339,613.2622222222224,613.2622222222224,29.175716557566684,26.84210021995045
r563_svd_normalised_tr050_tid4_015,4,15,True,307,polygon,65.95853107344632,81.68282485875706,327.77777777777777,10.21444600250157,20.992382181494932,20.404435895847772,-0.3478740458041318,0.23501229387903427,0.9764978483945713,327.77777777777777,False,mask,360.0,1.0,True,True,32.68622720800502,3356.4444444444453,3356.4444444444453,67.17562298078379,65.29419486671287
r563_svd_normalised_tr050_tid4_015,4,15,True,308,polygon,352.8025641025641,79.9425641025641,72.22222222222223,4.794689493126327,9.88635646927802,9.324458696881367,-30.844764201342645,0.3323267392399338,0.983358547655068,72.22222222222223,False,mask,360.0,1.0,True,True,15.343006378004247,739.5555555555558,739.5555555555558,31.636340701689665,29.838267830020374
r563_svd_normalised_tr050_tid4_015,4,15,True,309,polygon,136.3552894211577,50.9560878243513,18.555555555555557,2.430312073986774,5.105232022328912,4.681808535877249,-7.831782819599812,0.3987472319557119,0.9709302325581395,18.555555555555557,False,mask,360.0,1.0,True,True,7.776998636757677,190.00888888888895,190.00888888888895,16.33674247145252,14.9817873148072
r563_svd_normalised_tr050_tid4_015,4,15,True,310,polygon,274.8833333333333,127.10444444444444,33.333333333333336,3.2573500793527996,6.790815459325432,6.269437190158087,-33.78871882691922,0.3842645523897057,0.9646302250803859,33.333333333333336,False,mask,360.0,1.0,True,True,10.42352025392896,341.3333333333334,341.3333333333334,21.730609469841383,20.062199008505882
r563_svd_normalised_tr050_tid4_015,4,15,True,311,polygon,341.9467592592593,145.80324074074073,16.0,2.256758334191025,4.626687478043638,4.453113183734883,-86.13903475130947,0.271338047935769,0.9795918367346939,16.0,False,mask,360.0,1.0,True,True,7.221626669411281,163.84000000000003,163.84000000000003,14.805399929739643,14.249962187951628
r563_svd_normalised_tr050_tid4_015,4,15,True,312,polygon,64.6044039483675,76.20804859529234,48.77777777777778,3.9403615180263194,8.860669495998886,7.073749778917475,82.34568912023234,0.6022185141697688,0.9627192982456141,48.77777777777778,False,mask,360.0,1.0,True,True,12.609156857684223,499.48444444444453,499.48444444444453,28.354142387196436,22.63599929253592
r563_svd_normalised_tr050_tid4_015,4,15,True,313,polygon,225.8816425120773,99.57004830917874,15.333333333333334,2.2092423108729964,4.50682808845677,4.347730974266772,24.129155761965357,0.2633562492602436,0.9787234042553191,15.333333333333334,False,mask,360.0,1.0,True,True,7.069575394793588,157.01333333333338,157.01333333333338,14.421849883061666,13.91273911765367
r563_svd_normalised_tr050_tid4_015,4,15,True,314,polygon,179.48525073746313,85.57522123893806,75.33333333333333,4.896870915102714,10.32110245469331,9.33068015300191,-53.98941627711083,0.42744977409719864,0.9671897289586305,75.33333333333333,False,mask,360.0,1.0,True,True,15.669986928328687,771.4133333333334,771.4133333333334,33.0275278550186,29.858176489606116
r563_svd_normalised_tr050_tid4_015,4,15,True,315,polygon,193.9519140989729,192.4579831932773,79.33333333333333,5.025194951831626,10.402941385875339,9.738946962682492,52.7696438387757,0.351541139798908,0.9834710743801653,79.33333333333333,False,mask,360.0,1.0,True,True,16.080623845861204,812.3733333333334,812.3733333333334,33.289412434801086,31.164630280583978
r563_svd_normalised_tr050_tid4_015,4,15,True,316,polygon,265.0632911392405,1.9514767932489452,17.555555555555557,2.363917699663443,4.8130613180555155,4.68545538690774,-78.15957811900843,0.22873990231562413,0.9461077844311377,17.555555555555557,False,mask,360.0,1.0,True,True,7.564536638923018,179.76888888888894,179.76888888888894,15.401796217777651,14.993457238104767
r563_svd_normalised_tr050_tid4_015,4,15,True,317,polygon,65.73216031280548,98.55034213098729,37.888888888888886,3.472809800414142,7.30169687298628,6.638402337332181,65.34614795098749,0.416449497732837,0.9551820728291317,37.888888888888886,False,mask,360.0,1.0,True,True,11.112991361325255,387.9822222222223,387.9822222222223,23.3654299935561,21.24288747946298
r563_svd_normalised_tr050_tid4_015,4,15,True,318,polygon,202.35193798449612,220.44806201550387,23.88888888888889,2.7575477336357106,5.770474276945692,5.338631813316726,-42.66681372895393,0.37956898639844944,0.9684684684684685,23.88888888888889,False,mask,360.0,1.0,True,True,8.824152747634274,244.62222222222226,244.62222222222226,18.465517686226217,17.083621802613525
r563_svd_normalised_tr050_tid4_015,4,15,True,319,polygon,212.48633879781423,121.3415300546448,13.555555555555555,2.077225877473834,4.385657100792241,3.965771347472419,21.035891407078996,0.4269836832931154,0.9384615384615385,13.555555555555555,False,mask,360.0,1.0,True,True,6.6471228079162685,138.8088888888889,138.8088888888889,14.034102722535174,12.690468311911742
r563_svd_normalised_tr050_tid4_015,4,15,True,320,polygon,176.66162119618454,0.02862448414854508,26.574768131985838,2.9084379689883435,5.816875937976687,5.816875937976687,,0.0,0.9733333333333334,16.22222222222222,True,circle,200.0,0.5583333333333333,True,True,9.3070015007627,272.12562567153503,166.11555555555557,18.6140030015254,18.6140030015254
r563_svd_normalised_tr050_tid4_015,4,15,True,321,polygon,249.75093632958803,45.73033707865168,19.77777777777778,2.509075964057834,5.147684456476725,4.954677337415897,-49.14048283264506,0.27126027980809625,0.994413407821229,19.77777777777778,False,mask,360.0,1.0,True,True,8.02904308498507,202.5244444444445,202.5244444444445,16.47259026072552,15.854967479730872
r563_svd_normalised_tr050_tid4_015,4,15,True,322,polygon,337.36744186046514,15.703875968992248,23.88888888888889,2.7575477336357106,5.885639332445617,5.170941684672754,0.392362646868438,0.47761499945456926,0.9907834101382489,23.88888888888889,False,mask,360.0,1.0,True,True,8.824152747634274,244.62222222222226,244.62222222222226,18.834045863825974,16.547013390952813
r563_svd_normalised_tr050_tid4_015,4,15,True,323,polygon,210.32737127371274,91.49376693766938,68.33333333333333,4.663815557662241,10.272894642072437,8.547944118892636,-67.36987503988769,0.5546448366220043,0.9746434231378764,68.33333333333333,False,mask,360.0,1.0,True,True,14.924209784519173,699.7333333333335,699.7333333333335,32.8732628546318,27.353421180456436
r563_svd_normalised_tr050_tid4_015,4,15,True,324,polygon,173.83676975945016,102.36426116838487,21.555555555555557,2.6194171938653197,5.5513747891646545,5.048966182880171,-71.83088527924839,0.4157075420937225,0.97,21.555555555555557,False,mask,360.0,1.0,True,True,8.382135020369024,220.72888888888895,220.72888888888895,17.764399325326895,16.156691785216548
r563_svd_normalised_tr050_tid4_015,4,15,True,325,polygon,347.6525423728813,131.58898305084747,26.22222222222222,2.889081613773073,6.237514147991162,5.424995935841995,80.36032789921752,0.49351575829159644,0.9915966386554622,26.22222222222222,False,mask,360.0,1.0,True,True,9.245061164073833,268.5155555555556,268.5155555555556,19.960045273571723,17.359986994694385
r563_svd_normalised_tr050_tid4_015,4,15,True,326,polygon,208.64636752136752,168.9636752136752,34.666666666666664,3.321858323444586,6.787547794231705,6.638706981448859,31.38705493315008,0.2082694440935492,0.96,34.666666666666664,False,mask,360.0,1.0,True,True,10.629946635022677,354.98666666666674,354.98666666666674,21.720152941541457,21.24386234063635
r563_svd_normalised_tr050_tid4_015,4,15,True,327,polygon,333.4319248826291,245.6948356807512,7.888888888888889,1.5846486438131304,3.4276471991094777,2.956398329486331,56.59047618009353,0.5060308963494573,0.9466666666666667,7.888888888888889,False,mask,360.0,1.0,True,True,5.0708756602020175,80.78222222222225,80.78222222222225,10.96847103715033,9.46047465435626
r563_svd_normalised_tr050_tid4_015,4,15,True,328,polygon,386.7597402597403,17.322314049586776,188.22222222222223,7.740348450348713,16.725149391441747,14.359444133512644,10.670053760587091,0.5127231282090171,0.9774956722446624,188.22222222222223,False,mask,360.0,1.0,True,True,24.76911504111588,1927.395555555556,1927.395555555556,53.52047805261359,45.95022122724046
r563_svd_normalised_tr050_tid4_015,4,15,True,329,polygon,176.188679245283,149.8930817610063,11.777777777777779,1.9362290938683944,4.063489268676235,3.7098257038889053,5.3600642978887905,0.4080366522129535,0.954954954954955,11.777777777777779,False,mask,360.0,1.0,True,True,6.195933100378863,120.60444444444448,120.60444444444448,13.003165659763951,11.871442252444497
r563_svd_normalised_tr050_tid4_015,4,15,True,330,polygon,177.76576576576576,158.31231231231232,12.333333333333334,1.9813687010751142,4.124181237619232,3.8297217552763585,67.84195125028563,0.37107797244016905,0.940677966101695,12.333333333333334,False,mask,360.0,1.0,True,True,6.340379843440366,126.29333333333336,126.29333333333336,13.197379960381543,12.255109616884347
r563_svd_normalised_tr050_tid4_015,4,15,True,331,polygon,264.37562994960405,73.19582433405328,205.77777777777777,8.09327504929851,17.11013840644306,15.396420007077891,26.18306072041765,0.43621611239893093,0.9696335078534032,205.77777777777777,False,mask,360.0,1.0,True,True,25.898480157755234,2107.1644444444446,2107.1644444444446,54.752442900617794,49.26854402264925
r563_svd_normalised_tr050_tid4_015,4,15,True,332,polygon,299.3102189781022,89.6301703163017,30.444444444444443,3.1129997825312885,6.71433614185221,5.838645094036219,-71.95146781089528,0.4937940074179202,0.9614035087719298,30.444444444444443,False,mask,360.0,1.0,True,True,9.961599304100124,311.75111111111113,311.75111111111113,21.485875653927074,18.683664300915904
r563_svd_normalised_tr050_tid4_015,4,15,True,333,polygon,342.8014184397163,116.13617021276595,26.11111111111111,2.882954180334833,5.871406829905496,5.715673782696688,52.50949333805681,0.22878904802760305,0.9915611814345991,26.11111111111111,False,mask,360.0,1.0,True,True,9.225453377071466,267.37777777777785,267.37777777777785,18.788501855697586,18.2901561046294
r563_svd_normalised_tr050_tid4_015,4,15,True,334,polygon,329.9502487562189,104.05855338691158,96.77777777777777,5.55025435719523,12.048569924905898,10.545760980709657,25.773114334665657,0.48363322152854876,0.9168421052631579,96.77777777777777,False,mask,360.0,1.0,True,True,17.760813943024736,991.0044444444445,991.0044444444445,38.555423759698876,33.746435138270904
r563_svd_normalised_tr050_tid4_015,4,15,True,335,polygon,172.8861111111111,156.08333333333334,13.333333333333334,2.0601290774570113,4.240865155042552,4.017569564535468,22.01039812042753,0.320209697246346,0.96,13.333333333333334,False,mask,360.0,1.0,True,True,6.592413047862436,136.53333333333336,136.53333333333336,13.570768496136166,12.856222606513498
r563_svd_normalised_tr050_tid4_015,4,15,True,336,polygon,42.547442479558846,85.47993915193003,194.77777777777777,7.873988333467107,17.67654917494565,14.223674000762342,5.748309533315579,0.5937311218517061,0.9542732716385411,194.77777777777777,False,mask,360.0,1.0,True,True,25.196762667094745,1994.5244444444447,1994.5244444444447,56.56495735982608,45.5157568024395
r563_svd_normalised_tr050_tid4_015,4,15,True,337,polygon,189.74074074074073,148.49074074074073,12.0,1.9544100476116797,4.088367872693934,3.7453118188446344,36.03685852490846,0.4009733250375931,0.9557522123893806,12.0,False,mask,360.0,1.0,True,True,6.254112152357376,122.88000000000002,122.88000000000002,13.08277719262059,11.98499782030283
r563_svd_normalised_tr050_tid4_015,4,15,True,338,polygon,171.6116504854369,80.20280474649407,34.333333333333336,3.30584927448961,7.033339665569328,6.227182661429997,19.27728863479936,0.46486680970482575,0.9747634069400631,34.333333333333336,False,mask,360.0,1.0,True,True,10.578717678366752,351.57333333333344,351.57333333333344,22.506686929821853,19.926984516575992
r563_svd_normalised_tr050_tid4_015,4,15,True,339,polygon,278.8181818181818,46.416666666666664,14.666666666666666,2.1606816048095245,4.444174761367222,4.243416118740558,-83.30258660316393,0.29716364519073135,0.9777777777777777,14.666666666666666,False,mask,360.0,1.0,True,True,6.9141811353904785,150.1866666666667,150.1866666666667,14.221359236375111,13.578931579969785
r563_svd_normalised_tr050_tid4_015,4,15,True,340,polygon,-0.6720836108943474,181.550869757813,28.725182037714866,3.0238236431765806,6.047647286353161,6.047647286353161,,0.0,0.9603174603174603,13.444444444444445,True,circle,170.0,0.48055555555555557,True,True,9.676235658165059,294.14586406620026,137.67111111111114,19.352471316330117,19.352471316330117
r563_svd_normalised_tr050_tid4_015,4,15,True,341,polygon,202.81410256410257,61.14903846153846,46.22222222222222,3.8357515945010614,7.926476576319449,7.453404742840784,-41.89410102147128,0.340298360754021,0.9674418604651163,46.22222222222222,False,mask,360.0,1.0,True,True,12.274405102403398,473.31555555555565,473.31555555555565,25.36472504422224,23.85089517709051
r563_svd_normalised_tr050_tid4_015,4,15,True,342,polygon,299.0299145299145,129.5405982905983,34.666666666666664,3.321858323444586,7.1764128073001885,6.173397060520835,62.62274429511256,0.5098988156585013,0.9629629629629629,34.666666666666664,False,mask,360.0,1.0,True,True,10.629946635022677,354.98666666666674,354.98666666666674,22.964520983360604,19.754870593666674
r563_svd_normalised_tr050_tid4_015,4,15,True,343,polygon,301.13888888888886,176.76282051282053,17.333333333333332,2.3489085466486426,4.9441665033129185,4.469467473382024,-43.38436684285911,0.4275577058858995,0.968944099378882,17.333333333333332,False,mask,360.0,1.0,True,True,7.516507349275656,177.49333333333337,177.49333333333337,15.82133281060134,14.302295914822478
r563_svd_normalised_tr050_tid4_015,4,15,True,344,polygon,260.5941520467836,59.11461988304094,31.666666666666668,3.1748721332498895,6.514320067046708,6.212724976358701,-88.25954107381186,0.3007508279833135,0.9563758389261745,31.666666666666668,False,mask,360.0,1.0,True,True,10.159590826399647,324.26666666666677,324.26666666666677,20.845824214549467,19.880719924347844
r563_svd_normalised_tr050_tid4_015,4,15,True,345,polygon,365.9165694317041,-0.05583874734671226,45.809879870873665,3.8186041491349845,7.637208298269969,7.637208298269969,,0.0,0.9748953974895398,25.88888888888889,True,circle,190.0,0.5361111111111111,True,True,12.219533277231951,469.09316987774645,265.1022222222223,24.439066554463903,24.439066554463903
r563_svd_normalised_tr050_tid4_015,4,15,True,346,polygon,257.2289156626506,125.74096385542168,18.444444444444443,2.4230247650064087,4.968849132058557,4.7390658984466745,71.18408063286743,0.30058433328073625,0.9707602339181286,18.444444444444443,False,mask,360.0,1.0,True,True,7.753679248020508,188.87111111111113,188.87111111111113,15.900317222587383,15.16501087502936
r563_svd_normalised_tr050_tid4_015,4,15,True,347,polygon,32.79559150015858,84.569933396765,233.55555555555554,8.622241141749683,18.14324668318145,16.50806623027169,31.448405584217465,0.41488495395282515,0.9745016226240149,233.55555555555554,False,mask,360.0,1.0,True,True,27.591171653598987,2391.6088888888894,2391.6088888888894,58.058389386180636,52.825811936869414
r563_svd_normalised_tr050_tid4_015,4,15,True,348,polygon,147.19545524335942,80.75203439275295,241.22222222222223,8.762614798138545,20.362916048363413,15.136339793844158,20.83425481353991,0.6689263431505116,0.9739793629430238,241.22222222222223,False,mask,360.0,1.0,True,True,28.040367354043344,2470.115555555556,2470.115555555556,65.16133135476292,48.436287340301305
r563_svd_normalised_tr050_tid4_015,4,15,True,349,polygon,180.22943172179814,166.10856658184903,87.33333333333333,5.272481711052622,11.232750801265498,9.930748975350241,42.03653369045234,0.46731897606691514,0.9703703703703703,87.33333333333333,False,mask,360.0,1.0,True,True,16.87194147536839,894.2933333333334,894.2933333333334,35.944802564049596,31.77839672112077
r563_svd_normalised_tr050_tid4_015,4,15,True,350,polygon,341.9931107578166,166.87440381558028,69.88888888888889,4.71660092309428,9.719307848973342,9.176447207122296,89.63528515340968,0.3295269700058796,0.9782270606531882,69.88888888888889,False,mask,360.0,1.0,True,True,15.093122953901696,715.6622222222223,715.6622222222223,31.101785116714694,29.364631062791346
r563_svd_normalised_tr050_tid4_015,4,15,True,351,polygon,55.18320610687022,94.8702290076336,29.11111111111111,3.04406873517361,6.689229393761514,5.577571865687658,50.835851147911534,0.552045763989426,0.9597069597069597,29.11111111111111,False,mask,360.0,1.0,True,True,9.741019952555554,298.0977777777778,298.0977777777778,21.405534060036846,17.848229970200507
r563_svd_normalised_tr050_tid4_015,4,15,True,352,polygon,280.1834862385321,25.170489296636088,48.44444444444444,3.9268747875821153,8.40759260125704,7.398017585809163,-88.62686903336922,0.47511995505661253,0.9775784753363229,48.44444444444444,False,mask,360.0,1.0,True,True,12.565999320262769,496.0711111111112,496.0711111111112,26.90429632402253,23.673656274589323
r563_svd_normalised_tr050_tid4_015,4,15,True,353,polygon,285.418018018018,184.0936936936937,20.555555555555557,2.5579359939868462,5.527974446362529,4.788825012670608,74.4632366830788,0.4995426711757731,0.9635416666666666,20.555555555555557,False,mask,360.0,1.0,True,True,8.185395180757908,210.48888888888894,210.48888888888894,17.689518228360093,15.324240040545945
r563_svd_normalised_tr050_tid4_015,4,15,True,354,polygon,298.3979381443299,89.88247422680412,53.888888888888886,4.141662237410623,9.504561568471821,7.290285978873611,-52.60889782790654,0.6416109702044169,0.97,53.888888888888886,False,mask,360.0,1.0,True,True,13.253319159713994,551.8222222222223,551.8222222222223,30.41459701910983,23.328915132395558
r563_svd_normalised_tr050_tid4_015,4,15,True,355,polygon,339.65268065268066,188.6013986013986,15.88888888888889,2.2489087162019534,4.645533407553578,4.418433667175729,-5.280989186373648,0.30883882460147005,0.959731543624161,15.88888888888889,False,mask,360.0,1.0,True,True,7.1965078918462515,162.70222222222225,162.70222222222225,14.86570690417145,14.138987734962335
r563_svd_normalised_tr050_tid4_015,4,15,True,356,polygon,213.92781316348194,246.2632696390658,17.444444444444443,2.356425073209537,4.964322719118006,4.554966772425791,-57.42067774357396,0.3976425158104737,0.9936708860759493,17.444444444444443,False,mask,360.0,1.0,True,True,7.540560234270519,178.63111111111112,178.63111111111112,15.88583270117762,14.575893671762532
r563_svd_normalised_tr050_tid4_015,4,15,True,357,polygon,60.60544217687075,91.92687074829932,21.77777777777778,2.6328847232228627,5.372944172367387,5.192178620443294,43.34208364664351,0.2572069989818374,0.98,21.77777777777778,False,mask,360.0,1.0,True,True,8.425231114313162,223.0044444444445,223.0044444444445,17.19342135157564,16.61497158541854
r563_svd_normalised_tr050_tid4_015,4,15,True,358,polygon,313.05614035087723,199.00701754385966,21.11111111111111,2.592272241681251,5.521422888361659,4.953418793086985,74.12267931258631,0.4417722743947358,0.9844559585492227,21.11111111111111,False,mask,360.0,1.0,True,True,8.295271173380003,216.1777777777778,216.1777777777778,17.66855324275731,15.850940137878352
r563_svd_normalised_tr050_tid4_015,4,15,True,359,polygon,60.43238993710691,52.295597484276726,23.555555555555557,2.738241444410052,5.6844419116008735,5.338244907500876,82.85879286279841,0.34365095402121704,0.9724770642201835,23.555555555555557,False,mask,360.0,1.0,True,True,8.762372622112165,241.20888888888896,241.20888888888896,18.190214117122796,17.082383704002805
r563_svd_normalised_tr050_tid4_015,4,15,True,360,polygon,221.69979296066253,102.33954451345755,17.88888888888889,2.3862544261198764,4.866330582261441,4.735345301304086,-57.87030392024788,0.2304534215663134,0.9583333333333334,17.88888888888889,False,mask,360.0,1.0,True,True,7.636014163583605,183.18222222222226,183.18222222222226,15.572257863236613,15.153104964173076
r563_svd_normalised_tr050_tid4_015,4,15,True,361,polygon,188.46251993620413,181.7719298245614,23.22222222222222,2.7187980639411693,5.52917007569816,5.3545650076026625,-66.16589939915322,0.24932019328556485,0.9858490566037735,23.22222222222222,False,mask,360.0,1.0,True,True,8.700153804611743,237.79555555555558,237.79555555555558,17.693344242234115,17.13460802432852
r563_svd_normalised_tr050_tid4_015,4,15,True,362,polygon,375.2833675564682,87.88158795345653,54.111111111111114,4.150192961665304,8.835524434241519,7.8158737913384,52.83675455153293,0.4663572364678938,0.9798792756539235,54.111111111111114,False,mask,360.0,1.0,True,True,13.280617477328974,554.0977777777779,554.0977777777779,28.273678189572863,25.01079613228288
r563_svd_normalised_tr050_tid4_015,4,15,True,363,polygon,296.4310062274664,32.561455260570305,113.0,5.997417539138688,12.665442042752282,11.387006040226856,89.41673350922197,0.4378232165500319,0.9826086956521739,113.0,False,mask,360.0,1.0,True,True,19.191736125243803,1157.1200000000001,1157.1200000000001,40.52941453680731,36.43841932872594
r563_svd_normalised_tr050_tid4_015,4,15,True,364,polygon,337.0529595015576,92.04672897196262,83.22222222222223,5.146887999900298,10.708277533905138,9.91495010377213,-77.66384823738996,0.3777330057993679,0.9652061855670103,83.22222222222223,False,mask,360.0,1.0,True,True,16.470041599680954,852.1955555555558,852.1955555555558,34.26648810849644,31.727840332070816
r563_svd_normalised_tr050_tid4_015,4,15,True,365,polygon,206.31971153846155,168.2363782051282,46.22222222222222,3.8357515945010614,8.594414655181543,6.954044255537656,71.77343140653295,0.5876223880732531,0.9390519187358917,46.22222222222222,False,mask,360.0,1.0,True,True,12.274405102403398,473.31555555555565,473.31555555555565,27.50212689658094,22.2529416177205
r563_svd_normalised_tr050_tid4_015,4,15,True,366,polygon,182.86484325015996,55.81877799104287,231.55555555555554,8.585244465599876,17.578804586277183,16.940761087432787,-22.78727930909766,0.266973691729199,0.9434133091896786,231.55555555555554,False,mask,360.0,1.0,True,True,27.472782289919607,2371.1288888888894,2371.1288888888894,56.25217467608699,54.21043547978492
r563_svd_normalised_tr050_tid4_015,4,15,True,367,polygon,164.6816479400749,103.76404494382022,9.88888888888889,1.7741846286974687,3.6550476695364686,3.4602680358615654,60.34662011265178,0.32208894148144435,0.956989247311828,9.88888888888889,False,mask,360.0,1.0,True,True,5.6773908118319,101.26222222222225,101.26222222222225,11.6961525425167,11.07285771475701
r563_svd_normalised_tr050_tid4_015,4,15,True,368,polygon,324.3343137254902,18.251960784313727,75.55555555555556,4.904088120073085,9.89328566023341,9.751082312504751,60.44352509327623,0.16894035072998803,0.9770114942528736,75.55555555555556,False,mask,360.0,1.0,True,True,15.69308198423387,773.6888888888891,773.6888888888891,31.658514112746914,31.203463400015206
r563_svd_normalised_tr050_tid4_015,4,15,True,369,polygon,202.647931303669,2.8306010928961745,47.44444444444444,3.886133774223977,8.871768218933548,7.004590723990731,-78.76896796791267,0.6137027503748366,0.9816091954022989,47.44444444444444,False,mask,360.0,1.0,True,True,12.435628077516727,485.83111111111117,485.83111111111117,28.389658300587357,22.41469031677034
r563_svd_normalised_tr050_tid4_015,4,15,True,370,polygon,186.9471264367816,4.197701149425288,16.11111111111111,2.2645807435532483,4.703779747981625,4.386995972425656,-53.45983799160446,0.3607737736081045,0.9931506849315068,16.11111111111111,False,mask,360.0,1.0,True,True,7.246658379370395,164.97777777777782,164.97777777777782,15.0520951935412,14.0383871117621
r563_svd_normalised_tr050_tid4_015,4,15,True,371,polygon,61.28085106382979,83.41347517730496,52.22222222222222,4.0771129015297305,8.233302528515443,8.112430110096719,87.60688939418817,0.17072287969415725,0.9611451942740287,52.22222222222222,False,mask,360.0,1.0,True,True,13.046761284895139,534.7555555555557,534.7555555555557,26.34656809124942,25.959776352309504
r563_svd_normalised_tr050_tid4_015,4,15,True,372,polygon,29.545425616547334,82.13142402545743,465.55555555555554,12.173369948421033,27.414373365568636,21.92644069687273,36.727312633109,0.6002459233592751,0.9612296398256481,465.55555555555554,False,mask,360.0,1.0,True,True,38.95478383494731,4767.288888888889,4767.288888888889,87.72599476981964,70.16461022999275
r563_svd_normalised_tr050_tid4_015,4,15,True,373,polygon,197.1364221364221,243.04761904761904,28.77777777777778,3.0265906840976804,6.339829587071452,5.826992545061121,11.79258860760917,0.3940040522835547,0.955719557195572,28.77777777777778,False,mask,360.0,1.0,True,True,9.685090189112579,294.6844444444445,294.6844444444445,20.28745467862865,18.64637614419559
r563_svd_normalised_tr050_tid4_015,4,15,True,374,polygon,234.0968992248062,245.8158914728682,19.11111111111111,2.4664256734439727,5.1004629879981795,4.793481540335132,33.68553310744232,0.3416891591395298,0.9885057471264368,19.11111111111111,False,mask,360.0,1.0,True,True,7.892562155020713,195.69777777777782,195.69777777777782,16.321481561594176,15.339140929072423
r563_svd_normalised_tr050_tid4_015,4,15,True,375,polygon,319.1950354609929,216.53546099290782,10.444444444444445,1.823340319952377,3.8762751865422445,3.481206588897503,63.94340498977664,0.4398314211971761,0.9690721649484536,10.444444444444445,False,mask,360.0,1.0,True,True,5.834689023847607,106.95111111111113,106.95111111111113,12.404080596935183,11.13986108447201
r563_svd_normalised_tr050_tid4_015,4,15,True,376,polygon,168.5491329479769,46.00867052023121,38.44444444444444,3.4981776306400127,7.399532838465312,6.636319811779575,8.310294397788223,0.4423214345649575,0.9664804469273743,38.44444444444444,False,mask,360.0,1.0,True,True,11.194168418048042,393.67111111111114,393.67111111111114,23.678505083089,21.236223397694644
r563_svd_normalised_tr050_tid4_015,4,15,True,377,polygon,217.56285310734464,171.99152542372883,52.44444444444444,4.085778401000628,8.374043626860017,8.003490308795921,-5.030395746873615,0.29418084296421954,0.9812889812889813,52.44444444444444,False,mask,360.0,1.0,True,True,13.07449088320201,537.0311111111112,537.0311111111112,26.796939605952055,25.61116898814695
r563_svd_normalised_tr050_tid4_015,4,15,True,378,polygon,294.9745704467354,241.49037800687287,107.77777777777777,5.8571949069146,12.844251215671347,10.70197566496355,79.95078943226295,0.5529546781568674,0.9768378650553877,107.77777777777777,False,mask,360.0,1.0,True,True,18.74302370212672,1103.6444444444446,1103.6444444444446,41.10160389014831,34.24632212788336
r563_svd_normalised_tr050_tid4_015,4,15,True,379,polygon,199.89384288747348,149.34394904458597,17.444444444444443,2.356425073209537,5.1847074091847904,4.3079899427347685,83.34582111327207,0.556417004886062,0.9573170731707317,17.444444444444443,False,mask,360.0,1.0,True,True,7.540560234270519,178.63111111111112,178.63111111111112,16.59106370939133,13.78556781675126
r563_svd_normalised_tr050_tid4_015,4,15,True,380,polygon,179.76161202185793,164.58811475409837,54.22222222222222,4.154451754947668,10.2848374639737,6.849748073832862,89.27025954411579,0.7459477197915929,0.9606299212598425,54.22222222222222,False,mask,360.0,1.0,True,True,13.294245615832537,555.2355555555556,555.2355555555556,32.91147988471584,21.919193836265162
r563_svd_normalised_tr050_tid4_015,4,15,True,381,polygon,347.52055387278233,90.16226741670272,256.77777777777777,9.04073587817779,22.05754071341507,14.928831565554384,77.12788055209994,0.7361549331102532,0.971825063078217,256.77777777777777,False,mask,360.0,1.0,True,True,28.93035481016893,2629.404444444445,2629.404444444445,70.58413028292823,47.772261009774034
r563_svd_normalised_tr050_tid4_015,4,15,True,382,polygon,396.8095238095238,42.93386243386243,14.0,2.111004122822376,4.479145395256507,4.029783092406663,-43.394168645893465,0.43655663679826606,0.9692307692307692,14.0,False,mask,360.0,1.0,True,True,6.755213193031604,143.36,143.36,14.333265264820822,12.895305895701322
r563_svd_normalised_tr050_tid4_015,4,15,True,383,polygon,399.995734116434,85.98752773218422,55.22697375778227,4.192766596307845,8.38553319261569,8.38553319261569,,0.0,0.9502262443438914,23.333333333333332,True,circle,160.0,0.4638888888888889,True,True,13.416853108185103,565.5242112796906,238.93333333333337,26.833706216370206,26.833706216370206
r563_svd_normalised_tr050_tid4_015,4,15,True,384,polygon,90.11453744493393,87.10279001468429,25.22222222222222,2.833457725969779,6.1368377813054344,5.271894095134342,-48.94088279762996,0.5118797624685945,0.9700854700854701,25.22222222222222,False,mask,360.0,1.0,True,True,9.067064723103293,258.27555555555557,258.27555555555557,19.637880900177393,16.870061104429894
r563_svd_normalised_tr050_tid4_015,4,15,True,385,polygon,193.51178451178453,73.56397306397307,44.0,3.742410318509555,8.020813125038334,7.0070173971434775,11.103414863781211,0.48663683038050376,0.9565217391304348,44.0,False,mask,360.0,1.0,True,True,11.975713019230577,450.56000000000006,450.56000000000006,25.66660200012267,22.42245567085913
r563_svd_normalised_tr050_tid4_015,4,15,True,386,polygon,241.93115942028987,206.0,10.222222222222221,1.80383879326867,3.6525320898635836,3.578464356131233,-69.75053350567654,0.20036393954725298,0.9484536082474226,10.222222222222221,False,mask,360.0,1.0,True,True,5.772284138459744,104.67555555555556,104.67555555555556,11.688102687563468,11.451085939619945
r563_svd_normalised_tr050_tid4_015,4,15,True,387,polygon,229.0828402366864,244.31163708086785,18.77777777777778,2.444821528706944,5.013711391125249,4.8305747586683445,-77.481036678193,0.26780605740670993,0.976878612716763,18.77777777777778,False,mask,360.0,1.0,True,True,7.823428891862221,192.2844444444445,192.2844444444445,16.0438764516008,15.457839227738702
r563_svd_normalised_tr050_tid4_015,4,15,True,388,polygon,274.510582010582,100.80423280423281,14.0,2.111004122822376,4.358164371490772,4.097130295374967,60.986668692836766,0.3408861608102562,0.9767441860465116,14.0,False,mask,360.0,1.0,True,True,6.755213193031604,143.36,143.36,13.94612598877047,13.110816945199895
r563_svd_normalised_tr050_tid4_015,4,15,True,389,polygon,298.60897435897436,191.13888888888889,17.333333333333332,2.3489085466486426,5.023488352104958,4.42967736776174,-25.379901526405053,0.4716364367397356,0.968944099378882,17.333333333333332,False,mask,360.0,1.0,True,True,7.516507349275656,177.49333333333337,177.49333333333337,16.075162726735865,14.174967576837568
r563_svd_normalised_tr050_tid4_015,4,15,True,390,polygon,186.25925925925927,25.856960408684547,29.0,3.0382538898732494,6.686036219149558,5.536413814791216,-82.21405421476521,0.560645085841319,0.9849056603773585,29.0,False,mask,360.0,1.0,True,True,9.7224124475944,296.96000000000004,296.96000000000004,21.395315901278586,17.716524207331894
r563_svd_normalised_tr050_tid4_015,4,15,True,391,polygon,310.08834446919076,116.87899034892354,49.888888888888886,3.9849876466631615,9.042323240153843,7.068474971592406,-58.73823864354956,0.6236420402538928,0.9655913978494624,49.888888888888886,False,mask,360.0,1.0,True,True,12.751960469322118,510.8622222222223,510.8622222222223,28.9354343684923,22.6191199090957
r563_svd_normalised_tr050_tid5_015,5,15,True,0,polygon,312.30542813455656,222.13124362895005,290.6666666666667,9.618839513376264,19.481511460468614,19.002508463713998,24.851042370674534,0.22038735988897792,0.9819819819819819,290.6666666666667,False,mask,360.0,1.0,True,True,30.780286442804044,2976.4266666666676,2976.4266666666676,62.34083667349957,60.808027083884795
r563_svd_normalised_tr050_tid5_015,5,15,True,1,polygon,251.61159420289854,207.95188405797103,63.888888888888886,4.509596983171675,9.414872012271003,8.657945812852503,76.07789256217933,0.3928486669506124,0.979557069846678,63.888888888888886,False,mask,360.0,1.0,True,True,14.430710346149361,654.2222222222223,654.2222222222223,30.12759043926721,27.70542660112801
r563_svd_normalised_tr050_tid5_015,5,15,True,2,polygon,230.2629757785467,221.77335640138406,64.22222222222223,4.521345844549571,9.285125625990855,8.826901895459077,82.50310202980268,0.31026625169043515,0.9897260273972602,64.22222222222223,False,mask,360.0,1.0,True,True,14.468306702558628,657.6355555555557,657.6355555555557,29.712402003170737,28.246086065469047
r563_svd_normalised_tr050_tid5_015,5,15,True,3,polygon,203.36593204775022,105.85445362718089,161.33333333333334,7.166170174576159,14.78228789010259,13.92235726318953,-79.39481087311626,0.33609816675533855,0.9777777777777777,161.33333333333334,False,mask,360.0,1.0,True,True,22.93174455864371,1652.0533333333337,1652.0533333333337,47.30332124832829,44.5515432422065
r563_svd_normalised_tr050_tid5_015,5,15,True,4,polygon,308.6116611661166,109.93509350935095,33.666666666666664,3.2735963151943896,6.608144959625062,6.4980514267039835,59.63477155459967,0.18177731262127403,0.9934426229508196,33.666666666666664,False,mask,360.0,1.0,True,True,10.475508208622047,344.7466666666667,344.7466666666667,21.1460638708002,20.793764565452747
r563_svd_normalised_tr050_tid5_015,5,15,True,5,polygon,274.62297654443347,203.8637264618434,448.44444444444446,11.947564608356984,24.57375165623105,23.264534927569656,63.44447752582612,0.3220491194978783,0.9841502072665204,448.44444444444446,False,mask,360.0,1.0,True,True,38.23220674674235,4592.071111111112,4592.071111111112,78.63600529993937,74.4465117682229
r563_svd_normalised_tr050_tid5_015,5,15,True,6,polygon,234.88553459119498,174.32012578616352,58.888888888888886,4.329539873902551,9.511829804795186,7.902304605576319,62.21859243911443,0.5565904693575296,0.9742647058823529,58.888888888888886,False,mask,360.0,1.0,True,True,13.854527596488163,603.0222222222224,603.0222222222224,30.437855375344597,25.28737473784422
r563_svd_normalised_tr050_tid5_015,5,15,True,7,polygon,221.44556113902846,160.76716917922948,66.33333333333333,4.595057756277366,9.99939940105867,8.499542064565286,82.28562410906561,0.5267742039170263,0.9723127035830619,66.33333333333333,False,mask,360.0,1.0,True,True,14.70418482008757,679.2533333333334,679.2533333333334,31.998078083387743,27.198534606608916
r563_svd_normalised_tr050_tid5_015,5,15,True,8,polygon,265.746409947854,148.84981949458484,461.6666666666667,12.122419895446482,24.897907957913507,23.61731406953953,6.560668460741786,0.3165788279650059,0.9859990507831039,461.6666666666667,False,mask,360.0,1.0,True,True,38.79174366542875,4727.466666666668,4727.466666666668,79.67330546532322,75.5754050225265
r563_svd_normalised_tr050_tid5_015,5,15,True,9,polygon,263.7125107112254,168.06426735218508,86.44444444444444,5.245581118649499,11.031357020435985,9.997018795764832,-12.781425131102104,0.4227710221545193,0.9848101265822785,86.44444444444444,False,mask,360.0,1.0,True,True,16.785859579678398,885.1911111111112,885.1911111111112,35.300342465395154,31.990460146447464
r563_svd_normalised_tr050_tid5_015,5,15,True,10,polygon,225.0463392029657,236.18906394810008,119.88888888888889,6.177525279343125,12.494462194420144,12.22101419463663,-71.64351816233481,0.20806752495870373,0.980909090909091,119.88888888888889,False,mask,360.0,1.0,True,True,19.768080893898002,1227.6622222222225,1227.6622222222225,39.98227902214447,39.107245422837224
r563_svd_normalised_tr050_tid5_015,5,15,True,11,polygon,231.82531500572736,158.87428407789233,129.33333333333334,6.416235548442996,12.927956254653688,12.74630100436881,64.3693937116049,0.16704867978784296,0.9797979797979798,129.33333333333334,False,mask,360.0,1.0,True,True,20.53195375501759,1324.3733333333337,1324.3733333333337,41.36946001489181,40.7881632139802
r563_svd_normalised_tr050_tid5_015,5,15,True,12,polygon,286.4215363100589,172.53730896014383,370.77777777777777,10.863803764976762,21.847870985095184,21.61679318684539,64.61069560109863,0.14505681987793953,0.9866942637492608,370.77777777777777,False,mask,360.0,1.0,True,True,34.76417204792564,3796.764444444445,3796.764444444445,69.91318715230459,69.17373819790525
r563_svd_normalised_tr050_tid5_015,5,15,True,13,polygon,189.03679653679652,141.5167748917749,68.44444444444444,4.667605737530098,9.553766144524193,9.139031522236136,-54.855986846189595,0.2914390161278968,0.9746835443037974,68.44444444444444,False,mask,360.0,1.0,True,True,14.936338360096315,700.8711111111112,700.8711111111112,30.57205166247742,29.244900871155636
r563_svd_normalised_tr050_tid5_015,5,15,True,14,polygon,181.93393393393396,205.78866366366367,98.66666666666667,5.604156978243979,11.31209603919291,11.136013541863653,87.89667469718596,0.17575387043106142,0.9683751363140676,98.66666666666667,False,mask,360.0,1.0,True,True,17.933302330380734,1010.3466666666669,1010.3466666666669,36.19870732541732,35.63524333396369
r563_svd_normalised_tr050_tid5_015,5,15,True,15,polygon,364.7004920049201,44.82287822878229,60.22222222222222,4.378279194077338,8.943465957237875,8.59050285443183,44.42986668195762,0.278162711352349,0.9713261648745519,60.22222222222222,False,mask,360.0,1.0,True,True,14.010493421047483,616.6755555555557,616.6755555555557,28.6190910631612,27.489609134181855
r563_svd_normalised_tr050_tid5_015,5,15,True,16,polygon,198.77703081232494,152.76694677871149,132.22222222222223,6.487498786629824,13.206193545663433,12.770558684161772,22.858861172345215,0.2547276455920716,0.9802306425041186,132.22222222222223,False,mask,360.0,1.0,True,True,20.759996117215437,1353.955555555556,1353.955555555556,42.25981934612299,40.86578778931767
r563_svd_normalised_tr050_tid5_015,5,15,True,17,polygon,208.09677419354838,149.73809523809524,48.22222222222222,3.9178578416125585,8.144457056113414,7.559058386387535,-3.4807250991820866,0.37227354153748227,0.96875,48.22222222222222,False,mask,360.0,1.0,True,True,12.537145093160188,493.79555555555567,493.79555555555567,26.062262579562926,24.18898683644011
r563_svd_normalised_tr050_tid5_015,5,15,True,18,polygon,334.0309563294638,143.67164179104478,67.0,4.61809077155419,9.523123442907314,8.983376954350181,-66.70028576098863,0.3318773772957939,0.9820846905537459,67.0,False,mask,360.0,1.0,True,True,14.777890468973409,686.0800000000002,686.0800000000002,30.47399501730341,28.74680625392058
r563_svd_normalised_tr050_tid5_015,5,15,True,19,polygon,190.58540433925052,127.96134122287968,93.88888888888889,5.46678713104368,11.348869887408076,10.57451938684511,-51.41256496170569,0.36305299384375983,0.9679266895761741,93.88888888888889,False,mask,360.0,1.0,True,True,17.493718819339776,961.4222222222223,961.4222222222223,36.31638363970585,33.83846203790435
r563_svd_normalised_tr050_tid5_015,5,15,True,20,polygon,221.3064516129032,142.36344086021504,34.44444444444444,3.3111942242603365,6.763319305063912,6.536408532276426,-87.08335275867259,0.25685560242179717,0.9538461538461539,34.44444444444444,False,mask,360.0,1.0,True,True,10.595821517633077,352.71111111111117,352.71111111111117,21.64262177620452,20.916507303284565
r563_svd_normalised_tr050_tid5_015,5,15,True,21,polygon,170.68682795698922,197.80436081242533,248.0,8.884866446580956,18.011424659757264,17.534660152746742,-75.51202133561443,0.22855976397723754,0.9854304635761589,248.0,False,mask,360.0,1.0,True,True,28.431572629059062,2539.5200000000004,2539.5200000000004,57.63655891122325,56.11091248878958
r563_svd_normalised_tr050_tid5_015,5,15,True,22,polygon,227.0084519572954,66.17852906287071,499.55555555555554,12.610054402395305,27.049836339556435,23.556668713291234,59.02109421297948,0.4915279792092855,0.989001319841619,499.55555555555554,False,mask,360.0,1.0,True,True,40.35217408766498,5115.44888888889,5115.44888888889,86.5594762865806,75.38133988253195
r563_svd_normalised_tr050_tid5_015,5,15,True,23,polygon,282.6168327796235,236.71926910299,133.77777777777777,6.525548959157757,13.361800007976035,12.783251394560539,80.18701143650759,0.291071518350077,0.9764801297648013,133.77777777777777,False,mask,360.0,1.0,True,True,20.881756669304824,1369.8844444444446,1369.8844444444446,42.75776002552331,40.90640446259373
r563_svd_normalised_tr050_tid5_015,5,15,True,24,polygon,343.5050867743866,185.5284260921604,61.888888888888886,4.438450763302831,8.940307811910811,8.847134932210668,59.51142800041942,0.14399554142953386,0.9789103690685413,61.888888888888886,False,mask,360.0,1.0,True,True,14.20304244256906,633.7422222222223,633.7422222222223,28.608984998114597,28.31083178307414
r563_svd_normalised_tr050_tid5_015,5,15,True,25,polygon,301.2121555303888,115.7163080407701,196.22222222222223,7.90313059630714,16.856339982225776,14.862641054898992,43.64815811619005,0.4717654360716671,0.9832962138084632,196.22222222222223,False,mask,360.0,1.0,True,True,25.290017908182847,2009.315555555556,2009.315555555556,53.940287943122485,47.56045137567678
r563_svd_normalised_tr050_tid5_015,5,15,True,26,polygon,315.54206807964033,205.01156069364163,57.666666666666664,4.284375112343136,8.830952022552642,8.350265151768097,-62.34345304543029,0.3254247414864869,0.9628942486085343,57.666666666666664,False,mask,360.0,1.0,True,True,13.710000359498038,590.5066666666668,590.5066666666668,28.259046472168457,26.72084848565791
r563_svd_normalised_tr050_tid5_015,5,15,True,27,polygon,355.307417336908,117.0637473935061,373.0,10.896310731002211,22.26582012514106,21.33578313596517,89.2876578418307,0.28599776807747396,0.9844574780058651,373.0,False,mask,360.0,1.0,True,True,34.86819433920708,3819.520000000001,3819.520000000001,71.2506244004514,68.27450603508855
r563_svd_normalised_tr050_tid5_015,5,15,True,28,polygon,316.89031505250875,148.8140801244652,95.22222222222223,5.505467711078068,11.315936421524073,10.735512290967675,-89.23576688896995,0.31615553850720773,0.978310502283105,95.22222222222223,False,mask,360.0,1.0,True,True,17.617496675449818,975.0755555555559,975.0755555555559,36.210996548877034,34.35363933109656
r563_svd_normalised_tr050_tid5_015,5,15,True,29,polygon,288.24575695858795,152.4467073998642,163.66666666666666,7.217805624893695,14.68570995467634,14.198318813068147,-76.79351898846514,0.25548932190653434,0.9839679358717435,163.66666666666666,False,mask,360.0,1.0,True,True,23.096977999659828,1675.946666666667,1675.946666666667,46.994271854964296,45.43462020181807
r563_svd_normalised_tr050_tid5_015,5,15,True,30,polygon,338.86570743405275,123.83812949640287,61.77777777777778,4.434464726788562,9.035153702737356,8.72780611649591,46.69343026149986,0.2586050640446978,0.9788732394366197,61.77777777777778,False,mask,360.0,1.0,True,True,14.1902871257234,632.6044444444445,632.6044444444445,28.91249184875954,27.928979572786915
r563_svd_normalised_tr050_tid5_015,5,15,True,31,polygon,290.0158950923902,217.7939267501159,2236.8888888888887,26.68377498833342,54.67185743246563,52.12962015684037,30.57071802757107,0.30139277888417015,0.9921151192588212,2236.8888888888887,False,mask,360.0,1.0,True,True,85.38807996266695,22905.742222222223,22905.742222222223,174.94994378389003,166.8147845018892
r563_svd_normalised_tr050_tid5_015,5,15,True,32,polygon,313.84463824289406,172.2861757105943,114.66666666666667,6.041484388438104,12.38457463771524,11.807996641214237,-64.99352963361996,0.3015705667426991,0.9772727272727273,114.66666666666667,False,mask,360.0,1.0,True,True,19.332750043001937,1174.186666666667,1174.186666666667,39.63063884068877,37.78558925188556
r563_svd_normalised_tr050_tid5_015,5,15,True,33,polygon,231.87166666666667,118.70666666666666,44.44444444444444,3.7612638903183755,7.61904794393586,7.441542371877701,17.265373274775765,0.21459830442907263,0.970873786407767,44.44444444444444,False,mask,360.0,1.0,True,True,12.036044449018803,455.1111111111112,455.1111111111112,24.380953420594754,23.812935590008646
r563_svd_normalised_tr050_tid5_015,5,15,True,34,polygon,297.6418732782369,182.04683195592284,40.333333333333336,3.5830850872880795,7.519246234564854,6.865450097315435,71.38938356645245,0.40784694847575337,0.9705882352941176,40.333333333333336,False,mask,360.0,1.0,True,True,11.465872279321855,413.01333333333343,413.01333333333343,24.06158795060753,21.969440311409393
r563_svd_normalised_tr050_tid5_015,5,15,True,35,polygon,258.48921515316295,78.37617062413148,613.0,13.968677826861914,30.34582564407758,25.807541056472868,80.37309371341819,0.526059423593201,0.9885325210535746,613.0,False,mask,360.0,1.0,True,True,44.69976904595813,6277.120000000001,6277.120000000001,97.10664206104826,82.58413138071319
r563_svd_normalised_tr050_tid5_015,5,15,True,36,polygon,335.37213740458014,153.03498727735368,116.44444444444444,6.08813747034722,12.426249669228879,11.941940834472065,-46.78556917535852,0.2764602911855068,0.9767008387698043,116.44444444444444,False,mask,360.0,1.0,True,True,19.482039905111108,1192.3911111111113,1192.3911111111113,39.763998941532414,38.214210670310614
r563_svd_normalised_tr050_tid5_015,5,15,True,37,polygon,274.0873397435898,61.83553685897436,184.88888888888889,7.671503189002123,16.496505655145747,14.297421051065543,-87.95999734350724,0.4988403148300235,0.984033116499113,184.88888888888889,False,mask,360.0,1.0,True,True,24.548810204806795,1893.2622222222226,1893.2622222222226,52.78881809646639,45.75174736340974
r563_svd_normalised_tr050_tid5_015,5,15,True,38,polygon,228.69096231247713,189.55075009147458,506.1111111111111,12.692524184500481,25.610633880066995,25.171912253746285,-56.90803933926741,0.18430258631070753,0.98914223669924,506.1111111111111,False,mask,360.0,1.0,True,True,40.61607739040154,5182.5777777777785,5182.5777777777785,81.95402841621438,80.55011921198812
r563_svd_normalised_tr050_tid5_015,5,15,True,39,polygon,69.58175787728027,58.46235489220564,111.66666666666667,5.9619295498345135,12.198337995139331,11.705698868702276,43.51192280971848,0.281319225394275,0.9852941176470589,111.66666666666667,False,mask,360.0,1.0,True,True,19.078174559470444,1143.466666666667,1143.466666666667,39.03468158444586,37.458236379847285
r563_svd_normalised_tr050_tid5_015,5,15,True,40,polygon,176.6048088779285,140.9362926428278,180.22222222222223,7.574068592463722,15.403781712392842,14.931023985431798,-1.0491130796728139,0.24584567424748058,0.980060422960725,180.22222222222223,False,mask,360.0,1.0,True,True,24.237019495883914,1845.475555555556,1845.475555555556,49.2921014796571,47.77927675338176
r563_svd_normalised_tr050_tid5_015,5,15,True,41,polygon,25.69479272562973,85.78769908505592,655.7777777777778,14.447856235660142,30.0856038393395,28.141972189357535,-70.16746209438567,0.3536002832950721,0.988941018766756,655.7777777777778,False,mask,360.0,1.0,True,True,46.23313995411246,6715.164444444446,6715.164444444446,96.27393228588642,90.05431100594411
r563_svd_normalised_tr050_tid5_015,5,15,True,42,polygon,245.159122085048,118.26063100137173,54.0,4.145929793656026,8.499784496125523,8.107595935265303,42.395903881764596,0.30025490689087225,0.9798387096774194,54.0,False,mask,360.0,1.0,True,True,13.266975339699284,552.9600000000002,552.9600000000002,27.199310387601674,25.944306992848972
r563_svd_normalised_tr050_tid5_015,5,15,True,43,polygon,321.7483870967742,155.46594982078852,51.666666666666664,4.055368144344298,8.334826247436528,7.917587025341763,-89.01925312319693,0.3124315917350606,0.9748427672955975,51.666666666666664,False,mask,360.0,1.0,True,True,12.977178061901753,529.0666666666667,529.0666666666667,26.67144399179689,25.336278481093643
r563_svd_normalised_tr050_tid5_015,5,15,True,44,polygon,320.6996864706116,181.39266579354685,933.2222222222222,17.23525048671297,35.24801178579263,33.72252002664458,59.82145474872282,0.29100610175960345,0.98998114097124,933.2222222222222,False,mask,360.0,1.0,True,True,55.15280155748151,9556.195555555558,9556.195555555558,112.79363771453642,107.91206408526267
r563_svd_normalised_tr050_tid5_015,5,15,True,45,polygon,283.60302049622436,120.98166127292342,34.333333333333336,3.30584927448961,6.659291818668055,6.574937917071427,56.15659357939659,0.15866234740989132,0.9967741935483871,34.333333333333336,False,mask,360.0,1.0,True,True,10.578717678366752,351.57333333333344,351.57333333333344,21.309733819737776,21.039801334628567
r563_svd_normalised_tr050_tid5_015,5,15,True,46,polygon,216.69567354965582,107.44542772861358,75.33333333333333,4.896870915102714,10.252559476930887,9.371318868186394,-75.05988072258711,0.4056088057609752,0.9755395683453237,75.33333333333333,False,mask,360.0,1.0,True,True,15.669986928328687,771.4133333333334,771.4133333333334,32.80819032617884,29.988220378196463
r563_svd_normalised_tr050_tid5_015,5,15,True,47,polygon,330.75474563401673,211.13515565679575,48.77777777777778,3.9403615180263194,7.91816202121845,7.873169107785887,85.75021316652281,0.10645278899483092,0.977728285077951,48.77777777777778,False,mask,360.0,1.0,True,True,12.609156857684223,499.48444444444453,499.48444444444453,25.33811846789904,25.194141144914838
r563_svd_normalised_tr050_tid5_015,5,15,True,48,polygon,289.897919556172,214.48377253814147,400.55555555555554,11.29162491845943,22.819079062628088,22.364377594267143,45.98984593454921,0.19863455031888183,0.9863201094391245,400.55555555555554,False,mask,360.0,1.0,True,True,36.13319973907018,4101.68888888889,4101.68888888889,73.02105300040988,71.56600830165486
r563_svd_normalised_tr050_tid5_015,5,15,True,49,polygon,200.11336784813489,175.02115137837959,837.0,16.322541920173855,34.07500652917586,31.29515289279578,-65.38887865422089,0.3956077486922519,0.9893617021276596,837.0,False,mask,360.0,1.0,True,True,52.23213414455634,8570.880000000001,8570.880000000001,109.04002089336275,100.1444892569465
r563_svd_normalised_tr050_tid5_015,5,15,True,50,polygon,330.41442594963723,187.9714041826718,86.77777777777777,5.255684976073692,10.749515578690056,10.296340820827703,61.96332073313245,0.28729446808429726,0.9774718397997497,86.77777777777777,False,mask,360.0,1.0,True,True,16.818191923435815,888.6044444444445,888.6044444444445,34.39844985180818,32.94829062664865
r563_svd_normalised_tr050_tid5_015,5,15,True,51,polygon,309.40671641791045,186.65049751243782,59.55555555555556,4.3539777342679775,9.35551013543289,8.125426764336424,7.891789478939002,0.49565803718192347,0.979890310786106,59.55555555555556,False,mask,360.0,1.0,True,True,13.932728749657528,609.8488888888891,609.8488888888891,29.93763243338525,26.00136564587656
r563_svd_normalised_tr050_tid5_015,5,15,True,52,polygon,238.6242335050282,66.46284032376748,151.0,6.93287767191607,15.280418974337323,12.608526487301168,89.15274251893476,0.564924322654549,0.979106628242075,151.0,False,mask,360.0,1.0,True,True,22.185208550131424,1546.2400000000002,1546.2400000000002,48.89734071787944,40.34728475936374
r563_svd_normalised_tr050_tid5_015,5,15,True,53,polygon,272.69342083123,89.85259969712267,220.11111111111111,8.370396808130753,16.928633011658626,16.5675528215119,51.51276611973453,0.20543650580054873,0.9826388888888888,220.11111111111111,False,mask,360.0,1.0,True,True,26.78526978601841,2253.937777777778,2253.937777777778,54.171625637307606,53.01616902883808
r563_svd_normalised_tr050_tid5_015,5,15,True,54,polygon,257.5571315996848,105.01418439716313,47.0,3.8678889139475245,7.88402067140274,7.602659642067869,41.23373248204737,0.2647667134026623,0.9791666666666666,47.0,False,mask,360.0,1.0,True,True,12.37724452463208,481.2800000000001,481.2800000000001,25.22886614848877,24.328510854617182
r563_svd_normalised_tr050_tid5_015,5,15,True,55,polygon,349.0499643112062,143.36937901498928,103.77777777777777,5.747477066752956,11.859171723686769,11.169652073447203,34.70777322379973,0.336012043862303,0.9759665621734587,103.77777777777777,False,mask,360.0,1.0,True,True,18.39192661360946,1062.6844444444446,1062.6844444444446,37.949349515797664,35.74288663503105
r563_svd_normalised_tr050_tid5_015,5,15,True,56,polygon,306.08765609990394,148.38616714697406,154.22222222222223,7.0064583066315915,14.37440072003124,13.677354822494612,71.41811129998108,0.3076245297842978,0.9836995038979447,154.22222222222223,False,mask,360.0,1.0,True,True,22.420666581221095,1579.235555555556,1579.235555555556,45.99808230409997,43.767535431982765
r563_svd_normalised_tr050_tid5_015,5,15,True,57,polygon,220.32923076923078,115.56615384615384,36.111111111111114,3.3903574542735164,7.186873391465074,6.416186495547773,24.118948346202668,0.4505233432193841,0.9615384615384616,36.111111111111114,False,mask,360.0,1.0,True,True,10.849143853675253,369.7777777777779,369.7777777777779,22.997994852688237,20.531796785752874
r563_svd_normalised_tr050_tid5_015,5,15,True,58,polygon,236.49657869012708,97.33235581622678,37.888888888888886,3.472809800414142,7.184250430781536,6.744841920906239,-77.74542602041141,0.34436117258852517,0.9742857142857143,37.888888888888886,False,mask,360.0,1.0,True,True,11.112991361325255,387.9822222222223,387.9822222222223,22.989601378500918,21.583494146899966
r563_svd_normalised_tr050_tid5_015,5,15,True,59,polygon,239.1952614379085,147.91535947712418,226.66666666666666,8.494129788761523,17.445253308758584,16.55420636005108,57.63906510596187,0.31550701612601073,0.9788867562380038,226.66666666666666,False,mask,360.0,1.0,True,True,27.181215324036874,2321.066666666667,2321.066666666667,55.824810588027475,52.97346035216346
r563_svd_normalised_tr050_tid5_015,5,15,True,60,polygon,349.67003367003366,156.70763187429853,66.0,4.583497844237541,9.593324229464226,8.781816319567854,21.916258241014358,0.40252475165294554,0.9753694581280788,66.0,False,mask,360.0,1.0,True,True,14.66719310156013,675.8400000000001,675.8400000000001,30.698637534285524,28.101812222617134
r563_svd_normalised_tr050_tid5_015,5,15,True,61,polygon,363.12695868945866,98.2647792022792,416.0,11.507254783503184,23.33561809082344,22.70607803928185,44.76498147403814,0.2307108563579775,0.9868212967843965,416.0,False,mask,360.0,1.0,True,True,36.82321530721019,4259.840000000001,4259.840000000001,74.67397789063502,72.65944972570192
r563_svd_normalised_tr050_tid5_015,5,15,True,62,polygon,284.6894679695983,183.75570032573287,68.22222222222223,4.660022295092679,9.601025288472343,9.063377320479736,47.407641906944676,0.3299426344972184,0.9792663476874003,68.22222222222223,False,mask,360.0,1.0,True,True,14.912071344296573,698.5955555555557,698.5955555555557,30.7232809231115,29.002807425535156
r563_svd_normalised_tr050_tid5_015,5,15,True,63,polygon,325.73961719032144,226.73131094257857,102.55555555555556,5.713531938862713,11.778688669195176,11.102273489434419,23.410615570576788,0.3340003110475519,0.9736286919831224,102.55555555555556,False,mask,360.0,1.0,True,True,18.28330220436068,1050.1688888888891,1050.1688888888891,37.691803741424565,35.527275166190144
r563_svd_normalised_tr050_tid5_015,5,15,True,64,polygon,228.4908256880734,108.02599388379205,24.22222222222222,2.7767197911697967,5.681901526093957,5.4491874410732075,-75.28632723427428,0.28326078815960326,0.9688888888888889,24.22222222222222,False,mask,360.0,1.0,True,True,8.88550333174335,248.0355555555556,248.0355555555556,18.18208488350066,17.437399811434265
r563_svd_normalised_tr050_tid5_015,5,15,True,65,polygon,113.93906810035843,75.37670250896058,103.33333333333333,5.735156630147518,12.12863998739145,10.871901008826434,-88.33231027695682,0.4432813533361064,0.9748427672955975,103.33333333333333,False,mask,360.0,1.0,True,True,18.35250121647206,1058.1333333333334,1058.1333333333334,38.811647959652646,34.79008322824459
r563_svd_normalised_tr050_tid5_015,5,15,True,66,polygon,199.63908246225319,35.06997677119629,127.55555555555556,6.371985120117519,13.790434017236171,11.79744835144024,83.3391353299973,0.5178349105863718,0.9795221843003413,127.55555555555556,False,mask,360.0,1.0,True,True,20.39035238437606,1306.1688888888891,1306.1688888888891,44.12938885515575,37.75183472460877
r563_svd_normalised_tr050_tid5_015,5,15,True,67,polygon,276.88888888888886,183.19304779639972,59.666666666666664,4.358037388048988,8.950192175774387,8.511910423300874,17.459931638413845,0.30909544286017643,0.9675675675675676,59.666666666666664,False,mask,360.0,1.0,True,True,13.945719641756762,610.9866666666668,610.9866666666668,28.64061496247804,27.2381133545628
r563_svd_normalised_tr050_tid5_015,5,15,True,68,polygon,202.7411571796674,81.49273834621691,316.22222222222223,10.032779254241614,22.321911934481548,18.06325927684931,-88.75243521312991,0.5875105689298562,0.9820565907522429,316.22222222222223,False,mask,360.0,1.0,True,True,32.10489361357317,3238.115555555556,3238.115555555556,71.43011819034096,57.80242968591779
r563_svd_normalised_tr050_tid5_015,5,15,True,69,polygon,385.6322751322751,78.31084656084656,224.0,8.444016491289505,16.930284121487677,16.855591102568727,54.11999196632501,0.0938303523016276,0.976271186440678,224.0,False,mask,360.0,1.0,True,True,27.020852772126418,2293.76,2293.76,54.17690918876057,53.93789152821993
r563_svd_normalised_tr050_tid5_015,5,15,True,70,polygon,336.8187863674148,200.87115544472155,44.55555555555556,3.765962535361239,7.784041325994554,7.319172787147479,-85.082157188329,0.3404039839730105,0.9876847290640394,44.55555555555556,False,mask,360.0,1.0,True,True,12.051080113155965,456.248888888889,456.248888888889,24.908932243182576,23.421352918871932
r563_svd_normalised_tr050_tid5_015,5,15,True,71,polygon,346.03168724279834,173.96090534979422,90.0,5.352372348458314,10.794646688935016,10.634324406532821,74.50292420368376,0.17170746266632564,0.9735576923076923,90.0,False,mask,360.0,1.0,True,True,17.127591515066605,921.6000000000001,921.6000000000001,34.542869404592054,34.02983810090503
r563_svd_normalised_tr050_tid5_015,5,15,True,72,polygon,154.21582414797922,89.20334473584188,584.6666666666666,13.642037242366806,28.591516658484462,26.40054436132174,59.97620396381453,0.38391161186346373,0.9757092527350268,584.6666666666666,False,mask,360.0,1.0,True,True,43.65451917557378,5986.986666666668,5986.986666666668,91.49285330715028,84.48174195622957
r563_svd_normalised_tr050_tid5_015,5,15,True,73,polygon,296.49906751212234,198.9730200174064,297.8888888888889,9.737606395703109,19.893059441842006,19.075266225775493,-45.84228515944914,0.28377624943158064,0.9813323572474377,297.8888888888889,False,mask,360.0,1.0,True,True,31.16034046624995,3050.382222222223,3050.382222222223,63.65779021389442,61.04085192248158
r563_svd_normalised_tr050_tid5_015,5,15,True,74,polygon,325.8079877112135,118.99539170506911,24.11111111111111,2.770343847529131,5.696528639885475,5.422429579721041,73.50615696777128,0.30646122780109625,0.9601769911504425,24.11111111111111,False,mask,360.0,1.0,True,True,8.865100312093219,246.89777777777783,246.89777777777783,18.22889164763352,17.35177465510733
r563_svd_normalised_tr050_tid5_015,5,15,True,75,polygon,65.2862783810464,81.26609630360865,675.3333333333334,14.66169418823941,31.495352679491035,27.333602314725336,-75.27814888805428,0.4968063111173242,0.9863680623174295,675.3333333333334,False,mask,360.0,1.0,True,True,46.91742140236612,6915.413333333335,6915.413333333335,100.78512857437131,87.46752740712108
r563_svd_normalised_tr050_tid5_015,5,15,True,76,polygon,136.99084249084248,76.81776556776556,40.44444444444444,3.588017071848705,7.785490951955381,6.631129299237469,74.12480962784738,0.5239823650114607,0.9758713136729222,40.44444444444444,False,mask,360.0,1.0,True,True,11.481654629915857,414.15111111111116,414.15111111111116,24.91357104625722,21.2196137575599
r563_svd_normalised_tr050_tid5_015,5,15,True,77,polygon,209.11111111111111,66.37282463186078,55.333333333333336,4.19680200098874,8.748722478340193,8.079893034106199,-71.47898133455311,0.38347516743655086,0.9783889980353635,55.333333333333336,False,mask,360.0,1.0,True,True,13.429766403163967,566.6133333333335,566.6133333333335,27.99591193068862,25.855657709139837
r563_svd_normalised_tr050_tid5_015,5,15,True,78,polygon,221.37659456461452,164.43094841930116,200.33333333333334,7.9854918779091335,16.394243264488654,15.572035889692016,83.45068781515198,0.3127125800681677,0.9841703056768559,200.33333333333334,False,mask,360.0,1.0,True,True,25.55357400930923,2051.413333333334,2051.413333333334,52.461578446363696,49.830514847014456
r563_svd_normalised_tr050_tid5_015,5,15,True,79,polygon,255.1147303655447,233.05881288454577,204.66666666666666,8.071395379504246,16.537725226705607,15.779486241285158,40.88789970763332,0.2993258491889961,0.9839743589743589,204.66666666666666,False,mask,360.0,1.0,True,True,25.828465214413587,2095.786666666667,2095.786666666667,52.92072072545795,50.49435597211251
r563_svd_normalised_tr050_tid5_015,5,15,True,80,polygon,342.88617886178866,97.57280719148655,560.3333333333334,13.355135325346478,27.456187417295727,26.00731102811973,-88.48881287659373,0.3205561577226643,0.9857310398749023,560.3333333333334,False,mask,360.0,1.0,True,True,42.73643304110873,5737.813333333334,5737.813333333334,87.85979973534633,83.22339528998315
r563_svd_normalised_tr050_tid5_015,5,15,True,81,polygon,297.03911375170196,161.01571976729792,299.22222222222223,9.759374544468333,19.821938448085906,19.236301604440442,78.06071908707342,0.24128171303034932,0.9842836257309941,299.22222222222223,False,mask,360.0,1.0,True,True,31.229998542298667,3064.035555555556,3064.035555555556,63.4302030338749,61.556165134209415
r563_svd_normalised_tr050_tid5_015,5,15,True,82,polygon,290.9423264907136,123.59335288367545,37.888888888888886,3.472809800414142,7.078314184984577,6.838834283245276,47.88573795258857,0.25791691772223824,0.9551820728291317,37.888888888888886,False,mask,360.0,1.0,True,True,11.112991361325255,387.9822222222223,387.9822222222223,22.65060539195065,21.884269706384885
r563_svd_normalised_tr050_tid5_015,5,15,True,83,polygon,204.6251673360107,202.3012048192771,83.0,5.140011726956917,10.368334912457929,10.218069153864208,-42.27089662463577,0.16963335177671224,0.9688715953307393,83.0,False,mask,360.0,1.0,True,True,16.448037526262137,849.9200000000002,849.9200000000002,33.17867171986537,32.69782129236547
r563_svd_normalised_tr050_tid5_015,5,15,True,84,polygon,176.0407619047619,121.44228571428572,97.22222222222223,5.5629843151037885,11.51917138246,10.767469452783073,85.48536348940767,0.35532347425844324,0.9798432250839866,97.22222222222223,False,mask,360.0,1.0,True,True,17.801549808332123,995.5555555555558,995.5555555555558,36.861348423872,34.455902248905836
r563_svd_normalised_tr050_tid5_015,5,15,True,85,polygon,209.05683563748082,117.84024577572966,24.11111111111111,2.770343847529131,5.664570191886806,5.463979782971639,42.52982012833929,0.2637590739764412,0.9774774774774775,24.11111111111111,False,mask,360.0,1.0,True,True,8.865100312093219,246.89777777777783,246.89777777777783,18.12662461403778,17.484735305509243
r563_svd_normalised_tr050_tid5_015,5,15,True,86,polygon,288.34513006654566,99.89398064125832,244.88888888888889,8.828961113851232,19.38485732192895,16.11395906429625,80.18753720453522,0.5558758996775836,0.9786856127886323,244.88888888888889,False,mask,360.0,1.0,True,True,28.252675564323944,2507.6622222222227,2507.6622222222227,62.03154343017265,51.564669005748
r563_svd_normalised_tr050_tid5_015,5,15,True,87,polygon,193.28612303290416,174.24463519313304,25.88888888888889,2.870660076645618,5.974460446399317,5.529759206359324,52.027016577317376,0.37858557524785735,0.9872881355932204,25.88888888888889,False,mask,360.0,1.0,True,True,9.186112245265978,265.1022222222223,265.1022222222223,19.118273428477817,17.695229460349836
r563_svd_normalised_tr050_tid5_015,5,15,True,88,polygon,153.6275031685678,84.2680608365019,292.22222222222223,9.644543654104632,21.111830477153052,17.698054740932886,81.37639326921128,0.5452087069059496,0.9784226190476191,292.22222222222223,False,mask,360.0,1.0,True,True,30.862539693134824,2992.3555555555563,2992.3555555555563,67.55785752688978,56.63377517098524
r563_svd_normalised_tr050_tid5_015,5,15,True,89,polygon,164.52277432712216,79.95341614906833,35.77777777777778,3.374673372691556,6.980917331240228,6.572799207042361,80.41032824403082,0.33690669794694,0.9698795180722891,35.77777777777778,False,mask,360.0,1.0,True,True,10.79895479261298,366.36444444444453,366.36444444444453,22.33893545996873,21.032957462535556
r563_svd_normalised_tr050_tid5_015,5,15,True,90,polygon,136.16341689879295,40.90157845868152,39.888888888888886,3.563288885597138,7.554624209812439,6.754617899182029,-84.48764980118712,0.4478598767932281,0.967654986522911,39.888888888888886,False,mask,360.0,1.0,True,True,11.402524433910841,408.4622222222223,408.4622222222223,24.174797471399806,21.614777277382494
r563_svd_normalised_tr050_tid5_015,5,15,True,91,polygon,312.1222505830139,242.48085084757452,911.4319453623611,17.03284470640662,35.725172843515885,32.483291270650405,73.2074495351007,0.41623957503221903,0.9941223193010326,695.3333333333334,True,ellipse,230.0,0.6416666666666667,True,True,54.50510306050119,9333.06312051058,7120.213333333335,114.32055309925084,103.9465320660813
r563_svd_normalised_tr050_tid5_015,5,15,True,92,polygon,283.8099415204678,33.510233918128655,25.333333333333332,2.8396919639266094,5.89442803407261,5.4951391836639365,-29.699342707980243,0.3617891455454584,0.9827586206896551,25.333333333333332,False,mask,360.0,1.0,True,True,9.08701428456515,259.41333333333336,259.41333333333336,18.862169709032354,17.584445387724596
r563_svd_normalised_tr050_tid5_015,5,15,True,93,polygon,305.57623554153525,162.8838065194532,70.44444444444444,4.73531024257033,9.891844673470368,9.08333463270758,1.7818918559946817,0.39596642708898305,0.9768875192604006,70.44444444444444,False,mask,360.0,1.0,True,True,15.152992776225057,721.3511111111112,721.3511111111112,31.65390295510518,29.066670824664257
r563_svd_normalised_tr050_tid5_015,5,15,True,94,polygon,346.6999334664005,229.99600798403193,55.666666666666664,4.2094239903931845,8.572164833242601,8.282608456382762,42.7707117679066,0.2577137029210445,0.978515625,55.666666666666664,False,mask,360.0,1.0,True,True,13.47015676925819,570.0266666666668,570.0266666666668,27.430927466376325,26.50434706042484
r563_svd_normalised_tr050_tid5_015,5,15,True,95,polygon,95.40283958465777,86.0862470862471,174.77777777777777,7.458786399401736,15.562671277715166,14.38216807489006,46.968842414402495,0.3820414057781265,0.9782338308457711,174.77777777777777,False,mask,360.0,1.0,True,True,23.868116478085554,1789.7244444444448,1789.7244444444448,49.80054808868854,46.02293783964819
r563_svd_normalised_tr050_tid5_015,5,15,True,96,polygon,106.37903780068729,85.78026509572902,754.4444444444445,15.496681104130145,38.47774307812207,25.001238215169675,-87.48898307263794,0.7601407587370606,0.9900845727617381,754.4444444444445,False,mask,360.0,1.0,True,True,49.589379533216466,7725.511111111113,7725.511111111113,123.12877784999063,80.00396228854297
r563_svd_normalised_tr050_tid5_015,5,15,True,97,polygon,176.1049210770659,179.3992571959146,39.888888888888886,3.563288885597138,7.334807783654299,6.952915913654693,-6.7359848027208375,0.3184659396388353,0.9755434782608695,39.888888888888886,False,mask,360.0,1.0,True,True,11.402524433910841,408.4622222222223,408.4622222222223,23.47138490769376,22.24933092369502
r563_svd_normalised_tr050_tid5_015,5,15,True,98,polygon,340.73721578143255,37.73739552440011,412.1111111111111,11.453341908493488,23.796520188020263,22.223859102151792,80.1482025854363,0.35750260708075304,0.9722149410222805,412.1111111111111,False,mask,360.0,1.0,True,True,36.65069410717916,4220.017777777778,4220.017777777778,76.14886460166484,71.11634912688574
r563_svd_normalised_tr050_tid5_015,5,15,True,99,polygon,212.9779781742142,57.44808207541005,566.7777777777778,13.431715077976687,27.525919657886547,26.253363134177395,-55.67168126035738,0.30054133137592937,0.9853196832142167,566.7777777777778,False,mask,360.0,1.0,True,True,42.9814882495254,5803.804444444446,5803.804444444446,88.08294290523696,84.01076202936767
r563_svd_normalised_tr050_tid5_015,5,15,True,100,polygon,155.47619047619048,71.17525370804059,94.88888888888889,5.495823088703691,11.494690547523183,10.538963403106719,77.26200780727912,0.3992205959989135,0.9726651480637813,94.88888888888889,False,mask,360.0,1.0,True,True,17.586633883851814,971.6622222222223,971.6622222222223,36.783009752074186,33.7246828899415
r563_svd_normalised_tr050_tid5_015,5,15,True,101,polygon,241.3897975077882,231.6351246105919,95.11111111111111,5.5022547153500305,11.395429790520389,10.644661490022244,62.8668615594215,0.3569677224536523,0.9805269186712485,95.11111111111111,False,mask,360.0,1.0,True,True,17.6072150891201,973.937777777778,973.937777777778,36.46537532966524,34.06291676807118
r563_svd_normalised_tr050_tid5_015,5,15,True,102,polygon,232.4808881394042,48.985103991006184,131.77777777777777,6.476586249406187,13.819185638194943,12.187557043690992,-80.06776088869047,0.47138003391449085,0.9793559042113955,131.77777777777777,False,mask,360.0,1.0,True,True,20.7250759980998,1349.4044444444446,1349.4044444444446,44.22139404222382,39.00018253981118
r563_svd_normalised_tr050_tid5_015,5,15,True,103,polygon,356.85906993255236,5.612353567625132,104.33333333333333,5.762840572019048,11.764372671951428,11.297952860342193,38.122459250772145,0.27878619854674064,0.9720496894409938,104.33333333333333,False,mask,360.0,1.0,True,True,18.441089830460953,1068.3733333333334,1068.3733333333334,37.64599255024457,36.15344915309502
r563_svd_normalised_tr050_tid5_015,5,15,True,104,polygon,254.73677172874878,199.45217022179773,1745.0,23.568002702620237,48.131547502725816,46.17893898784416,-4.79294178683135,0.2819406890785111,0.9912269628881596,1745.0,False,mask,360.0,1.0,True,True,75.41760864838476,17868.800000000003,17868.800000000003,154.02095200872262,147.77260476110132
r563_svd_normalised_tr050_tid5_015,5,15,True,105,polygon,159.56468646864687,116.32079207920792,112.22222222222223,5.97674181999253,12.312884100874648,11.640620998286051,69.14641140110855,0.3259075206698445,0.9786821705426356,112.22222222222223,False,mask,360.0,1.0,True,True,19.125573823976097,1149.1555555555558,1149.1555555555558,39.401229122798874,37.24998719451536
r563_svd_normalised_tr050_tid5_015,5,15,True,106,polygon,242.58108108108107,98.08108108108108,24.666666666666668,2.8020784891219894,5.87311208316596,5.366160771293814,-86.27437330694522,0.40642830301691196,0.9779735682819384,24.666666666666668,False,mask,360.0,1.0,True,True,8.966651165190367,252.58666666666673,252.58666666666673,18.793958666131072,17.171714468140205
r563_svd_normalised_tr050_tid5_015,5,15,True,107,polygon,183.6269987699877,188.53628536285362,120.44444444444444,6.191821816120116,12.688960196911928,12.118191509999576,-41.13080772681166,0.2965462836523969,0.9827742520398912,120.44444444444444,False,mask,360.0,1.0,True,True,19.813829811584373,1233.3511111111113,1233.3511111111113,40.60467263011817,38.778212831998644
r563_svd_normalised_tr050_tid5_015,5,15,True,108,polygon,300.8560996563574,134.13788659793815,86.22222222222223,5.238834387730639,10.906437577213033,10.106506610648921,52.529056210757886,0.375912519764697,0.9885350318471338,86.22222222222223,False,mask,360.0,1.0,True,True,16.764270040738047,882.9155555555558,882.9155555555558,34.900600247081705,32.34082115407655
r563_svd_normalised_tr050_tid5_015,5,15,True,109,polygon,345.9956204379562,57.65012165450122,76.11111111111111,4.922084834203859,10.087053690051148,9.650928257691229,80.72585060522465,0.29086585885190086,0.9743954480796586,76.11111111111111,False,mask,360.0,1.0,True,True,15.75067146945235,779.377777777778,779.377777777778,32.278571808163676,30.882970424611933
r563_svd_normalised_tr050_tid5_015,5,15,True,110,polygon,75.89485738080366,68.78909015198833,177.88888888888889,7.524878203372013,16.644939391145552,13.761168552339505,-76.21603778240019,0.5625725937585114,0.9876619370758791,177.88888888888889,False,mask,360.0,1.0,True,True,24.07961025079044,1821.5822222222225,1821.5822222222225,53.26380605166577,44.03573936748642
r563_svd_normalised_tr050_tid5_015,5,15,True,111,polygon,249.7014157014157,63.55984555984556,57.55555555555556,4.280245593203004,8.643143970788483,8.505342182325313,80.56855585525581,0.17785602155777366,0.9736842105263158,57.55555555555556,False,mask,360.0,1.0,True,True,13.696785898249614,589.368888888889,589.368888888889,27.658060706523145,27.217094983441
r563_svd_normalised_tr050_tid5_015,5,15,True,112,polygon,303.00333333333333,19.07,88.88888888888889,5.319230405352436,10.992524822396897,10.299149815294317,34.31492631748014,0.3495357064116483,0.9768009768009768,88.88888888888889,False,mask,360.0,1.0,True,True,17.021537297127797,910.2222222222224,910.2222222222224,35.17607943167007,32.957279408941815
r563_svd_normalised_tr050_tid5_015,5,15,True,113,polygon,302.1876075731497,140.72403901319564,129.11111111111111,6.410720948757677,13.299796417741229,12.378508314031427,-88.67461652082147,0.3657092225904679,0.9740150880134115,129.11111111111111,False,mask,360.0,1.0,True,True,20.51430703602457,1322.097777777778,1322.097777777778,42.559348536771935,39.611226604900565
r563_svd_normalised_tr050_tid5_015,5,15,True,114,polygon,367.1666666666667,53.05942028985507,25.555555555555557,2.8521195592493016,5.874571535966825,5.578692124876035,-75.0159949182409,0.3133616212099673,0.9787234042553191,25.555555555555557,False,mask,360.0,1.0,True,True,9.126782589597765,261.688888888889,261.688888888889,18.79862891509384,17.851814799603314
r563_svd_normalised_tr050_tid5_015,5,15,True,115,polygon,263.0214152700186,99.8584729981378,39.77777777777778,3.5583226268971964,7.585335750334413,6.737946142573487,-85.49861145423083,0.45929109765269155,0.9754768392370572,39.77777777777778,False,mask,360.0,1.0,True,True,11.38663240607103,407.3244444444445,407.3244444444445,24.273074401070122,21.56142765623516
r563_svd_normalised_tr050_tid5_015,5,15,True,116,polygon,274.13453815261045,126.98393574297188,55.333333333333336,4.19680200098874,8.903476669609987,7.919874688475399,79.63090943686224,0.4568844004346163,0.974559686888454,55.333333333333336,False,mask,360.0,1.0,True,True,13.429766403163967,566.6133333333335,566.6133333333335,28.491125342751957,25.34359900312128
r563_svd_normalised_tr050_tid5_015,5,15,True,117,polygon,173.7301587301587,107.55555555555556,11.666666666666666,1.9270742950937028,3.9745495427009536,3.7813485890706215,11.765262522529863,0.3079872699706279,0.9545454545454546,11.666666666666666,False,mask,360.0,1.0,True,True,6.166637744299849,119.46666666666668,119.46666666666668,12.718558536643052,12.10031548502599
r563_svd_normalised_tr050_tid5_015,5,15,True,118,polygon,331.11192214111924,108.87834549878346,121.77777777777777,6.225999565062577,12.856353229305585,12.1029475365278,-12.211623338182974,0.33729729610117504,0.9742222222222222,121.77777777777777,False,mask,360.0,1.0,True,True,19.92319860820025,1247.0044444444445,1247.0044444444445,41.140330333777875,38.729432116888965
r563_svd_normalised_tr050_tid5_015,5,15,True,119,polygon,196.40663900414938,203.68326417704012,26.77777777777778,2.9195258856018533,6.107393791613191,5.595381443483401,-41.81726646996093,0.4008009351778461,0.9836734693877551,26.77777777777778,False,mask,360.0,1.0,True,True,9.342482833925931,274.2044444444445,274.2044444444445,19.543660133162213,17.905220619146885
r563_svd_normalised_tr050_tid5_015,5,15,True,120,polygon,57.534039334341905,140.6646495209279,73.44444444444444,4.835089735666014,9.904382269459358,9.467761940275963,44.803065776856066,0.2936387921745678,0.9763663220088626,73.44444444444444,False,mask,360.0,1.0,True,True,15.472287154131246,752.0711111111112,752.0711111111112,31.694023262269948,30.296838208883084
r563_svd_normalised_tr050_tid5_015,5,15,True,121,polygon,213.65573770491804,55.51730418943534,20.333333333333332,2.5440717401579716,5.297754700901339,4.975222293607648,43.5333621230886,0.3435919587520603,0.9682539682539683,20.333333333333332,False,mask,360.0,1.0,True,True,8.141029568505509,208.21333333333337,208.21333333333337,16.952815042884286,15.920711339544475
r563_svd_normalised_tr050_tid5_015,5,15,True,122,polygon,256.5833333333333,194.6840277777778,21.333333333333332,2.6058800634822394,5.285233881580484,5.168135876143122,85.42989715241178,0.20933348067884608,0.9896907216494846,21.333333333333332,False,mask,360.0,1.0,True,True,8.338816203143166,218.45333333333338,218.45333333333338,16.91274842105755,16.53803480365799
r563_svd_normalised_tr050_tid5_015,5,15,True,123,polygon,195.6150234741784,135.5117370892019,15.777777777777779,2.241031603676661,4.591018708930355,4.399962941508587,-65.84802918129823,0.2854792645437755,0.9793103448275862,15.777777777777779,False,mask,360.0,1.0,True,True,7.171301131765316,161.5644444444445,161.5644444444445,14.691259868577138,14.07988141282748
r563_svd_normalised_tr050_tid5_015,5,15,True,124,polygon,260.6225680933852,222.0590142671855,114.22222222222223,6.029764718064479,12.368858978903441,11.766578752388712,0.866341587706944,0.30824586144233074,0.9753320683111955,114.22222222222223,False,mask,360.0,1.0,True,True,19.295247097806335,1169.6355555555558,1169.6355555555558,39.58034873249102,37.65305200764388
r563_svd_normalised_tr050_tid5_015,5,15,True,125,polygon,199.82395382395381,169.32178932178934,25.666666666666668,2.858313094358972,5.937771667276741,5.562235341662571,10.743688625986689,0.3499866958945957,0.9506172839506173,25.666666666666668,False,mask,360.0,1.0,True,True,9.146601901948712,262.8266666666667,262.8266666666667,19.00086933528557,17.79915309332023
r563_svd_normalised_tr050_tid5_015,5,15,True,126,polygon,395.5554630284275,82.53425144123074,211.31005815322186,8.201346265110518,16.402692530221035,16.402692530221035,,0.0,0.9836814621409922,167.44444444444446,True,circle,240.0,0.6583333333333333,True,True,26.24430804835366,2163.8149954889923,1714.6311111111115,52.48861609670732,52.48861609670732
r563_svd_normalised_tr050_tid5_015,5,15,True,127,polygon,199.6555142503098,232.43122676579924,89.66666666666667,5.342451353184844,10.996609436995222,10.429933092191936,-71.99702745907085,0.3168726748755577,0.9746376811594203,89.66666666666667,False,mask,360.0,1.0,True,True,17.0958443301915,918.1866666666668,918.1866666666668,35.18915019838471,33.3757858950142
r563_svd_normalised_tr050_tid5_015,5,15,True,128,polygon,156.2594501718213,52.59020618556701,43.111111111111114,3.70441532107761,8.107826954281984,6.815672914132325,66.11231102065105,0.5416116744485012,0.97,43.111111111111114,False,mask,360.0,1.0,True,True,11.854129027448352,441.4577777777779,441.4577777777779,25.94504625370235,21.81015332522344
r563_svd_normalised_tr050_tid5_015,5,15,True,129,polygon,283.3793650793651,114.42222222222222,23.333333333333332,2.7252946038220864,5.841964901583903,5.098501885151123,-42.60978393045565,0.48818976186336516,0.9767441860465116,23.333333333333332,False,mask,360.0,1.0,True,True,8.720942732230677,238.93333333333337,238.93333333333337,18.69428768506849,16.315206032483594
r563_svd_normalised_tr050_tid5_015,5,15,True,130,polygon,321.0358565737052,188.97211155378486,27.88888888888889,2.9794813387592494,6.097965606757254,5.8314865772641875,-74.02712096006584,0.2923861514002734,0.9881889763779528,27.88888888888889,False,mask,360.0,1.0,True,True,9.534340284029598,285.5822222222223,285.5822222222223,19.513489941623213,18.6607570472454
r563_svd_normalised_tr050_tid5_015,5,15,True,131,polygon,195.91120815138285,119.5269286754003,25.444444444444443,2.845912545234111,5.97222253597072,5.45714666154349,-31.128397763996812,0.4062662572403664,0.9703389830508474,25.444444444444443,False,mask,360.0,1.0,True,True,9.106920144749155,260.55111111111114,260.55111111111114,19.111112115106305,17.46286931693917
r563_svd_normalised_tr050_tid5_015,5,15,True,132,polygon,185.57185450208706,175.59630292188433,62.111111111111114,4.446412116361523,9.073781652437427,8.754723823685948,-21.092919630651572,0.26284749818589703,0.9654576856649395,62.111111111111114,False,mask,360.0,1.0,True,True,14.228518772356873,636.017777777778,636.017777777778,29.036101287799767,28.015116235795034
r563_svd_normalised_tr050_tid5_015,5,15,True,133,polygon,208.23227383863082,88.45346373268133,227.22222222222223,8.504532890993106,17.926149877213852,16.165730188806908,62.235678088458776,0.4321619846895789,0.9752026704816404,227.22222222222223,False,mask,360.0,1.0,True,True,27.21450525117794,2326.755555555556,2326.755555555556,57.36367960708433,51.730336604182106
r563_svd_normalised_tr050_tid5_015,5,15,True,134,polygon,182.63982102908278,222.8758389261745,33.111111111111114,3.246474088791812,6.559738667970998,6.44313808005461,-43.69339428361038,0.1877083339927593,0.9867549668874173,33.111111111111114,False,mask,360.0,1.0,True,True,10.3887170841338,339.05777777777786,339.05777777777786,20.991163737507193,20.618041856174756
r563_svd_normalised_tr050_tid5_015,5,15,True,135,polygon,236.0921409214092,103.43631436314364,13.666666666666666,2.085721724290772,4.238455574389963,4.171469411615079,-84.82085299561058,0.17708467380174384,0.9609375,13.666666666666666,False,mask,360.0,1.0,True,True,6.674309517730471,139.9466666666667,139.9466666666667,13.563057838047882,13.348702117168253
r563_svd_normalised_tr050_tid5_015,5,15,True,136,polygon,323.47491638795987,173.23968784838348,33.22222222222222,3.251916630900638,6.661190073302301,6.383150623121289,24.42801948757245,0.2858988780056947,0.9739413680781759,33.22222222222222,False,mask,360.0,1.0,True,True,10.406133218882042,340.1955555555556,340.1955555555556,21.315808234567363,20.426081993988127
r563_svd_normalised_tr050_tid5_015,5,15,True,137,polygon,117.91799491799492,85.98544698544698,160.33333333333334,7.143926447325806,15.376360713491415,13.314684789868954,-49.8401905525984,0.5001840378872326,0.9829700272479565,160.33333333333334,False,mask,360.0,1.0,True,True,22.860564631442582,1641.8133333333337,1641.8133333333337,49.204354283172535,42.60699132758066
r563_svd_normalised_tr050_tid5_015,5,15,True,138,polygon,182.0716723549488,169.04550625711036,32.55555555555556,3.219123356371881,7.63202040315898,5.454837935250718,84.94199926894093,0.6993999423172849,0.9766666666666667,32.55555555555556,False,mask,360.0,1.0,True,True,10.30119474039002,333.368888888889,333.368888888889,24.422465290108736,17.455481392802298
r563_svd_normalised_tr050_tid5_015,5,15,True,139,polygon,316.61351909184725,198.1341589267286,71.77777777777777,4.779913835517316,9.900526874141248,9.256912376428293,-75.37600066655499,0.35466908186331647,0.9862595419847329,71.77777777777777,False,mask,360.0,1.0,True,True,15.295724273655413,735.0044444444445,735.0044444444445,31.681685997251993,29.62211960457054
r563_svd_normalised_tr050_tid5_015,5,15,True,140,polygon,322.9503981797497,100.44800910125143,162.77777777777777,7.198178652804806,15.215986251005996,13.63989243861087,-89.37008712697538,0.44320849568583454,0.978623914495658,162.77777777777777,False,mask,360.0,1.0,True,True,23.03417168897538,1666.8444444444447,1666.8444444444447,48.69115600321919,43.647655803554784
r563_svd_normalised_tr050_tid5_015,5,15,True,141,polygon,359.10769230769233,19.044444444444444,21.666666666666668,2.6261595916183005,5.553279457469782,4.9984943572860665,-0.7496250313895407,0.43568800350025527,0.9898477157360406,21.666666666666668,False,mask,360.0,1.0,True,True,8.403710693178562,221.86666666666673,221.86666666666673,17.770494263903302,15.995181943315414
r563_svd_normalised_tr050_tid5_015,5,15,True,142,polygon,171.0737463126844,120.29793510324482,37.666666666666664,3.462610630664304,7.298830048521061,6.592748168210856,-8.008371226569732,0.4290916627516804,0.9741379310344828,37.666666666666664,False,mask,360.0,1.0,True,True,11.080354018125774,385.7066666666667,385.7066666666667,23.356256155267396,21.096794138274742
r563_svd_normalised_tr050_tid5_015,5,15,True,143,polygon,247.06021443614782,85.64417001723147,386.8888888888889,11.097322117880308,22.49192019383622,22.031332245723487,14.93766433767666,0.20133681410051246,0.9825056433408578,386.8888888888889,False,mask,360.0,1.0,True,True,35.51143077721699,3961.742222222223,3961.742222222223,71.97414462027591,70.50026318631517
r563_svd_normalised_tr050_tid5_015,5,15,True,144,polygon,380.5479384003974,25.795827123695975,223.66666666666666,8.437731401850531,18.437009028898416,15.4576049709134,-85.57139717583108,0.5450540616965487,0.9795620437956204,223.66666666666666,False,mask,360.0,1.0,True,True,27.0007404859217,2290.346666666667,2290.346666666667,58.998428892474934,49.464335906922884
r563_svd_normalised_tr050_tid5_015,5,15,True,145,polygon,222.40594059405942,132.16611661166118,33.666666666666664,3.2735963151943896,6.792219428737823,6.35641908846267,21.506116255686813,0.35242967364101024,0.9588607594936709,33.666666666666664,False,mask,360.0,1.0,True,True,10.475508208622047,344.7466666666667,344.7466666666667,21.735102171961035,20.340541083080545
r563_svd_normalised_tr050_tid5_015,5,15,True,146,polygon,190.75769482645708,111.10281597904388,56.55555555555556,4.242899062192023,9.07242865836477,7.961823407601499,8.614023851122889,0.47942186183882035,0.9883495145631068,56.55555555555556,False,mask,360.0,1.0,True,True,13.577276999014472,579.128888888889,579.128888888889,29.031771706767262,25.477834904324798
r563_svd_normalised_tr050_tid5_015,5,15,True,147,polygon,-4.238057169286611,152.0798450995161,647.9127119372001,14.360954759129399,28.721909518258798,28.721909518258798,,0.0,0.9848331648129424,216.44444444444446,True,circle,160.0,0.41388888888888886,True,True,45.95505522921408,6634.62617023693,2216.3911111111115,91.91011045842816,91.91011045842816
r563_svd_normalised_tr050_tid5_015,5,15,True,148,polygon,207.1405342624855,198.47560975609755,63.77777777777778,4.505673888054876,9.108531792221992,8.934044230945139,43.69028683327886,0.1947973882711495,0.9761904761904762,63.77777777777778,False,mask,360.0,1.0,True,True,14.418156441775603,653.0844444444446,653.0844444444446,29.147301735110375,28.588941539024447
r563_svd_normalised_tr050_tid5_015,5,15,True,149,polygon,181.96614583333334,106.70052083333333,14.222222222222221,2.127692162140974,4.627753129380587,3.9640752128274035,-77.81871727386046,0.5160018944970831,0.9696969696969697,14.222222222222221,False,mask,360.0,1.0,True,True,6.808614918851117,145.63555555555558,145.63555555555558,14.80881001401788,12.685040681047692
r563_svd_normalised_tr050_tid5_015,5,15,True,150,polygon,311.1964992016581,251.22191420965365,277.6510013898324,9.401013703383963,18.802027406767927,18.802027406767927,,0.0,0.9825102880658436,106.11111111111111,True,circle,160.0,0.44166666666666665,True,True,30.083243850828683,2843.1462542318845,1086.577777777778,60.16648770165737,60.16648770165737
r563_svd_normalised_tr050_tid5_015,5,15,True,151,polygon,194.21637426900585,157.7504873294347,38.0,3.477898169151024,7.316775537312341,6.659424559831805,-56.551824258914735,0.4142604564903707,0.9715909090909091,38.0,False,mask,360.0,1.0,True,True,11.129274141283277,389.12000000000006,389.12000000000006,23.41368171939949,21.31015859146178
r563_svd_normalised_tr050_tid5_015,5,15,True,152,polygon,257.3301737756714,49.859399684044234,23.444444444444443,2.7317756940776294,5.677079285595422,5.277938317903285,31.01026280575997,0.3683364798221291,0.9768518518518519,23.444444444444443,False,mask,360.0,1.0,True,True,8.741682221048414,240.07111111111115,240.07111111111115,18.16665371390535,16.88940261729051
r563_svd_normalised_tr050_tid5_015,5,15,True,153,polygon,182.02591283863367,214.24028268551237,31.444444444444443,3.1637126184632574,6.590483313316068,6.108050520720458,-8.887639927251094,0.3755587939864156,0.9860627177700348,31.444444444444443,False,mask,360.0,1.0,True,True,10.123880379082424,321.99111111111114,321.99111111111114,21.08954660261142,19.545761666305467
r563_svd_normalised_tr050_tid5_015,5,15,True,154,polygon,78.59996041171813,93.56215360253366,187.11111111111111,7.717468268901427,16.519069104737323,14.442787390144039,60.71791696760082,0.48536791746735686,0.9796393251890634,187.11111111111111,False,mask,360.0,1.0,True,True,24.695898460484567,1916.0177777777783,1916.0177777777783,52.86102113515943,46.21691964846093
r563_svd_normalised_tr050_tid5_015,5,15,True,155,polygon,314.2102351313969,12.937759336099584,53.55555555555556,4.128833103117462,8.596985005382683,7.966993480795363,62.03644614960859,0.3757539139794937,0.9776876267748479,53.55555555555556,False,mask,360.0,1.0,True,True,13.21226592997588,548.408888888889,548.408888888889,27.510352017224587,25.494379138545163
r563_svd_normalised_tr050_tid5_015,5,15,True,156,polygon,146.09234234234233,75.51914414414414,65.77777777777777,4.575775011718465,9.907495119772237,8.491976045832631,82.90807139686417,0.5151060683130692,0.9785123966942149,65.77777777777777,False,mask,360.0,1.0,True,True,14.642480037499087,673.5644444444445,673.5644444444445,31.703984383271163,27.174323346664423
r563_svd_normalised_tr050_tid5_015,5,15,True,157,polygon,390.6937198067633,91.50821256038648,76.66666666666667,4.940015985880743,11.183814121122872,8.754700355126998,6.004535483812585,0.6222721812608405,0.9704641350210971,76.66666666666667,False,mask,360.0,1.0,True,True,15.80805115481838,785.0666666666668,785.0666666666668,35.78820518759319,28.015041136406396
r563_svd_normalised_tr050_tid5_015,5,15,True,158,polygon,276.9044958765629,83.47672253258845,139.22222222222223,6.657012070727375,14.476121398099911,12.294175517415551,-89.36731463752417,0.5279543405871177,0.9773790951638065,139.22222222222223,False,mask,360.0,1.0,True,True,21.3024386263276,1425.6355555555558,1425.6355555555558,46.32358847391972,39.34136165572977
r563_svd_normalised_tr050_tid5_015,5,15,True,159,polygon,228.45087719298246,148.05087719298245,21.11111111111111,2.592272241681251,5.525587621103302,4.881594215182878,6.2710250572802595,0.4685207302732103,0.9844559585492227,21.11111111111111,False,mask,360.0,1.0,True,True,8.295271173380003,216.1777777777778,216.1777777777778,17.681880387530565,15.62110148858521
r563_svd_normalised_tr050_tid5_015,5,15,True,160,polygon,3.405080672845864,175.40405080672846,107.88888888888889,5.860213301810597,16.601253276749368,8.61299034194693,-4.192048973896823,0.8548861330854496,0.9768611670020121,107.88888888888889,False,mask,360.0,1.0,True,True,18.75268256579391,1104.7822222222223,1104.7822222222223,53.12401048559798,27.561569094230176
r563_svd_normalised_tr050_tid5_015,5,15,True,161,polygon,210.2807807807808,34.791291291291294,24.666666666666668,2.8020784891219894,5.841588162114246,5.416910412636024,-78.99133137634173,0.3743165735113936,0.9652173913043478,24.666666666666668,False,mask,360.0,1.0,True,True,8.966651165190367,252.58666666666673,252.58666666666673,18.693082118765588,17.334113320435275
r563_svd_normalised_tr050_tid5_015,5,15,True,162,polygon,375.5806916426513,84.46805955811719,154.22222222222223,7.0064583066315915,14.126523161954047,13.915278044792961,-38.027303020331544,0.17229037125045615,0.9816124469589816,154.22222222222223,False,mask,360.0,1.0,True,True,22.420666581221095,1579.235555555556,1579.235555555556,45.20487411825295,44.52888974333748
r563_svd_normalised_tr050_tid5_015,5,15,True,163,polygon,332.8319006685769,177.53104106972305,38.77777777777778,3.5133104091305074,7.18530941022878,6.881398875305145,24.572787738690444,0.2877555070107645,0.9830985915492958,38.77777777777778,False,mask,360.0,1.0,True,True,11.242593309217625,397.08444444444456,397.08444444444456,22.992990112732098,22.020476400976463
r563_svd_normalised_tr050_tid5_015,5,15,True,164,polygon,346.48648648648646,102.59390159390159,53.44444444444444,4.1245478574344405,8.707882030041215,7.845007971703467,-65.57932830529792,0.43400834884974177,0.9678068410462777,53.44444444444444,False,mask,360.0,1.0,True,True,13.19855314379021,547.2711111111112,547.2711111111112,27.865222496131892,25.104025509451095
r563_svd_normalised_tr050_tid5_015,5,15,True,165,polygon,343.9645753307725,163.8911651728553,86.77777777777777,5.255684976073692,11.194307821564708,9.962748751420998,-0.6812981855895507,0.455992817726446,0.9536019536019537,86.77777777777777,False,mask,360.0,1.0,True,True,16.818191923435815,888.6044444444445,888.6044444444445,35.82178502900707,31.880796004547193
r563_svd_normalised_tr050_tid5_015,5,15,True,166,polygon,346.99945887445887,130.06926406926405,68.44444444444444,4.667605737530098,9.68283522161292,9.023217965775382,-52.45172351449691,0.3627726565863154,0.9700787401574803,68.44444444444444,False,mask,360.0,1.0,True,True,14.936338360096315,700.8711111111112,700.8711111111112,30.985072709161347,28.874297490481226
r563_svd_normalised_tr050_tid5_015,5,15,True,167,polygon,174.1208053691275,46.20159085259757,149.0,6.886811529393324,14.380452997932247,13.20919140559316,-71.57883797389673,0.3953005655474719,0.9824175824175824,149.0,False,mask,360.0,1.0,True,True,22.037796894058637,1525.7600000000002,1525.7600000000002,46.01744959338319,42.26941249789812
r563_svd_normalised_tr050_tid5_015,5,15,True,168,polygon,176.82820634169425,31.174238838933586,469.55555555555554,12.225554197902666,26.241693507933917,22.846834626848747,-11.42689939239806,0.4919364575622589,0.9816492450638792,469.55555555555554,False,mask,360.0,1.0,True,True,39.12177343328853,4808.248888888889,4808.248888888889,83.97341922538854,73.10987080591599
r563_svd_normalised_tr050_tid5_015,5,15,True,169,polygon,221.34787291330102,215.5476575121163,68.77777777777777,4.678957855807049,9.654439617395445,9.093461559431063,-54.050375772773826,0.3359094288436724,0.9732704402515723,68.77777777777777,False,mask,360.0,1.0,True,True,14.972665138582556,704.2844444444445,704.2844444444445,30.894206775665424,29.0990769901794
r563_svd_normalised_tr050_tid5_015,5,15,True,170,polygon,281.60364842454396,132.72470978441126,22.333333333333332,2.6662559500989382,5.522614196227725,5.160892149502185,-10.092775435546558,0.355958764721286,0.995049504950495,22.333333333333332,False,mask,360.0,1.0,True,True,8.532019040316603,228.69333333333336,228.69333333333336,17.67236542792872,16.514854878406993
r563_svd_normalised_tr050_tid5_015,5,15,True,171,polygon,182.7286821705426,77.86046511627907,9.555555555555555,1.7440263189848304,3.6078450227604706,3.391060111041284,79.04198606922645,0.34141429853838323,0.9347826086956522,9.555555555555555,False,mask,360.0,1.0,True,True,5.580884220751457,97.84888888888891,97.84888888888891,11.545104072833507,10.85139235533211
r563_svd_normalised_tr050_tid5_015,5,15,True,172,polygon,156.52510288065844,40.373662551440326,90.0,5.352372348458314,11.759465742755502,9.759346322032163,86.33309361676507,0.5578912094951572,0.97708082026538,90.0,False,mask,360.0,1.0,True,True,17.127591515066605,921.6000000000001,921.6000000000001,37.630290376817605,31.229908230502925
r563_svd_normalised_tr050_tid5_015,5,15,True,173,polygon,207.22601835915088,207.11371199082043,1291.111111111111,20.27247964182984,41.636459113707,39.50602579754331,-53.11239046870126,0.3157797928557072,0.9896942338812708,1291.111111111111,False,mask,360.0,1.0,True,True,64.87193485385549,13220.97777777778,13220.97777777778,133.2366691638624,126.4192825521386
r563_svd_normalised_tr050_tid5_015,5,15,True,174,polygon,331.664,222.32977777777776,41.666666666666664,3.641828101973597,7.3517007134485555,7.241784298759288,51.40487509720809,0.1722752808066065,0.9689922480620154,41.666666666666664,False,mask,360.0,1.0,True,True,11.65384992631551,426.66666666666674,426.66666666666674,23.525442283035378,23.173709756029723
r563_svd_normalised_tr050_tid5_015,5,15,True,175,polygon,322.29339324346813,51.465468463970716,222.55555555555554,8.416747207707928,18.161637352236472,15.67224569950814,-59.32613131858028,0.5053212210205121,0.9813816756491915,222.55555555555554,False,mask,360.0,1.0,True,True,26.93359106466537,2278.968888888889,2278.968888888889,58.11723952715671,50.15118623842605
r563_svd_normalised_tr050_tid5_015,5,15,True,176,polygon,166.46799116997792,3.262693156732892,16.77777777777778,2.3109592239720236,4.824231635163237,4.4722120506833365,53.48612802097951,0.3749848157043246,0.9617834394904459,16.77777777777778,False,mask,360.0,1.0,True,True,7.395069516710476,171.8044444444445,171.8044444444445,15.437541232522358,14.311078562186678
r563_svd_normalised_tr050_tid5_015,5,15,True,177,polygon,251.73290598290598,98.97364672364672,52.0,4.068428945128219,8.479514594622842,7.82193772650935,-82.06889224774187,0.38611388608667874,0.9649484536082474,52.0,False,mask,360.0,1.0,True,True,13.018972624410303,532.4800000000001,532.4800000000001,27.134446702793095,25.03020072482992
r563_svd_normalised_tr050_tid5_015,5,15,True,178,polygon,42.73838383838384,94.27222222222223,73.33333333333333,4.831430946087433,10.226002773422389,9.16445073358839,-78.63814868351085,0.4436686290583595,0.9792284866468842,73.33333333333333,False,mask,360.0,1.0,True,True,15.460579027479788,750.9333333333334,750.9333333333334,32.723208874951645,29.32624234748285
r563_svd_normalised_tr050_tid5_015,5,15,True,179,polygon,252.96107784431138,219.58582834331335,37.111111111111114,3.4369802958311806,7.285680603695606,6.498142574446248,88.12924713952631,0.4522207496183977,0.9823529411764705,37.111111111111114,False,mask,360.0,1.0,True,True,10.998336946659778,380.0177777777779,380.0177777777779,23.314177931825938,20.794056238227995
r563_svd_normalised_tr050_tid5_015,5,15,True,180,polygon,40.050545483086104,80.19217486853465,943.7777777777778,17.332449250675317,37.46156001801657,32.40491948679854,80.8270836527211,0.5017410241761994,0.967977207977208,943.7777777777778,False,mask,360.0,1.0,True,True,55.46383760216102,9664.284444444447,9664.284444444447,119.87699205765303,103.69574235775534
r563_svd_normalised_tr050_tid5_015,5,15,True,181,polygon,208.86349664740763,245.03052049774868,563.2790193990785,13.390193447244812,26.780386894489624,26.780386894489624,,0.0,0.9903474903474904,399.0,True,circle,220.0,0.6083333333333333,True,True,42.848619031183404,5767.977158646565,4085.7600000000007,85.69723806236681,85.69723806236681
r563_svd_normalised_tr050_tid5_015,5,15,True,182,polygon,242.11940298507463,104.0514096185738,22.333333333333332,2.6662559500989382,5.515452920659495,5.213446604553618,-65.05192605870094,0.32636563285370523,0.9617224880382775,22.333333333333332,False,mask,360.0,1.0,True,True,8.532019040316603,228.69333333333336,228.69333333333336,17.649449346110384,16.68302913457158
r563_svd_normalised_tr050_tid5_015,5,15,True,183,polygon,195.375,193.4095238095238,62.22222222222222,4.450387452083031,9.266538341929154,8.571518361498297,54.86594375301259,0.3799748812483141,0.9722222222222222,62.22222222222222,False,mask,360.0,1.0,True,True,14.2412398466657,637.1555555555557,637.1555555555557,29.652922694173295,27.428858756794554
r563_svd_normalised_tr050_tid5_015,5,15,True,184,polygon,308.3307443365696,209.96763754045307,57.22222222222222,4.267833061723377,8.780312020782906,8.333497771836834,-18.107942825208852,0.3149393364543059,0.9753787878787878,57.22222222222222,False,mask,360.0,1.0,True,True,13.657065797514807,585.9555555555556,585.9555555555556,28.0969984665053,26.66719286987787
r563_svd_normalised_tr050_tid5_015,5,15,True,185,polygon,308.3171946602909,91.13329348475793,371.77777777777777,10.87844392043766,22.452783527570464,21.185608375288876,65.38737894371911,0.33119403329693425,0.9818075117370892,371.77777777777777,False,mask,360.0,1.0,True,True,34.81102054540051,3807.004444444445,3807.004444444445,71.84890728822549,67.7939468009244
r563_svd_normalised_tr050_tid5_015,5,15,True,186,polygon,23.958633958633957,89.28215488215488,385.0,11.070199012698888,24.461965076618508,20.28635611566723,58.64919650543863,0.5588007006588572,0.9697732997481109,385.0,False,mask,360.0,1.0,True,True,35.424636840636445,3942.4000000000005,3942.4000000000005,78.27828824517923,64.91633957013514
r563_svd_normalised_tr050_tid5_015,5,15,True,187,polygon,260.9205020920502,202.85564853556488,53.111111111111114,4.111665323548652,8.31394793049231,8.152216288108582,14.965045941424531,0.1962846868155539,0.9484126984126984,53.111111111111114,False,mask,360.0,1.0,True,True,13.157329035355687,543.8577777777779,543.8577777777779,26.604633377575393,26.087092121947464
r563_svd_normalised_tr050_tid5_015,5,15,True,188,polygon,264.9304857621441,75.59149916247905,176.88888888888889,7.503697894331795,15.919654730191922,14.196491481993645,27.16597540490128,0.4525111301469392,0.9808995686999384,176.88888888888889,False,mask,360.0,1.0,True,True,24.011833261861746,1811.3422222222225,1811.3422222222225,50.942895136614155,45.428772742379664
r563_svd_normalised_tr050_tid5_015,5,15,True,189,polygon,290.89778413152254,20.5975696926376,155.44444444444446,7.034166860333475,14.928892267887262,13.334912345789043,-56.53068634411346,0.4496029482177417,0.9872971065631616,155.44444444444446,False,mask,360.0,1.0,True,True,22.50933395306712,1591.7511111111116,1591.7511111111116,47.772455257239244,42.67171950652494
r563_svd_normalised_tr050_tid5_015,5,15,True,190,polygon,351.1845333333333,49.54773333333333,69.44444444444444,4.701579862897969,9.696024871562885,9.137990588808082,88.37942915920895,0.3343552761093363,0.9750390015600624,69.44444444444444,False,mask,360.0,1.0,True,True,15.0450555612735,711.1111111111112,711.1111111111112,31.027279589001235,29.241569884185864
r563_svd_normalised_tr050_tid5_015,5,15,True,191,polygon,351.28324056895485,23.58874458874459,59.888888888888886,4.366145371594481,9.081921019588693,8.517981897387662,-39.91130491821044,0.34689139538239566,0.9694244604316546,59.888888888888886,False,mask,360.0,1.0,True,True,13.971665189102339,613.2622222222224,613.2622222222224,29.06214726268382,27.25754207164052
r563_svd_normalised_tr050_tid5_015,5,15,True,192,polygon,285.39074074074074,226.87962962962965,20.0,2.5231325220201604,5.273482740433168,4.86201181979984,-19.31495269419901,0.38725275636796735,1.0,20.0,False,mask,360.0,1.0,True,True,8.074024070464514,204.80000000000004,204.80000000000004,16.875144769386136,15.55843782335949
r563_svd_normalised_tr050_tid5_015,5,15,True,193,polygon,296.88682170542637,32.06201550387597,95.55555555555556,5.515095467271421,11.393426257302139,10.744235645783133,54.63605956653813,0.3327343552935985,0.9728506787330317,95.55555555555556,False,mask,360.0,1.0,True,True,17.64830549526855,978.488888888889,978.488888888889,36.458964023366846,34.38155406650603
r563_svd_normalised_tr050_tid5_015,5,15,True,194,polygon,186.28779253636938,193.90828589500316,58.55555555555556,4.317269070178221,8.877523567456349,8.41730540379441,-87.06116483955051,0.3177958192007213,0.9887429643527205,58.55555555555556,False,mask,360.0,1.0,True,True,13.815261024570308,599.608888888889,599.608888888889,28.408075415860317,26.935377292142114
r563_svd_normalised_tr050_tid5_015,5,15,True,195,polygon,264.41279069767444,233.75193798449615,76.44444444444444,4.932851346887945,10.334942098432967,9.455460095780177,45.65472937722295,0.40367582420025216,0.9690140845070423,76.44444444444444,False,mask,360.0,1.0,True,True,15.785124310041425,782.7911111111113,782.7911111111113,33.07181471498549,30.257472306496567
r563_svd_normalised_tr050_tid5_015,5,15,True,196,polygon,2.046991655687308,163.53227931488803,84.33333333333333,5.181132476093717,20.55300983719313,5.6029681616542675,0.13732727181235876,0.9621244543156445,0.9755784061696658,84.33333333333333,False,mask,360.0,1.0,True,True,16.579623923499895,863.5733333333335,863.5733333333335,65.76963147901802,17.929498117293658
r563_svd_normalised_tr050_tid5_015,5,15,True,197,polygon,253.46140350877192,214.55964912280703,21.11111111111111,2.592272241681251,5.430336996714154,5.000845385343066,-36.34519208193089,0.3897780067437522,0.9743589743589743,21.11111111111111,False,mask,360.0,1.0,True,True,8.295271173380003,216.1777777777778,216.1777777777778,17.377078389485295,16.00270523309781
r563_svd_normalised_tr050_tid5_015,5,15,True,198,polygon,54.583333333333336,93.97072072072073,16.444444444444443,2.2878875058592323,4.612098410166036,4.556959829411837,-27.527349477385105,0.15416706052493653,0.9866666666666667,16.444444444444443,False,mask,360.0,1.0,True,True,7.321240018749544,168.39111111111112,168.39111111111112,14.758714912531316,14.58227145411788
r563_svd_normalised_tr050_tid5_015,5,15,True,199,polygon,173.7843137254902,102.36029411764706,15.11111111111111,2.193174880826514,4.597620148445049,4.262779515913605,10.081948616234301,0.3746387066234076,0.9577464788732394,15.11111111111111,False,mask,360.0,1.0,True,True,7.0181596186448445,154.7377777777778,154.7377777777778,14.712384475024159,13.640894450923538
r563_svd_normalised_tr050_tid5_015,5,15,True,200,polygon,296.3840155945419,148.84795321637426,19.0,2.4592453796829674,5.097525611795973,4.770559514590957,20.759119638090112,0.3523776775011529,0.9553072625698324,19.0,False,mask,360.0,1.0,True,True,7.869585214985496,194.56000000000003,194.56000000000003,16.312081957747115,15.265790446691064
r563_svd_normalised_tr050_tid5_015,5,15,True,201,polygon,275.9686249908755,254.35576279908364,287.70653991781796,9.569735418263813,19.139470836527625,19.139470836527625,,0.0,0.9877800407331976,53.888888888888886,True,circle,120.0,0.33055555555555555,False,True,30.6231533384442,2946.1149687584566,551.8222222222223,61.2463066768884,61.2463066768884
r563_svd_normalised_tr050_tid5_015,5,15,True,202,polygon,194.91912162936117,-1.1125103878639466,64.1566643160529,4.51903756527587,9.03807513055174,9.03807513055174,,0.0,0.9752066115702479,26.22222222222222,True,circle,160.0,0.4583333333333333,True,True,14.460920208882783,656.9642425963818,268.5155555555556,28.921840417765566,28.921840417765566
r563_svd_normalised_tr050_tid5_015,5,15,True,203,polygon,309.305376344086,50.04645161290322,86.11111111111111,5.235457761928514,10.736784248223088,10.23987693475725,-65.14670840555705,0.3006987688006736,0.9736180904522613,86.11111111111111,False,mask,360.0,1.0,True,True,16.753464838171247,881.7777777777779,881.7777777777779,34.35770959431388,32.7676061912232
r563_svd_normalised_tr050_tid5_015,5,15,True,204,polygon,259.4670658682635,95.40718562874251,18.555555555555557,2.430312073986774,5.055979408605382,4.734443239280755,5.29158225664102,0.3509217936014228,0.9653179190751445,18.555555555555557,False,mask,360.0,1.0,True,True,7.776998636757677,190.00888888888895,190.00888888888895,16.179134107537223,15.150218365698416
r563_svd_normalised_tr050_tid5_015,5,15,True,205,polygon,325.43473193473193,31.29254079254079,63.55555555555556,4.497817432403907,9.315281436740923,8.708491214540569,8.00555828478062,0.35501455339675303,0.9694915254237289,63.55555555555556,False,mask,360.0,1.0,True,True,14.393015783692503,650.808888888889,650.808888888889,29.808900597570954,27.86717188652982
r563_svd_normalised_tr050_tid5_015,5,15,True,206,polygon,313.6666666666667,124.98511904761905,12.444444444444445,1.9902737738139489,4.090415758223555,3.9212328357402217,-72.07968955370065,0.28462415518991213,0.9655172413793104,12.444444444444445,False,mask,360.0,1.0,True,True,6.368876076204637,127.43111111111114,127.43111111111114,13.089330426315378,12.54794507436871
r563_svd_normalised_tr050_tid5_015,5,15,True,207,polygon,65.98495370370371,99.02083333333333,32.0,3.1915382432114616,6.616108025022122,6.1834510120802415,83.70252344123514,0.3556860153082255,0.9829351535836177,32.0,False,mask,360.0,1.0,True,True,10.212922378276678,327.68000000000006,327.68000000000006,21.171545680070793,19.787043238656775
r563_svd_normalised_tr050_tid5_015,5,15,True,208,polygon,242.23063973063972,42.838383838383834,22.0,2.6462837142006137,6.00210383281219,4.731487619133103,-84.08979571433211,0.615284851395174,0.9658536585365853,22.0,False,mask,360.0,1.0,True,True,8.468107885441965,225.28000000000003,225.28000000000003,19.206732264999008,15.14076038122593
r563_svd_normalised_tr050_tid5_015,5,15,True,209,polygon,269.01984126984127,12.880952380952381,18.666666666666668,2.4375775971438176,5.191121120177747,4.63414393240996,-87.28946274929498,0.45063993905581434,0.9824561403508771,18.666666666666668,False,mask,360.0,1.0,True,True,7.8002483108602165,191.1466666666667,191.1466666666667,16.61158758456879,14.829260583711871
r563_svd_normalised_tr050_tid5_015,5,15,True,210,polygon,65.85347985347985,76.52673992673992,50.55555555555556,4.011525038541726,8.435864525310764,7.660034639163306,-74.46007201492539,0.41890088447981416,0.9639830508474576,50.55555555555556,False,mask,360.0,1.0,True,True,12.836880123333524,517.688888888889,517.688888888889,26.994766480994446,24.51211084532258
r563_svd_normalised_tr050_tid5_015,5,15,True,211,polygon,317.4026927784578,39.53488372093023,90.77777777777777,5.375450131148264,11.255480045244182,10.28381383206104,85.41613686269342,0.4064529306997144,0.9807923169267707,90.77777777777777,False,mask,360.0,1.0,True,True,17.201440419674444,929.5644444444446,929.5644444444446,36.01753614478138,32.90820426259533
r563_svd_normalised_tr050_tid5_015,5,15,True,212,polygon,269.3119886161508,178.44966204197794,104.11111111111111,5.756700090177163,11.758276484195084,11.289611582631942,69.81315622739433,0.2795137103678309,0.9770594369134515,104.11111111111111,False,mask,360.0,1.0,True,True,18.421440288566924,1066.097777777778,1066.097777777778,37.62648474942427,36.126757064422215
r563_svd_normalised_tr050_tid5_015,5,15,True,213,polygon,79.6896551724138,90.4176245210728,9.666666666666666,1.754136701184748,3.7728093041424096,3.270494924392843,-69.62137641422737,0.4985528174028624,0.9456521739130435,9.666666666666666,False,mask,360.0,1.0,True,True,5.613237443791194,98.98666666666668,98.98666666666668,12.072989773255712,10.465583758057099
r563_svd_normalised_tr050_tid5_015,5,15,True,214,polygon,236.98445092322643,236.29737609329447,38.111111111111114,3.4829791041744107,7.4335138941681755,6.5450877382667185,31.177603409612537,0.47407644195158827,0.9689265536723164,38.111111111111114,False,mask,360.0,1.0,True,True,11.145533133358114,390.2577777777779,390.2577777777779,23.78724446133816,20.944280762453502
r563_svd_normalised_tr050_tid5_015,5,15,True,215,polygon,336.78623188405794,115.83333333333333,30.666666666666668,3.124340438605069,6.413136932496342,6.103411904653663,-28.174338235525763,0.30701524167788596,0.9787234042553191,30.666666666666668,False,mask,360.0,1.0,True,True,9.99788940353622,314.02666666666676,314.02666666666676,20.522038183988297,19.53091809489172
r563_svd_normalised_tr050_tid5_015,5,15,True,216,polygon,346.4156378600823,19.310699588477366,18.0,2.393653682408596,4.9982929657931106,4.611439003776404,-82.07104155073277,0.38575134943048484,0.9938650306748467,18.0,False,mask,360.0,1.0,True,True,7.659691783707507,184.32000000000005,184.32000000000005,15.994537490537954,14.756604812084493
r563_svd_normalised_tr050_tid5_015,5,15,True,217,polygon,288.3009820912767,83.79780473714617,64.11111111111111,4.517432952562123,9.406002245711644,8.682832795119774,66.88354834190982,0.38452117155713794,0.9697478991596639,64.11111111111111,False,mask,360.0,1.0,True,True,14.455785448198794,656.497777777778,656.497777777778,30.099207186277262,27.78506494438328
r563_svd_normalised_tr050_tid5_015,5,15,True,218,polygon,364.828125,59.096354166666664,14.222222222222221,2.127692162140974,4.4343310855251525,4.107101574684836,-71.72498051085229,0.37701920733726285,0.9696969696969697,14.222222222222221,False,mask,360.0,1.0,True,True,6.808614918851117,145.63555555555558,145.63555555555558,14.189859473680489,13.142725038991475
r563_svd_normalised_tr050_tid5_015,5,15,True,219,polygon,317.8817204301075,210.76344086021504,17.22222222222222,2.341367889800214,4.827998758295375,4.597791017319563,-6.423351121784347,0.3051066591830367,0.9748427672955975,17.22222222222222,False,mask,360.0,1.0,True,True,7.492377247360685,176.35555555555558,176.35555555555558,15.449596026545201,14.712931255422601
r563_svd_normalised_tr050_tid5_015,5,15,True,220,polygon,318.0551378446115,114.28070175438597,14.777777777777779,2.1688505625085828,4.60195881592263,4.109876234469842,-6.950685163886829,0.4499156399679826,0.9568345323741008,14.777777777777779,False,mask,360.0,1.0,True,True,6.940321800027466,151.32444444444448,151.32444444444448,14.726268210952416,13.151603950303494
r563_svd_normalised_tr050_tid5_015,5,15,True,221,polygon,172.4051094890511,82.2250608272506,30.444444444444443,3.1129997825312885,6.414323353413933,6.075565319166613,60.21092125838818,0.3206810052165961,0.9750889679715302,30.444444444444443,False,mask,360.0,1.0,True,True,9.961599304100124,311.75111111111113,311.75111111111113,20.525834730924586,19.441809021333164
r563_svd_normalised_tr050_tid5_015,5,15,True,222,polygon,244.3168103448276,221.01652298850573,51.55555555555556,4.051005186497665,8.814873337520204,7.476015270032032,-72.26272849562832,0.5298141838185487,0.9707112970711297,51.55555555555556,False,mask,360.0,1.0,True,True,12.96321659679253,527.928888888889,527.928888888889,28.207594680064656,23.923248864102504
r563_svd_normalised_tr050_tid5_015,5,15,True,223,polygon,304.586403636012,89.7564065370854,383.0,11.041407809169618,23.746017650687694,20.796518388500036,62.446014203131774,0.48269280987639046,0.9803754266211604,383.0,False,mask,360.0,1.0,True,True,35.33250498934278,3921.920000000001,3921.920000000001,75.98725648220062,66.54885884320012
r563_svd_normalised_tr050_tid5_015,5,15,True,224,polygon,215.27152988855116,176.64184397163123,73.11111111111111,4.824105042030931,9.75862840054001,9.563159737404307,-70.75095667463383,0.1991468532585092,0.9748148148148148,73.11111111111111,False,mask,360.0,1.0,True,True,15.43713613449898,748.6577777777779,748.6577777777779,31.227610881728033,30.602111159693784
r563_svd_normalised_tr050_tid5_015,5,15,True,225,polygon,182.95259481037922,162.9121756487026,74.22222222222223,4.860624147973548,9.951049601810091,9.53378698245182,-74.9286892554138,0.2865393245990685,0.9780380673499268,74.22222222222223,False,mask,360.0,1.0,True,True,15.553997273515353,760.0355555555558,760.0355555555558,31.843358725792292,30.508118343845826
r563_svd_normalised_tr050_tid5_015,5,15,True,226,polygon,295.4388888888889,80.45833333333333,26.666666666666668,2.9134624815788777,6.230167863729332,5.458367321997765,89.505991388799,0.48209523113663894,0.9836065573770492,26.666666666666668,False,mask,360.0,1.0,True,True,9.32307994105241,273.0666666666667,273.0666666666667,19.936537163933863,17.46677543039285
r563_svd_normalised_tr050_tid5_015,5,15,True,227,polygon,359.3551401869159,48.30218068535825,11.88888888888889,1.9453408105198318,3.960958156738604,3.843921462614837,79.7196975056278,0.24129252767164733,0.9469026548672567,11.88888888888889,False,mask,360.0,1.0,True,True,6.225090593663462,121.74222222222225,121.74222222222225,12.675066101563534,12.300548680367479
r563_svd_normalised_tr050_tid5_015,5,15,True,228,polygon,343.1485758275596,165.26058506543495,96.22222222222223,5.534300733056252,12.368202125650697,10.066752720268754,-40.49629533521949,0.5809740598153919,0.9774266365688488,96.22222222222223,False,mask,360.0,1.0,True,True,17.709762345780007,985.3155555555558,985.3155555555558,39.578246802082234,32.213608704860015
r563_svd_normalised_tr050_tid5_015,5,15,True,229,polygon,146.14285714285714,65.72698412698414,23.333333333333332,2.7252946038220864,6.101044326527686,4.89259541778866,-86.03383820145632,0.5974213202109996,0.9545454545454546,23.333333333333332,False,mask,360.0,1.0,True,True,8.720942732230677,238.93333333333337,238.93333333333337,19.523341844888595,15.656305336923712
r563_svd_normalised_tr050_tid5_015,5,15,True,230,polygon,67.2276688453159,8.931372549019608,34.0,3.2897623212397704,6.761275086851832,6.416035680958355,88.68032589453614,0.31546048637511687,0.9745222929936306,34.0,False,mask,360.0,1.0,True,True,10.527239427967267,348.1600000000001,348.1600000000001,21.636080277925863,20.53131417906674
r563_svd_normalised_tr050_tid5_015,5,15,True,231,polygon,351.38578329882677,80.18495514147688,53.666666666666664,4.13311390582574,8.467244567896856,8.100339510232041,-13.433212452941198,0.29118187396947437,0.9737903225806451,53.666666666666664,False,mask,360.0,1.0,True,True,13.225964498642368,549.5466666666667,549.5466666666667,27.09518261726994,25.921086432742534
r563_svd_normalised_tr050_tid5_015,5,15,True,232,polygon,311.7974190406623,88.44229364499635,304.22222222222223,9.840576249902007,21.91953520521238,17.937286213365795,-36.628838645279515,0.5747569017109146,0.9351092896174863,304.22222222222223,False,mask,360.0,1.0,True,True,31.489843999686425,3115.2355555555564,3115.2355555555564,70.14251265667961,57.399315882770544
r563_svd_normalised_tr050_tid5_015,5,15,True,233,polygon,2.6672891378773733,154.3688141923436,119.0,6.154581744998688,22.73738675493531,7.046443571862464,0.9631369610347541,0.9507673304826908,0.9825688073394495,119.0,False,mask,360.0,1.0,True,True,19.694661583995803,1218.5600000000002,1218.5600000000002,72.759637615793,22.548619429959885
r563_svd_normalised_tr050_tid5_015,5,15,True,234,polygon,347.7428571428572,84.68005728607233,517.2222222222222,12.831092965421256,26.868615551890063,24.77539125603472,-3.2422817552186913,0.3869657779030662,0.9615781863251395,517.2222222222222,False,mask,360.0,1.0,True,True,41.05949748934802,5296.355555555556,5296.355555555556,85.9795697660482,79.28125201931111
r563_svd_normalised_tr050_tid5_015,5,15,True,235,polygon,199.57070707070707,138.32828282828282,7.333333333333333,1.527832614745847,3.187684129636734,2.978150607606232,-38.091622939724054,0.35657214728752906,0.9295774647887324,7.333333333333333,False,mask,360.0,1.0,True,True,4.889064367186711,75.09333333333335,75.09333333333335,10.20058921483755,9.530081944339942
r563_svd_normalised_tr050_tid5_015,5,15,True,236,polygon,300.6959587740711,59.56739896935178,136.55555555555554,6.592949517981553,14.011248991963365,12.525366765739662,56.79602200310181,0.44816517979624326,0.9654359780047133,136.55555555555554,False,mask,360.0,1.0,True,True,21.09743845754097,1398.328888888889,1398.328888888889,44.83599677428277,40.08117365036692
r563_svd_normalised_tr050_tid5_015,5,15,True,237,polygon,289.4478527607362,113.00204498977506,18.11111111111111,2.401030136512194,4.918684825731089,4.7256185286003225,-32.48458763230934,0.2774212150871623,0.9702380952380952,18.11111111111111,False,mask,360.0,1.0,True,True,7.683296436839021,185.4577777777778,185.4577777777778,15.739791442339484,15.121979291521033
r563_svd_normalised_tr050_tid5_015,5,15,True,238,polygon,393.3039806996381,73.64616003216727,92.11111111111111,5.414783217640414,11.199239031559216,10.535191196583186,9.58060504380328,0.33922300591804483,0.9741480611045829,92.11111111111111,False,mask,360.0,1.0,True,True,17.327306296449326,943.217777777778,943.217777777778,35.83756490098949,33.7126118290662
r563_svd_normalised_tr050_tid5_015,5,15,True,239,polygon,66.91044776119402,82.82680348258707,238.22222222222223,8.707955468535955,18.626770863698248,16.376650348970458,80.34395858272867,0.47645354707694315,0.9812356979405035,238.22222222222223,False,mask,360.0,1.0,True,True,27.865457499315056,2439.3955555555563,2439.3955555555563,59.60566676383439,52.40528111670547
r563_svd_normalised_tr050_tid5_015,5,15,True,240,polygon,313.9214437367304,133.10191082802547,17.444444444444443,2.356425073209537,4.88609342769507,4.5834132889406805,-32.49129196330634,0.3464925278822913,0.9691358024691358,17.444444444444443,False,mask,360.0,1.0,True,True,7.540560234270519,178.63111111111112,178.63111111111112,15.635498968624226,14.666922524610179
r563_svd_normalised_tr050_tid5_015,5,15,True,241,polygon,359.73474178403757,31.434272300469484,15.777777777777779,2.241031603676661,4.74927329339076,4.303695020355234,68.17039216576454,0.4228928492448273,0.9659863945578231,15.777777777777779,False,mask,360.0,1.0,True,True,7.171301131765316,161.5644444444445,161.5644444444445,15.197674538850434,13.77182406513675
r563_svd_normalised_tr050_tid5_015,5,15,True,242,polygon,341.7352762598664,167.00910746812386,61.0,4.406461512053774,9.237650742018085,8.508065691345413,76.86327700985132,0.38951410930823155,0.9581151832460733,61.0,False,mask,360.0,1.0,True,True,14.100676838572078,624.6400000000001,624.6400000000001,29.560482374457873,27.225810212305323
r563_svd_normalised_tr050_tid5_015,5,15,True,243,polygon,188.97877652933832,123.8214731585518,29.666666666666668,3.0729779189117394,6.268861760047883,6.063702300998984,44.057878339945304,0.2537369818522188,0.978021978021978,29.666666666666668,False,mask,360.0,1.0,True,True,9.833529340517567,303.78666666666675,303.78666666666675,20.060357632153227,19.40384736319675
r563_svd_normalised_tr050_tid5_015,5,15,True,244,polygon,350.4390681003584,40.43130227001195,62.0,4.442433223290478,9.24467797776961,8.615438868851498,-78.92419508160162,0.3626253940537055,0.9571183533447685,62.0,False,mask,360.0,1.0,True,True,14.215786314529531,634.8800000000001,634.8800000000001,29.582969528862755,27.569404380324798
r563_svd_normalised_tr050_tid5_015,5,15,True,245,polygon,251.39114910043676,245.25865903666306,67.45974713559441,4.633908116559753,9.267816233119506,9.267816233119506,,0.0,0.985172981878089,66.44444444444444,True,circle,300.0,0.8694444444444445,True,True,14.82850597299121,690.7878106684869,680.3911111111112,29.65701194598242,29.65701194598242
r563_svd_normalised_tr050_tid5_015,5,15,True,246,polygon,209.2231182795699,122.97983870967742,27.555555555555557,2.9616221488603185,6.093918469451662,5.781276065648785,8.88576116282483,0.316189662858798,0.9763779527559056,27.555555555555557,False,mask,360.0,1.0,True,True,9.477190876353019,282.16888888888894,282.16888888888894,19.50053910224532,18.500083410076112
r563_svd_normalised_tr050_tid5_015,5,15,True,247,polygon,220.63145387772738,77.70684813134586,171.44444444444446,7.387317618591632,15.701301209657986,13.92417332972189,-72.88932608697596,0.4621216899223463,0.9803049555273189,171.44444444444446,False,mask,360.0,1.0,True,True,23.639416379493223,1755.5911111111116,1755.5911111111116,50.24416387090556,44.55735465511005
r563_svd_normalised_tr050_tid5_015,5,15,True,248,polygon,260.74246575342465,61.281278538812785,40.55555555555556,3.592942286345453,7.492680137967485,6.916568568609535,-54.87666122534635,0.38453579608238153,0.9733333333333334,40.55555555555556,False,mask,360.0,1.0,True,True,11.49741531630545,415.288888888889,415.288888888889,23.976576441495954,22.133019419550514
r563_svd_normalised_tr050_tid5_015,5,15,True,249,polygon,147.12698412698413,114.415873015873,11.666666666666666,1.9270742950937028,4.133064755333916,3.609288284580814,-80.77388021416411,0.48723364283922943,0.9545454545454546,11.666666666666666,False,mask,360.0,1.0,True,True,6.166637744299849,119.46666666666668,119.46666666666668,13.225807217068533,11.549722510658604
r563_svd_normalised_tr050_tid5_015,5,15,True,250,polygon,178.6782945736434,29.123385012919897,57.333333333333336,4.271974579497246,9.043497365757231,8.100067807199352,-87.53565618115015,0.44470180731440456,0.9717514124293786,57.333333333333336,False,mask,360.0,1.0,True,True,13.670318654391188,587.0933333333335,587.0933333333335,28.93919157042314,25.92021698303793
r563_svd_normalised_tr050_tid5_015,5,15,True,251,polygon,329.0,145.88208616780045,16.333333333333332,2.2801450555469596,4.631875494562407,4.51232351994228,-90.0,0.2257326263858799,0.9865771812080537,16.333333333333332,False,mask,360.0,1.0,True,True,7.296464177750271,167.25333333333336,167.25333333333336,14.822001582599704,14.439435263815296
r563_svd_normalised_tr050_tid5_015,5,15,True,252,polygon,398.7068475093974,34.053229706866645,23.184905316586107,2.716612701969953,5.433225403939906,5.433225403939906,,0.0,0.993006993006993,15.777777777777779,True,circle,200.0,0.5916666666666667,True,True,8.69316064630385,237.4134304418418,161.5644444444445,17.3863212926077,17.3863212926077
r563_svd_normalised_tr050_tid5_015,5,15,True,253,polygon,-0.5098078390609511,215.58112571304522,36.07970486280233,3.388882817157207,6.777765634314414,6.777765634314414,,0.0,0.9698795180722891,17.88888888888889,True,circle,180.0,0.49722222222222223,True,True,10.844425014903063,369.4561777950959,183.18222222222226,21.688850029806126,21.688850029806126
r563_svd_normalised_tr050_tid5_015,5,15,True,254,polygon,220.72183908045977,149.0551724137931,16.11111111111111,2.2645807435532483,5.060142294470259,4.091885766172765,-71.55094608102958,0.5882895836521376,0.9863945578231292,16.11111111111111,False,mask,360.0,1.0,True,True,7.246658379370395,164.97777777777782,164.97777777777782,16.19245534230483,13.094034451752847
r563_svd_normalised_tr050_tid5_015,5,15,True,255,polygon,205.7128205128205,97.12820512820512,21.666666666666668,2.6261595916183005,5.565974322777574,4.984570096071622,84.20269474662466,0.4449747102929343,0.9848484848484849,21.666666666666668,False,mask,360.0,1.0,True,True,8.403710693178562,221.86666666666673,221.86666666666673,17.81111783288824,15.950624307429193
r563_svd_normalised_tr050_tid5_015,5,15,True,256,polygon,2.2103929024081115,159.89860583016477,87.66666666666667,5.28253411619641,20.524085676489836,6.1755637510462575,-1.5706364230230743,0.9536577521208994,0.8314014752370916,87.66666666666667,False,mask,360.0,1.0,True,True,16.904109171828512,897.7066666666669,897.7066666666669,65.67707416476748,19.761804003348026
r563_svd_normalised_tr050_tid5_015,5,15,True,257,polygon,363.1779026217228,94.17415730337079,39.55555555555556,3.5483692573949375,7.328096074417751,6.923080891078276,15.331527610252492,0.32784598112655083,0.9807162534435262,39.55555555555556,False,mask,360.0,1.0,True,True,11.3547816236638,405.048888888889,405.048888888889,23.449907438136805,22.153858851450483
r563_svd_normalised_tr050_tid5_015,5,15,True,258,polygon,251.5160744500846,54.11618725324309,65.66666666666667,4.571908703455876,9.550657202835508,8.831955469939539,51.060186758755655,0.38057890030185115,0.9625407166123778,65.66666666666667,False,mask,360.0,1.0,True,True,14.630107851058805,672.4266666666668,672.4266666666668,30.562103049073627,28.262257503806524
r563_svd_normalised_tr050_tid5_015,5,15,True,259,polygon,218.0580404685836,171.9643237486688,69.55555555555556,4.705339623485133,9.776869404440818,9.07965237443836,-60.47015680363613,0.3708642515292563,0.9842767295597484,69.55555555555556,False,mask,360.0,1.0,True,True,15.057086795152427,712.248888888889,712.248888888889,31.28598209421062,29.054887598202754
r563_svd_normalised_tr050_tid5_015,5,15,True,260,polygon,291.81903093987154,172.38879159369526,63.44444444444444,4.4938840539231695,9.496592907569024,8.535221179262722,3.7001800622613295,0.43842727306971785,0.9777397260273972,63.44444444444444,False,mask,360.0,1.0,True,True,14.380428972554142,649.6711111111113,649.6711111111113,30.38909730422088,27.31270777364071
r563_svd_normalised_tr050_tid5_015,5,15,True,261,polygon,247.99800697558544,87.96429164590599,223.0,8.42514715711158,18.215740945981988,15.678537593313585,54.56875459171195,0.5090893291134184,0.9737991266375546,223.0,False,mask,360.0,1.0,True,True,26.960470902757056,2283.5200000000004,2283.5200000000004,58.29037102714236,50.171320298603476
r563_svd_normalised_tr050_tid5_015,5,15,True,262,polygon,323.9713541666667,141.3671875,14.222222222222221,2.127692162140974,4.626684321224507,4.021621102112623,-18.40738519074379,0.49441998557031236,0.927536231884058,14.222222222222221,False,mask,360.0,1.0,True,True,6.808614918851117,145.63555555555558,145.63555555555558,14.805389827918422,12.869187526760394
r563_svd_normalised_tr050_tid5_015,5,15,True,263,polygon,215.07329842931938,246.71553228621292,21.22222222222222,2.5990850582700578,5.3551848467235,5.205775243141151,-73.09852742009575,0.23456677199796985,0.9362745098039216,21.22222222222222,False,mask,360.0,1.0,True,True,8.317072186464186,217.3155555555556,217.3155555555556,17.1365915095152,16.658480778051683
r563_svd_normalised_tr050_tid5_015,5,15,True,264,polygon,104.7121212121212,119.7878787878788,14.666666666666666,2.1606816048095245,4.527078350741016,4.12658109007908,-88.54201138534522,0.4112270401966419,0.9850746268656716,14.666666666666666,False,mask,360.0,1.0,True,True,6.9141811353904785,150.1866666666667,150.1866666666667,14.486650722371252,13.205059488253056
r563_svd_normalised_tr050_tid5_015,5,15,True,265,polygon,320.3003003003003,140.7057057057057,12.333333333333334,1.9813687010751142,4.081653610985877,3.857699280408245,-22.83864285613849,0.3266902248523784,0.9652173913043478,12.333333333333334,False,mask,360.0,1.0,True,True,6.340379843440366,126.29333333333336,126.29333333333336,13.061291555154808,12.344637697306384
r563_svd_normalised_tr050_tid5_015,5,15,True,266,polygon,321.48148148148147,202.58119658119656,13.0,2.0342144725641096,4.359115459277576,3.8085919846713323,-1.6789546433349087,0.48645159937130117,0.9512195121951219,13.0,False,mask,360.0,1.0,True,True,6.509486312205151,133.12000000000003,133.12000000000003,13.949169469688243,12.187494350948263
r563_svd_normalised_tr050_tid5_015,5,15,True,267,polygon,155.80555555555557,8.585185185185185,20.0,2.5231325220201604,5.2452139759193015,4.914455514907071,67.49040781457444,0.3494878334893406,0.9574468085106383,20.0,False,mask,360.0,1.0,True,True,8.074024070464514,204.80000000000004,204.80000000000004,16.784684722941766,15.726257647702628
r563_svd_normalised_tr050_tid5_015,5,15,True,268,polygon,177.23134328358208,150.62437810945275,14.88888888888889,2.1769888671339888,4.512121815260806,4.220648202719064,68.34637282501382,0.35358580158439773,0.9571428571428572,14.88888888888889,False,mask,360.0,1.0,True,True,6.966364374828764,152.46222222222227,152.46222222222227,14.43878980883458,13.506074248701006
r563_svd_normalised_tr050_tid5_015,5,15,True,269,polygon,355.7520833333333,58.42291666666667,17.77777777777778,2.3788321548703615,4.9531755638452655,4.611437670540684,26.99526311573153,0.36500310066889496,0.975609756097561,17.77777777777778,False,mask,360.0,1.0,True,True,7.6122628955851575,182.04444444444448,182.04444444444448,15.85016180430485,14.756600545730189
r563_svd_normalised_tr050_tid5_015,5,15,True,270,polygon,269.88826815642454,171.1415270018622,19.88888888888889,2.5161140591285367,5.4135497519690015,4.761546558657393,-33.086725429566236,0.475786366484473,0.9623655913978495,19.88888888888889,False,mask,360.0,1.0,True,True,8.051564989211318,203.66222222222225,203.66222222222225,17.323359206300804,15.23694898770366
r563_svd_normalised_tr050_tid5_015,5,15,True,271,polygon,391.2641843971631,104.59042553191489,20.88888888888889,2.57859260929835,5.340523794964509,5.020956705574016,15.482326064235366,0.3407281977937819,0.9591836734693877,20.88888888888889,False,mask,360.0,1.0,True,True,8.25149634975472,213.90222222222226,213.90222222222226,17.08967614388643,16.067061457836854
r563_svd_normalised_tr050_tid5_015,5,15,True,272,polygon,337.3854748603352,58.71322160148976,59.666666666666664,4.358037388048988,9.326980196829131,8.160645585536345,88.48093334605616,0.4842124511162316,0.9835164835164835,59.666666666666664,False,mask,360.0,1.0,True,True,13.945719641756762,610.9866666666668,610.9866666666668,29.846336629853223,26.114065873716306
r563_svd_normalised_tr050_tid5_015,5,15,True,273,polygon,284.4550264550265,77.29402872260015,49.0,3.949327084834294,8.547812940073518,7.332543853968879,-70.10302078441104,0.513938726008325,0.9887892376681614,49.0,False,mask,360.0,1.0,True,True,12.637846671469742,501.7600000000001,501.7600000000001,27.353001408235258,23.464140332700413
r563_svd_normalised_tr050_tid5_015,5,15,True,274,polygon,365.6129232680957,92.49611680646164,119.22222222222223,6.160325639617938,13.0088053651855,11.695272999211445,77.16039224999422,0.4378922928664577,0.9781221513217867,119.22222222222223,False,mask,360.0,1.0,True,True,19.713042046777403,1220.8355555555559,1220.8355555555559,41.6281771685936,37.424873597476626
r563_svd_normalised_tr050_tid5_015,5,15,True,275,polygon,258.6826923076923,151.1346153846154,23.11111111111111,2.712285963418813,5.696994153906328,5.185675778937195,-35.843804689845506,0.4140641731980207,0.9629629629629629,23.11111111111111,False,mask,360.0,1.0,True,True,8.679315082940201,236.65777777777782,236.65777777777782,18.23038129250025,16.594162492599022
r563_svd_normalised_tr050_tid5_015,5,15,True,276,polygon,189.9424703891709,182.26395939086294,21.88888888888889,2.639592720650643,5.5811593550731375,5.09878746439898,-69.25803269585903,0.40667841133396515,0.9425837320574163,21.88888888888889,False,mask,360.0,1.0,True,True,8.446696706082058,224.14222222222227,224.14222222222227,17.85970993623404,16.316119886076738
r563_svd_normalised_tr050_tid5_015,5,15,True,277,polygon,208.84561403508772,143.99298245614037,10.555555555555555,1.8330132807744652,3.758159149926248,3.6420944090460186,81.02353783181296,0.24660296031138004,0.9313725490196079,10.555555555555555,False,mask,360.0,1.0,True,True,5.865642498478289,108.0888888888889,108.0888888888889,12.026109279763993,11.65470210894726
r563_svd_normalised_tr050_tid5_015,5,15,True,278,polygon,-6.946295128863692,199.29673270918067,229.0240934091987,8.53818675752808,17.07637351505616,17.07637351505616,,0.0,0.9473684210526315,16.0,True,circle,90.0,0.225,False,True,27.32219762408986,2345.2067165101953,163.84000000000003,54.64439524817972,54.64439524817972
r563_svd_normalised_tr050_tid5_015,5,15,True,279,polygon,292.07916666666665,24.462500000000002,26.666666666666668,2.9134624815788777,6.03226087377755,5.66471984946429,-83.72180986652863,0.34372386202628463,0.96,26.666666666666668,False,mask,360.0,1.0,True,True,9.32307994105241,273.0666666666667,273.0666666666667,19.303234796088162,18.12710351828573
r563_svd_normalised_tr050_tid5_015,5,15,True,280,polygon,341.30872483221475,116.15212527964206,16.555555555555557,2.2956038431311083,4.702978381052104,4.55034184442943,-66.00398871710797,0.25269989714981006,0.9933333333333333,16.555555555555557,False,mask,360.0,1.0,True,True,7.345932298019547,169.52888888888893,169.52888888888893,15.049530819366735,14.561093902174177
r563_svd_normalised_tr050_tid5_015,5,15,True,281,polygon,213.81435897435895,224.33846153846153,36.111111111111114,3.3903574542735164,7.15235250814467,6.460880090820029,-11.212017041104128,0.428962326607732,0.9530791788856305,36.111111111111114,False,mask,360.0,1.0,True,True,10.849143853675253,369.7777777777779,369.7777777777779,22.887528026062945,20.674816290624094
r563_svd_normalised_tr050_tid5_015,5,15,True,282,polygon,216.70000000000002,201.70000000000002,16.666666666666668,2.303294329808903,4.650766563656966,4.5853228005436195,45.00000000000015,0.16716819517914352,0.9375,16.666666666666668,False,mask,360.0,1.0,True,True,7.37054185538849,170.6666666666667,170.6666666666667,14.882453003702294,14.673032961739583
r563_svd_normalised_tr050_tid5_015,5,15,True,283,polygon,255.99263944203273,255.24146772860914,585.4951912970844,13.651699810021157,27.303399620042313,27.303399620042313,,0.0,0.9797665369649805,139.88888888888889,True,circle,140.0,0.3638888888888889,True,True,43.68543939206771,5995.470758882145,1432.4622222222224,87.37087878413541,87.37087878413541
r563_svd_normalised_tr050_tid5_015,5,15,True,284,polygon,217.61251899763192,228.34943272187468,2095.777777777778,25.828410441042674,56.97834254663508,47.68712625280335,-84.31303685523145,0.5473034488065376,0.9842412857441035,2095.777777777778,False,mask,360.0,1.0,True,True,82.65091341133656,21460.76444444445,21460.76444444445,182.33069614923227,152.59880400897075
r563_svd_normalised_tr050_tid5_015,5,15,True,285,polygon,311.72739018087856,48.87984496124031,28.666666666666668,3.020742194219052,6.407285372235343,5.77144577606346,51.39956665944835,0.4343109100292693,0.9735849056603774,28.666666666666668,False,mask,360.0,1.0,True,True,9.666375021500969,293.54666666666674,293.54666666666674,20.503313191153097,18.46862648340307
r563_svd_normalised_tr050_tid5_015,5,15,True,286,polygon,207.79084967320262,178.7483660130719,11.333333333333334,1.8993451617376695,3.9196094242031045,3.708893313265321,-58.18719186472285,0.32346383487801866,0.9357798165137615,11.333333333333334,False,mask,360.0,1.0,True,True,6.077904517560543,116.05333333333336,116.05333333333336,12.542750157449936,11.868458602449028
r563_svd_normalised_tr050_tid5_015,5,15,True,287,polygon,289.6737588652482,103.89007092198581,41.77777777777778,3.646680639904754,7.972831256601784,6.70581381473421,52.218816567655416,0.5409058880467166,0.9616368286445013,41.77777777777778,False,mask,360.0,1.0,True,True,11.669378047695213,427.8044444444445,427.8044444444445,25.51306002112571,21.458604207149474
r563_svd_normalised_tr050_tid5_015,5,15,True,288,polygon,203.73305670816046,61.09059474412172,53.55555555555556,4.128833103117462,8.579770983703737,7.989872558990559,-42.786939609151496,0.3643925636281389,0.9678714859437751,53.55555555555556,False,mask,360.0,1.0,True,True,13.21226592997588,548.408888888889,548.408888888889,27.45526714785196,25.56759218876979
r563_svd_normalised_tr050_tid5_015,5,15,True,289,polygon,337.8402865571007,91.95912347239782,87.88888888888889,5.2892251057259845,11.264979332812265,9.99913456705034,-48.2175790218953,0.46055708822955155,0.9765432098765432,87.88888888888889,False,mask,360.0,1.0,True,True,16.92552033832315,899.9822222222224,899.9822222222224,36.04793386499925,31.99723061456109
r563_svd_normalised_tr050_tid5_015,5,15,True,290,polygon,77.87593132491092,92.40200842241659,114.33333333333333,6.032696770130812,12.642562133866022,11.536649372813066,16.166152738019747,0.4090217524315511,0.976280834914611,114.33333333333333,False,mask,360.0,1.0,True,True,19.3046296644186,1170.7733333333335,1170.7733333333335,40.45619882837127,36.91727799300181
r563_svd_normalised_tr050_tid5_015,5,15,True,291,polygon,263.53968253968253,15.91005291005291,28.0,2.985410660720923,6.255528423524456,5.706625365940873,87.71401339183342,0.4096269426200616,0.980544747081712,28.0,False,mask,360.0,1.0,True,True,9.553314114306955,286.72,286.72,20.017690955278262,18.261201171010793
r563_svd_normalised_tr050_tid5_015,5,15,True,292,polygon,251.83208020050128,182.4310776942356,14.777777777777779,2.1688505625085828,4.474477214971746,4.24007216323532,82.5504523439392,0.3194211361923751,0.9851851851851852,14.777777777777779,False,mask,360.0,1.0,True,True,6.940321800027466,151.32444444444448,151.32444444444448,14.318327087909589,13.568230922353024
r563_svd_normalised_tr050_tid5_015,5,15,True,293,polygon,182.1031746031746,72.06150793650794,18.666666666666668,2.4375775971438176,5.3393200822270535,4.490020084487212,44.586912745371805,0.5411364487473348,0.9767441860465116,18.666666666666668,False,mask,360.0,1.0,True,True,7.8002483108602165,191.1466666666667,191.1466666666667,17.08582426312657,14.36806427035908
r563_svd_normalised_tr050_tid5_015,5,15,True,294,polygon,261.05194805194805,108.56060606060606,17.11111111111111,2.333802868765049,4.946075246342454,4.474722017212789,-51.52453067773162,0.4260458635326585,0.9625,17.11111111111111,False,mask,360.0,1.0,True,True,7.468169180048157,175.2177777777778,175.2177777777778,15.827440788295855,14.319110455080926
r563_svd_normalised_tr050_tid5_015,5,15,True,295,polygon,255.3045685279188,155.6497461928934,21.88888888888889,2.639592720650643,5.646126872637755,4.969358150218722,39.27782837464526,0.47472207545275225,0.9800995024875622,21.88888888888889,False,mask,360.0,1.0,True,True,8.446696706082058,224.14222222222227,224.14222222222227,18.067605992440814,15.90194608069991
r563_svd_normalised_tr050_tid5_015,5,15,True,296,polygon,363.9321212121212,93.35212121212122,61.111111111111114,4.4104728570010225,9.710435378743922,8.306197987789304,-36.064009815971666,0.5179864324089934,0.9385665529010239,61.111111111111114,False,mask,360.0,1.0,True,True,14.113513142403272,625.7777777777779,625.7777777777779,31.07339321198055,26.579833560925774
r563_svd_normalised_tr050_tid5_015,5,15,True,297,polygon,357.2613636363637,63.13825757575757,19.555555555555557,2.4949402123397033,5.200848393710637,4.826990057005596,89.41930497974502,0.3722914008133476,0.9723756906077348,19.555555555555557,False,mask,360.0,1.0,True,True,7.983808679487051,200.24888888888896,200.24888888888896,16.64271485987404,15.446368182417908
r563_svd_normalised_tr050_tid5_015,5,15,True,298,polygon,347.72256728778467,214.36024844720498,17.88888888888889,2.3862544261198764,4.821771111566114,4.749506246884536,56.5232034417234,0.17248127623136392,0.9640718562874252,17.88888888888889,False,mask,360.0,1.0,True,True,7.636014163583605,183.18222222222226,183.18222222222226,15.429667557011564,15.198419990030516
r563_svd_normalised_tr050_tid5_015,5,15,True,299,polygon,286.56834532374097,41.66906474820144,15.444444444444445,2.217232363394281,4.716693705240455,4.247267603651449,2.143139908118189,0.43490653043167277,0.9455782312925171,15.444444444444445,False,mask,360.0,1.0,True,True,7.0951435628617,158.15111111111113,158.15111111111113,15.093419856769456,13.591256331684637
r563_svd_normalised_tr050_tid5_015,5,15,True,300,polygon,279.483579638752,49.12262491203378,631.5555555555555,14.178518152741828,36.614020166746066,21.989305547259672,-88.38191125598081,0.7995717013650867,0.9839016790721828,631.5555555555555,False,mask,360.0,1.0,True,True,45.37125808877386,6467.12888888889,6467.12888888889,117.16486453358742,70.36577775123095
r563_svd_normalised_tr050_tid5_015,5,15,True,301,polygon,263.7527777777778,183.59444444444443,13.333333333333334,2.0601290774570113,4.323841959695446,3.9728797393863347,85.98837035818865,0.3946513875068326,1.0,13.333333333333334,False,mask,360.0,1.0,True,True,6.592413047862436,136.53333333333336,136.53333333333336,13.836294271025427,12.71321516603627
r563_svd_normalised_tr050_tid5_015,5,15,True,302,polygon,234.0997375328084,229.78215223097115,14.11111111111111,2.1193645679081743,4.486692769288635,4.011042533997775,-61.10090309167249,0.44809399686845375,0.9621212121212122,14.11111111111111,False,mask,360.0,1.0,True,True,6.781966617306158,144.4977777777778,144.4977777777778,14.357416861723634,12.83533610879288
r563_svd_normalised_tr050_tid5_015,5,15,True,303,polygon,335.4338875692795,150.71179730799682,46.77777777777778,3.8587341344507133,9.006779713667555,6.640089139649948,-84.44975643462139,0.6756393272428779,0.9722863741339491,46.77777777777778,False,mask,360.0,1.0,True,True,12.347949230242284,479.0044444444446,479.0044444444446,28.821695083736177,21.248285246879835
r563_svd_normalised_tr050_tid5_015,5,15,True,304,polygon,309.9455128205128,88.03012820512821,173.33333333333334,7.427901022845578,17.195322986308145,13.111537044394924,60.71318287409742,0.6469811368992643,0.9512195121951219,173.33333333333334,False,mask,360.0,1.0,True,True,23.769283273105852,1774.9333333333338,1774.9333333333338,55.02503355618607,41.95691854206376
r563_svd_normalised_tr050_tid5_015,5,15,True,305,polygon,216.83333333333334,96.33333333333333,12.666666666666666,2.0079654441734505,4.278954209583957,3.7596536165886576,64.50539950608356,0.47748770257281625,1.0,12.666666666666666,False,mask,360.0,1.0,True,True,6.425489421355042,129.70666666666668,129.70666666666668,13.692653470668663,12.030891573083705
r563_svd_normalised_tr050_tid5_015,5,15,True,306,polygon,328.44157303370787,84.75842696629213,98.88888888888889,5.6104644163441355,12.046115839320818,10.476351432968617,28.336584801506156,0.49360344921139665,0.9726775956284153,98.88888888888889,False,mask,360.0,1.0,True,True,17.953486132301233,1012.6222222222224,1012.6222222222224,38.54757068582662,33.52432458549958
r563_svd_normalised_tr050_tid5_015,5,15,True,307,polygon,366.04684908789386,77.07338308457712,89.33333333333333,5.3325119001978765,11.32728396979936,10.063166691586078,63.39915294200579,0.45906889009349816,0.9781021897810219,89.33333333333333,False,mask,360.0,1.0,True,True,17.064038080633207,914.7733333333334,914.7733333333334,36.24730870335795,32.20213341307545
r563_svd_normalised_tr050_tid5_015,5,15,True,308,polygon,324.5713565305093,17.81492687846697,73.44444444444444,4.835089735666014,9.890821209816169,9.48275924623219,-62.73565207609805,0.28427302529616766,0.9792592592592593,73.44444444444444,False,mask,360.0,1.0,True,True,15.472287154131246,752.0711111111112,752.0711111111112,31.650627871411743,30.34482958794301
r563_svd_normalised_tr050_tid5_015,5,15,True,309,polygon,362.57516339869284,74.40392156862745,28.333333333333332,3.003128386955965,6.803696002030011,5.338289908698665,-76.60459471272401,0.6199818251591706,0.9732824427480916,28.333333333333332,False,mask,360.0,1.0,True,True,9.610010838259088,290.1333333333334,290.1333333333334,21.771827206496038,17.08252770783573
r563_svd_normalised_tr050_tid5_015,5,15,True,310,polygon,1.5937777777777777,159.90044444444445,41.666666666666664,3.641828101973597,12.771380642447134,4.6028605214099025,1.4465852018390744,0.9327961939030096,0.9765625,41.666666666666664,False,mask,360.0,1.0,True,True,11.65384992631551,426.66666666666674,426.66666666666674,40.86841805583083,14.729153668511689
r563_svd_normalised_tr050_tid5_015,5,15,True,311,polygon,170.66520467836256,85.0229044834308,76.0,4.918490759365935,10.24861372058375,9.473590225668158,60.78668240736844,0.3814784702785101,0.972972972972973,76.0,False,mask,360.0,1.0,True,True,15.739170429970992,778.2400000000001,778.2400000000001,32.795563905868,30.315488722138106
r563_svd_normalised_tr050_tid5_015,5,15,True,312,polygon,56.59595959595959,96.67676767676767,18.333333333333332,2.4157154730437167,5.176615407216199,4.521309624758674,-74.60798054225856,0.4869849174804893,0.9821428571428571,18.333333333333332,False,mask,360.0,1.0,True,True,7.730289513739894,187.73333333333335,187.73333333333335,16.56516930309184,14.468190799227756
r563_svd_normalised_tr050_tid5_015,5,15,True,313,polygon,336.9531416400426,58.4898828541001,34.77777777777778,3.3271775555520944,7.06429439937108,6.376878895045863,-67.29057444154054,0.4302882253373538,0.9811912225705329,34.77777777777778,False,mask,360.0,1.0,True,True,10.646968177766702,356.1244444444445,356.1244444444445,22.605742077987458,20.406012464146762
r563_svd_normalised_tr050_tid5_015,5,15,True,314,polygon,303.54621212121214,87.46545454545453,244.44444444444446,8.820945714002045,19.969180604619467,16.008847843224356,89.13808330606416,0.5977564552507346,0.9674582233948988,244.44444444444446,False,mask,360.0,1.0,True,True,28.227026284806545,2503.1111111111118,2503.1111111111118,63.901377934782296,51.22831309831794
r563_svd_normalised_tr050_tid5_015,5,15,True,315,polygon,34.77948937384111,83.75509912993867,259.6666666666667,9.09145022053088,19.42511381557509,17.817306324312053,-16.854180394965333,0.3983569507787841,0.9434800161485668,259.6666666666667,False,mask,360.0,1.0,True,True,29.09264070569882,2658.9866666666676,2658.9866666666676,62.160364209840296,57.015380237798574
r563_svd_normalised_tr050_tid5_015,5,15,True,316,polygon,209.76625172890735,41.561549100968186,26.77777777777778,2.9195258856018533,6.177223819268601,5.555348687345162,-81.75989715386355,0.43727523424397186,0.9678714859437751,26.77777777777778,False,mask,360.0,1.0,True,True,9.342482833925931,274.2044444444445,274.2044444444445,19.767116221659524,17.777115799504518
r563_svd_normalised_tr050_tid5_015,5,15,True,317,polygon,120.32407407407408,88.29398148148148,32.0,3.1915382432114616,7.001919180100056,5.892771566852521,-81.67463971935864,0.5401110299315232,0.976271186440678,32.0,False,mask,360.0,1.0,True,True,10.212922378276678,327.68000000000006,327.68000000000006,22.40614137632018,18.85686901392807
r563_svd_normalised_tr050_tid5_015,5,15,True,318,polygon,149.35443909153477,83.60770818995182,161.44444444444446,7.168637439298799,14.643456517622546,14.120846559632751,-49.11944968826429,0.264772067343642,0.9699599465954606,161.44444444444446,False,mask,360.0,1.0,True,True,22.93963980575616,1653.1911111111115,1653.1911111111115,46.85906085639215,45.186708990824805
r563_svd_normalised_tr050_tid5_015,5,15,True,319,polygon,198.02721088435374,184.4591836734694,10.88888888888889,1.8617306418733526,3.770953128340512,3.719154873877189,34.47241254128699,0.16517734003308895,0.9607843137254902,10.88888888888889,False,mask,360.0,1.0,True,True,5.957538053994728,111.50222222222224,111.50222222222224,12.06705001068964,11.901295596407005
r563_svd_normalised_tr050_tid5_015,5,15,True,320,polygon,41.019864918553836,83.60170838299562,186.44444444444446,7.703707541873017,15.987711591573728,14.941703093438422,-6.334285593223873,0.35576822081536796,0.9688221709006929,186.44444444444446,False,mask,360.0,1.0,True,True,24.651864133993655,1909.1911111111117,1909.1911111111117,51.16067709303593,47.813449899002954
r563_svd_normalised_tr050_tid5_015,5,15,True,321,polygon,262.28469872891236,250.13807842274423,84.93340350034474,5.199532863767351,10.399065727534701,10.399065727534701,,0.0,0.9876160990712074,35.44444444444444,True,circle,160.0,0.4583333333333333,True,True,16.638505164055523,869.7180518435302,362.9511111111112,33.27701032811105,33.27701032811105
r563_svd_normalised_tr050_tid5_015,5,15,True,322,polygon,345.60526315789474,36.35745614035088,16.88888888888889,2.318598779434016,4.871439959562319,4.4301621295217,-65.11278640594442,0.4158891388467589,0.9806451612903225,16.88888888888889,False,mask,360.0,1.0,True,True,7.419516094188852,172.94222222222226,172.94222222222226,15.588607870599422,14.176518814469441
r563_svd_normalised_tr050_tid5_015,5,15,True,323,polygon,171.8092105263158,245.375,16.88888888888889,2.318598779434016,4.736272674378934,4.552319768557511,82.1056290056198,0.27598887914622056,0.9743589743589743,16.88888888888889,False,mask,360.0,1.0,True,True,7.419516094188852,172.94222222222226,172.94222222222226,15.156072558012589,14.567423259384036
r563_svd_normalised_tr050_tid5_015,5,15,True,324,polygon,295.564075257366,239.26411075612353,104.33333333333333,5.762840572019048,12.684243972018137,10.523394143502925,-89.91560395988394,0.5582942797282868,0.978125,104.33333333333333,False,mask,360.0,1.0,True,True,18.441089830460953,1068.3733333333334,1068.3733333333334,40.589580710458044,33.67486125920936
r563_svd_normalised_tr050_tid5_015,5,15,True,325,polygon,382.66583256290414,1.0036565809178295,20.049871925243156,2.526276400262594,5.052552800525188,5.052552800525188,,0.0,0.9935897435897436,17.22222222222222,True,circle,250.0,0.7027777777777777,True,True,8.084084480840302,205.31068851448995,176.35555555555558,16.168168961680603,16.168168961680603
r563_svd_normalised_tr050_tid5_015,5,15,True,326,polygon,346.54096520763187,91.05331088664423,198.0,7.938851142601841,19.890008819735588,12.866111482183838,74.00294712679342,0.7626061980100681,0.9305483028720627,198.0,False,mask,360.0,1.0,True,True,25.404323656325893,2027.5200000000004,2027.5200000000004,63.64802822315389,41.17155674298829
r563_svd_normalised_tr050_tid5_015,5,15,True,327,polygon,342.7625,51.151388888888896,26.666666666666668,2.9134624815788777,6.127714482447259,5.553483316802272,-83.98698028603744,0.4226574683771147,0.967741935483871,26.666666666666668,False,mask,360.0,1.0,True,True,9.32307994105241,273.0666666666667,273.0666666666667,19.60868634383123,17.77114661376727
r563_svd_normalised_tr050_tid5_015,5,15,True,328,polygon,223.0277777777778,102.06944444444444,10.666666666666666,1.8426354638471225,3.8930253868094304,3.5349098864834616,-32.10398190481482,0.4189463191030307,0.9056603773584906,10.666666666666666,False,mask,360.0,1.0,True,True,5.896433484310792,109.22666666666669,109.22666666666669,12.457681237790178,11.311711636747077
r563_svd_normalised_tr050_tid5_015,5,15,True,329,polygon,288.2920379858993,247.2428059699016,105.45160118181958,5.793641960812169,13.536530632710008,9.918726764145333,78.92032494813753,0.680511142531211,0.9786666666666667,81.55555555555556,True,ellipse,200.0,0.6472222222222223,True,True,18.53965427459894,1079.8243961018327,835.128888888889,43.31689802467203,31.739925645265068
r563_svd_normalised_tr050_tid5_015,5,15,True,330,polygon,366.47000084181764,-0.04410272526219368,33.929962470855926,3.2863722388552454,6.572744477710491,6.572744477710491,,0.0,0.9725274725274725,19.666666666666668,True,circle,190.0,0.5416666666666666,True,True,10.516391164336786,347.44281570156477,201.3866666666667,21.032782328673573,21.032782328673573
r563_svd_normalised_tr050_tid5_015,5,15,True,331,polygon,339.019305019305,43.32947232947233,57.55555555555556,4.280245593203004,8.800249873131252,8.35727970138835,-41.42459343839774,0.31327058351869885,0.9792060491493384,57.55555555555556,False,mask,360.0,1.0,True,True,13.696785898249614,589.368888888889,589.368888888889,28.160799594020006,26.74329504444272
r563_svd_normalised_tr050_tid5_015,5,15,True,332,polygon,293.7708333333333,161.48214285714286,24.88888888888889,2.814672163763168,5.7678016402176135,5.557614993907809,17.905844584411923,0.26749726006901464,0.9824561403508771,24.88888888888889,False,mask,360.0,1.0,True,True,9.006950924042139,254.86222222222227,254.86222222222227,18.456965248696363,17.784367980504992
r563_svd_normalised_tr050_tid5_015,5,15,True,333,polygon,205.85307621671257,200.95224977043156,80.66666666666667,5.067247525579587,10.927586749289182,9.55875199576664,-52.72789834052321,0.4846000152345945,0.9758064516129032,80.66666666666667,False,mask,360.0,1.0,True,True,16.215192081854678,826.0266666666669,826.0266666666669,34.96827759772538,30.588006386453248
r563_svd_normalised_tr050_tid5_015,5,15,True,334,polygon,274.8548752834467,43.723356009070294,16.333333333333332,2.2801450555469596,4.772140826046365,4.37931617406805,8.385164763011796,0.3973115933142811,0.9671052631578947,16.333333333333332,False,mask,360.0,1.0,True,True,7.296464177750271,167.25333333333336,167.25333333333336,15.270850643348368,14.013811757017761
r563_svd_normalised_tr050_tid5_015,5,15,True,335,polygon,141.16835016835017,52.053872053872055,33.0,3.2410224072142872,7.2763625221017305,5.802735708601351,-78.82433330522558,0.6033486287902262,0.9642857142857143,33.0,False,mask,360.0,1.0,True,True,10.37127170308572,337.9200000000001,337.9200000000001,23.28436007072554,18.568754267524323
r563_svd_normalised_tr050_tid5_015,5,15,True,336,polygon,239.9640234948605,3.8560939794419973,50.44444444444444,4.00711434447729,8.648894459123314,7.55756054616375,-38.045904580977144,0.4862529419005229,0.9497907949790795,50.44444444444444,False,mask,360.0,1.0,True,True,12.822765902327328,516.5511111111111,516.5511111111111,27.676462269194605,24.184193747724002
r563_svd_normalised_tr050_tid5_015,5,15,True,337,polygon,206.0597456373854,165.6589766341319,125.22222222222223,6.313435776440345,15.259251511576627,10.57951466434246,62.03767834248353,0.7206317137305119,0.9817073170731707,125.22222222222223,False,mask,360.0,1.0,True,True,20.202994484609107,1282.275555555556,1282.275555555556,48.82960483704521,33.85444692589587
r563_svd_normalised_tr050_tid5_015,5,15,True,338,polygon,322.2342857142857,51.74857142857143,19.444444444444443,2.4878422172674357,5.250758135987829,4.777742685113762,-78.23332803597962,0.4147951375730193,0.9615384615384616,19.444444444444443,False,mask,360.0,1.0,True,True,7.961095095255795,199.11111111111114,199.11111111111114,16.802426035161055,15.288776592364039
r563_svd_normalised_tr050_tid5_015,5,15,True,339,polygon,287.1189591078067,53.35811648079306,29.88888888888889,3.08446572689375,6.484250387065859,5.918483905012306,-73.04741829878138,0.40852397654159195,0.9817518248175182,29.88888888888889,False,mask,360.0,1.0,True,True,9.870290326060001,306.06222222222226,306.06222222222226,20.74960123861075,18.93914849603938
r563_svd_normalised_tr050_tid5_015,5,15,True,340,polygon,308.24650478292864,42.33038999264165,50.333333333333336,4.0026987901394895,8.477290675174265,7.611685728346956,-87.50976800720443,0.4402171901514885,0.978401727861771,50.333333333333336,False,mask,360.0,1.0,True,True,12.808636128446366,515.4133333333334,515.4133333333334,27.127330160557648,24.35739433071026
r563_svd_normalised_tr050_tid5_015,5,15,True,341,polygon,355.4553734061931,26.28415300546448,40.666666666666664,3.597860758581524,7.444927314970585,7.054631413411655,89.5194849075874,0.31953168236935464,0.9457364341085271,40.666666666666664,False,mask,360.0,1.0,True,True,11.513154427460877,416.42666666666673,416.42666666666673,23.823767407905873,22.574820522917296
r563_svd_normalised_tr050_tid5_015,5,15,True,342,polygon,239.72327044025155,171.69811320754718,5.888888888888889,1.369120722205026,2.92182588930166,2.6634490282855663,34.75726889038019,0.41114475409955564,0.8833333333333333,5.888888888888889,False,mask,360.0,1.0,True,True,4.381186311056083,60.30222222222224,60.30222222222224,9.349842845765313,8.523036890513813
r563_svd_normalised_tr050_tid5_015,5,15,True,343,polygon,-11.999526473793457,199.11631904549176,527.7048947606758,12.960466233507958,25.920932467015916,25.920932467015916,,0.0,0.9714285714285714,11.333333333333334,True,circle,60.0,0.1527777777777778,False,True,41.47349194722547,5403.698122349321,116.05333333333336,82.94698389445094,82.94698389445094
r563_svd_normalised_tr050_tid5_015,5,15,True,344,polygon,212.82479281583926,216.34908199429742,1389.888888888889,21.033672385732775,60.37247038465256,31.899395902045637,59.04889193044749,0.8490101597892202,0.8419600188463351,1389.888888888889,False,mask,360.0,1.0,True,True,67.30775163434488,14232.462222222226,14232.462222222226,193.1919052308882,102.07806688654604
r563_svd_normalised_tr050_tid5_015,5,15,True,345,polygon,240.5764411027569,2.2406015037593985,29.555555555555557,3.067217880260154,7.03469429056936,5.410126242464307,85.33961359150044,0.6391724445588209,0.9602888086642599,29.555555555555557,False,mask,360.0,1.0,True,True,9.815097216832493,302.64888888888896,302.64888888888896,22.51102172982195,17.312403975885783
r563_svd_normalised_tr050_tid5_015,5,15,True,346,polygon,343.22340148790363,-0.41864305702375937,13.801920447168294,2.0960171102965437,4.192034220593087,4.192034220593087,,0.0,0.9154929577464789,7.222222222222222,True,circle,170.0,0.5138888888888888,True,True,6.70725475294894,141.33166537900337,73.95555555555558,13.41450950589788,13.41450950589788
r563_svd_normalised_tr050_tid5_015,5,15,True,347,polygon,184.45964912280704,155.30877192982456,10.555555555555555,1.8330132807744652,3.879248525111658,3.478748697359253,-10.941954375945244,0.442520478078921,0.9595959595959596,10.555555555555555,False,mask,360.0,1.0,True,True,5.865642498478289,108.0888888888889,108.0888888888889,12.413595280357306,11.13199583154961
r563_svd_normalised_tr050_tid5_015,5,15,True,348,polygon,380.0801033591731,40.47286821705426,14.333333333333334,2.135987289748623,4.429676320594671,4.188696519537641,3.056181892391343,0.32533513398054836,0.9485294117647058,14.333333333333334,False,mask,360.0,1.0,True,True,6.835159327195594,146.77333333333337,146.77333333333337,14.174964225902949,13.40382886252045
r563_svd_normalised_tr050_tid5_015,5,15,True,349,polygon,333.41964285714283,20.148809523809522,24.88888888888889,2.814672163763168,5.737921806428502,5.557739639151898,-42.94553717183888,0.2486320502368821,0.9613733905579399,24.88888888888889,False,mask,360.0,1.0,True,True,9.006950924042139,254.86222222222227,254.86222222222227,18.361349780571206,17.784766845286075
r563_svd_normalised_tr050_tid5_015,5,15,True,350,polygon,349.2128305158214,41.667533593411356,85.44444444444444,5.215152096166356,12.271606715314682,8.912929504012277,-48.26065361937981,0.6873725515648034,0.9721871049304678,85.44444444444444,False,mask,360.0,1.0,True,True,16.68848670773234,874.9511111111112,874.9511111111112,39.269141489006984,28.52137441283929
r563_svd_normalised_tr050_tid5_015,5,15,True,351,polygon,344.85027100271003,28.85941734417344,109.33333333333333,5.899311899656415,12.334066479797556,11.30427679631979,21.44832720650607,0.4000152062903902,0.9742574257425742,109.33333333333333,False,mask,360.0,1.0,True,True,18.87779807890053,1119.5733333333335,1119.5733333333335,39.46901273535218,36.17368574822333
r563_svd_normalised_tr050_tid5_015,5,15,True,352,polygon,261.9945689069925,240.9429735234216,54.55555555555556,4.1672020204907705,8.633955466599842,8.13354259406501,89.09416865964025,0.3354969408952957,0.982,54.55555555555556,False,mask,360.0,1.0,True,True,13.335046465570466,558.648888888889,558.648888888889,27.628657493119494,26.027336301008035
r563_svd_normalised_tr050_tid5_015,5,15,True,353,polygon,210.21161825726142,183.21991701244815,26.77777777777778,2.9195258856018533,6.235731652862931,5.524050077574818,42.4657898688404,0.4639327957378157,0.9757085020242915,26.77777777777778,False,mask,360.0,1.0,True,True,9.342482833925931,274.2044444444445,274.2044444444445,19.95434128916138,17.676960248239418
r563_svd_normalised_tr050_tid5_015,5,15,True,354,polygon,65.73346880027093,81.00990601981204,437.44444444444446,11.80012251304378,25.030575733699013,22.907989136628924,-73.46392150168472,0.40299938557804826,0.9810615499626215,437.44444444444446,False,mask,360.0,1.0,True,True,37.7603920417401,4479.431111111112,4479.431111111112,80.09784234783685,73.30556523721256
r563_svd_normalised_tr050_tid5_015,5,15,True,355,polygon,301.9922290388548,60.67321063394683,90.55555555555556,5.368866601266865,11.369929750299391,10.234133932718281,-30.832391504346564,0.4356724275600131,0.9476744186046512,90.55555555555556,False,mask,360.0,1.0,True,True,17.18037312405397,927.2888888888891,927.2888888888891,36.383775200958056,32.7492285846985
r563_svd_normalised_tr050_tid5_015,5,15,True,356,polygon,270.7995337995338,129.73426573426573,15.88888888888889,2.2489087162019534,4.992587974272892,4.069968823260691,24.06825408891026,0.579176426460278,0.9794520547945206,15.88888888888889,False,mask,360.0,1.0,True,True,7.1965078918462515,162.70222222222225,162.70222222222225,15.976281517673256,13.023900234434212
r563_svd_normalised_tr050_tid5_015,5,15,True,357,polygon,343.5262745098039,85.00156862745098,47.22222222222222,3.877022076401065,8.043374172506626,7.550577255307945,-34.46626578805009,0.3446464484374244,0.9837962962962963,47.22222222222222,False,mask,360.0,1.0,True,True,12.40647064448341,483.55555555555566,483.55555555555566,25.738797352021205,24.161847216985425
r563_svd_normalised_tr050_tid5_015,5,15,True,358,polygon,332.25429553264604,241.0652920962199,21.555555555555557,2.6194171938653197,5.474373315359756,5.030316522262216,19.33207880127165,0.39452676009593296,0.9748743718592965,21.555555555555557,False,mask,360.0,1.0,True,True,8.382135020369024,220.72888888888895,220.72888888888895,17.51799460915122,16.09701287123909
r563_svd_normalised_tr050_tid5_015,5,15,True,359,polygon,250.88125,235.73958333333334,17.77777777777778,2.3788321548703615,5.006623598431692,4.621294086348086,5.083451713506701,0.3847134575519016,0.963855421686747,17.77777777777778,False,mask,360.0,1.0,True,True,7.6122628955851575,182.04444444444448,182.04444444444448,16.021195514981414,14.788141076313876
r563_svd_normalised_tr050_tid5_015,5,15,True,360,polygon,257.48467966573816,237.55431754874652,39.888888888888886,3.563288885597138,7.5234369539551595,6.763318551972083,86.30746760030367,0.4380171788176091,0.9835616438356164,39.888888888888886,False,mask,360.0,1.0,True,True,11.402524433910841,408.4622222222223,408.4622222222223,24.074998252656513,21.64261936631067
r563_svd_normalised_tr050_tid5_015,5,15,True,361,polygon,286.4190476190476,42.30793650793651,11.666666666666666,1.9270742950937028,3.9896265733802196,3.7427154390410853,82.2552997923582,0.3463327944331416,0.9459459459459459,11.666666666666666,False,mask,360.0,1.0,True,True,6.166637744299849,119.46666666666668,119.46666666666668,12.766805034816704,11.976689404931474
r563_svd_normalised_tr050_tid5_015,5,15,True,362,polygon,90.74910394265233,87.2078853046595,20.666666666666668,2.5648400173236943,5.601729780862886,4.722363278137352,-58.69472412466333,0.5378841650184888,0.9789473684210527,20.666666666666668,False,mask,360.0,1.0,True,True,8.207488055435823,211.62666666666672,211.62666666666672,17.925535298761236,15.111562490039526
r563_svd_normalised_tr050_tid5_015,5,15,True,363,polygon,298.5497076023392,90.77894736842104,31.666666666666668,3.1748721332498895,6.586136952946195,6.149618892216805,-73.60612065511654,0.3579997420122614,0.979381443298969,31.666666666666668,False,mask,360.0,1.0,True,True,10.159590826399647,324.26666666666677,324.26666666666677,21.075638249427826,19.678780455093776
r563_svd_normalised_tr050_tid5_015,5,15,True,364,polygon,177.85156757284716,-0.21164191538057842,31.358133791264095,3.1593676579393786,6.318735315878757,6.318735315878757,,0.0,0.98125,17.444444444444443,True,circle,180.0,0.5305555555555556,True,True,10.109976505406012,321.1072900225444,178.63111111111112,20.219953010812024,20.219953010812024
r563_svd_normalised_tr050_tid5_015,5,15,True,365,polygon,265.65263157894736,2.1561403508771932,21.11111111111111,2.592272241681251,5.3854999487768636,5.025514221940111,-89.10545621564346,0.3594703988517557,0.979381443298969,21.11111111111111,False,mask,360.0,1.0,True,True,8.295271173380003,216.1777777777778,216.1777777777778,17.233599836085965,16.081645510208357
r563_svd_normalised_tr050_tid5_015,5,15,True,366,polygon,220.93243243243242,152.6216216216216,8.222222222222221,1.6177807699850402,3.615241526973937,2.910354519808037,74.26671836040214,0.5932428722499432,0.9367088607594937,8.222222222222221,False,mask,360.0,1.0,True,True,5.176898463952129,84.19555555555556,84.19555555555556,11.5687728863166,9.313134463385719
r563_svd_normalised_tr050_tid5_015,5,15,True,367,polygon,208.3280701754386,239.11052631578946,21.11111111111111,2.592272241681251,5.413980575194898,5.013600393749503,-81.52997476472481,0.37740824021111613,0.9693877551020408,21.11111111111111,False,mask,360.0,1.0,True,True,8.295271173380003,216.1777777777778,216.1777777777778,17.324737840623676,16.04352125999841
r563_svd_normalised_tr050_tid5_015,5,15,True,368,polygon,305.88262910798124,50.01877934272301,15.777777777777779,2.241031603676661,4.910029188549963,4.16601689537567,-11.132694511913478,0.5292420317219948,0.9530201342281879,15.777777777777779,False,mask,360.0,1.0,True,True,7.171301131765316,161.5644444444445,161.5644444444445,15.712093403359882,13.331254065202145
r563_svd_normalised_tr050_tid5_015,5,15,True,369,polygon,354.3436917339963,81.8779780401906,178.77777777777777,7.543655221219715,16.77944638531845,13.646767529694394,39.982155910189306,0.5818409280216519,0.9810975609756097,178.77777777777777,False,mask,360.0,1.0,True,True,24.139696707903088,1830.6844444444448,1830.6844444444448,53.69422843301905,43.66965609502206
r563_svd_normalised_tr050_tid5_015,5,15,True,370,polygon,292.306484295846,98.64133738601824,73.11111111111111,4.824105042030931,10.381686217453936,9.004344774279016,65.62640191787891,0.49773406005499127,0.9777117384843982,73.11111111111111,False,mask,360.0,1.0,True,True,15.43713613449898,748.6577777777779,748.6577777777779,33.221395895852595,28.81390327769285
r563_svd_normalised_tr050_tid5_015,5,15,True,371,polygon,221.5358361774744,72.839590443686,32.55555555555556,3.219123356371881,6.687565338125542,6.226669456375532,-70.14764754716973,0.36481082336461046,0.9932203389830508,32.55555555555556,False,mask,360.0,1.0,True,True,10.30119474039002,333.368888888889,333.368888888889,21.400209082001737,19.925342260401706
r563_svd_normalised_tr050_tid5_015,5,15,True,372,polygon,256.2296819787986,17.574793875147233,31.444444444444443,3.1637126184632574,6.699760165271742,6.0245395411664475,8.360284450126812,0.4375024990847493,0.9792387543252595,31.444444444444443,False,mask,360.0,1.0,True,True,10.123880379082424,321.99111111111114,321.99111111111114,21.439232528869574,19.278526531732634
r563_svd_normalised_tr050_tid5_015,5,15,True,373,polygon,214.60810810810813,1.5731981981981982,32.888888888888886,3.2355615399700803,10.222653675436442,4.447154028871447,-87.5006638562922,0.9004162897451121,0.961038961038961,32.888888888888886,False,mask,360.0,1.0,True,True,10.353796927904257,336.78222222222223,336.78222222222223,32.71249176139661,14.230892892388631
r563_svd_normalised_tr050_tid5_015,5,15,True,374,polygon,42.70783015192833,84.21581612777561,285.22222222222223,9.528328976932073,19.444306242441257,19.19399830876812,-12.158289219411476,0.15993881932832396,0.9233812949640288,285.22222222222223,False,mask,360.0,1.0,True,True,30.490652726182635,2920.675555555556,2920.675555555556,62.22177997581203,61.42079458805799
r563_svd_normalised_tr050_tid5_015,5,15,True,375,polygon,252.6862745098039,108.98529411764706,7.555555555555555,1.5508088305604262,3.2303363389527355,3.005401742269342,-4.097256024656124,0.3666268934606673,0.9577464788732394,7.555555555555555,False,mask,360.0,1.0,True,True,4.962588257793364,77.3688888888889,77.3688888888889,10.337076284648754,9.617285575261896
r563_svd_normalised_tr050_tid5_015,5,15,True,376,polygon,30.94510483737824,82.02682846293546,448.6666666666667,11.950524490629164,26.850201693994,21.592412930371065,31.728288774382438,0.5943849471725671,0.9485553206483439,448.6666666666667,False,mask,360.0,1.0,True,True,38.241678370013325,4594.346666666668,4594.346666666668,85.9206454207808,69.09572137718742
r563_svd_normalised_tr050_tid5_015,5,15,True,377,polygon,326.6057347670251,137.76702508960574,10.333333333333334,1.8136157689082062,3.729561803191056,3.5782825116018757,2.1004911739101084,0.2819204474787842,0.9393939393939394,10.333333333333334,False,mask,360.0,1.0,True,True,5.80357046050626,105.81333333333336,105.81333333333336,11.93459777021138,11.450504037126002
r563_svd_normalised_tr050_tid5_015,5,15,True,378,polygon,324.2507645259939,150.94189602446482,12.11111111111111,1.9634373937910576,4.240585346786879,3.6513587369767606,-3.1627663393908936,0.5085192142221865,0.9396551724137931,12.11111111111111,False,mask,360.0,1.0,True,True,6.2829996601313844,124.0177777777778,124.0177777777778,13.569873109718012,11.684347958325635
r563_svd_normalised_tr050_tid5_015,5,15,True,379,polygon,234.9757174392936,245.92935982339955,16.77777777777778,2.3109592239720236,4.853828686723381,4.445161500332564,64.71178237573436,0.40162277680918174,0.9869281045751634,16.77777777777778,False,mask,360.0,1.0,True,True,7.395069516710476,171.8044444444445,171.8044444444445,15.53225179751482,14.224516801064206
r563_svd_normalised_tr050_tid5_015,5,15,True,380,polygon,263.0445544554455,95.36798679867987,22.444444444444443,2.6728801986938215,5.657798116259134,5.066766074965683,-56.63678658462816,0.4449875830828085,0.9853658536585366,22.444444444444443,False,mask,360.0,1.0,True,True,8.55321663582023,229.83111111111114,229.83111111111114,18.104953972029232,16.213651439890185
r563_svd_normalised_tr050_tid5_015,5,15,True,381,polygon,266.71969696969694,106.14393939393939,9.777777777777779,1.764189142800409,3.6940060378861705,3.440408850118306,-19.388943765533373,0.36412776568308425,0.946236559139785,9.777777777777779,False,mask,360.0,1.0,True,True,5.645405256961309,100.12444444444448,100.12444444444448,11.820819321235746,11.00930832037858
r563_svd_normalised_tr050_tid5_015,5,15,True,382,polygon,326.2727272727273,212.38047138047136,11.0,1.8712051592547776,3.8513578684685967,3.6569805525844967,51.653695188573536,0.31367567036364374,0.9339622641509434,11.0,False,mask,360.0,1.0,True,True,5.9878565096152885,112.64000000000001,112.64000000000001,12.32434517909951,11.70233776827039
r563_svd_normalised_tr050_tid5_015,5,15,True,383,polygon,237.63157894736844,39.67719298245614,10.555555555555555,1.8330132807744652,3.7351915858809406,3.594175936849117,16.84200512469309,0.2721786291688926,0.9895833333333334,10.555555555555555,False,mask,360.0,1.0,True,True,5.865642498478289,108.0888888888889,108.0888888888889,11.952613074819011,11.501362997917175
r563_svd_normalised_tr050_tid5_015,5,15,True,384,polygon,341.15959595959595,84.36392496392496,128.33333333333334,6.391382379964432,13.921052173304245,11.90695771769929,-17.42398024182092,0.5180996845604482,0.9569179784589892,128.33333333333334,False,mask,360.0,1.0,True,True,20.452423615886183,1314.1333333333337,1314.1333333333337,44.54736695457359,38.10226469663773
r563_svd_normalised_tr050_tid5_015,5,15,True,385,polygon,270.9475484606614,202.8024832129735,292.3333333333333,9.646377043276997,22.25809761823038,16.827559940347427,-10.381112170915141,0.6545488801842955,0.9787946428571429,292.3333333333333,False,mask,360.0,1.0,True,True,30.868406538486393,2993.493333333334,2993.493333333334,71.22591237833721,53.84819180911177
r563_svd_normalised_tr050_tid6_015,6,15,True,0,polygon,312.17535368577813,221.1180193596426,298.44444444444446,9.7466823659795,19.6917415731309,19.30699751543792,50.61816162861867,0.19671030676121232,0.984965163182985,298.44444444444446,False,mask,360.0,1.0,True,True,31.189383571134403,3056.071111111112,3056.071111111112,63.01357303401889,61.78239204940135
r563_svd_normalised_tr050_tid6_015,6,15,True,1,polygon,252.34883720930233,207.200140944327,52.55555555555556,4.090104266056646,8.47517414554122,7.922947215747013,64.7034605374507,0.3550644634243242,0.9653061224489796,52.55555555555556,False,mask,360.0,1.0,True,True,13.08833365138127,538.168888888889,538.168888888889,27.120557265731907,25.353431090390444
r563_svd_normalised_tr050_tid6_015,6,15,True,2,polygon,231.55284552845526,221.7940379403794,54.666666666666664,4.171443448581544,8.50647168256671,8.219911051809609,82.43139038937554,0.25737112249388927,0.9742574257425742,54.666666666666664,False,mask,360.0,1.0,True,True,13.348619035460942,559.7866666666667,559.7866666666667,27.220709384213475,26.30371536579075
r563_svd_normalised_tr050_tid6_015,6,15,True,3,polygon,283.25548902195607,235.47989734816085,129.88888888888889,6.430001356046611,13.43147357295188,12.334039784563998,88.81315511370171,0.3958994529835045,0.9741666666666666,129.88888888888889,False,mask,360.0,1.0,True,True,20.576004339349154,1330.0622222222225,1330.0622222222225,42.98071543344602,39.4689273106048
r563_svd_normalised_tr050_tid6_015,6,15,True,4,polygon,284.2488814317673,180.33165548098432,66.22222222222223,4.591207686262217,9.899255841256986,8.544276957543284,81.95316537330622,0.5049934803267829,0.9691056910569106,66.22222222222223,False,mask,360.0,1.0,True,True,14.691864596039094,678.1155555555557,678.1155555555557,31.677618692022357,27.34168626413851
r563_svd_normalised_tr050_tid6_015,6,15,True,5,polygon,182.69757914338922,206.43389199255122,99.44444444444444,5.626202075354333,11.467509492524478,11.056913345909747,82.82528844097064,0.265194896489065,0.9749455337690632,99.44444444444444,False,mask,360.0,1.0,True,True,18.003846641133865,1018.3111111111112,1018.3111111111112,36.69603037607833,35.38212270691119
r563_svd_normalised_tr050_tid6_015,6,15,True,6,polygon,263.74692144373677,167.4552016985138,87.22222222222223,5.269126647581443,10.789581156290241,10.319295034864618,-4.7812466905765705,0.2920176163085234,0.98125,87.22222222222223,False,mask,360.0,1.0,True,True,16.861205272260616,893.1555555555558,893.1555555555558,34.526659700128775,33.02174411156678
r563_svd_normalised_tr050_tid6_015,6,15,True,7,polygon,227.36166589255302,66.88690199721319,478.44444444444446,12.34072917847151,26.532568562598204,22.992130024051566,56.9488685487468,0.4990684954103141,0.9869355947742379,478.44444444444446,False,mask,360.0,1.0,True,True,39.49033337110883,4899.271111111112,4899.271111111112,84.90421940031426,73.574816076965
r563_svd_normalised_tr050_tid6_015,6,15,True,8,polygon,225.80012414649286,236.71880819366854,119.33333333333333,6.163195579507897,12.661762941091865,12.04379174574717,20.674960595185976,0.3085938328039299,0.9835164835164835,119.33333333333333,False,mask,360.0,1.0,True,True,19.72222585442527,1221.9733333333336,1221.9733333333336,40.51764141149397,38.540133586390944
r563_svd_normalised_tr050_tid6_015,6,15,True,9,polygon,189.84151156232375,142.2380146644106,65.66666666666667,4.571908703455876,9.380985712750972,8.932763568164333,31.82421032523195,0.3054125029751512,0.9752475247524752,65.66666666666667,False,mask,360.0,1.0,True,True,14.630107851058805,672.4266666666668,672.4266666666668,30.01915428080311,28.584843418125867
r563_svd_normalised_tr050_tid6_015,6,15,True,10,polygon,232.3323890462701,118.65155807365439,39.22222222222222,3.533386632033197,7.1527723906726886,7.0006562846718525,34.278870566829,0.2051370116141353,0.9832869080779945,39.22222222222222,False,mask,360.0,1.0,True,True,11.306837222506232,401.63555555555564,401.63555555555564,22.888871650152605,22.40210011094993
r563_svd_normalised_tr050_tid6_015,6,15,True,11,polygon,218.4034833091437,107.65118529269472,76.55555555555556,4.93643496621051,9.994371185465361,9.771373480793116,55.92847439077506,0.21006384570536338,0.9731638418079096,76.55555555555556,False,mask,360.0,1.0,True,True,15.796591891873632,783.9288888888891,783.9288888888891,31.981987793489157,31.268395138537972
r563_svd_normalised_tr050_tid6_015,6,15,True,12,polygon,333.34087694483736,143.37388024516738,78.55555555555556,5.000500969702269,10.655362178387792,9.404729050867344,82.8980787593938,0.4700707194638884,0.9778699861687413,78.55555555555556,False,mask,360.0,1.0,True,True,16.001603103047263,804.408888888889,804.408888888889,34.09715897084094,30.0951329627755
r563_svd_normalised_tr050_tid6_015,6,15,True,13,polygon,286.13441640073495,173.57576636688907,383.0,11.041407809169618,22.582733182689722,21.6078951191619,-22.607610656819656,0.29063962468200744,0.9840137025406794,383.0,False,mask,360.0,1.0,True,True,35.33250498934278,3921.920000000001,3921.920000000001,72.26474618460712,69.14526438131809
r563_svd_normalised_tr050_tid6_015,6,15,True,14,polygon,354.9903961584634,117.32773109243698,370.22222222222223,10.855661813922982,22.544521322082293,20.91413024157337,-88.52051018066959,0.3733730782119614,0.9869668246445498,370.22222222222223,False,mask,360.0,1.0,True,True,34.738117804553546,3791.0755555555565,3791.0755555555565,72.14246823066334,66.92521677303479
r563_svd_normalised_tr050_tid6_015,6,15,True,15,polygon,325.51941097724233,118.36546184738955,27.666666666666668,2.9675871541964094,6.232259869956407,5.6801028020822635,-15.583912071746774,0.41151409713827136,0.9764705882352941,27.666666666666668,False,mask,360.0,1.0,True,True,9.49627889342851,283.30666666666673,283.30666666666673,19.943231583860506,18.176328966663245
r563_svd_normalised_tr050_tid6_015,6,15,True,16,polygon,330.74507337526205,188.11614255765198,88.33333333333333,5.302581756047537,10.965885241264372,10.278787985940834,39.830771278049816,0.34840986069966073,0.9730722154222766,88.33333333333333,False,mask,360.0,1.0,True,True,16.968261619352116,904.5333333333334,904.5333333333334,35.09083277204599,32.89212155501067
r563_svd_normalised_tr050_tid6_015,6,15,True,17,polygon,290.05129599419973,212.61147362697116,408.6666666666667,11.405377685713692,23.092958806107664,22.545835610725703,27.784454923618984,0.21638645127589068,0.9857946931117663,408.6666666666667,False,mask,360.0,1.0,True,True,36.49720859428381,4184.746666666668,4184.746666666668,73.89746817954453,72.14667395432225
r563_svd_normalised_tr050_tid6_015,6,15,True,18,polygon,313.7137546468402,172.59262701363073,119.55555555555556,6.1689314537875,12.605744136985095,12.083648984740874,72.9254695221542,0.28481414214920925,0.971996386630533,119.55555555555556,False,mask,360.0,1.0,True,True,19.740580652120002,1224.248888888889,1224.248888888889,40.338381238352305,38.6676767511708
r563_svd_normalised_tr050_tid6_015,6,15,True,19,polygon,287.4231132712299,99.28230052652896,274.3333333333333,9.344678277487848,18.908264646818676,18.491927209958053,55.482877740652704,0.20869304456976248,0.9821002386634845,274.3333333333333,False,mask,360.0,1.0,True,True,29.902970487961113,2809.1733333333336,2809.1733333333336,60.50644686981977,59.174167071865774
r563_svd_normalised_tr050_tid6_015,6,15,True,20,polygon,284.0986500519211,120.84735202492213,35.666666666666664,3.3694291218575687,6.9167559331548985,6.636352199951946,-49.156133419842874,0.2818440663502451,0.9727272727272728,35.666666666666664,False,mask,360.0,1.0,True,True,10.78217318994422,365.2266666666667,365.2266666666667,22.133618986095676,21.23632703984623
r563_svd_normalised_tr050_tid6_015,6,15,True,21,polygon,364.8084745762712,44.90395480225988,65.55555555555556,4.568039122818899,9.365486842932496,8.934446594414302,37.008812855911316,0.2998840097536184,0.9816971713810316,65.55555555555556,False,mask,360.0,1.0,True,True,14.617725193020476,671.288888888889,671.288888888889,29.96955789738399,28.590229102125768
r563_svd_normalised_tr050_tid6_015,6,15,True,22,polygon,221.88245614035088,143.23508771929826,21.11111111111111,2.592272241681251,5.285317464997198,5.11789440267287,69.82850122508455,0.24970100123417116,0.9844559585492227,21.11111111111111,False,mask,360.0,1.0,True,True,8.295271173380003,216.1777777777778,216.1777777777778,16.913015887991033,16.377262088553184
r563_svd_normalised_tr050_tid6_015,6,15,True,23,polygon,199.90850767085078,152.9774058577406,132.77777777777777,6.501113699373446,13.254615062840292,12.777848156127002,10.278691212118192,0.26579301492134844,0.9771054783319706,132.77777777777777,False,mask,360.0,1.0,True,True,20.80356383799503,1359.6444444444446,1359.6444444444446,42.41476820108894,40.88911409960641
r563_svd_normalised_tr050_tid6_015,6,15,True,24,polygon,191.7123287671233,129.14155251141554,97.33333333333333,5.566162255560135,11.3913845421267,10.895616958233822,0.779278382679672,0.29180207229484145,0.9744160177975528,97.33333333333333,False,mask,360.0,1.0,True,True,17.811719217792433,996.6933333333335,996.6933333333335,36.45243053480544,34.86597426634823
r563_svd_normalised_tr050_tid6_015,6,15,True,25,polygon,290.31544552804866,216.74715345503043,2221.6666666666665,26.592827299950418,54.19373058530107,52.215339658458106,29.476610209892886,0.2677295648342617,0.9909798285176191,2221.6666666666665,False,mask,360.0,1.0,True,True,85.09704735984134,22749.86666666667,22749.86666666667,173.41993787296343,167.08908690706596
r563_svd_normalised_tr050_tid6_015,6,15,True,26,polygon,183.98521870286575,188.76561085972853,122.77777777777777,6.251510255157803,12.939188744256489,12.113082260992847,-31.904005024107036,0.3515883837358408,0.976148409893993,122.77777777777777,False,mask,360.0,1.0,True,True,20.004832816504972,1257.2444444444445,1257.2444444444445,41.405403981620765,38.76186323517712
r563_svd_normalised_tr050_tid6_015,6,15,True,27,polygon,171.32393952737414,198.21268163804493,252.33333333333334,8.962153458500355,17.989276447768507,17.86314286312259,70.80372961626013,0.11821182083269337,0.9856770833333334,252.33333333333334,False,mask,360.0,1.0,True,True,28.678891067201135,2583.893333333334,2583.893333333334,57.565684632859224,57.162057161992294
r563_svd_normalised_tr050_tid6_015,6,15,True,28,polygon,321.2278839348903,154.91932059447984,52.333333333333336,4.081447951028129,8.257090292035867,8.087036532900953,67.7636531855922,0.2019049407197142,0.9573170731707317,52.333333333333336,False,mask,360.0,1.0,True,True,13.060633443290014,535.8933333333334,535.8933333333334,26.422688934514778,25.87851690528305
r563_svd_normalised_tr050_tid6_015,6,15,True,29,polygon,273.9956575682382,62.92390405293631,179.11111111111111,7.55068456446368,15.717126853778163,14.529170077029432,-88.81298082430038,0.38138470041034417,0.9835265405735204,179.11111111111111,False,mask,360.0,1.0,True,True,24.162190606283776,1834.0977777777782,1834.0977777777782,50.29480593209013,46.49334424649419
r563_svd_normalised_tr050_tid6_015,6,15,True,30,polygon,362.7631510075896,98.86251417604467,424.55555555555554,11.624983035152562,23.79558072705355,22.723907600440395,57.44393609227142,0.29672376210142287,0.9878490175801448,424.55555555555554,False,mask,360.0,1.0,True,True,37.1999457124882,4347.44888888889,4347.44888888889,76.14585832657137,72.71650432140926
r563_svd_normalised_tr050_tid6_015,6,15,True,31,polygon,343.50922909880563,185.5515743756786,68.22222222222223,4.660022295092679,9.44985651387957,9.207766520302357,-62.48766951187347,0.22490098746780607,0.9746031746031746,68.22222222222223,False,mask,360.0,1.0,True,True,14.912071344296573,698.5955555555557,698.5955555555557,30.239540844414627,29.464852864967543
r563_svd_normalised_tr050_tid6_015,6,15,True,32,polygon,229.53653846153847,188.42763532763533,520.0,12.865501965161373,26.01401303085215,25.465202140598592,-61.76773933920759,0.20432427447736434,0.9877585479105108,520.0,False,mask,360.0,1.0,True,True,41.1696062885164,5324.800000000001,5324.800000000001,83.24484169872689,81.4886468499155
r563_svd_normalised_tr050_tid6_015,6,15,True,33,polygon,272.9678222222222,90.35093333333333,208.33333333333334,8.143375198382,16.678409100278955,15.927110562726448,87.79667391256802,0.2967544311448867,0.9786012526096033,208.33333333333334,False,mask,360.0,1.0,True,True,26.0588006348224,2133.333333333334,2133.333333333334,53.37090912089266,50.96675380072463
r563_svd_normalised_tr050_tid6_015,6,15,True,34,polygon,325.82943829438295,226.53751537515373,90.33333333333333,5.362274988466719,11.149750602393167,10.327574592364115,37.60361512635148,0.37688369017153417,0.9690107270560191,90.33333333333333,False,mask,360.0,1.0,True,True,17.159279963093503,925.0133333333334,925.0133333333334,35.679201927658134,33.04823869556517
r563_svd_normalised_tr050_tid6_015,6,15,True,35,polygon,115.25649717514125,76.36647834274953,98.33333333333333,5.59468248798858,11.90214427848865,10.546554461896893,87.29825553098536,0.4634837629069438,0.9661572052401747,98.33333333333333,False,mask,360.0,1.0,True,True,17.902983961563457,1006.9333333333335,1006.9333333333335,38.08686169116368,33.74897427807006
r563_svd_normalised_tr050_tid6_015,6,15,True,36,polygon,107.04363409693002,86.47555971118383,713.0,15.065024024177417,37.47350085346273,24.247963063076867,-87.16892842035357,0.7624309396630893,0.9893617021276596,713.0,False,mask,360.0,1.0,True,True,48.20807687736774,7301.120000000002,7301.120000000002,119.91520273108074,77.59348180184598
r563_svd_normalised_tr050_tid6_015,6,15,True,37,polygon,70.65712338104976,58.686775732788,108.66666666666667,5.8812986914999135,12.234839337960368,11.33904312269601,55.570091923032834,0.375596812295711,0.9809428284854563,108.66666666666667,False,mask,360.0,1.0,True,True,18.820155812799722,1112.746666666667,1112.746666666667,39.15148588147318,36.284937992627235
r563_svd_normalised_tr050_tid6_015,6,15,True,38,polygon,338.63552021206095,123.84360503644798,55.888888888888886,4.217817665708268,8.617094919944776,8.274193899996286,66.20708128845753,0.2792896909992549,0.9673076923076923,55.888888888888886,False,mask,360.0,1.0,True,True,13.497016530266459,572.3022222222223,572.3022222222223,27.574703743823285,26.477420479988115
r563_svd_normalised_tr050_tid6_015,6,15,True,39,polygon,65.73147208121827,82.04980259447264,656.6666666666666,14.457644757267897,31.081238384055514,26.919569109621435,-77.7270195373365,0.4998647223155406,0.9881290754054506,656.6666666666666,False,mask,360.0,1.0,True,True,46.26446322325727,6724.266666666667,6724.266666666667,99.45996282897765,86.1426211507886
r563_svd_normalised_tr050_tid6_015,6,15,True,40,polygon,233.15766192733017,158.78767772511847,117.22222222222223,6.10843615123925,12.748153765079024,11.730388199277856,40.08720555869804,0.39153388746382506,0.9768518518518519,117.22222222222223,False,mask,360.0,1.0,True,True,19.5469956839656,1200.3555555555558,1200.3555555555558,40.79409204825288,37.53724223768914
r563_svd_normalised_tr050_tid6_015,6,15,True,41,polygon,288.20916380297825,152.05223367697593,161.66666666666666,7.173569422984592,14.510604677813156,14.202080412867799,82.9189847789552,0.2051143554113333,0.9831081081081081,161.66666666666666,False,mask,360.0,1.0,True,True,22.955422153550696,1655.466666666667,1655.466666666667,46.4339349690021,45.44665732117696
r563_svd_normalised_tr050_tid6_015,6,15,True,42,polygon,335.2488129154796,152.9810066476733,117.0,6.102643417692329,12.451035511893418,11.98871750525641,-40.61982021684955,0.26996865262052805,0.9822761194029851,117.0,False,mask,360.0,1.0,True,True,19.528458936615454,1198.0800000000002,1198.0800000000002,39.84331363805894,38.36389601682051
r563_svd_normalised_tr050_tid6_015,6,15,True,43,polygon,200.65458015267177,35.7191475826972,116.44444444444444,6.08813747034722,12.914255039042096,11.492670008226606,81.40341320330526,0.4561142026899303,0.9794392523364486,116.44444444444444,False,mask,360.0,1.0,True,True,19.482039905111108,1192.3911111111113,1192.3911111111113,41.32561612493471,36.77654402632514
r563_svd_normalised_tr050_tid6_015,6,15,True,44,polygon,296.1709401709402,197.14089994972346,294.6666666666667,9.684798042748422,19.613031564256147,19.138172452624787,-46.35034229615319,0.21871585208379035,0.9807692307692307,294.6666666666667,False,mask,360.0,1.0,True,True,30.991353736794952,3017.386666666667,3017.386666666667,62.76170100561967,61.24215184839932
r563_svd_normalised_tr050_tid6_015,6,15,True,45,polygon,177.63833232139243,141.31936854887675,183.0,7.632215220473915,15.507871556649016,15.034897431613766,-29.616925773761906,0.24508723913661315,0.9821109123434705,183.0,False,mask,360.0,1.0,True,True,24.42308870551653,1873.9200000000003,1873.9200000000003,49.62518898127686,48.111671781164056
r563_svd_normalised_tr050_tid6_015,6,15,True,46,polygon,210.48861283643893,123.21221532091097,35.77777777777778,3.374673372691556,7.1208895444589215,6.420418656034912,-41.752054756404775,0.4325049750490253,0.9640718562874252,35.77777777777778,False,mask,360.0,1.0,True,True,10.79895479261298,366.36444444444453,366.36444444444453,22.78684654226855,20.54533969931172
r563_svd_normalised_tr050_tid6_015,6,15,True,47,polygon,221.34767025089604,115.79450418160094,31.0,3.141274657157109,6.3927692923670385,6.2149495997929565,-14.372588610078024,0.23421739938458483,0.9620689655172414,31.0,False,mask,360.0,1.0,True,True,10.05207890290275,317.44000000000005,317.44000000000005,20.456861735574524,19.887838719337463
r563_svd_normalised_tr050_tid6_015,6,15,True,48,polygon,118.54068441064639,86.50722433460076,146.11111111111111,6.81972221926707,14.29218690346782,13.060831955224614,-54.128613844448985,0.4060650163974131,0.9835452505609573,146.11111111111111,False,mask,360.0,1.0,True,True,21.823111101654625,1496.1777777777781,1496.1777777777781,45.734998091097026,41.794662256718766
r563_svd_normalised_tr050_tid6_015,6,15,True,49,polygon,300.418009886095,115.84698044272513,172.33333333333334,7.406443392007165,15.203372466566641,14.448275286498307,-69.9613086470443,0.3112331906174012,0.9810246679316889,172.33333333333334,False,mask,360.0,1.0,True,True,23.700618854422927,1764.6933333333338,1764.6933333333338,48.650791893013256,46.23448091679458
r563_svd_normalised_tr050_tid6_015,6,15,True,50,polygon,201.38566848626635,175.0609565895503,854.8888888888889,16.496047554551044,34.67318519980596,31.407858857795826,-64.73463832512421,0.4236507744747481,0.9876765083440308,854.8888888888889,False,mask,360.0,1.0,True,True,52.787352174563345,8754.062222222225,8754.062222222225,110.95419263937907,100.50514834494665
r563_svd_normalised_tr050_tid6_015,6,15,True,51,polygon,222.793567251462,160.81988304093568,63.333333333333336,4.489947229642394,9.86880653172787,8.209578251255666,82.67466451483257,0.5549683915648953,0.967741935483871,63.333333333333336,False,mask,360.0,1.0,True,True,14.367831134855662,648.5333333333335,648.5333333333335,31.580180901529186,26.27065040401813
r563_svd_normalised_tr050_tid6_015,6,15,True,52,polygon,269.67336010709505,175.9036144578313,110.66666666666667,5.935174308392819,12.685770585303956,11.119887422764206,80.4676703875117,0.48128565680195246,0.9717073170731707,110.66666666666667,False,mask,360.0,1.0,True,True,18.99255778685702,1133.226666666667,1133.226666666667,40.59446587297266,35.583639752845464
r563_svd_normalised_tr050_tid6_015,6,15,True,53,polygon,165.34981684981685,80.82509157509158,40.44444444444444,3.588017071848705,7.359135332572027,7.0113348480656725,62.273765040099015,0.3037902216084577,0.9758713136729222,40.44444444444444,False,mask,360.0,1.0,True,True,11.481654629915857,414.15111111111116,414.15111111111116,23.54923306423049,22.436271513810155
r563_svd_normalised_tr050_tid6_015,6,15,True,54,polygon,192.96723646723646,110.97435897435896,52.0,4.068428945128219,8.308011144138595,7.98821347011328,84.90051090479967,0.2747793430842293,0.9531568228105907,52.0,False,mask,360.0,1.0,True,True,13.018972624410303,532.4800000000001,532.4800000000001,26.585635661243504,25.562283104362496
r563_svd_normalised_tr050_tid6_015,6,15,True,55,polygon,205.55787037037035,202.52083333333334,80.0,5.046265044040321,10.230169342709216,9.979195441852035,16.030122210804368,0.22014447442496152,0.9849521203830369,80.0,False,mask,360.0,1.0,True,True,16.148048140929028,819.2000000000002,819.2000000000002,32.73654189666949,31.933425413926514
r563_svd_normalised_tr050_tid6_015,6,15,True,56,polygon,255.72327044025155,155.74056603773585,23.555555555555557,2.738241444410052,5.535886771910868,5.43605976331375,-21.766162198571077,0.18905086607342889,0.9814814814814815,23.555555555555557,False,mask,360.0,1.0,True,True,8.762372622112165,241.20888888888896,241.20888888888896,17.71483767011478,17.395391242604003
r563_svd_normalised_tr050_tid6_015,6,15,True,57,polygon,316.3474962063733,197.50935761254425,73.22222222222223,4.8277693836470466,10.044280517789124,9.301525313749611,-27.261120675171302,0.37739611985259935,0.971976401179941,73.22222222222223,False,mask,360.0,1.0,True,True,15.44886202767055,749.7955555555558,749.7955555555558,32.141697656925196,29.764881003998756
r563_svd_normalised_tr050_tid6_015,6,15,True,58,polygon,305.0941652224148,161.50202195262855,64.11111111111111,4.517432952562123,9.172742168902507,8.920428910247155,4.759322473742281,0.23293148464249838,0.9812925170068028,64.11111111111111,False,mask,360.0,1.0,True,True,14.455785448198794,656.497777777778,656.497777777778,29.352774940488025,28.545372512790898
r563_svd_normalised_tr050_tid6_015,6,15,True,59,polygon,196.4143007360673,193.96424815983175,70.44444444444444,4.73531024257033,9.805220075125344,9.197225602286519,60.48226947278681,0.3466548013039505,0.9694189602446484,70.44444444444444,False,mask,360.0,1.0,True,True,15.152992776225057,721.3511111111112,721.3511111111112,31.376704240401104,29.431121927316862
r563_svd_normalised_tr050_tid6_015,6,15,True,60,polygon,342.9256291297624,98.18831716575285,526.8888888888889,12.950441778322705,26.550705413691716,25.289715248138716,71.7982104239169,0.3045187539928096,0.988328470195915,526.8888888888889,False,mask,360.0,1.0,True,True,41.44141369063266,5395.342222222223,5395.342222222223,84.9622573238135,80.9270887940439
r563_svd_normalised_tr050_tid6_015,6,15,True,61,polygon,320.5745801647655,181.49477186311788,935.1111111111111,17.252684178033743,35.37346628148226,33.67070426394079,54.185802503516655,0.3065228581854928,0.9896519285042333,935.1111111111111,False,mask,360.0,1.0,True,True,55.20858936970798,9575.53777777778,9575.53777777778,113.19509210074324,107.74625364461053
r563_svd_normalised_tr050_tid6_015,6,15,True,62,polygon,330.7145390070922,210.78191489361703,41.77777777777778,3.646680639904754,7.5139342339608035,7.116117440115786,-69.9360503366763,0.3210680548558312,0.9665809768637532,41.77777777777778,False,mask,360.0,1.0,True,True,11.669378047695213,427.8044444444445,427.8044444444445,24.044589548674573,22.771575808370514
r563_svd_normalised_tr050_tid6_015,6,15,True,63,polygon,222.4468275245755,164.7697944593387,207.22222222222223,8.12163049949379,16.431788344941307,16.069451771462944,36.91209842960411,0.20884362381358695,0.9841688654353562,207.22222222222223,False,mask,360.0,1.0,True,True,25.98921759838013,2121.955555555556,2121.955555555556,52.58172270381218,51.42224566868143
r563_svd_normalised_tr050_tid6_015,6,15,True,64,polygon,241.478612716763,231.9344894026975,96.11111111111111,5.531104486336833,11.098555102594638,11.040419165122437,37.033999796093916,0.10221971016031214,0.9730033745781778,96.11111111111111,False,mask,360.0,1.0,True,True,17.699534356277866,984.177777777778,984.177777777778,35.51537632830284,35.3293413283918
r563_svd_normalised_tr050_tid6_015,6,15,True,65,polygon,138.13205828779599,77.15938069216757,40.666666666666664,3.597860758581524,7.5019041784675835,6.92207645224547,78.81431898375071,0.3854965910635594,0.9891891891891892,40.666666666666664,False,mask,360.0,1.0,True,True,11.513154427460877,416.42666666666673,416.42666666666673,24.00609337109627,22.150644647185505
r563_svd_normalised_tr050_tid6_015,6,15,True,66,polygon,258.4710671887625,78.98738268382125,595.8888888888889,13.772339104175721,29.032635170382918,26.17071379305629,74.93303978853292,0.43293740065761827,0.9880250552689757,595.8888888888889,False,mask,360.0,1.0,True,True,44.07148513336231,6101.902222222224,6101.902222222224,92.90443254522535,83.74628413778014
r563_svd_normalised_tr050_tid6_015,6,15,True,67,polygon,349.21103117506,156.79016786570745,61.77777777777778,4.434464726788562,8.99316079142225,8.756144634126402,45.81608294044082,0.22806954667680418,0.9928571428571429,61.77777777777778,False,mask,360.0,1.0,True,True,14.1902871257234,632.6044444444445,632.6044444444445,28.7781145325512,28.01966282920449
r563_svd_normalised_tr050_tid6_015,6,15,True,68,polygon,235.53703703703704,173.4790660225443,46.0,3.826519928662906,7.981018118743571,7.371704216945685,57.67240807209531,0.38322598082778286,0.9764150943396226,46.0,False,mask,360.0,1.0,True,True,12.244863771721299,471.0400000000001,471.0400000000001,25.53925797997943,23.58945349422619
r563_svd_normalised_tr050_tid6_015,6,15,True,69,polygon,156.92115768463074,53.65269461077844,37.111111111111114,3.4369802958311806,7.321610743835099,6.48474470531093,72.65593437726778,0.464259566226836,0.9766081871345029,37.111111111111114,False,mask,360.0,1.0,True,True,10.998336946659778,380.0177777777779,380.0177777777779,23.42915438027232,20.751183056994975
r563_svd_normalised_tr050_tid6_015,6,15,True,70,polygon,154.2744928787225,84.56107034958998,257.44444444444446,9.052464405329653,20.52723332359458,16.069312300375177,81.06555072715254,0.6222369733171725,0.9780498100464331,257.44444444444446,False,mask,360.0,1.0,True,True,28.96788609705489,2636.2311111111117,2636.2311111111117,65.68714663550266,51.42179936120057
r563_svd_normalised_tr050_tid6_015,6,15,True,71,polygon,330.03749357986646,107.5472521828454,144.22222222222223,6.775496966328664,13.930801854498027,13.19282154637209,-8.468172750452943,0.321159020410171,0.9788838612368024,144.22222222222223,False,mask,360.0,1.0,True,True,21.681590292251727,1476.8355555555559,1476.8355555555559,44.57856593439369,42.21702894839069
r563_svd_normalised_tr050_tid6_015,6,15,True,72,polygon,222.63278886872354,214.69993950393223,61.22222222222222,4.414480556925616,8.854873043961923,8.83630311007631,67.02626172007623,0.06472934215291962,0.9734982332155477,61.22222222222222,False,mask,360.0,1.0,True,True,14.126337782161972,626.9155555555557,626.9155555555557,28.335593740678156,28.276169952244192
r563_svd_normalised_tr050_tid6_015,6,15,True,73,polygon,266.33801226202,147.1515004840271,459.1111111111111,12.088821510945202,24.542445191194105,23.832681738084858,17.855749674379876,0.2387536641999429,0.985922214268671,459.1111111111111,False,mask,360.0,1.0,True,True,38.68422883502465,4701.297777777779,4701.297777777779,78.53582461182114,76.26458156187155
r563_svd_normalised_tr050_tid6_015,6,15,True,74,polygon,274.7492392466486,201.12328316473395,450.3333333333333,11.972700283482437,24.68068113942901,23.27542514953383,62.206401831629904,0.3326155419429814,0.9909535452322739,450.3333333333333,False,mask,360.0,1.0,True,True,38.3126409071438,4611.413333333334,4611.413333333334,78.97817964617283,74.48136047850826
r563_svd_normalised_tr050_tid6_015,6,15,True,75,polygon,236.96994535519127,97.90710382513662,40.666666666666664,3.597860758581524,7.27371894726069,7.1379408524633385,-2.3060649686355514,0.19231596566153242,0.9812332439678284,40.666666666666664,False,mask,360.0,1.0,True,True,11.513154427460877,416.42666666666673,416.42666666666673,23.275900631234208,22.841410727882685
r563_svd_normalised_tr050_tid6_015,6,15,True,76,polygon,240.12615003538568,148.5874026893135,209.33333333333334,8.162895902056258,16.690865527200454,15.979350586555576,36.02457402754612,0.2888611643493444,0.9869041382922996,209.33333333333334,False,mask,360.0,1.0,True,True,26.121266886580027,2143.5733333333337,2143.5733333333337,53.41076968704146,51.133921876977844
r563_svd_normalised_tr050_tid6_015,6,15,True,77,polygon,27.284150326797388,85.75005446623094,680.0,14.712264360219255,30.335884970555338,28.7422236977003,-70.01495774553327,0.319856096121182,0.9869375907111756,680.0,False,mask,360.0,1.0,True,True,47.07924595270162,6963.200000000002,6963.200000000002,97.07483190577709,91.97511583264097
r563_svd_normalised_tr050_tid6_015,6,15,True,78,polygon,312.47706687359374,241.27448566014922,908.464695560267,17.00509611398244,36.229881116060035,31.92649657551269,77.20153356120483,0.47270633132937845,0.9922144033537955,736.3333333333334,True,ellipse,240.0,0.6722222222222223,True,True,54.41630756474381,9302.678482537136,7540.053333333335,115.93561957139212,102.16478904164062
r563_svd_normalised_tr050_tid6_015,6,15,True,79,polygon,96.18474733426054,86.71511358368105,159.77777777777777,7.131538842293677,14.52543249510554,14.023616145192909,84.94966513008761,0.26057884301648215,0.9815699658703072,159.77777777777777,False,mask,360.0,1.0,True,True,22.82092429533977,1636.1244444444446,1636.1244444444446,46.481383984337725,44.87557166461731
r563_svd_normalised_tr050_tid6_015,6,15,True,80,polygon,348.9601532567049,143.64137931034483,96.66666666666667,5.547067303037985,11.287710586061975,10.925790561550363,11.239089976700742,0.2511938185454075,0.981941309255079,96.66666666666667,False,mask,360.0,1.0,True,True,17.750615369721555,989.8666666666669,989.8666666666669,36.12067387539832,34.962529796961164
r563_svd_normalised_tr050_tid6_015,6,15,True,81,polygon,339.7316450726345,37.94621122889674,377.3333333333333,10.959421991450265,22.43668469505496,21.516287862736984,-75.57732529631441,0.28348037514284646,0.9829232995658466,377.3333333333333,False,mask,360.0,1.0,True,True,35.070150372640846,3863.893333333334,3863.893333333334,71.79739102417588,68.85212116075836
r563_svd_normalised_tr050_tid6_015,6,15,True,82,polygon,252.08859357696568,55.223698781838316,66.88888888888889,4.614259919985267,9.578731869513389,8.90370052022536,79.43292561696963,0.3687512641129425,0.9788617886178862,66.88888888888889,False,mask,360.0,1.0,True,True,14.765631743952856,684.9422222222223,684.9422222222223,30.651941982442846,28.491841664721154
r563_svd_normalised_tr050_tid6_015,6,15,True,83,polygon,304.5383322831338,145.9687040537702,176.33333333333334,7.491905182511439,15.515649106845954,14.512578543880482,37.1906014488416,0.35372083639509777,0.983271375464684,176.33333333333334,False,mask,360.0,1.0,True,True,23.974096584036605,1805.6533333333339,1805.6533333333339,49.650077141907055,46.44025134041755
r563_svd_normalised_tr050_tid6_015,6,15,True,84,polygon,255.67573479442743,198.23511297995242,1744.0,23.56124872549269,47.166196070894415,47.094798722491504,-3.7716988363325363,0.05500171088345847,0.9919737091575554,1744.0,False,mask,360.0,1.0,True,True,75.39599592157661,17858.560000000005,17858.560000000005,150.93182742686213,150.7033559119728
r563_svd_normalised_tr050_tid6_015,6,15,True,85,polygon,292.12145748987854,134.7085020242915,27.444444444444443,2.955645105131615,6.239061585511311,5.621147667488284,-1.9312992180439381,0.4339012406608585,0.9919678714859438,27.444444444444443,False,mask,360.0,1.0,True,True,9.458064336421169,281.03111111111116,281.03111111111116,19.964997073636198,17.98767253596251
r563_svd_normalised_tr050_tid6_015,6,15,True,86,polygon,208.95486111111111,150.10763888888889,32.0,3.1915382432114616,6.597588887936614,6.188959943864798,-72.11337445952562,0.346462299399848,0.9829351535836177,32.0,False,mask,360.0,1.0,True,True,10.212922378276678,327.68000000000006,327.68000000000006,21.112284441397165,19.804671820367357
r563_svd_normalised_tr050_tid6_015,6,15,True,87,polygon,256.011871637915,232.20348729363755,199.66666666666666,7.972193797278359,16.344615185906644,15.587779457931644,31.401044099433648,0.30077508395942393,0.9857377948436643,199.66666666666666,False,mask,360.0,1.0,True,True,25.51102015129075,2044.586666666667,2044.586666666667,52.302768594901266,49.880894265381265
r563_svd_normalised_tr050_tid6_015,6,15,True,88,polygon,321.5743488295417,51.97708539399934,224.66666666666666,8.456572656576558,18.20902643262854,15.748112462696076,-68.95811846386961,0.5020269537839123,0.9796511627906976,224.66666666666666,False,mask,360.0,1.0,True,True,27.061032501044988,2300.586666666667,2300.586666666667,58.26888458441133,50.39395988062745
r563_svd_normalised_tr050_tid6_015,6,15,True,89,polygon,303.24494010739363,19.40231309376291,89.66666666666667,5.342451353184844,11.086208682077261,10.311406059229313,71.05200575876444,0.3672782189627585,0.9676258992805755,89.66666666666667,False,mask,360.0,1.0,True,True,17.0958443301915,918.1866666666668,918.1866666666668,35.475867782647235,32.9964993895338
r563_svd_normalised_tr050_tid6_015,6,15,True,90,polygon,385.11815008726006,78.58970331588132,212.22222222222223,8.219028616644835,16.797620909103642,16.097680056611797,85.64431646872798,0.28566026013229595,0.9815005138746146,212.22222222222223,False,mask,360.0,1.0,True,True,26.30089157326347,2173.155555555556,2173.155555555556,53.75238690913166,51.512576181157755
r563_svd_normalised_tr050_tid6_015,6,15,True,91,polygon,154.94880481837004,89.43221030177551,590.3333333333334,13.707988041424281,28.464387554660757,26.65942566910303,61.90313282784885,0.35043042080670533,0.9782728779230344,590.3333333333334,False,mask,360.0,1.0,True,True,43.8655617325577,6045.013333333335,6045.013333333335,91.08604017491443,85.3101621411297
r563_svd_normalised_tr050_tid6_015,6,15,True,92,polygon,177.88942695722358,121.62348668280872,91.77777777777777,5.404976780583398,11.06099225831411,10.588438640683217,68.05813050463843,0.28917097546993087,0.986857825567503,91.77777777777777,False,mask,360.0,1.0,True,True,17.295925697866874,939.8044444444446,939.8044444444446,35.395175226605154,33.883003650186296
r563_svd_normalised_tr050_tid6_015,6,15,True,93,polygon,239.17361111111111,67.37549603174604,149.33333333333334,6.894510594435214,15.214229626497849,12.507378227013279,89.97933724174572,0.5693658937834911,0.9838945827232797,149.33333333333334,False,mask,360.0,1.0,True,True,22.062433902192687,1529.1733333333336,1529.1733333333336,48.68553480479312,40.023610326442494
r563_svd_normalised_tr050_tid6_015,6,15,True,94,polygon,346.42367601246104,130.3993769470405,59.44444444444444,4.349914291726882,8.975254148137024,8.452935605980173,-24.884998026024235,0.3361608293121682,0.9834558823529411,59.44444444444444,False,mask,360.0,1.0,True,True,13.919725733526022,608.7111111111112,608.7111111111112,28.720813274038477,27.049393939136554
r563_svd_normalised_tr050_tid6_015,6,15,True,95,polygon,147.09577314071694,76.08025682182985,69.22222222222223,4.694051307446972,9.925256904261516,8.898308185089666,79.23621177040604,0.44297943208436563,0.9719188767550702,69.22222222222223,False,mask,360.0,1.0,True,True,15.02096418383031,708.8355555555557,708.8355555555557,31.760822093636854,28.474586192286935
r563_svd_normalised_tr050_tid6_015,6,15,True,96,polygon,315.20652173913044,204.37101449275363,51.111111111111114,4.033506162199936,8.261478048225998,7.884268099338748,-69.58256213377014,0.29871902019964486,0.9850107066381156,51.111111111111114,False,mask,360.0,1.0,True,True,12.907219719039796,523.377777777778,523.377777777778,26.436729754323196,25.229657917883998
r563_svd_normalised_tr050_tid6_015,6,15,True,97,polygon,316.2173423423423,148.21283783783784,98.66666666666667,5.604156978243979,11.852870084175416,10.635222029788242,75.62062888053207,0.4414826808543642,0.9704918032786886,98.66666666666667,False,mask,360.0,1.0,True,True,17.933302330380734,1010.3466666666669,1010.3466666666669,37.929184269361336,34.03271049532238
r563_svd_normalised_tr050_tid6_015,6,15,True,98,polygon,345.206008583691,58.08631378159276,77.66666666666667,4.972129104009778,10.275477175754316,9.657333269513051,-84.54016130033384,0.3416072392754596,0.9708333333333333,77.66666666666667,False,mask,360.0,1.0,True,True,15.910813132831292,795.3066666666668,795.3066666666668,32.881526962413815,30.903466462441767
r563_svd_normalised_tr050_tid6_015,6,15,True,99,polygon,336.07386888273317,115.44875346260388,40.111111111111114,3.5732006958024565,7.262628544288622,7.0592795111823,-88.47813251585642,0.23497824957833846,0.989041095890411,40.111111111111114,False,mask,360.0,1.0,True,True,11.43424222656786,410.73777777777786,410.73777777777786,23.24041134172359,22.58969443578336
r563_svd_normalised_tr050_tid6_015,6,15,True,100,polygon,243.3245614035088,98.78362573099416,25.333333333333332,2.8396919639266094,6.028556179361682,5.378985453035971,-87.95474242189206,0.4515397010873538,0.9827586206896551,25.333333333333332,False,mask,360.0,1.0,True,True,9.08701428456515,259.41333333333336,259.41333333333336,19.291379773957384,17.212753449715105
r563_svd_normalised_tr050_tid6_015,6,15,True,101,polygon,300.78081152825183,134.65680697762608,97.66666666666667,5.575685209067752,11.533178801813785,10.79257721933589,72.77005823111308,0.35257083158929864,0.9712707182320443,97.66666666666667,False,mask,360.0,1.0,True,True,17.842192669016807,1000.1066666666669,1000.1066666666669,36.906172165804115,34.53624710187485
r563_svd_normalised_tr050_tid6_015,6,15,True,102,polygon,137.1178369652946,41.762711864406775,45.888888888888886,3.8218957337063553,8.149882644521819,7.198710501935127,85.38616466752147,0.4688268685261527,0.9649532710280374,45.888888888888886,False,mask,360.0,1.0,True,True,12.230066347860337,469.9022222222223,469.9022222222223,26.079624462469823,23.03587360619241
r563_svd_normalised_tr050_tid6_015,6,15,True,103,polygon,182.5751633986928,107.78104575163398,11.333333333333334,1.8993451617376695,3.919748782277534,3.71012797600294,32.53611476004975,0.32263963762199066,0.9357798165137615,11.333333333333334,False,mask,360.0,1.0,True,True,6.077904517560543,116.05333333333336,116.05333333333336,12.54319610328811,11.87240952320941
r563_svd_normalised_tr050_tid6_015,6,15,True,104,polygon,396.4756533203374,82.61477182886433,221.55848946916305,8.397872204670769,16.795744409341538,16.795744409341538,,0.0,0.9896765313145217,159.77777777777777,True,circle,220.0,0.6194444444444445,True,True,26.87319105494646,2268.75893216423,1636.1244444444446,53.74638210989292,53.74638210989292
r563_svd_normalised_tr050_tid6_015,6,15,True,105,polygon,208.12491949177354,206.6823584519,1265.111111111111,20.067321041624535,41.414275272100824,38.91321018810394,-54.46057291480975,0.34225083542985124,0.9906899852083877,1265.111111111111,False,mask,360.0,1.0,True,True,64.21542733319852,12954.73777777778,12954.73777777778,132.52568087072265,124.52227260193261
r563_svd_normalised_tr050_tid6_015,6,15,True,106,polygon,276.9454176186849,83.82457476516883,145.88888888888889,6.814534145317778,14.492505850334148,12.847025974181442,77.60644297527496,0.46280531717629475,0.9842578710644677,145.88888888888889,False,mask,360.0,1.0,True,True,21.806509265016892,1493.9022222222225,1493.9022222222225,46.37601872106927,41.11048311738062
r563_svd_normalised_tr050_tid6_015,6,15,True,107,polygon,336.8071794871795,200.43076923076922,36.111111111111114,3.3903574542735164,6.843957921645768,6.727349001064739,33.39878440736326,0.1838101092122288,0.9938837920489296,36.111111111111114,False,mask,360.0,1.0,True,True,10.849143853675253,369.7777777777779,369.7777777777779,21.90066534926646,21.527516803407167
r563_svd_normalised_tr050_tid6_015,6,15,True,108,polygon,208.62006472491908,198.3093851132686,57.22222222222222,4.267833061723377,8.60129753907154,8.487523191867728,23.480140905904943,0.1621116596271052,0.9790874524714829,57.22222222222222,False,mask,360.0,1.0,True,True,13.657065797514807,585.9555555555556,585.9555555555556,27.52415212502893,27.16007421397673
r563_svd_normalised_tr050_tid6_015,6,15,True,109,polygon,346.09694719471946,174.0177392739274,89.77777777777777,5.345760397387643,10.830679679560996,10.567075037280206,-65.53034922138154,0.2192829766677637,0.9734939759036144,89.77777777777777,False,mask,360.0,1.0,True,True,17.10643327164046,919.3244444444446,919.3244444444446,34.65817497459519,33.81464011929666
r563_svd_normalised_tr050_tid6_015,6,15,True,110,polygon,348.58892328861367,85.05593395252838,538.3333333333334,13.090333153219364,26.629641659005244,25.7792975548379,-44.08085529926064,0.25068867491079416,0.9853569249542404,538.3333333333334,False,mask,360.0,1.0,True,True,41.88906609030197,5512.533333333335,5512.533333333335,85.21485330881679,82.49375217548129
r563_svd_normalised_tr050_tid6_015,6,15,True,111,polygon,205.48751007252216,105.4867042707494,137.88888888888889,6.62505822828989,13.440145996285231,13.095953046379108,50.42529749637439,0.2248617253206124,0.9872712808273667,137.88888888888889,False,mask,360.0,1.0,True,True,21.20018633052765,1411.9822222222224,1411.9822222222224,43.008467188112746,41.90704974841315
r563_svd_normalised_tr050_tid6_015,6,15,True,112,polygon,246.10038314176245,118.07969348659003,48.333333333333336,3.9223689056763327,8.165757250345237,7.553578065115104,-89.6028816644655,0.37989178604114304,0.9797297297297297,48.333333333333336,False,mask,360.0,1.0,True,True,12.551580498164265,494.93333333333345,494.93333333333345,26.13042320110476,24.171449808368337
r563_svd_normalised_tr050_tid6_015,6,15,True,113,polygon,297.2400548696845,180.88614540466392,27.0,2.9316150714175193,5.9042267913239925,5.848074816443485,-39.34862224655811,0.13758812449958707,0.9878048780487805,27.0,False,mask,360.0,1.0,True,True,9.381168228536062,276.4800000000001,276.4800000000001,18.89352573223678,18.71383941261915
r563_svd_normalised_tr050_tid6_015,6,15,True,114,polygon,187.37353433835847,194.5460636515913,66.33333333333333,4.595057756277366,9.52526146221882,8.901503203676695,-86.65316543054523,0.3559227869982216,0.9691558441558441,66.33333333333333,False,mask,360.0,1.0,True,True,14.70418482008757,679.2533333333334,679.2533333333334,30.480836679100225,28.484810251765424
r563_svd_normalised_tr050_tid6_015,6,15,True,115,polygon,3.4431857191898385,175.10127016821147,107.88888888888889,5.860213301810597,16.39312523594836,8.76515512372646,-4.917083810225656,0.8450515660491776,0.9808080808080808,107.88888888888889,False,mask,360.0,1.0,True,True,18.75268256579391,1104.7822222222223,1104.7822222222223,52.45800075503476,28.048496395924673
r563_svd_normalised_tr050_tid6_015,6,15,True,116,polygon,246.50759789596728,86.25345801675434,380.22222222222223,11.001295027409434,22.864231380562675,21.25424169486713,66.74056542222156,0.3686083568852706,0.9884459849797804,380.22222222222223,False,mask,360.0,1.0,True,True,35.20414408771019,3893.475555555556,3893.475555555556,73.16554041780056,68.01357342357481
r563_svd_normalised_tr050_tid6_015,6,15,True,117,polygon,263.5055724417427,99.29078014184397,36.55555555555556,3.4111573883762865,7.11720481905791,6.561903752173169,-80.52301907170245,0.3872430999555047,0.9591836734693877,36.55555555555556,False,mask,360.0,1.0,True,True,10.915703642804118,374.32888888888897,374.32888888888897,22.77505542098531,20.998092006954142
r563_svd_normalised_tr050_tid6_015,6,15,True,118,polygon,297.65821534408957,160.60190977938757,337.44444444444446,10.363971377057329,21.80792853100237,19.748587754498942,78.85101358656328,0.42419862927429547,0.9815772462831286,337.44444444444446,False,mask,360.0,1.0,True,True,33.16470840658345,3455.431111111112,3455.431111111112,69.7853712992076,63.19548081439662
r563_svd_normalised_tr050_tid6_015,6,15,True,119,polygon,250.23333333333335,64.47672955974842,58.888888888888886,4.329539873902551,8.915845826315788,8.429273742234075,-18.628395649631972,0.32583647092185997,0.9742647058823529,58.888888888888886,False,mask,360.0,1.0,True,True,13.854527596488163,603.0222222222224,603.0222222222224,28.530706644210525,26.973675975149042
r563_svd_normalised_tr050_tid6_015,6,15,True,120,polygon,67.7700742240216,83.72385290148448,219.55555555555554,8.359826786477566,18.09821789538547,15.477956169529655,-86.1103540482079,0.5182652949475892,0.9845540607872446,219.55555555555554,False,mask,360.0,1.0,True,True,26.751445716728213,2248.2488888888893,2248.2488888888893,57.91429726523351,49.5294597424949
r563_svd_normalised_tr050_tid6_015,6,15,True,121,polygon,43.56844783715013,94.17964376590332,72.77777777777777,4.813095278628261,9.789927588943474,9.53441696757711,20.889010511723573,0.22697466600801122,0.9632352941176471,72.77777777777777,False,mask,360.0,1.0,True,True,15.401904891610435,745.2444444444445,745.2444444444445,31.32776828461912,30.510134296246754
r563_svd_normalised_tr050_tid6_015,6,15,True,122,polygon,186.58921399885256,176.14285714285714,64.55555555555556,4.533064255161211,9.29968363218596,8.861929781778386,11.529857688347441,0.3031963902760462,0.9603305785123967,64.55555555555556,False,mask,360.0,1.0,True,True,14.505805616515875,661.048888888889,661.048888888889,29.758987622995075,28.358175301690835
r563_svd_normalised_tr050_tid6_015,6,15,True,123,polygon,258.3581640331076,105.82618510158012,49.22222222222222,3.9582723445044565,8.090460553941766,7.761786394226294,77.3605683811363,0.2821336909640007,0.9630434782608696,49.22222222222222,False,mask,360.0,1.0,True,True,12.666471502414261,504.0355555555556,504.0355555555556,25.889473772613652,24.837716461524142
r563_svd_normalised_tr050_tid6_015,6,15,True,124,polygon,307.8688688688689,208.79979979979979,37.0,3.431831258788849,7.011701555178958,6.734914464278634,-68.75750077479708,0.27819376610881624,0.9765395894428153,37.0,False,mask,360.0,1.0,True,True,10.981860028124316,378.88000000000005,378.88000000000005,22.437444976572667,21.55172628569163
r563_svd_normalised_tr050_tid6_015,6,15,True,125,polygon,208.16521106259097,168.12081513828238,50.888888888888886,4.024728118797814,8.281868766936066,7.855560206389438,64.03072688093047,0.31670203519642043,0.9744680851063829,50.888888888888886,False,mask,360.0,1.0,True,True,12.879129980153005,521.1022222222223,521.1022222222223,26.501980054195414,25.137792660446202
r563_svd_normalised_tr050_tid6_015,6,15,True,126,polygon,194.07705192629817,174.51256281407038,22.11111111111111,2.652957832528615,5.6655594086061996,4.997644317324776,75.25177592411312,0.47104422488922815,0.9707317073170731,22.11111111111111,False,mask,360.0,1.0,True,True,8.489465064091569,226.41777777777781,226.41777777777781,18.12979010753984,15.992461815439285
r563_svd_normalised_tr050_tid6_015,6,15,True,127,polygon,232.58540325053664,49.93008279668813,120.77777777777777,6.200383915369725,13.124756309160416,11.749598466127543,89.53861034229428,0.44561616698637385,0.9740143369175627,120.77777777777777,False,mask,360.0,1.0,True,True,19.841228529183123,1236.7644444444445,1236.7644444444445,41.999220189313334,37.598715091608135
r563_svd_normalised_tr050_tid6_015,6,15,True,128,polygon,210.44545454545457,41.78181818181818,24.444444444444443,2.7894279572946683,5.64773506927423,5.545486294954553,42.03418903143807,0.1894228146784209,0.9734513274336283,24.444444444444443,False,mask,360.0,1.0,True,True,8.926169463342939,250.31111111111113,250.31111111111113,18.072752221677536,17.745556143854568
r563_svd_normalised_tr050_tid6_015,6,15,True,129,polygon,223.40655105973028,132.4489402697495,19.22222222222222,2.473585124420643,5.036912911175103,4.884776881771964,-47.43350001107754,0.2439183193694983,0.9942528735632183,19.22222222222222,False,mask,360.0,1.0,True,True,7.915472398146058,196.83555555555557,196.83555555555557,16.11812131576033,15.631286021670286
r563_svd_normalised_tr050_tid6_015,6,15,True,130,polygon,150.00998858447488,84.43864155251141,129.77777777777777,6.427250553201557,13.313141390618341,12.431600988911248,71.83904935430301,0.35783666807452363,0.9823380992430614,129.77777777777777,False,mask,360.0,1.0,True,True,20.567201770244985,1328.9244444444446,1328.9244444444446,42.60205244997869,39.781123164515996
r563_svd_normalised_tr050_tid6_015,6,15,True,131,polygon,375.4645061728395,84.75205761316873,144.0,6.770275002573076,14.07870640745597,13.048983638718726,-74.6456502832063,0.3754082502904766,0.9773755656108597,144.0,False,mask,360.0,1.0,True,True,21.664880008233844,1474.5600000000004,1474.5600000000004,45.0518605038591,41.75674764389993
r563_svd_normalised_tr050_tid6_015,6,15,True,132,polygon,142.62962962962965,52.698005698005694,26.0,2.876813695875796,6.097510020409902,5.458136726721293,-77.62607568673498,0.44578130565204493,0.9629629629629629,26.0,False,mask,360.0,1.0,True,True,9.205803826802548,266.24000000000007,266.24000000000007,19.512032065311686,17.46603752550814
r563_svd_normalised_tr050_tid6_015,6,15,True,133,polygon,350.86921850079744,49.83359914938862,69.66666666666667,4.709096382266003,9.781573471414523,9.118882417186697,82.80125461473949,0.3618120048033389,0.9736024844720497,69.66666666666667,False,mask,360.0,1.0,True,True,15.069108423251208,713.3866666666669,713.3866666666669,31.301035108526477,29.180423734997433
r563_svd_normalised_tr050_tid6_015,6,15,True,134,polygon,173.85396825396825,102.60952380952381,11.666666666666666,1.9270742950937028,4.013524816121474,3.7336975454849934,-21.02876789818624,0.3668530011379838,0.9375,11.666666666666666,False,mask,360.0,1.0,True,True,6.166637744299849,119.46666666666668,119.46666666666668,12.843279411588718,11.94783214555198
r563_svd_normalised_tr050_tid6_015,6,15,True,135,polygon,357.21550225929786,5.651372957942301,106.55555555555556,5.823889315666934,11.88630821366825,11.431486077953464,85.52060996269104,0.27397916801977085,0.9765784114052953,106.55555555555556,False,mask,360.0,1.0,True,True,18.636445810134187,1091.1288888888892,1091.1288888888892,38.0361862837384,36.58075544945108
r563_svd_normalised_tr050_tid6_015,6,15,True,136,polygon,323.4547144754316,100.94501992031873,139.44444444444446,6.66232281115776,13.62096276309321,13.067003660657063,85.35511959233051,0.28228564073686613,0.9781761496492596,139.44444444444446,False,mask,360.0,1.0,True,True,21.319432995704833,1427.9111111111115,1427.9111111111115,43.58708084189828,41.814411714102604
r563_svd_normalised_tr050_tid6_015,6,15,True,137,polygon,323.5754716981132,173.60534591194968,23.555555555555557,2.738241444410052,5.925348107763079,5.125772293225153,-84.21498034099827,0.501671131125467,0.9680365296803652,23.555555555555557,False,mask,360.0,1.0,True,True,8.762372622112165,241.20888888888896,241.20888888888896,18.961113944841852,16.402471338320492
r563_svd_normalised_tr050_tid6_015,6,15,True,138,polygon,183.96586345381525,163.13253012048193,73.77777777777777,4.8460495300128175,10.086697976886622,9.352194220900524,78.62607139620317,0.37461378034732296,0.9779086892488954,73.77777777777777,False,mask,360.0,1.0,True,True,15.507358496041016,755.4844444444445,755.4844444444445,32.27743352603719,29.927021506881676
r563_svd_normalised_tr050_tid6_015,6,15,True,139,polygon,172.65395894428153,120.57673509286413,37.888888888888886,3.472809800414142,7.356618655809052,6.596629904341032,67.8818433214572,0.44265258361677806,0.9884057971014493,37.888888888888886,False,mask,360.0,1.0,True,True,11.112991361325255,387.9822222222223,387.9822222222223,23.541179698588966,21.109215693891304
r563_svd_normalised_tr050_tid6_015,6,15,True,140,polygon,324.7899470899471,17.813227513227513,70.0,4.720348719413148,9.707150621441686,9.211251983124928,-59.046963531097525,0.31553455087098986,0.9782608695652174,70.0,False,mask,360.0,1.0,True,True,15.105115902122074,716.8000000000002,716.8000000000002,31.062881988613398,29.47600634599977
r563_svd_normalised_tr050_tid6_015,6,15,True,141,polygon,343.8662878787879,164.45568181818183,97.77777777777777,5.578855914589337,11.666107153209005,10.792749662030346,-33.450791600468044,0.3796329388345448,0.9401709401709402,97.77777777777777,False,mask,360.0,1.0,True,True,17.852338926685878,1001.2444444444445,1001.2444444444445,37.331542890268814,34.536798918497105
r563_svd_normalised_tr050_tid6_015,6,15,True,142,polygon,196.97643097643098,119.36363636363636,11.0,1.8712051592547776,3.8131498974672873,3.6624937965887625,-37.76254714561719,0.2783131844361846,0.99,11.0,False,mask,360.0,1.0,True,True,5.9878565096152885,112.64000000000001,112.64000000000001,12.20207967189532,11.71998014908404
r563_svd_normalised_tr050_tid6_015,6,15,True,143,polygon,393.1620215533259,73.96544035674471,99.66666666666667,5.632484826698113,11.548485289281858,11.016125082103686,45.41934478239132,0.3001177533152459,0.972885032537961,99.66666666666667,False,mask,360.0,1.0,True,True,18.023951445433962,1020.5866666666669,1020.5866666666669,36.955152925701945,35.2516002627318
r563_svd_normalised_tr050_tid6_015,6,15,True,144,polygon,213.55566849630682,58.64559192247747,546.5555555555555,13.189921784529558,26.5844244726631,26.20289029871233,-40.12942625586772,0.16881236118983292,0.9853766025641025,546.5555555555555,False,mask,360.0,1.0,True,True,42.20774971049459,5596.72888888889,5596.72888888889,85.07015831252193,83.84924895587946
r563_svd_normalised_tr050_tid6_015,6,15,True,145,polygon,208.88900033433632,88.81026412571048,221.55555555555554,8.397816601490854,17.92992203770387,15.752840611855957,68.24630681694372,0.4775983168550475,0.9798525798525799,221.55555555555554,False,mask,360.0,1.0,True,True,26.873013124770736,2268.7288888888893,2268.7288888888893,57.37575052065239,50.40908995793907
r563_svd_normalised_tr050_tid6_015,6,15,True,146,polygon,358.79824561403507,19.424561403508772,21.11111111111111,2.592272241681251,5.425616090670101,5.004840375731674,22.783898746962365,0.38612500796716914,0.9693877551020408,21.11111111111111,False,mask,360.0,1.0,True,True,8.295271173380003,216.1777777777778,216.1777777777778,17.361971490144324,16.015489202341357
r563_svd_normalised_tr050_tid6_015,6,15,True,147,polygon,161.48238482384824,116.85714285714285,95.66666666666667,5.518300986558209,11.274197333944292,10.823845736488027,63.154343527411896,0.27981251149747777,0.9706877113866967,95.66666666666667,False,mask,360.0,1.0,True,True,17.658563156986272,979.6266666666669,979.6266666666669,36.07743146862173,34.636306356761686
r563_svd_normalised_tr050_tid6_015,6,15,True,148,polygon,196.82608695652175,135.83333333333334,15.333333333333334,2.2092423108729964,4.628324808600214,4.292223192529111,54.521264530996454,0.3741168234018309,0.9583333333333334,15.333333333333334,False,mask,360.0,1.0,True,True,7.069575394793588,157.01333333333338,157.01333333333338,14.810639387520684,13.735114216093155
r563_svd_normalised_tr050_tid6_015,6,15,True,149,polygon,346.7345264727815,229.95302013422818,49.666666666666664,3.976102490353454,8.061690877904084,7.869544276984654,6.214206340380703,0.21702758404100367,0.951063829787234,49.666666666666664,False,mask,360.0,1.0,True,True,12.723527969131053,508.58666666666676,508.58666666666676,25.79741080929307,25.182541686350895
r563_svd_normalised_tr050_tid6_015,6,15,True,150,polygon,200.3944055944056,233.00839160839163,79.44444444444444,5.028712764619351,10.16350528747486,9.99267457891216,-36.377541855065516,0.18257594881384348,0.9834938101788171,79.44444444444444,False,mask,360.0,1.0,True,True,16.091880846781923,813.5111111111113,813.5111111111113,32.523216919919555,31.976558652518914
r563_svd_normalised_tr050_tid6_015,6,15,True,151,polygon,78.9477838494232,94.0473588342441,183.0,7.632215220473915,15.924402487819409,14.65780336293178,64.36168447290984,0.3908326610583902,0.9751332149200711,183.0,False,mask,360.0,1.0,True,True,24.42308870551653,1873.9200000000003,1873.9200000000003,50.95808796102211,46.9049707613817
r563_svd_normalised_tr050_tid6_015,6,15,True,152,polygon,202.1608187134503,163.27095516569202,38.0,3.477898169151024,7.242738850431657,6.69621194641294,82.04465329414683,0.3810816081601599,0.9661016949152542,38.0,False,mask,360.0,1.0,True,True,11.129274141283277,389.12000000000006,389.12000000000006,23.176764321381302,21.427878228521408
r563_svd_normalised_tr050_tid6_015,6,15,True,153,polygon,314.4503546099291,12.695035460992907,52.22222222222222,4.0771129015297305,8.269394964198119,8.068487657155638,35.04490273824717,0.21908972827284945,0.9832635983263598,52.22222222222222,False,mask,360.0,1.0,True,True,13.046761284895139,534.7555555555557,534.7555555555557,26.46206388543398,25.819160502898043
r563_svd_normalised_tr050_tid6_015,6,15,True,154,polygon,202.92832596956308,81.81516936671575,301.77777777777777,9.800961692468842,22.32958743018904,17.22949922487228,-89.61765425006523,0.6361086080622189,0.9862018881626725,301.77777777777777,False,mask,360.0,1.0,True,True,31.363077415900296,3090.204444444445,3090.204444444445,71.45467977660493,55.1343975195913
r563_svd_normalised_tr050_tid6_015,6,15,True,155,polygon,390.5317855168601,90.64013266998342,67.0,4.61809077155419,9.632071662230173,8.89663240231591,14.672886709955684,0.3832447572344302,0.9694533762057878,67.0,False,mask,360.0,1.0,True,True,14.777890468973409,686.0800000000002,686.0800000000002,30.822629319136553,28.469223687410917
r563_svd_normalised_tr050_tid6_015,6,15,True,156,polygon,76.31485429992892,68.67359630419331,208.44444444444446,8.145546475636523,17.148010462355757,15.51698255556598,-87.19618139558233,0.4256554917421438,0.9791231732776617,208.44444444444446,False,mask,360.0,1.0,True,True,26.065748722036876,2134.4711111111114,2134.4711111111114,54.87363347953843,49.65434417781114
r563_svd_normalised_tr050_tid6_015,6,15,True,157,polygon,57.40700104493208,139.92006269592477,70.88888888888889,4.750224642468775,10.107685702108194,8.958524599025745,52.79626322542441,0.4630958820470229,0.9845679012345679,70.88888888888889,False,mask,360.0,1.0,True,True,15.200718855900082,725.9022222222223,725.9022222222223,32.34459424674622,28.667278716882386
r563_svd_normalised_tr050_tid6_015,6,15,True,158,polygon,367.3312883435583,53.079754601226995,18.11111111111111,2.401030136512194,4.946696009682637,4.688046450241226,-10.720441877979242,0.31912490921154,0.9702380952380952,18.11111111111111,False,mask,360.0,1.0,True,True,7.683296436839021,185.4577777777778,185.4577777777778,15.82942723098444,15.001748640771922
r563_svd_normalised_tr050_tid6_015,6,15,True,159,polygon,291.4987012987013,21.153823953823956,128.33333333333334,6.391382379964432,13.307908431127956,12.305042826236466,-72.60685195756251,0.3808389647378225,0.9813084112149533,128.33333333333334,False,mask,360.0,1.0,True,True,20.452423615886183,1314.1333333333337,1314.1333333333337,42.58530697960946,39.376137043956696
r563_svd_normalised_tr050_tid6_015,6,15,True,160,polygon,209.8623911001184,245.2687846651611,584.1487482758778,13.635993604358227,27.271987208716453,27.271987208716453,,0.0,0.9883563498510696,405.55555555555554,True,circle,220.0,0.6027777777777777,True,True,43.63517953394633,5981.683182344989,4152.88888888889,87.27035906789266,87.27035906789266
r563_svd_normalised_tr050_tid6_015,6,15,True,161,polygon,214.30303030303028,55.666666666666664,18.333333333333332,2.4157154730437167,5.261611471771501,4.503243666541373,55.91759203684689,0.5171947057558719,0.9649122807017544,18.333333333333332,False,mask,360.0,1.0,True,True,7.730289513739894,187.73333333333335,187.73333333333335,16.837156709668804,14.410379732932393
r563_svd_normalised_tr050_tid6_015,6,15,True,162,polygon,317.3542188805347,39.863408521303256,88.66666666666667,5.312577206494299,11.188393696939416,10.106382566004326,76.33334261926149,0.4290270400239991,0.9779411764705882,88.66666666666667,False,mask,360.0,1.0,True,True,17.000247060781756,907.9466666666669,907.9466666666669,35.80285983020613,32.34042421121384
r563_svd_normalised_tr050_tid6_015,6,15,True,163,polygon,-3.978835584543115,152.18671863446664,666.8931479016219,14.569786614954769,29.139573229909537,29.139573229909537,,0.0,0.9840225563909775,232.66666666666666,True,circle,160.0,0.425,True,True,46.62331716785526,6828.9858345126095,2382.506666666667,93.24663433571052,93.24663433571052
r563_svd_normalised_tr050_tid6_015,6,15,True,164,polygon,252.7149643705463,98.89311163895486,46.77777777777778,3.8587341344507133,8.069685861786885,7.409361027239353,87.97300693497424,0.3961815937740608,0.9633867276887872,46.77777777777778,False,mask,360.0,1.0,True,True,12.347949230242284,479.0044444444446,479.0044444444446,25.822994757718035,23.70995528716593
r563_svd_normalised_tr050_tid6_015,6,15,True,165,polygon,178.3328105160953,31.574277391888867,495.8888888888889,12.563691168682421,26.58802417414951,23.80479321866355,-17.503280303527383,0.4454232454683624,0.9856448763250883,495.8888888888889,False,mask,360.0,1.0,True,True,40.20381173978375,5077.902222222224,5077.902222222224,85.08167735727844,76.17533829972336
r563_svd_normalised_tr050_tid6_015,6,15,True,166,polygon,311.25767449477496,251.51183990085542,283.2317687990286,9.495023543417494,18.990047086834988,18.990047086834988,,0.0,0.9830148619957537,102.88888888888889,True,circle,160.0,0.4305555555555556,True,True,30.384075338935983,2900.2933125020536,1053.5822222222223,60.768150677871965,60.768150677871965
r563_svd_normalised_tr050_tid6_015,6,15,True,167,polygon,80.18468468468468,91.0045045045045,8.222222222222221,1.6177807699850402,3.6724051870875614,2.9075534483913206,-52.087146179882225,0.6108711553662425,0.925,8.222222222222221,False,mask,360.0,1.0,True,True,5.176898463952129,84.19555555555556,84.19555555555556,11.751696598680198,9.304171034852226
r563_svd_normalised_tr050_tid6_015,6,15,True,168,polygon,333.01754385964915,177.41337719298247,33.77777777777778,3.27899383957729,6.57676235055018,6.57045841805677,-52.54066477092872,0.04377343275143916,0.9559748427672956,33.77777777777778,False,mask,360.0,1.0,True,True,10.49278028664733,345.8844444444445,345.8844444444445,21.045639521760577,21.025466937781665
r563_svd_normalised_tr050_tid6_015,6,15,True,169,polygon,157.06706827309236,72.31164658634539,92.22222222222223,5.418048085719784,11.073187477209109,10.623787599533463,79.87436542565297,0.2819963045435248,0.9730363423212193,92.22222222222223,False,mask,360.0,1.0,True,True,17.33775387430331,944.3555555555558,944.3555555555558,35.43419992706915,33.99612031850708
r563_svd_normalised_tr050_tid6_015,6,15,True,170,polygon,325.69190938511326,30.920388349514564,57.22222222222222,4.267833061723377,8.61624446449411,8.468557928464056,39.73509915468986,0.18435606072631872,0.9847036328871893,57.22222222222222,False,mask,360.0,1.0,True,True,13.657065797514807,585.9555555555556,585.9555555555556,27.571982286381157,27.09938537108498
r563_svd_normalised_tr050_tid6_015,6,15,True,171,polygon,242.5952380952381,43.654761904761905,18.666666666666668,2.4375775971438176,5.400956542238464,4.4454067550638365,-77.39992815489549,0.5679288163658811,0.9655172413793104,18.666666666666668,False,mask,360.0,1.0,True,True,7.8002483108602165,191.1466666666667,191.1466666666667,17.283060935163086,14.225301616204277
r563_svd_normalised_tr050_tid6_015,6,15,True,172,polygon,279.98284531203785,49.98124815143449,626.1111111111111,14.117271567699776,35.42729236641008,22.512568435759686,-87.53603029404364,0.7721351544675352,0.98531211750306,626.1111111111111,False,mask,360.0,1.0,True,True,45.175269016639284,6411.377777777779,6411.377777777779,113.36733557251226,72.040218994431
r563_svd_normalised_tr050_tid6_015,6,15,True,173,polygon,167.19270833333334,3.7005208333333335,14.222222222222221,2.127692162140974,4.434365367385285,4.121622371837813,70.932804990678,0.368890438706197,0.9770992366412213,14.222222222222221,False,mask,360.0,1.0,True,True,6.808614918851117,145.63555555555558,145.63555555555558,14.189969175632914,13.189191589881004
r563_svd_normalised_tr050_tid6_015,6,15,True,174,polygon,381.43149999999997,25.855666666666664,222.22222222222223,8.410441740067201,18.106138022634802,15.64367953714386,-80.1471100741823,0.503494054817514,0.9861932938856016,222.22222222222223,False,mask,360.0,1.0,True,True,26.913413568215045,2275.555555555556,2275.555555555556,57.93964167243137,50.05977451886036
r563_svd_normalised_tr050_tid6_015,6,15,True,175,polygon,176.52152521525215,179.8241082410824,30.11111111111111,3.095910908060058,6.39424767407823,6.011900869803987,-63.297991384964796,0.3406102919535874,0.9713261648745519,30.11111111111111,False,mask,360.0,1.0,True,True,9.906914905792187,308.33777777777783,308.33777777777783,20.461592557050338,19.23808278337276
r563_svd_normalised_tr050_tid6_015,6,15,True,176,polygon,262.1373106060606,221.27935606060603,117.33333333333333,6.111330458983388,12.45280139530596,12.020618883766593,42.61018191274608,0.26116433389613336,0.9805013927576601,117.33333333333333,False,mask,360.0,1.0,True,True,19.556257468746843,1201.4933333333336,1201.4933333333336,39.848964464979076,38.4659804280531
r563_svd_normalised_tr050_tid6_015,6,15,True,177,polygon,311.35664335664336,114.7925407925408,15.88888888888889,2.2489087162019534,4.798050000879844,4.23275358894485,-85.5484335250579,0.47090851499364256,0.9862068965517241,15.88888888888889,False,mask,360.0,1.0,True,True,7.1965078918462515,162.70222222222225,162.70222222222225,15.3537600028155,13.544811484623521
r563_svd_normalised_tr050_tid6_015,6,15,True,178,polygon,248.10625113905596,88.72516858028065,203.22222222222223,8.042862825236583,17.537133433247845,14.864496299441202,68.26158696785969,0.5306336902845573,0.9702917771883289,203.22222222222223,False,mask,360.0,1.0,True,True,25.737161040757066,2080.995555555556,2080.995555555556,56.11882698639311,47.56638815821185
r563_svd_normalised_tr050_tid6_015,6,15,True,179,polygon,55.28431372549019,94.07352941176471,15.11111111111111,2.193174880826514,4.475201349349897,4.321012653647363,-4.764537789624839,0.26023252806830943,0.9444444444444444,15.11111111111111,False,mask,360.0,1.0,True,True,7.0181596186448445,154.7377777777778,154.7377777777778,14.32064431791967,13.827240491671564
r563_svd_normalised_tr050_tid6_015,6,15,True,180,polygon,261.1714015151515,62.23674242424243,39.111111111111114,3.528378285600818,7.160768879270699,6.98902573827344,-42.345895742643314,0.21769833732250646,0.9805013927576601,39.111111111111114,False,mask,360.0,1.0,True,True,11.290810513922619,400.4977777777779,400.4977777777779,22.914460413666237,22.36488236247501
r563_svd_normalised_tr050_tid6_015,6,15,True,181,polygon,351.2785665990534,23.16497633536173,54.77777777777778,4.1756805684637115,8.554373582159204,8.195041174446922,53.25756873175467,0.2867872235837417,0.9647749510763209,54.77777777777778,False,mask,360.0,1.0,True,True,13.362177819083877,560.9244444444446,560.9244444444446,27.373995462909456,26.224131758230154
r563_svd_normalised_tr050_tid6_015,6,15,True,182,polygon,157.48832866479924,41.42390289449113,79.33333333333333,5.025194951831626,10.618441066599926,9.540344792443046,86.63275642919534,0.43903606510018395,0.9714285714285714,79.33333333333333,False,mask,360.0,1.0,True,True,16.080623845861204,812.3733333333334,812.3733333333334,33.979011413119764,30.529103335817748
r563_svd_normalised_tr050_tid6_015,6,15,True,183,polygon,57.73939393939394,96.68181818181819,12.222222222222221,1.9724234242343992,4.418168429307804,3.563503506885152,-82.57467271286676,0.591156689732832,0.9322033898305084,12.222222222222221,False,mask,360.0,1.0,True,True,6.311754957550078,125.15555555555557,125.15555555555557,14.138138973784974,11.403211222032487
r563_svd_normalised_tr050_tid6_015,6,15,True,184,polygon,312.4669184501329,87.94111064484544,264.77777777777777,9.180489328376863,18.792327889092928,18.086363231935398,-46.64898510221866,0.27151801361285083,0.9651680842446334,264.77777777777777,False,mask,360.0,1.0,True,True,29.377565850805965,2711.324444444445,2711.324444444445,60.13544924509737,57.876362342193275
r563_svd_normalised_tr050_tid6_015,6,15,True,185,polygon,302.09177972865126,141.71109337589783,139.22222222222223,6.657012070727375,13.92895618237255,12.760561239488704,62.8110642912536,0.4009097541176693,0.9812059514487079,139.22222222222223,False,mask,360.0,1.0,True,True,21.3024386263276,1425.6355555555558,1425.6355555555558,44.572659783592165,40.83379596636385
r563_svd_normalised_tr050_tid6_015,6,15,True,186,polygon,287.6194605009634,54.14547206165704,38.44444444444444,3.4981776306400127,7.56426599098704,6.530039375731992,-83.53059976320525,0.5047343957222244,0.9829545454545454,38.44444444444444,False,mask,360.0,1.0,True,True,11.194168418048042,393.67111111111114,393.67111111111114,24.20565117115853,20.896126002342374
r563_svd_normalised_tr050_tid6_015,6,15,True,187,polygon,2.1041382446566623,163.82992269213278,81.44444444444444,5.0916178019774,19.311607427234325,5.788565324398628,0.3024860272366329,0.9540192348219363,0.9812583668005355,81.44444444444444,False,mask,360.0,1.0,True,True,16.29317696632768,833.9911111111113,833.9911111111113,61.79714376714984,18.52340903807561
r563_svd_normalised_tr050_tid6_015,6,15,True,188,polygon,229.42962962962963,107.56543209876543,15.0,2.1850968611841584,4.628609736114626,4.168301859409831,-28.57300861539568,0.43474916094912974,0.9642857142857143,15.0,False,mask,360.0,1.0,True,True,6.992309955789307,153.60000000000002,153.60000000000002,14.811551155566804,13.338565950111459
r563_svd_normalised_tr050_tid6_015,6,15,True,189,polygon,195.3346113783599,-1.748852666137492,80.30525932140691,5.055883498910633,10.111766997821267,10.111766997821267,,0.0,0.9761904761904762,27.333333333333332,True,circle,150.0,0.41944444444444445,True,True,16.17882719651403,822.3258554512068,279.8933333333334,32.35765439302806,32.35765439302806
r563_svd_normalised_tr050_tid6_015,6,15,True,190,polygon,173.40272108843536,83.08979591836734,27.22222222222222,2.94365460902352,6.243770035907012,5.58847537043657,89.23521630048941,0.44596933893981944,0.95703125,27.22222222222222,False,mask,360.0,1.0,True,True,9.419694748875264,278.7555555555556,278.7555555555556,19.98006411490244,17.883121185397027
r563_svd_normalised_tr050_tid6_015,6,15,True,191,polygon,242.9837962962963,103.4236111111111,16.0,2.256758334191025,4.811662566208454,4.277095751528266,-87.65277165005219,0.4580977002446687,0.9795918367346939,16.0,False,mask,360.0,1.0,True,True,7.221626669411281,163.84000000000003,163.84000000000003,15.397320211867052,13.686706404890453
r563_svd_normalised_tr050_tid6_015,6,15,True,192,polygon,66.52974473993378,82.02573961337178,346.77777777777777,10.50632166723979,22.90745410494679,19.649269968281093,69.38116568775534,0.5140378305935512,0.9497869750456482,346.77777777777777,False,mask,360.0,1.0,True,True,33.62022933516733,3551.004444444445,3551.004444444445,73.30385313582973,62.8776638984995
r563_svd_normalised_tr050_tid6_015,6,15,True,193,polygon,269.95416666666665,168.33958333333334,17.77777777777778,2.3788321548703615,4.912048295684019,4.657585317019128,2.9890229277530325,0.3176854542309339,0.9937888198757764,17.77777777777778,False,mask,360.0,1.0,True,True,7.6122628955851575,182.04444444444448,182.04444444444448,15.718554546188862,14.90427301446121
r563_svd_normalised_tr050_tid6_015,6,15,True,194,polygon,182.49528301886792,214.88836477987422,23.555555555555557,2.738241444410052,5.934658089381661,5.095461353434292,-3.774362889667858,0.5126562984708583,0.9680365296803652,23.555555555555557,False,mask,360.0,1.0,True,True,8.762372622112165,241.20888888888896,241.20888888888896,18.990905886021316,16.305476330989734
r563_svd_normalised_tr050_tid6_015,6,15,True,195,polygon,210.02913279132792,66.72560975609757,54.666666666666664,4.171443448581544,8.737735455206696,7.979545427801267,-70.31355204443416,0.40744872377808805,0.9761904761904762,54.666666666666664,False,mask,360.0,1.0,True,True,13.348619035460942,559.7866666666667,559.7866666666667,27.96075345666143,25.534545368964057
r563_svd_normalised_tr050_tid6_015,6,15,True,196,polygon,211.43870967741938,34.90537634408602,17.22222222222222,2.341367889800214,4.885007155341991,4.501135920440372,84.3254184042545,0.38857169850688605,0.9935897435897436,17.22222222222222,False,mask,360.0,1.0,True,True,7.492377247360685,176.35555555555558,176.35555555555558,15.632022897094371,14.40363494540919
r563_svd_normalised_tr050_tid6_015,6,15,True,197,polygon,24.88823721081786,89.73020527859238,341.0,10.418429401242426,22.327399955271762,19.60299083162864,56.57672276615853,0.4786989401524259,0.9752144899904671,341.0,False,mask,360.0,1.0,True,True,33.338974083975764,3491.8400000000006,3491.8400000000006,71.44767985686964,62.72957066121165
r563_svd_normalised_tr050_tid6_015,6,15,True,198,polygon,249.31121642969984,75.99368088467615,70.33333333333333,4.7315742970241885,10.090017500663134,8.951147961151026,1.6497586938714819,0.4615213886127056,0.9590909090909091,70.33333333333333,False,mask,360.0,1.0,True,True,15.141037750477404,720.2133333333335,720.2133333333335,32.288056002122026,28.643673475683286
r563_svd_normalised_tr050_tid6_015,6,15,True,199,polygon,211.33503401360545,183.04761904761904,21.77777777777778,2.6328847232228627,5.453684024480721,5.107342624418547,-7.640815330756222,0.3506834747977849,0.9560975609756097,21.77777777777778,False,mask,360.0,1.0,True,True,8.425231114313162,223.0044444444445,223.0044444444445,17.45178887833831,16.34349639813935
r563_svd_normalised_tr050_tid6_015,6,15,True,200,polygon,183.5837837837838,73.23603603603604,20.555555555555557,2.5579359939868462,5.333244078336312,4.921875247224274,47.63515391906438,0.38511868546166134,0.9788359788359788,20.555555555555557,False,mask,360.0,1.0,True,True,8.185395180757908,210.48888888888894,210.48888888888894,17.0663810506762,15.750000791117678
r563_svd_normalised_tr050_tid6_015,6,15,True,201,polygon,67.32383419689118,76.73747841105354,42.888888888888886,3.6948555236668543,8.148873489112413,6.735830562848888,-77.69803916454536,0.5627949661161769,0.965,42.888888888888886,False,mask,360.0,1.0,True,True,11.823537675733935,439.18222222222226,439.18222222222226,26.076395165159724,21.554657801116445
r563_svd_normalised_tr050_tid6_015,6,15,True,202,polygon,265.1709520500347,76.41394486912208,159.88888888888889,7.13401808410064,14.705115801048672,13.87913411460824,13.042372452229987,0.3304305250225321,0.9890034364261169,159.88888888888889,False,mask,360.0,1.0,True,True,22.82885786912205,1637.2622222222226,1637.2622222222226,47.056370563355756,44.41322916674637
r563_svd_normalised_tr050_tid6_015,6,15,True,203,polygon,337.310502283105,58.849885844748854,64.88888888888889,4.54475245055381,9.456557283491254,8.756684413944395,84.29785503408849,0.37754623788680297,0.9798657718120806,64.88888888888889,False,mask,360.0,1.0,True,True,14.543207841772194,664.4622222222223,664.4622222222223,30.260983307172012,28.021390124622066
r563_svd_normalised_tr050_tid6_015,6,15,True,204,polygon,195.40418679549114,158.38003220611915,23.0,2.7057581899030048,5.5217714359045145,5.31672926467289,-50.312390284465586,0.2699776266702982,0.971830985915493,23.0,False,mask,360.0,1.0,True,True,8.658426207689615,235.52000000000004,235.52000000000004,17.669668594894446,17.01353364695325
r563_svd_normalised_tr050_tid6_015,6,15,True,205,polygon,175.5042571306939,47.49914857386122,174.0,7.442171739215616,15.116692568497479,14.676111257424438,-28.147448527484197,0.23966904376959122,0.9769182782283219,174.0,False,mask,360.0,1.0,True,True,23.81494956548997,1781.7600000000004,1781.7600000000004,48.37341621919194,46.9635560237582
r563_svd_normalised_tr050_tid6_015,6,15,True,206,polygon,218.3884081870389,231.5239842855882,2434.5418128971687,27.83772130352945,57.10124625780189,54.28524091220481,-39.82292271426506,0.3101611543035151,0.990426189005559,2138.0,True,ellipse,280.0,0.7222222222222222,True,True,89.08070817129425,24929.70816406701,21893.120000000003,182.72398802496605,173.7127709190554
r563_svd_normalised_tr050_tid6_015,6,15,True,207,polygon,189.9421052631579,123.90701754385965,21.11111111111111,2.592272241681251,5.4296897584182915,4.961272802649597,48.81410048480469,0.40632091525321334,0.9947643979057592,21.11111111111111,False,mask,360.0,1.0,True,True,8.295271173380003,216.1777777777778,216.1777777777778,17.375007226938532,15.87607296847871
r563_svd_normalised_tr050_tid6_015,6,15,True,208,polygon,252.7709090909091,244.6442424242424,61.111111111111114,4.4104728570010225,9.307795428343397,8.381605921172193,-72.37865796004164,0.4348702184089001,0.9892086330935251,61.111111111111114,False,mask,360.0,1.0,True,True,14.113513142403272,625.7777777777779,625.7777777777779,29.78494537069887,26.82113894775102
r563_svd_normalised_tr050_tid6_015,6,15,True,209,polygon,355.3877887788779,26.54950495049505,44.888888888888886,3.7800234275912956,8.129126930693092,7.04535434254208,76.89689007288955,0.49886392951184766,0.9665071770334929,44.888888888888886,False,mask,360.0,1.0,True,True,12.096074968292147,459.6622222222223,459.6622222222223,26.013206178217896,22.545133896134658
r563_svd_normalised_tr050_tid6_015,6,15,True,210,polygon,298.3076923076923,128.55957767722472,24.555555555555557,2.795760378513981,5.971813881753643,5.289853105071763,-82.19440958058767,0.46406068291705704,0.973568281938326,24.555555555555557,False,mask,360.0,1.0,True,True,8.94643321124474,251.44888888888894,251.44888888888894,19.109804421611656,16.927529936229643
r563_svd_normalised_tr050_tid6_015,6,15,True,211,polygon,251.88023952095807,182.26746506986026,18.555555555555557,2.430312073986774,5.1880851796270075,4.598566705231771,89.9848068835971,0.462976217285019,0.9653179190751445,18.555555555555557,False,mask,360.0,1.0,True,True,7.776998636757677,190.00888888888895,190.00888888888895,16.601872574806425,14.715413456741667
r563_svd_normalised_tr050_tid6_015,6,15,True,212,polygon,298.8647463994991,61.31621790857859,177.44444444444446,7.51547210194124,15.916540875583323,14.241331345978272,-66.03385739009771,0.44656658878822436,0.9815611555009219,177.44444444444446,False,mask,360.0,1.0,True,True,24.04951072621197,1817.0311111111116,1817.0311111111116,50.93293080186663,45.57226030713048
r563_svd_normalised_tr050_tid6_015,6,15,True,213,polygon,346.9459259259259,102.78962962962963,50.0,3.989422804014327,8.079395049623496,7.919290822246539,-79.88768181497515,0.198090984913922,0.9656652360515021,50.0,False,mask,360.0,1.0,True,True,12.766152972845846,512.0000000000001,512.0000000000001,25.85406415879519,25.341730631188923
r563_svd_normalised_tr050_tid6_015,6,15,True,214,polygon,365.771164021164,93.22982804232805,112.0,5.970821321441846,13.15045838108309,10.874370949878168,69.19111910868719,0.562320264684943,0.9710982658959537,112.0,False,mask,360.0,1.0,True,True,19.10662822861391,1146.88,1146.88,42.081466819465895,34.79798703961014
r563_svd_normalised_tr050_tid6_015,6,15,True,215,polygon,173.38334830787662,87.0095837076969,123.66666666666667,6.274099345037138,13.36196030748894,11.793205494077947,52.21528341666682,0.4701332314461825,0.973753280839895,123.66666666666667,False,mask,360.0,1.0,True,True,20.077117904118843,1266.346666666667,1266.346666666667,42.758272983964616,37.73825758104943
r563_svd_normalised_tr050_tid6_015,6,15,True,216,polygon,264.1354166666667,182.94270833333334,7.111111111111111,1.5045055561273502,3.244303076422755,2.826603707727008,-82.68337444273672,0.49083697774217083,0.927536231884058,7.111111111111111,False,mask,360.0,1.0,True,True,4.8144177796075205,72.81777777777779,72.81777777777779,10.381769844552817,9.045131864726427
r563_svd_normalised_tr050_tid6_015,6,15,True,217,polygon,281.2920443101712,26.384692849949648,36.77777777777778,3.4215099383952094,7.1624042020029846,6.566268536812178,-76.29747473721753,0.39941834021533157,0.9706744868035191,36.77777777777778,False,mask,360.0,1.0,True,True,10.948831802864671,376.60444444444454,376.60444444444454,22.919693446409553,21.012059317798972
r563_svd_normalised_tr050_tid6_015,6,15,True,218,polygon,328.75187637969094,85.80750551876379,83.88888888888889,5.167461918031606,10.537345614060571,10.178269956292986,18.293430333664897,0.25882765592555906,0.9716859716859717,83.88888888888889,False,mask,360.0,1.0,True,True,16.53587813770114,859.0222222222224,859.0222222222224,33.71950596499383,32.57046386013756
r563_svd_normalised_tr050_tid6_015,6,15,True,219,polygon,187.34959349593495,105.20325203252033,9.11111111111111,1.7029846566500968,3.521201053870271,3.3167712135216387,-87.83056851480298,0.3357723955348841,0.9425287356321839,9.11111111111111,False,mask,360.0,1.0,True,True,5.44955090128031,93.2977777777778,93.2977777777778,11.267843372384867,10.613667883269244
r563_svd_normalised_tr050_tid6_015,6,15,True,220,polygon,237.78145087235995,235.73553719008262,40.333333333333336,3.5830850872880795,7.663054834493198,6.73612233884328,16.150927438845308,0.4767502816394948,0.9731903485254692,40.333333333333336,False,mask,360.0,1.0,True,True,11.465872279321855,413.01333333333343,413.01333333333343,24.521775470378234,21.555591484298496
r563_svd_normalised_tr050_tid6_015,6,15,True,221,polygon,257.5942028985507,50.59213250517598,17.88888888888889,2.3862544261198764,5.074339259930955,4.501919099745224,14.215292292426232,0.4613981913373387,0.9757575757575757,17.88888888888889,False,mask,360.0,1.0,True,True,7.636014163583605,183.18222222222226,183.18222222222226,16.237885631779058,14.406141119184717
r563_svd_normalised_tr050_tid6_015,6,15,True,222,polygon,331.2706766917293,222.2543859649123,29.555555555555557,3.067217880260154,6.5213854377238745,5.78036223945164,1.729963675556941,0.462977025250168,0.9851851851851852,29.555555555555557,False,mask,360.0,1.0,True,True,9.815097216832493,302.64888888888896,302.64888888888896,20.8684334007164,18.49715916624525
r563_svd_normalised_tr050_tid6_015,6,15,True,223,polygon,333.69848484848484,20.433333333333334,24.444444444444443,2.7894279572946683,5.917881707786119,5.303939165830989,-31.870613607458626,0.443536382692451,0.9777777777777777,24.444444444444443,False,mask,360.0,1.0,True,True,8.926169463342939,250.31111111111113,250.31111111111113,18.93722146491558,16.972605330659164
r563_svd_normalised_tr050_tid6_015,6,15,True,224,polygon,256.31778588003027,248.80545694318192,248.8035434489529,8.89924870971477,23.08141857131551,13.724741805216741,89.82495375448804,0.8040046742431137,0.9844236760124611,140.44444444444446,True,ellipse,120.0,0.5333333333333333,False,True,28.477595871087267,2547.748284917278,1438.1511111111115,73.86053942820963,43.919173776693576
r563_svd_normalised_tr050_tid6_015,6,15,True,225,polygon,295.13978494623655,81.52956989247312,27.555555555555557,2.9616221488603185,6.10050101700305,5.770265995879259,-87.24803118020466,0.3245528675808341,0.9802371541501976,27.555555555555557,False,mask,360.0,1.0,True,True,9.477190876353019,282.16888888888894,282.16888888888894,19.52160325440976,18.46485118681363
r563_svd_normalised_tr050_tid6_015,6,15,True,226,polygon,350.9380603096984,80.71067644661777,45.44444444444444,3.8033427322286784,8.040014846206793,7.219486788406303,-82.00065520013992,0.44010878995165914,0.966903073286052,45.44444444444444,False,mask,360.0,1.0,True,True,12.17069674313177,465.3511111111112,465.3511111111112,25.72804750786174,23.10235772290017
r563_svd_normalised_tr050_tid6_015,6,15,True,227,polygon,68.4095238095238,85.53968253968253,23.333333333333332,2.7252946038220864,5.634370101882215,5.344861504742404,-67.93573826993514,0.31642539790398566,0.9767441860465116,23.333333333333332,False,mask,360.0,1.0,True,True,8.720942732230677,238.93333333333337,238.93333333333337,18.02998432602309,17.103556815175693
r563_svd_normalised_tr050_tid6_015,6,15,True,228,polygon,276.67012276910685,255.1414378835404,361.38105836022834,10.72525820461317,21.45051640922634,21.45051640922634,,0.0,0.9847198641765704,64.44444444444444,True,circle,120.0,0.325,False,True,34.320826254762146,3700.542037608739,659.9111111111113,68.64165250952429,68.64165250952429
r563_svd_normalised_tr050_tid6_015,6,15,True,229,polygon,40.82543084203947,81.76301455487096,829.5555555555555,16.249791828574917,36.275033640332374,29.38455182384376,75.99684375204124,0.5863623002745099,0.9639767591994836,829.5555555555555,False,mask,360.0,1.0,True,True,51.99933385143974,8494.64888888889,8494.64888888889,116.0801076490636,94.03056583630004
r563_svd_normalised_tr050_tid6_015,6,15,True,230,polygon,284.1933701657459,33.744014732965006,20.11111111111111,2.5301315161088653,5.364022627696408,4.829740154099305,-49.13892219408542,0.4350729917839937,0.9679144385026738,20.11111111111111,False,mask,360.0,1.0,True,True,8.09642085154837,205.93777777777782,205.93777777777782,17.164872408628508,15.455168493117776
r563_svd_normalised_tr050_tid6_015,6,15,True,231,polygon,364.4793650793651,59.55873015873016,11.666666666666666,1.9270742950937028,3.9353346016489326,3.8294774686523465,67.94510342210805,0.2303795226939843,0.9292035398230089,11.666666666666666,False,mask,360.0,1.0,True,True,6.166637744299849,119.46666666666668,119.46666666666668,12.593070725276585,12.25432789968751
r563_svd_normalised_tr050_tid6_015,6,15,True,232,polygon,288.7537878787879,84.01010101010101,58.666666666666664,4.321363209619049,8.861859115913731,8.442971797476654,78.31997326675847,0.3038137637485779,0.9832402234636871,58.666666666666664,False,mask,360.0,1.0,True,True,13.828362270780957,600.7466666666668,600.7466666666668,28.35794917092394,27.017509751925292
r563_svd_normalised_tr050_tid6_015,6,15,True,233,polygon,297.6406685236769,32.19545032497679,79.77777777777777,5.0392514686647845,10.363465391623485,9.822318978058252,-80.072984244651,0.3189151902869664,0.9782016348773842,79.77777777777777,False,mask,360.0,1.0,True,True,16.12560469972731,816.9244444444446,816.9244444444446,33.16308925319515,31.43142072978641
r563_svd_normalised_tr050_tid6_015,6,15,True,234,polygon,197.06444444444446,204.47333333333333,16.666666666666668,2.303294329808903,4.943097960705161,4.333225620628073,-74.46418854383185,0.4811806959888154,0.9615384615384616,16.666666666666668,False,mask,360.0,1.0,True,True,7.37054185538849,170.6666666666667,170.6666666666667,15.817913474256514,13.866321986009835
r563_svd_normalised_tr050_tid6_015,6,15,True,235,polygon,284.39028776978415,77.28597122302158,61.77777777777778,4.434464726788562,9.32870831397729,8.461042966721882,-69.6420219569117,0.4211526625342573,0.972027972027972,61.77777777777778,False,mask,360.0,1.0,True,True,14.1902871257234,632.6044444444445,632.6044444444445,29.851866604727327,27.075337493510023
r563_svd_normalised_tr050_tid6_015,6,15,True,236,polygon,329.19825708061,145.92592592592592,17.0,2.326213245840639,4.83871401278271,4.538003176943595,46.231839366881346,0.34703237567870354,0.9683544303797469,17.0,False,mask,360.0,1.0,True,True,7.443882386690046,174.08000000000004,174.08000000000004,15.483884840904674,14.521610166219503
r563_svd_normalised_tr050_tid6_015,6,15,True,237,polygon,216.349376114082,176.51099227569816,62.333333333333336,4.454359239979373,9.221926476113014,8.627162759171286,-25.060279972762228,0.353312179176665,0.9739583333333334,62.333333333333336,False,mask,360.0,1.0,True,True,14.253949567933995,638.2933333333335,638.2933333333335,29.510164723561644,27.606920829348116
r563_svd_normalised_tr050_tid6_015,6,15,True,238,polygon,359.195945945946,48.56531531531531,16.444444444444443,2.2878875058592323,4.72644250806511,4.451179797136011,2.578715711460483,0.33628260439246427,0.9801324503311258,16.444444444444443,False,mask,360.0,1.0,True,True,7.321240018749544,168.39111111111112,168.39111111111112,15.12461602580835,14.243775350835236
r563_svd_normalised_tr050_tid6_015,6,15,True,239,polygon,254.0,218.77898550724638,30.666666666666668,3.124340438605069,6.463573143221772,6.049534147688296,90.0,0.35215230839423894,0.9857142857142858,30.666666666666668,False,mask,360.0,1.0,True,True,9.99788940353622,314.02666666666676,314.02666666666676,20.683434058309672,19.358509272602547
r563_svd_normalised_tr050_tid6_015,6,15,True,240,polygon,311.6740740740741,49.1925925925926,25.0,2.8209479177387813,5.861624397192099,5.471731947922763,-4.6188757249081425,0.3586193328087004,0.9911894273127754,25.0,False,mask,360.0,1.0,True,True,9.0270333367641,256.00000000000006,256.00000000000006,18.757198071014717,17.509542233352843
r563_svd_normalised_tr050_tid6_015,6,15,True,241,polygon,299.3214189006228,96.84673707013269,136.77777777777777,6.5983118202246445,13.317597972690656,13.159251824655593,74.12600169210637,0.15374854233036253,0.9754358161648178,136.77777777777777,False,mask,360.0,1.0,True,True,21.114597824718864,1400.6044444444447,1400.6044444444447,42.616313512610105,42.1096058388979
r563_svd_normalised_tr050_tid6_015,6,15,True,242,polygon,190.95374800637958,182.72408293460924,23.22222222222222,2.7187980639411693,5.495998885856724,5.421662343767623,-23.601455250385854,0.16391524556640522,0.9675925925925926,23.22222222222222,False,mask,360.0,1.0,True,True,8.700153804611743,237.79555555555558,237.79555555555558,17.587196434741518,17.349319500056392
r563_svd_normalised_tr050_tid6_015,6,15,True,243,polygon,241.00395882818688,3.8068091844813936,46.77777777777778,3.8587341344507133,8.029690719237182,7.506785682588984,6.944227346769253,0.35496771877469085,0.958997722095672,46.77777777777778,False,mask,360.0,1.0,True,True,12.347949230242284,479.0044444444446,479.0044444444446,25.695010301558984,24.02171418428475
r563_svd_normalised_tr050_tid6_015,6,15,True,244,polygon,299.72332470520564,87.36727063560541,128.77777777777777,6.402440143214611,14.381109227576333,11.561687878758482,-48.387550780851036,0.5946973546656728,0.9626245847176079,128.77777777777777,False,mask,360.0,1.0,True,True,20.487808458286757,1318.6844444444446,1318.6844444444446,46.01954952824427,36.99740121202714
r563_svd_normalised_tr050_tid6_015,6,15,True,245,polygon,369.24278438030564,78.44199207696661,65.44444444444444,4.564166261484404,9.839129553834256,8.52035174219031,88.83432846324118,0.5001028623618236,0.9671592775041051,65.44444444444444,False,mask,360.0,1.0,True,True,14.605332036750093,670.1511111111113,670.1511111111113,31.485214572269623,27.265125575008994
r563_svd_normalised_tr050_tid6_015,6,15,True,246,polygon,342.57013574660635,51.36651583710407,24.555555555555557,2.795760378513981,5.822948249122036,5.409892511035131,53.96972074110274,0.3699186270991457,0.9525862068965517,24.555555555555557,False,mask,360.0,1.0,True,True,8.94643321124474,251.44888888888894,251.44888888888894,18.633434397190516,17.31165603531242
r563_svd_normalised_tr050_tid6_015,6,15,True,247,polygon,260.1794871794872,95.8951048951049,15.88888888888889,2.2489087162019534,4.672842543070907,4.38119597820057,7.428525809292066,0.3477510536223764,0.9662162162162162,15.88888888888889,False,mask,360.0,1.0,True,True,7.1965078918462515,162.70222222222225,162.70222222222225,14.953096137826902,14.019827130241826
r563_svd_normalised_tr050_tid6_015,6,15,True,248,polygon,229.71509971509974,148.4928774928775,13.0,2.0342144725641096,4.184437727798721,4.012101864241986,81.96724518536139,0.28403116407569995,0.9435483870967742,13.0,False,mask,360.0,1.0,True,True,6.509486312205151,133.12000000000003,133.12000000000003,13.390200728955907,12.838725965574355
r563_svd_normalised_tr050_tid6_015,6,15,True,249,polygon,343.65763052208837,85.37751004016064,36.888888888888886,3.4266744846379447,7.172903030271669,6.5534714425675205,70.00625332848682,0.40651786483779834,0.9851632047477745,36.888888888888886,False,mask,360.0,1.0,True,True,10.965358350841424,377.74222222222227,377.74222222222227,22.953289696869344,20.971108616216068
r563_svd_normalised_tr050_tid6_015,6,15,True,250,polygon,199.06349206349205,112.67063492063492,9.333333333333334,1.7236276486088036,3.656440934125214,3.2667274104854616,85.57362961243214,0.44922779779101485,0.9438202247191011,9.333333333333334,False,mask,360.0,1.0,True,True,5.515608475548172,95.57333333333335,95.57333333333335,11.700610989200685,10.453527713553477
r563_svd_normalised_tr050_tid6_015,6,15,True,251,polygon,349.2196132596685,41.690607734806626,80.44444444444444,5.060263032217731,11.391435209821617,9.0132274927786,-56.488461618999985,0.6115206931797068,0.9705093833780161,80.44444444444444,False,mask,360.0,1.0,True,True,16.19284170309674,823.7511111111113,823.7511111111113,36.45259267142918,28.842327976891525
r563_svd_normalised_tr050_tid6_015,6,15,True,252,polygon,264.24341085271317,16.313178294573643,23.88888888888889,2.7575477336357106,5.796080542837757,5.278576734387536,71.40364354273792,0.4130356240341173,0.9641255605381166,23.88888888888889,False,mask,360.0,1.0,True,True,8.824152747634274,244.62222222222226,244.62222222222226,18.547457737080823,16.891445550040114
r563_svd_normalised_tr050_tid6_015,6,15,True,253,polygon,197.87606837606836,126.03418803418803,8.666666666666666,1.660929161722293,3.379812050882798,3.3289120391603375,63.55261876773801,0.17289656161070996,0.9512195121951219,8.666666666666666,False,mask,360.0,1.0,True,True,5.314973317511338,88.74666666666668,88.74666666666668,10.815398562824953,10.65251852531308
r563_svd_normalised_tr050_tid6_015,6,15,True,254,polygon,-0.8394493789422361,215.59489425347482,42.75998561016006,3.6892988700823053,7.378597740164611,7.378597740164611,,0.0,0.9655172413793104,18.666666666666668,True,circle,160.0,0.46944444444444444,True,True,11.805756384263377,437.8622526480391,191.1466666666667,23.611512768526755,23.611512768526755
r563_svd_normalised_tr050_tid6_015,6,15,True,255,polygon,309.58350803633823,87.69531795946891,159.0,7.1141599576634995,16.211080413882495,12.763188172450809,52.63101172550106,0.6165540044888376,0.9402102496714849,159.0,False,mask,360.0,1.0,True,True,22.7653118645232,1628.1600000000003,1628.1600000000003,51.87545732442399,40.84220215184259
r563_svd_normalised_tr050_tid6_015,6,15,True,256,polygon,292.6075757575758,24.454545454545453,24.444444444444443,2.7894279572946683,5.888092140824583,5.367036583158477,-56.740962429503654,0.411284792889736,0.944206008583691,24.444444444444443,False,mask,360.0,1.0,True,True,8.926169463342939,250.31111111111113,250.31111111111113,18.841894850638667,17.174517066107125
r563_svd_normalised_tr050_tid6_015,6,15,True,257,polygon,183.0736607142857,168.17782738095238,49.77777777777778,3.9805475476278978,8.604090781545118,7.445826900653476,78.18091542345394,0.5011124323193102,0.9803063457330415,49.77777777777778,False,mask,360.0,1.0,True,True,12.737752152409273,509.72444444444454,509.72444444444454,27.53309050094438,23.826646082091123
r563_svd_normalised_tr050_tid6_015,6,15,True,258,polygon,40.9516835016835,84.07121212121213,220.0,8.368283871884005,17.369247298296212,16.212116863500523,72.09937978773517,0.3588883219705912,0.9772951628825272,220.0,False,mask,360.0,1.0,True,True,26.77850839002882,2252.8000000000006,2252.8000000000006,55.58159135454788,51.878773963201674
r563_svd_normalised_tr050_tid6_015,6,15,True,259,polygon,183.69105691056913,223.89837398373984,9.11111111111111,1.7029846566500968,3.659838423265135,3.189146659391765,-87.61954497513045,0.4905909103885149,0.9534883720930233,9.11111111111111,False,mask,360.0,1.0,True,True,5.44955090128031,93.2977777777778,93.2977777777778,11.711482954448433,10.205269310053648
r563_svd_normalised_tr050_tid6_015,6,15,True,260,polygon,1.8634111818825196,161.68648266100496,52.333333333333336,4.081447951028129,14.162310203648458,4.982616893692505,2.8911143646329704,0.9360667989544886,0.9401197604790419,52.333333333333336,False,mask,360.0,1.0,True,True,13.060633443290014,535.8933333333334,535.8933333333334,45.31939265167507,15.944374059816017
r563_svd_normalised_tr050_tid6_015,6,15,True,261,polygon,245.02910798122068,221.2431924882629,39.44444444444444,3.543382088019011,7.5051274995684025,6.7752830012671375,-64.72187715523046,0.43015744170513354,0.9699453551912568,39.44444444444444,False,mask,360.0,1.0,True,True,11.338822681660837,403.91111111111115,403.91111111111115,24.016407998618888,21.680905604054843
r563_svd_normalised_tr050_tid6_015,6,15,True,262,polygon,67.47232037691401,9.042402826855124,31.444444444444443,3.1637126184632574,6.555094423092325,6.114751153294194,33.37352555585294,0.3603316334354115,0.9826388888888888,31.444444444444443,False,mask,360.0,1.0,True,True,10.123880379082424,321.99111111111114,321.99111111111114,20.976302153895443,19.567203690541422
r563_svd_normalised_tr050_tid6_015,6,15,True,263,polygon,269.6004016064257,12.893574297188755,18.444444444444443,2.4230247650064087,5.160870142893623,4.5833224309984315,-82.66549477386805,0.45966764037439134,0.9764705882352941,18.444444444444443,False,mask,360.0,1.0,True,True,7.753679248020508,188.87111111111113,188.87111111111113,16.514784457259594,14.666631779194981
r563_svd_normalised_tr050_tid6_015,6,15,True,264,polygon,51.212463404433294,92.49100794646591,88.55555555555556,5.309247480559862,11.456175098017106,9.993676896983091,38.045882425723875,0.4889001577229151,0.9499404052443385,88.55555555555556,False,mask,360.0,1.0,True,True,16.98959193779156,906.8088888888891,906.8088888888891,36.659760313654736,31.979766070345892
r563_svd_normalised_tr050_tid6_015,6,15,True,265,polygon,-6.537982561646812,198.80521031247073,215.00939483052235,8.27282394330674,16.54564788661348,16.54564788661348,,0.0,0.9289940828402367,17.444444444444443,True,circle,100.0,0.24166666666666667,False,True,26.47303661858157,2201.6962030645495,178.63111111111112,52.94607323716314,52.94607323716314
r563_svd_normalised_tr050_tid6_015,6,15,True,266,polygon,216.04048964218455,1.8719397363465162,39.333333333333336,3.5383878895003065,10.488758412369906,5.02647351274077,-87.18261196397472,0.8776921773258316,0.9779005524861878,39.333333333333336,False,mask,360.0,1.0,True,True,11.322841246400982,402.7733333333334,402.7733333333334,33.5640269195837,16.084715240770464
r563_svd_normalised_tr050_tid6_015,6,15,True,267,polygon,200.62103174603172,170.05753968253967,18.666666666666668,2.4375775971438176,5.111167494909956,4.679262032417722,-2.4447599287472697,0.40232322882928845,0.9545454545454546,18.666666666666668,False,mask,360.0,1.0,True,True,7.8002483108602165,191.1466666666667,191.1466666666667,16.35573598371186,14.973638503736712
r563_svd_normalised_tr050_tid6_015,6,15,True,268,polygon,302.48731620617224,87.97237033446437,229.22222222222223,8.541879153110932,19.320818118777808,15.924073037747334,-84.51431672595665,0.5663097675049873,0.926774483378257,229.22222222222223,False,mask,360.0,1.0,True,True,27.33401328995498,2347.235555555556,2347.235555555556,61.82661798008899,50.95703372079147
r563_svd_normalised_tr050_tid6_015,6,15,True,269,polygon,192.0,178.2556634304207,11.444444444444445,1.9086329685269052,3.821248715743692,3.8085981576529595,90.0,0.08130316416476012,1.0,11.444444444444445,False,mask,360.0,1.0,True,True,6.107625499286097,117.19111111111114,117.19111111111114,12.227995890379816,12.187514104489471
r563_svd_normalised_tr050_tid6_015,6,15,True,270,polygon,275.92857142857144,12.563492063492063,14.0,2.111004122822376,4.388570824050688,4.092617306452639,60.24910202339404,0.3610081362980204,0.9333333333333333,14.0,False,mask,360.0,1.0,True,True,6.755213193031604,143.36,143.36,14.043426636962202,13.096375380648446
r563_svd_normalised_tr050_tid6_015,6,15,True,271,polygon,281.75736961451247,132.18820861678003,16.333333333333332,2.2801450555469596,4.87899048769606,4.283121788191273,-61.43313452548773,0.47889810637644414,0.9607843137254902,16.333333333333332,False,mask,360.0,1.0,True,True,7.296464177750271,167.25333333333336,167.25333333333336,15.612769560627394,13.705989722212074
r563_svd_normalised_tr050_tid6_015,6,15,True,272,polygon,310.58095939751144,90.63883431565161,452.44444444444446,12.000730795064088,24.519141401434933,23.61432098744497,-32.78924594599887,0.26915316333754385,0.9767330295034781,452.44444444444446,False,mask,360.0,1.0,True,True,38.40233854420509,4633.031111111112,4633.031111111112,78.4612524845918,75.56582715982391
r563_svd_normalised_tr050_tid6_015,6,15,True,273,polygon,179.4470517448857,30.103489771359808,61.55555555555556,4.426481885523637,9.70701995422707,8.1154663635418,-73.50353374817293,0.5486670201777718,0.9668411867364747,61.55555555555556,False,mask,360.0,1.0,True,True,14.16474203367564,630.3288888888891,630.3288888888891,31.062463853526623,25.969492363333764
r563_svd_normalised_tr050_tid6_015,6,15,True,274,polygon,2.5439252336448597,154.07538940809968,118.88888888888889,6.151707786520713,23.77738929681662,6.848314573759885,0.5922056249319171,0.9576250147657763,0.9485815602836879,118.88888888888889,False,mask,360.0,1.0,True,True,19.68546491686628,1217.4222222222224,1217.4222222222224,76.08764574981318,21.914606636031635
r563_svd_normalised_tr050_tid6_015,6,15,True,275,polygon,317.5938888888889,148.88777777777779,66.66666666666667,4.606588659617806,9.560235762591676,9.083893808910602,-71.35169681955725,0.31171799244393256,0.9950248756218906,66.66666666666667,False,mask,360.0,1.0,True,True,14.74108371077698,682.6666666666669,682.6666666666669,30.592754440293362,29.068460188513928
r563_svd_normalised_tr050_tid6_015,6,15,True,276,polygon,185.23555555555558,155.72,16.666666666666668,2.303294329808903,4.81598597493537,4.425224840806956,8.59818706985903,0.3945798524440355,0.974025974025974,16.666666666666668,False,mask,360.0,1.0,True,True,7.37054185538849,170.6666666666667,170.6666666666667,15.411155119793186,14.16071949058226
r563_svd_normalised_tr050_tid6_015,6,15,True,277,polygon,288.6551803592099,247.75914208498986,110.6571415305328,5.93491888116489,11.86983776232978,11.86983776232978,,0.0,0.9826086956521739,75.33333333333333,True,circle,220.0,0.5972222222222222,True,True,18.99174041972765,1133.129129272656,771.4133333333334,37.9834808394553,37.9834808394553
r563_svd_normalised_tr050_tid6_015,6,15,True,278,polygon,345.63829787234044,36.6548463356974,15.666666666666666,2.2331267056631727,4.7377500169058555,4.236553329235673,-86.55052017307564,0.44764354554209906,0.9527027027027027,15.666666666666666,False,mask,360.0,1.0,True,True,7.146005458122153,160.4266666666667,160.4266666666667,15.160800054098738,13.556970653554155
r563_svd_normalised_tr050_tid6_015,6,15,True,279,polygon,335.1139028475712,150.24958123953098,44.22222222222222,3.7518489471658976,8.628672854663803,6.572199652615058,-81.84382591526601,0.6479653491319077,0.9851485148514851,44.22222222222222,False,mask,360.0,1.0,True,True,12.005916630930873,452.83555555555563,452.83555555555563,27.61175313492417,21.031038888368187
r563_svd_normalised_tr050_tid6_015,6,15,True,280,polygon,300.9071672354949,238.50170648464163,162.77777777777777,7.198178652804806,16.050182668007583,12.965070994325536,-20.409988908119473,0.5894794245408151,0.9708416169648774,162.77777777777777,False,mask,360.0,1.0,True,True,23.03417168897538,1666.8444444444447,1666.8444444444447,51.36058453762427,41.48822718184172
r563_svd_normalised_tr050_tid6_015,6,15,True,281,polygon,296.83132901634286,239.52019734813442,120.11111111111111,6.183247860727112,13.097746401443963,11.754628870663815,58.11371978186718,0.4411074399780566,0.9756317689530686,120.11111111111111,False,mask,360.0,1.0,True,True,19.78639315432676,1229.9377777777781,1229.9377777777781,41.912788484620684,37.61481238612421
r563_svd_normalised_tr050_tid6_015,6,15,True,282,polygon,309.9013499480789,220.4951194184839,178.33333333333334,7.534272561840947,16.18820112435933,14.182325470342187,5.305283955706879,0.48214711588500747,0.9828536436007348,178.33333333333334,False,mask,360.0,1.0,True,True,24.10967219789103,1826.133333333334,1826.133333333334,51.80224359794986,45.383441505095
r563_svd_normalised_tr050_tid6_015,6,15,True,283,polygon,66.36084142394822,99.37702265372168,22.88888888888889,2.69921462968317,5.4418545613293645,5.371675582714938,1.1547862633080463,0.16008120270797285,0.976303317535545,22.88888888888889,False,mask,360.0,1.0,True,True,8.637486814986145,234.38222222222228,234.38222222222228,17.413934596253966,17.189361864687804
r563_svd_normalised_tr050_tid6_015,6,15,True,284,polygon,321.4557823129252,202.0,10.88888888888889,1.8617306418733526,3.9188883998356396,3.5741146811696107,80.57740054423275,0.4101400085259732,0.9158878504672897,10.88888888888889,False,mask,360.0,1.0,True,True,5.957538053994728,111.50222222222224,111.50222222222224,12.540442879474048,11.437166979742756
r563_svd_normalised_tr050_tid6_015,6,15,True,285,polygon,197.008547008547,122.1111111111111,4.333333333333333,1.1744542733243213,2.7485025576965207,2.046962126536896,48.23164741369153,0.6673375394664586,0.9285714285714286,4.333333333333333,False,mask,360.0,1.0,True,True,3.758253674637828,44.37333333333334,44.37333333333334,8.795208184628867,6.550278804918067
r563_svd_normalised_tr050_tid6_015,6,15,True,286,polygon,298.59369202226344,239.49103277674706,119.77777777777777,6.174661999801431,13.672553136132263,11.38259829613986,31.04002723211734,0.5540033042147054,0.9390243902439024,119.77777777777777,False,mask,360.0,1.0,True,True,19.758918399364582,1226.5244444444447,1226.5244444444447,43.752170035623244,36.424314547647555
r563_svd_normalised_tr050_tid6_015,6,15,True,287,polygon,78.90639559508683,92.70732740364252,87.44444444444444,5.275834640937481,11.524406343055688,9.775228351835922,12.31172604774316,0.5296445610172811,0.9788557213930348,87.44444444444444,False,mask,360.0,1.0,True,True,16.88267085099994,895.4311111111112,895.4311111111112,36.878100297778204,31.280730725874953
r563_svd_normalised_tr050_tid6_015,6,15,True,288,polygon,344.8739653875094,28.517682468021068,98.44444444444444,5.59784243316455,11.673928379611205,10.777871789645237,47.739509730833774,0.3842167363023193,0.9704271631982475,98.44444444444444,False,mask,360.0,1.0,True,True,17.91309578612656,1008.0711111111112,1008.0711111111112,37.356570814755855,34.48918972686476
r563_svd_normalised_tr050_tid6_015,6,15,True,289,polygon,205.0295176385889,61.48308135349172,51.44444444444444,4.046637524649255,8.40973376505533,7.814219933008951,9.90987550511936,0.3696085666899841,0.9706498951781971,51.44444444444444,False,mask,360.0,1.0,True,True,12.949240078877617,526.7911111111111,526.7911111111111,26.911148048177058,25.005503785628644
r563_svd_normalised_tr050_tid6_015,6,15,True,290,polygon,173.7979002624672,88.24671916010499,14.11111111111111,2.1193645679081743,4.6418306868209855,3.908857487775465,18.865023848333955,0.5393308796126813,0.9548872180451128,14.11111111111111,False,mask,360.0,1.0,True,True,6.781966617306158,144.4977777777778,144.4977777777778,14.853858197827154,12.50834396088149
r563_svd_normalised_tr050_tid6_015,6,15,True,291,polygon,364.3935915829747,77.53036824485892,77.44444444444444,4.965010805293177,10.534059660868385,9.403699759056641,53.55224205549423,0.4506618274384223,0.9748251748251748,77.44444444444444,False,mask,360.0,1.0,True,True,15.888034576938168,793.0311111111113,793.0311111111113,33.70899091477883,30.091839228981254
r563_svd_normalised_tr050_tid6_015,6,15,True,292,polygon,287.6354166666667,28.256944444444443,21.333333333333332,2.6058800634822394,5.391748625166261,5.07952153720883,22.508366440927617,0.33535542430085535,0.9696969696969697,21.333333333333332,False,mask,360.0,1.0,True,True,8.338816203143166,218.45333333333338,218.45333333333338,17.253595600532034,16.254468919068255
r563_svd_normalised_tr050_tid6_015,6,15,True,293,polygon,181.02713178294573,85.32868217054265,47.77777777777778,3.899761403798813,8.295569745378591,7.394971954949278,36.28530776178447,0.45314603912002055,0.9598214285714286,47.77777777777778,False,mask,360.0,1.0,True,True,12.479236492156202,489.2444444444445,489.2444444444445,26.545823185211493,23.663910255837692
r563_svd_normalised_tr050_tid6_015,6,15,True,294,polygon,121.62506932889629,86.60343871325568,133.55555555555554,6.520126815338933,14.648305384027559,12.121036514957432,29.490832565922315,0.5615096000268607,0.9112964366944655,133.55555555555554,False,mask,360.0,1.0,True,True,20.864405809084587,1367.608888888889,1367.608888888889,46.87457722888819,38.787316847863785
r563_svd_normalised_tr050_tid6_015,6,15,True,295,polygon,309.6439393939394,122.75757575757575,9.777777777777779,1.764189142800409,3.7962121507456814,3.3141561481191233,52.889413306506185,0.48769052826310744,0.9777777777777777,9.777777777777779,False,mask,360.0,1.0,True,True,5.645405256961309,100.12444444444448,100.12444444444448,12.14787888238618,10.605299673981195
r563_svd_normalised_tr050_tid6_015,6,15,True,296,polygon,271.35668140088404,200.15255582001586,326.77777777777777,10.198852741942913,23.013547498223403,18.176611484098977,-9.631627518322201,0.6133358293677147,0.9748094133244946,326.77777777777777,False,mask,360.0,1.0,True,True,32.636328774217326,3346.204444444445,3346.204444444445,73.6433519943149,58.16515674911673
r563_svd_normalised_tr050_tid6_015,6,15,True,297,polygon,385.15942028985506,83.51630434782608,20.444444444444443,2.5510132857752708,5.2401163436935185,5.005779296696167,-2.37854291191137,0.2957021695541635,0.989247311827957,20.444444444444443,False,mask,360.0,1.0,True,True,8.163242514480867,209.35111111111112,209.35111111111112,16.76837229981926,16.018493749427734
r563_svd_normalised_tr050_tid6_015,6,15,True,298,polygon,219.3514887436456,172.20842411038487,51.0,4.029119531035698,8.687196327574485,7.64459922899038,-47.20531306681509,0.475002162544077,0.9386503067484663,51.0,False,mask,360.0,1.0,True,True,12.893182499314234,522.2400000000001,522.2400000000001,27.799028248238354,24.46271753276922
r563_svd_normalised_tr050_tid6_015,6,15,True,299,polygon,178.16815582275984,-0.005498814807749567,44.17458621372926,3.749827664027803,7.499655328055606,7.499655328055606,,0.0,0.9545454545454546,25.666666666666668,True,circle,200.0,0.5416666666666666,True,True,11.99944852488897,452.34776282858775,262.8266666666667,23.99889704977794,23.99889704977794
r563_svd_normalised_tr050_tid6_015,6,15,True,300,polygon,273.70849933598936,127.86653386454184,55.77777777777778,4.213622918110876,8.73638549375611,8.152487015691797,88.9045798990061,0.3594489433010751,0.9785575048732943,55.77777777777778,False,mask,360.0,1.0,True,True,13.483593337954805,571.1644444444446,571.1644444444446,27.956433580019553,26.08795845021375
r563_svd_normalised_tr050_tid6_015,6,15,True,301,polygon,311.5333830660201,93.05843590699988,297.8888888888889,9.737606395703109,20.631819457871483,18.618666617351078,-15.113024140570094,0.4308472894089288,0.9595561918396565,297.8888888888889,False,mask,360.0,1.0,True,True,31.16034046624995,3050.382222222223,3050.382222222223,66.02182226518875,59.57973317552345
r563_svd_normalised_tr050_tid6_015,6,15,True,302,polygon,265.86159844054583,2.596491228070175,19.0,2.4592453796829674,5.0133804589771085,4.845492102391944,-88.93906233649594,0.2566216254431179,0.9606741573033708,19.0,False,mask,360.0,1.0,True,True,7.869585214985496,194.56000000000003,194.56000000000003,16.04281746872675,15.50557472765422
r563_svd_normalised_tr050_tid6_015,6,15,True,303,polygon,265.3414179104478,233.41293532338307,59.55555555555556,4.3539777342679775,9.651893898495198,7.925578844308066,27.464755379261213,0.5707234355819685,0.9816849816849816,59.55555555555556,False,mask,360.0,1.0,True,True,13.932728749657528,609.8488888888891,609.8488888888891,30.886060475184635,25.361852301785813
r563_svd_normalised_tr050_tid6_015,6,15,True,304,polygon,304.8892307692308,89.28553846153847,361.1111111111111,10.721251637634477,23.6433207690158,19.632929864408002,86.17102812844803,0.5571981844267317,0.9536384976525821,361.1111111111111,False,mask,360.0,1.0,True,True,34.308005240430326,3697.7777777777783,3697.7777777777783,75.65862646085057,62.825375566105606
r563_svd_normalised_tr050_tid6_015,6,15,True,305,polygon,176.018018018018,107.42342342342342,8.222222222222221,1.6177807699850402,3.326204093565476,3.145537386226644,20.428338552645737,0.3250878598376204,0.961038961038961,8.222222222222221,False,mask,360.0,1.0,True,True,5.176898463952129,84.19555555555556,84.19555555555556,10.643853099409524,10.065719635925262
r563_svd_normalised_tr050_tid6_015,6,15,True,306,polygon,290.2388888888889,103.9574074074074,40.0,3.5682482323055424,7.730650709453317,6.629981562616703,59.820387050080136,0.5142793969617517,0.975609756097561,40.0,False,mask,360.0,1.0,True,True,11.418394343377736,409.6000000000001,409.6000000000001,24.738082270250615,21.21594100037345
r563_svd_normalised_tr050_tid6_015,6,15,True,307,polygon,308.5978835978836,184.45185185185187,35.0,3.3377905890622728,7.564946152714744,5.9370506780799355,-41.766919480032726,0.6197355619298445,0.9722222222222222,35.0,False,mask,360.0,1.0,True,True,10.680929884999273,358.4000000000001,358.4000000000001,24.207827688687182,18.998562169855795
r563_svd_normalised_tr050_tid6_015,6,15,True,308,polygon,160.0169082125604,81.41304347826086,15.333333333333334,2.2092423108729964,4.4693010898773435,4.365316741859716,-61.83534505705522,0.21445602745607206,0.9857142857142858,15.333333333333334,False,mask,360.0,1.0,True,True,7.069575394793588,157.01333333333338,157.01333333333338,14.3017634876075,13.969013573951091
r563_svd_normalised_tr050_tid6_015,6,15,True,309,polygon,276.72773536895676,182.43596268023748,43.666666666666664,3.72820757156736,7.824002519964043,7.182490681319133,40.308775315301034,0.396563705467453,0.9849624060150376,43.666666666666664,False,mask,360.0,1.0,True,True,11.930264229015553,447.1466666666667,447.1466666666667,25.036808063884937,22.983970180221228
r563_svd_normalised_tr050_tid6_015,6,15,True,310,polygon,341.4713876967096,167.38054363376253,51.77777777777778,4.0597264133552216,9.226832381036136,7.200343048909048,61.07878618026827,0.6253180679878817,0.9588477366255144,51.77777777777778,False,mask,360.0,1.0,True,True,12.99112452273671,530.2044444444446,530.2044444444446,29.525863619315636,23.041097756508954
r563_svd_normalised_tr050_tid6_015,6,15,True,311,polygon,226.0228758169935,140.28104575163397,11.333333333333334,1.8993451617376695,3.95275390110279,3.7002448042258256,-23.01768738192243,0.3516855773771969,0.9622641509433962,11.333333333333334,False,mask,360.0,1.0,True,True,6.077904517560543,116.05333333333336,116.05333333333336,12.648812483528928,11.840783373522642
r563_svd_normalised_tr050_tid6_015,6,15,True,312,polygon,362.96590909090907,94.9128787878788,19.555555555555557,2.4949402123397033,5.106519177488006,4.9833653497918915,64.13152615818863,0.21829414532577515,0.9166666666666666,19.555555555555557,False,mask,360.0,1.0,True,True,7.983808679487051,200.24888888888896,200.24888888888896,16.34086136796162,15.946769119334053
r563_svd_normalised_tr050_tid6_015,6,15,True,313,polygon,169.35022742040286,47.088369070825216,57.0,4.259537945889915,9.118001359987312,8.004792441399927,87.57932215856684,0.47882409807012244,0.9679245283018868,57.0,False,mask,360.0,1.0,True,True,13.630521426847729,583.6800000000001,583.6800000000001,29.177604351959403,25.615335812479767
r563_svd_normalised_tr050_tid6_015,6,15,True,314,polygon,254.381065211441,245.4771150208321,100.89987531870047,5.66722399668958,13.399286782106667,9.587802201992915,87.99000395746492,0.6985659123593421,0.9702315325248071,97.77777777777777,True,ellipse,250.0,0.8166666666666667,True,True,18.135116789406656,1033.214723263493,1001.2444444444445,42.877717702741336,30.68096704637733
r563_svd_normalised_tr050_tid6_015,6,15,True,315,polygon,399.63103891416563,34.44825742705812,19.309136741844767,2.4791710547285475,4.958342109457095,4.958342109457095,,0.0,0.9523809523809523,8.88888888888889,True,circle,160.0,0.48055555555555557,True,True,7.933347375131352,197.72556023649045,91.02222222222224,15.866694750262704,15.866694750262704
r563_svd_normalised_tr050_tid6_015,6,15,True,316,polygon,175.2829931972789,70.94149659863946,27.22222222222222,2.94365460902352,6.3802474541550565,5.540765455535294,-72.65346350209946,0.4958208095883427,0.9722222222222222,27.22222222222222,False,mask,360.0,1.0,True,True,9.419694748875264,278.7555555555556,278.7555555555556,20.416791853296182,17.730449457712943
r563_svd_normalised_tr050_tid6_015,6,15,True,317,polygon,283.2613636363636,115.06818181818181,19.555555555555557,2.4949402123397033,5.10460614291927,4.897730287172951,72.83233078285635,0.2818015607009822,0.9832402234636871,19.555555555555557,False,mask,360.0,1.0,True,True,7.983808679487051,200.24888888888896,200.24888888888896,16.334739657341665,15.672736918953445
r563_svd_normalised_tr050_tid6_015,6,15,True,318,polygon,357.10437710437714,63.54040404040404,22.0,2.6462837142006137,5.476721999487633,5.1348077184814,89.36404977493062,0.3477978725622525,0.9705882352941176,22.0,False,mask,360.0,1.0,True,True,8.468107885441965,225.28000000000003,225.28000000000003,17.525510398360424,16.43138469914048
r563_svd_normalised_tr050_tid6_015,6,15,True,319,polygon,198.5,185.0,8.444444444444445,1.639496919788645,3.4956245944728868,3.0612500664548894,80.41049598709465,0.4827872916401435,0.9743589743589743,8.444444444444445,False,mask,360.0,1.0,True,True,5.246390143323665,86.47111111111113,86.47111111111113,11.185998702313238,9.796000212655647
r563_svd_normalised_tr050_tid6_015,6,15,True,320,polygon,254.1072796934866,213.29501915708815,9.666666666666666,1.754136701184748,3.621233220389908,3.4191422428210405,-18.325230816987517,0.32939338772696763,0.9354838709677419,9.666666666666666,False,mask,360.0,1.0,True,True,5.613237443791194,98.98666666666668,98.98666666666668,11.587946305247705,10.94125517702733
r563_svd_normalised_tr050_tid6_015,6,15,True,321,polygon,306.04407713498625,50.8099173553719,13.444444444444445,2.0686951396751065,4.423743814880535,3.900672091366705,45.79579196257775,0.4717018053592886,0.968,13.444444444444445,False,mask,360.0,1.0,True,True,6.619824446960341,137.67111111111114,137.67111111111114,14.155980207617711,12.482150692373457
r563_svd_normalised_tr050_tid6_015,6,15,True,322,polygon,338.8941798941799,42.501763668430335,42.0,3.656366395715726,7.572742806210861,7.087629462613173,40.230723258670366,0.35216071129670695,0.9667519181585678,42.0,False,mask,360.0,1.0,True,True,11.700372466290325,430.0800000000001,430.0800000000001,24.232776979874757,22.680414280362157
r563_svd_normalised_tr050_tid6_015,6,15,True,323,polygon,201.82051282051282,183.50641025641025,5.777777777777778,1.3561429817094064,2.7653111398678765,2.6553006778136643,78.03158340383008,0.27925254834376745,0.9811320754716981,5.777777777777778,False,mask,360.0,1.0,True,True,4.339657541470101,59.164444444444456,59.164444444444456,8.848995647577205,8.496962169003726
r563_svd_normalised_tr050_tid6_015,6,15,True,324,polygon,350.5002820078962,40.69373942470389,65.66666666666667,4.571908703455876,9.62874550774985,8.728041533806541,-37.43660795798403,0.42229862368564663,0.967266775777414,65.66666666666667,False,mask,360.0,1.0,True,True,14.630107851058805,672.4266666666668,672.4266666666668,30.81198562479952,27.929732908180934
r563_svd_normalised_tr050_tid6_015,6,15,True,325,polygon,146.9197080291971,54.87834549878345,15.222222222222221,2.2012232560601217,4.498786079114914,4.333433068142611,-27.454063764067744,0.2686245056941077,0.9716312056737588,15.222222222222221,False,mask,360.0,1.0,True,True,7.04391441939239,155.87555555555556,155.87555555555556,14.396115453167724,13.866985818056357
r563_svd_normalised_tr050_tid6_015,6,15,True,326,polygon,203.79595278246208,5.387858347386172,65.88888888888889,4.579638055894663,9.678339785419366,8.708557790968667,56.93914389695936,0.4363052325936832,0.9657980456026058,65.88888888888889,False,mask,360.0,1.0,True,True,14.654841778862924,674.7022222222223,674.7022222222223,30.970687313341973,27.867384931099735
r563_svd_normalised_tr050_tid6_015,6,15,True,327,polygon,367.74747474747477,78.17361111111111,58.666666666666664,4.321363209619049,10.054985293173308,8.092318747302945,17.996349092673103,0.5935371103022098,0.8275862068965517,58.666666666666664,False,mask,360.0,1.0,True,True,13.828362270780957,600.7466666666668,600.7466666666668,32.17595293815459,25.895419991369426
r563_svd_normalised_tr050_tid6_015,6,15,True,328,polygon,369.59961127308065,28.591836734693874,38.111111111111114,3.4829791041744107,7.506034952388117,6.497215525966678,-58.855236013057244,0.5007380162988526,0.9554317548746518,38.111111111111114,False,mask,360.0,1.0,True,True,11.145533133358114,390.2577777777779,390.2577777777779,24.019311847641976,20.79108968309337
r563_svd_normalised_tr050_tid6_015,6,15,True,329,polygon,333.48532863849766,76.47916666666667,126.22222222222223,6.338594575252522,14.901862530093203,10.854962367257267,89.68139134026696,0.6851203307612047,0.9818496110630942,126.22222222222223,False,mask,360.0,1.0,True,True,20.28350264080807,1292.515555555556,1292.515555555556,47.68596009629825,34.73587957522326
r563_svd_normalised_tr050_tid6_015,6,15,True,330,polygon,256.1611940298507,17.87562189054726,37.22222222222222,3.4421216304865405,6.965832916160312,6.824596027902259,-13.893811791392578,0.20035025732365203,0.9738372093023255,37.22222222222222,False,mask,360.0,1.0,True,True,11.014789217556931,381.1555555555556,381.1555555555556,22.290665331713,21.83870728928723
r563_svd_normalised_tr050_tid6_015,6,15,True,331,polygon,308.0782608695652,118.72753623188406,12.777777777777779,2.016753081099968,4.335543755844534,3.81585616916707,39.0501462481335,0.4747267439280732,0.9426229508196722,12.777777777777779,False,mask,360.0,1.0,True,True,6.453609859519898,130.8444444444445,130.8444444444445,13.87374001870251,12.210739741334624
r563_svd_normalised_tr050_tid6_015,6,15,True,332,polygon,221.57805907172997,149.831223628692,8.777777777777779,1.671542235598925,3.403316595905922,3.2881815417975506,66.87080653873814,0.25790699059405237,0.9404761904761905,8.777777777777779,False,mask,360.0,1.0,True,True,5.34893515391656,89.88444444444447,89.88444444444447,10.890613106898952,10.522180933752162
r563_svd_normalised_tr050_tid6_015,6,15,True,333,polygon,177.71014492753625,151.24927536231885,12.777777777777779,2.016753081099968,4.201505260810172,3.9176545622977534,-70.34753692777531,0.36132300811328427,0.9745762711864406,12.777777777777779,False,mask,360.0,1.0,True,True,6.453609859519898,130.8444444444445,130.8444444444445,13.444816834592551,12.536494599352812
r563_svd_normalised_tr050_tid6_015,6,15,True,334,polygon,206.4060606060606,120.25454545454545,6.111111111111111,1.3947139786473342,3.1180006336547184,2.545977662850112,-5.267690907812763,0.5772863992616833,0.9322033898305084,6.111111111111111,False,mask,360.0,1.0,True,True,4.4630847316714695,62.57777777777778,62.57777777777778,9.977602027695099,8.147128521120358
r563_svd_normalised_tr050_tid6_015,6,15,True,335,polygon,262.36839649101483,249.4075211252596,62.49555255668495,4.460151591741193,8.920303183482385,8.920303183482385,,0.0,0.9965156794425087,31.77777777777778,True,circle,180.0,0.5083333333333333,True,True,14.272485093571817,639.954458180454,325.4044444444445,28.544970187143633,28.544970187143633
r563_svd_normalised_tr050_tid6_015,6,15,True,336,polygon,302.05300043802015,61.70740254051686,84.55555555555556,5.1879542466270925,10.992493819111695,9.813741806499369,-41.35578083860161,0.45051758744328874,0.9731457800511509,84.55555555555556,False,mask,360.0,1.0,True,True,16.601453589206695,865.8488888888891,865.8488888888891,35.175980221157424,31.403973780797983
r563_svd_normalised_tr050_tid6_015,6,15,True,337,polygon,264.90235690235687,125.39057239057239,11.0,1.8712051592547776,3.7999603462280747,3.6905561303923453,69.48339025115803,0.23822857118948534,0.9705882352941176,11.0,False,mask,360.0,1.0,True,True,5.9878565096152885,112.64000000000001,112.64000000000001,12.15987310792984,11.809779617255506
r563_svd_normalised_tr050_tid6_015,6,15,True,338,polygon,215.90432839292703,247.6687837160713,16.285009911914713,2.2767695648799147,4.553539129759829,4.553539129759829,,0.0,0.9722222222222222,15.555555555555555,True,circle,260.0,0.7972222222222223,True,True,7.285662607615727,166.7585014980067,159.28888888888892,14.571325215231454,14.571325215231454
r563_svd_normalised_tr050_tid6_015,6,15,True,339,polygon,-7.210088816715364,198.65482259137355,221.31399195094096,8.393237253216686,16.786474506433372,16.786474506433372,,0.0,0.9363636363636364,11.444444444444445,True,circle,80.0,0.20277777777777778,False,True,26.858359210293397,2266.2552775776358,117.19111111111114,53.716718420586794,53.716718420586794
r563_svd_normalised_tr050_tid6_015,6,15,True,340,polygon,147.18333333333334,114.27999999999999,11.11111111111111,1.8806319451591877,4.0060058768650215,3.5514887681194303,71.25457576980818,0.46264988620908803,0.9615384615384616,11.11111111111111,False,mask,360.0,1.0,True,True,6.0180222245094015,113.7777777777778,113.7777777777778,12.81921880596807,11.364764057982178
r563_svd_normalised_tr050_tid6_015,6,15,True,341,polygon,352.4193753983429,89.23454429572978,58.111111111111114,4.300853538984023,9.282558789574516,8.025090468781578,-20.806568696391967,0.5025738189410466,0.9613970588235294,58.111111111111114,False,mask,360.0,1.0,True,True,13.762731324748874,595.0577777777779,595.0577777777779,29.704188126638453,25.68028950010105
r563_svd_normalised_tr050_tid6_015,6,15,True,342,polygon,220.90353460972017,78.01251840942562,150.88888888888889,6.9303264748943,14.975307320059146,12.930481385377684,-61.33271333803971,0.5044284575199687,0.9734767025089606,150.88888888888889,False,mask,360.0,1.0,True,True,22.17704471966176,1545.1022222222225,1545.1022222222225,47.920983424189274,41.377540433208594
r563_svd_normalised_tr050_tid6_015,6,15,True,343,polygon,399.2488738955143,81.33285705856285,35.00641256197204,3.33809634347245,6.6761926869449,6.6761926869449,,0.0,0.9447513812154696,19.0,True,circle,180.0,0.525,True,True,10.681908299111841,358.4656646345938,194.56000000000003,21.363816598223682,21.363816598223682
r563_svd_normalised_tr050_tid6_015,6,15,True,344,polygon,174.82261904761904,88.56785714285714,62.22222222222222,4.450387452083031,9.68327311944154,8.298401857886928,-64.83096827554758,0.515344436379458,0.9605488850771869,62.22222222222222,False,mask,360.0,1.0,True,True,14.2412398466657,637.1555555555557,637.1555555555557,30.986473982212928,26.55488594523817
r563_svd_normalised_tr050_tid6_015,6,15,True,345,polygon,262.5891927083333,239.80533854166666,56.888888888888886,4.255384324281948,8.7648906228572,8.359255073620075,8.202823226386924,0.30069482968219025,0.9846153846153847,56.888888888888886,False,mask,360.0,1.0,True,True,13.617229837702235,582.5422222222223,582.5422222222223,28.04764999314304,26.74961623558424
r563_svd_normalised_tr050_tid6_015,6,15,True,346,polygon,331.3648915187377,4.110453648915187,18.77777777777778,2.444821528706944,5.069515607273035,4.74997362589363,42.79280169059521,0.34941532324687913,1.0,18.77777777777778,False,mask,360.0,1.0,True,True,7.823428891862221,192.2844444444445,192.2844444444445,16.222449943273713,15.199915602859617
r563_svd_normalised_tr050_tid6_015,6,15,True,347,polygon,302.14935064935065,87.26190476190476,17.11111111111111,2.333802868765049,4.751698705831594,4.638925891771746,67.18740654183188,0.21657112538580944,0.9625,17.11111111111111,False,mask,360.0,1.0,True,True,7.468169180048157,175.2177777777778,175.2177777777778,15.205435858661103,14.844562853669586
r563_svd_normalised_tr050_tid6_015,6,15,True,348,polygon,343.58637024072516,-0.7707808005617417,12.107217206434775,1.9631217310657751,3.9262434621315503,3.9262434621315503,,0.0,0.9166666666666666,4.888888888888889,True,circle,150.0,0.4583333333333333,True,True,6.281989539410481,123.97790419389213,50.06222222222224,12.563979078820962,12.563979078820962
r563_svd_normalised_tr050_tid6_015,6,15,True,349,polygon,387.2618724559023,17.2277250113071,163.77777777777777,7.220255245064305,15.845501879432666,13.353248402765558,28.559150936277057,0.5383593224868576,0.9534282018111255,163.77777777777777,False,mask,360.0,1.0,True,True,23.104816784205777,1677.0844444444447,1677.0844444444447,50.70560601418453,42.73039488884979
r563_svd_normalised_tr050_tid6_015,6,15,True,350,polygon,69.38653637350706,84.3729641693811,68.22222222222223,4.660022295092679,10.280477280987874,8.600450719207677,-67.53464097532898,0.5478434384604929,0.9746031746031746,68.22222222222223,False,mask,360.0,1.0,True,True,14.912071344296573,698.5955555555557,698.5955555555557,32.8975272991612,27.521442301464567
r563_svd_normalised_tr050_tid6_015,6,15,True,351,polygon,248.46738110562725,249.75115279633954,55.877048024119766,4.217370839378933,8.434741678757867,8.434741678757867,,0.0,0.9747899159663865,25.77777777777778,True,circle,170.0,0.48055555555555557,True,True,13.495586686012587,572.1809717669865,263.9644444444445,26.991173372025173,26.991173372025173
r563_svd_normalised_tr050_tid6_015,6,15,True,352,polygon,314.0715532286213,133.55671902268762,21.22222222222222,2.5990850582700578,5.4127980652145835,5.004406515187076,-78.0654685142368,0.38105893136527225,0.9794871794871794,21.22222222222222,False,mask,360.0,1.0,True,True,8.317072186464186,217.3155555555556,217.3155555555556,17.320953808686667,16.01410084859864
r563_svd_normalised_tr050_tid6_015,6,15,True,353,polygon,314.84151785714283,91.83556547619048,49.77777777777778,3.9805475476278978,8.14362879508702,7.805523063292667,-10.165579124731824,0.2851524411653611,0.9846153846153847,49.77777777777778,False,mask,360.0,1.0,True,True,12.737752152409273,509.72444444444454,509.72444444444454,26.059612144278464,24.977673802536536
r563_svd_normalised_tr050_tid6_015,6,15,True,354,polygon,307.36942675159236,109.62632696390658,17.444444444444443,2.356425073209537,4.858006646219465,4.593807563496983,-81.30847597449224,0.3252858233754815,0.9874213836477987,17.444444444444443,False,mask,360.0,1.0,True,True,7.540560234270519,178.63111111111112,178.63111111111112,15.54562126790229,14.700184203190346
r563_svd_normalised_tr050_tid6_015,6,15,True,355,polygon,183.7288676236045,91.78548644338117,46.44444444444444,3.8449610953793147,8.835051517492873,6.79428520205337,-41.82890199247547,0.639230997067847,0.960919540229885,46.44444444444444,False,mask,360.0,1.0,True,True,12.303875505213808,475.59111111111116,475.59111111111116,28.272164855977195,21.741712646570786
r563_svd_normalised_tr050_tid6_015,6,15,True,356,polygon,263.4166666666667,95.20202020202021,14.666666666666666,2.1606816048095245,4.512491407669509,4.220111672484052,-28.226406418706816,0.3541025927042565,0.9777777777777777,14.666666666666666,False,mask,360.0,1.0,True,True,6.9141811353904785,150.1866666666667,150.1866666666667,14.439972504542428,13.504357351948967
r563_svd_normalised_tr050_tid6_015,6,15,True,357,polygon,264.3348982785603,232.41001564945228,47.333333333333336,3.8815805989355368,7.981203042611642,7.592497979902762,1.1275690722639111,0.3082745380622194,0.9659863945578231,47.333333333333336,False,mask,360.0,1.0,True,True,12.421057916593718,484.69333333333344,484.69333333333344,25.539849736357255,24.29599353568884
r563_svd_normalised_tr050_tid6_015,6,15,True,358,polygon,68.77483443708608,83.85706401766005,134.22222222222223,6.536379753264877,14.087087227382765,12.405617015868318,89.40353159607768,0.47379069893043696,0.9789303079416531,134.22222222222223,False,mask,360.0,1.0,True,True,20.91641521044761,1374.435555555556,1374.435555555556,45.07867912762485,39.69797445077862
r563_svd_normalised_tr050_tid7_015,7,15,True,0,polygon,311.4806053669083,220.18173725041333,291.22222222222223,9.628027441264704,19.674238074130496,18.856537111289516,14.041947213008457,0.2853009418789211,0.9827521559805025,291.22222222222223,False,mask,360.0,1.0,True,True,30.809687812047056,2982.115555555556,2982.115555555556,62.95756183721759,60.340918756126456
r563_svd_normalised_tr050_tid7_015,7,15,True,1,polygon,315.87493202827625,196.7253942359978,68.11111111111111,4.656225942287305,9.55861283207108,9.090153557681711,-53.99864522720295,0.3092189520358894,0.9808,68.11111111111111,False,mask,360.0,1.0,True,True,14.899923015319377,697.4577777777779,697.4577777777779,30.587561062627458,29.088491384581477
r563_svd_normalised_tr050_tid7_015,7,15,True,2,polygon,258.4273224043716,79.68518161362906,576.1111111111111,13.541855936576601,28.699181189862973,25.582992026481218,77.07498825791396,0.4531802906418737,0.9863039756515123,576.1111111111111,False,mask,360.0,1.0,True,True,43.333938997045124,5899.377777777779,5899.377777777779,91.83737980756152,81.86557448473991
r563_svd_normalised_tr050_tid7_015,7,15,True,3,polygon,190.40407673860912,142.39388489208633,61.77777777777778,4.434464726788562,9.138360365853226,8.637651647179124,-60.60349939869333,0.3264686355891273,0.9771528998242531,61.77777777777778,False,mask,360.0,1.0,True,True,14.1902871257234,632.6044444444445,632.6044444444445,29.242753170730325,27.6404852709732
r563_svd_normalised_tr050_tid7_015,7,15,True,4,polygon,182.8614619211634,206.929582854956,96.77777777777777,5.55025435719523,11.289447016191431,10.934762517718758,82.73396082048804,0.24869187451026903,0.9710144927536232,96.77777777777777,False,mask,360.0,1.0,True,True,17.760813943024736,991.0044444444445,991.0044444444445,36.12623045181258,34.99124005670003
r563_svd_normalised_tr050_tid7_015,7,15,True,5,polygon,252.56881463802702,206.56085918854413,46.55555555555556,3.849557583685693,7.772139751530292,7.64602720090856,56.16445633864198,0.17941342031512084,0.9654377880184332,46.55555555555556,False,mask,360.0,1.0,True,True,12.318584267794218,476.728888888889,476.728888888889,24.870847204896936,24.467287042907394
r563_svd_normalised_tr050_tid7_015,7,15,True,6,polygon,205.49477035015914,203.24192814915872,81.44444444444444,5.0916178019774,10.640025380518077,9.759887822414276,44.7569236655084,0.39824173643259586,0.9812583668005355,81.44444444444444,False,mask,360.0,1.0,True,True,16.29317696632768,833.9911111111113,833.9911111111113,34.048081217657845,31.231641031725687
r563_svd_normalised_tr050_tid7_015,7,15,True,7,polygon,283.13963963963965,178.45157657657657,65.77777777777777,4.575775011718465,9.387540893817349,8.94925335551273,-21.27755875441769,0.3019878188933419,0.9704918032786886,65.77777777777777,False,mask,360.0,1.0,True,True,14.642480037499087,673.5644444444445,673.5644444444445,30.040130860215516,28.637610737640735
r563_svd_normalised_tr050_tid7_015,7,15,True,8,polygon,225.59007232084153,237.05029585798817,112.66666666666667,5.988565257503149,12.18162769094883,11.811824116977121,2.9277781070342392,0.24452687410617674,0.9694072657743786,112.66666666666667,False,mask,360.0,1.0,True,True,19.163408824010077,1153.706666666667,1153.706666666667,38.98120861103626,37.79783717432679
r563_svd_normalised_tr050_tid7_015,7,15,True,9,polygon,231.49881796690306,221.77541371158392,47.0,3.8678889139475245,7.8374957331708615,7.667668768169111,80.83790159512944,0.20704473724140243,0.9724137931034482,47.0,False,mask,360.0,1.0,True,True,12.37724452463208,481.2800000000001,481.2800000000001,25.079986346146757,24.536540058141156
r563_svd_normalised_tr050_tid7_015,7,15,True,10,polygon,283.02064631956915,234.93087971274687,123.77777777777777,6.2769172653880805,13.002043147079048,12.138367818934753,-89.78653025320699,0.35838501326764277,0.9849690539345711,123.77777777777777,False,mask,360.0,1.0,True,True,20.08613524924186,1267.4844444444445,1267.4844444444445,41.60653807065296,38.842777020591214
r563_svd_normalised_tr050_tid7_015,7,15,True,11,polygon,330.2973222530009,188.20821791320407,80.22222222222223,5.053268885084814,10.713338170460064,9.55592735869237,52.2585786295662,0.45210359421843177,0.9704301075268817,80.22222222222223,False,mask,360.0,1.0,True,True,16.17046043227141,821.4755555555557,821.4755555555557,34.28268214547221,30.578967547815587
r563_svd_normalised_tr050_tid7_015,7,15,True,12,polygon,320.57327586206895,154.9102011494253,51.55555555555556,4.051005186497665,8.249267450020456,7.978838175746099,83.74886792103206,0.2539483410634635,0.9547325102880658,51.55555555555556,False,mask,360.0,1.0,True,True,12.96321659679253,527.928888888889,527.928888888889,26.39765584006546,25.532282162387517
r563_svd_normalised_tr050_tid7_015,7,15,True,13,polygon,289.3125226203402,211.01221498371333,409.3333333333333,11.41467681297044,23.141432053688188,22.536148829234232,38.5624772444801,0.22721690279807225,0.9881974248927039,409.3333333333333,False,mask,360.0,1.0,True,True,36.526965801505405,4191.573333333334,4191.573333333334,74.0525825718022,72.11567625354955
r563_svd_normalised_tr050_tid7_015,7,15,True,14,polygon,245.8705772811918,117.59404096834265,39.77777777777778,3.5583226268971964,7.2249825825316805,7.039195448059163,-68.01077111313099,0.225317222497688,0.9675675675675676,39.77777777777778,False,mask,360.0,1.0,True,True,11.38663240607103,407.3244444444445,407.3244444444445,23.119944264101377,22.525425433789323
r563_svd_normalised_tr050_tid7_015,7,15,True,15,polygon,200.26242424242423,153.64030303030304,122.22222222222223,6.237350530849259,12.765401678717467,12.21898755232079,47.86071008786363,0.2894415284615204,0.9777777777777777,122.22222222222223,False,mask,360.0,1.0,True,True,19.95952169871763,1251.5555555555559,1251.5555555555559,40.849285371895895,39.10076016742653
r563_svd_normalised_tr050_tid7_015,7,15,True,16,polygon,289.9934913764837,216.10454783920258,2259.1111111111113,26.8159915098121,54.67412772821357,52.639667364986956,39.44702303756903,0.27025300418854986,0.9901626570565891,2259.1111111111113,False,mask,360.0,1.0,True,True,85.81117283139872,23133.297777777785,23133.297777777785,174.95720873028344,168.44693556795826
r563_svd_normalised_tr050_tid7_015,7,15,True,17,polygon,191.64164546225615,130.53350296861746,87.33333333333333,5.272481711052622,10.712869035207538,10.395667582100641,-55.990156274739036,0.24154099527320352,0.9776119402985075,87.33333333333333,False,mask,360.0,1.0,True,True,16.87194147536839,894.2933333333334,894.2933333333334,34.28118091266412,33.26613626272205
r563_svd_normalised_tr050_tid7_015,7,15,True,18,polygon,354.22111312764673,117.96339987900787,367.3333333333333,10.813224843905068,22.15619437672905,21.115814845402035,88.22920368696688,0.30283374237188704,0.9851013110846245,367.3333333333333,False,mask,360.0,1.0,True,True,34.60231950049622,3761.493333333334,3761.493333333334,70.89982200553297,67.57060750528652
r563_svd_normalised_tr050_tid7_015,7,15,True,19,polygon,208.3506119510439,168.32901367890568,51.44444444444444,4.046637524649255,8.215565824052854,7.998155108733507,69.40368977373403,0.2285305894105268,0.9809322033898306,51.44444444444444,False,mask,360.0,1.0,True,True,12.949240078877617,526.7911111111111,526.7911111111111,26.289810636969136,25.594096347947225
r563_svd_normalised_tr050_tid7_015,7,15,True,20,polygon,286.7093732667776,99.6293677204659,267.1111111111111,9.220851770644815,18.606133137435936,18.31755905820711,31.82258172650612,0.1754385769735353,0.9828291087489779,267.1111111111111,False,mask,360.0,1.0,True,True,29.50672566606341,2735.217777777778,2735.217777777778,59.539626039794996,58.616188986262756
r563_svd_normalised_tr050_tid7_015,7,15,True,21,polygon,295.4389834881321,195.64860681114553,287.1111111111111,9.559827671034633,19.31131469391211,18.938108587557313,-14.715361250055107,0.19564780284387132,0.9866361206567392,287.1111111111111,False,mask,360.0,1.0,True,True,30.591448547310826,2940.017777777778,2940.017777777778,61.79620702051875,60.601947480183405
r563_svd_normalised_tr050_tid7_015,7,15,True,22,polygon,218.81735159817353,107.8420091324201,81.11111111111111,5.081187710173536,10.362290135062745,9.986428956454665,66.31280304603152,0.2668864505955651,0.9798657718120806,81.11111111111111,False,mask,360.0,1.0,True,True,16.259800672555315,830.577777777778,830.577777777778,33.15932843220079,31.956572660654928
r563_svd_normalised_tr050_tid7_015,7,15,True,23,polygon,258.4493017607772,107.37097753491196,61.0,4.406461512053774,9.225909792048828,8.434320003623805,88.09501769496238,0.40526496692185976,0.9716814159292035,61.0,False,mask,360.0,1.0,True,True,14.100676838572078,624.6400000000001,624.6400000000001,29.52291133455625,26.989824011596177
r563_svd_normalised_tr050_tid7_015,7,15,True,24,polygon,157.14478114478115,54.05274971941639,33.0,3.2410224072142872,7.040437030824538,5.994694825431336,65.02614107110361,0.5244093348780895,0.9705882352941176,33.0,False,mask,360.0,1.0,True,True,10.37127170308572,337.9200000000001,337.9200000000001,22.529398498638525,19.183023441380275
r563_svd_normalised_tr050_tid7_015,7,15,True,25,polygon,362.33491895701195,99.31439393939394,420.44444444444446,11.568561849154726,23.343289741315584,22.94745371241646,60.854197480716756,0.18337607711909634,0.9856733524355301,420.44444444444446,False,mask,360.0,1.0,True,True,37.01939791729512,4305.351111111112,4305.351111111112,74.69852717220986,73.43185187973268
r563_svd_normalised_tr050_tid7_015,7,15,True,26,polygon,313.11143224149004,172.9402697495183,115.33333333333333,6.059021390169416,12.482405814583878,11.774651384505288,30.63723814510453,0.33194188552133597,0.9728209934395501,115.33333333333333,False,mask,360.0,1.0,True,True,19.388868448542134,1181.0133333333335,1181.0133333333335,39.94369860666841,37.67888443041692
r563_svd_normalised_tr050_tid7_015,7,15,True,27,polygon,227.32016713970356,67.45056764427626,469.77777777777777,12.22844679328158,26.26127098574355,22.80940784715273,63.18685687175099,0.49558947662456,0.9894687573133629,469.77777777777777,False,mask,360.0,1.0,True,True,39.13102973850106,4810.524444444445,4810.524444444445,84.03606715437937,72.99010511088873
r563_svd_normalised_tr050_tid7_015,7,15,True,28,polygon,324.88417746368276,226.43502159403218,94.33333333333333,5.479710995725132,11.343702524287062,10.601878233335649,41.13586440647938,0.35568801774226083,0.9736238532110092,94.33333333333333,False,mask,360.0,1.0,True,True,17.535075186320423,965.9733333333335,965.9733333333335,36.2998480777186,33.926010346674076
r563_svd_normalised_tr050_tid7_015,7,15,True,29,polygon,348.582448690729,156.94409058740268,52.333333333333336,4.081447951028129,8.536203080275268,7.833498664958804,-38.35272914753199,0.3973214263703697,0.9751552795031055,52.333333333333336,False,mask,360.0,1.0,True,True,13.060633443290014,535.8933333333334,535.8933333333334,27.31584985688086,25.067195727868175
r563_svd_normalised_tr050_tid7_015,7,15,True,30,polygon,269.1545157780196,173.7297787450127,102.11111111111111,5.701138145658127,11.907723996086284,10.937352952582765,-74.36799995354885,0.39539981980096345,0.9797441364605544,102.11111111111111,False,mask,360.0,1.0,True,True,18.243642066106005,1045.617777777778,1045.617777777778,38.104716787476114,34.99952944826485
r563_svd_normalised_tr050_tid7_015,7,15,True,31,polygon,285.2491967871486,174.62831325301204,368.8888888888889,10.836096171439568,21.969105712709947,21.38922558839477,22.8173602876638,0.22824065910041777,0.985455624814485,368.8888888888889,False,mask,360.0,1.0,True,True,34.67550774860662,3777.4222222222234,3777.4222222222234,70.30113828067184,68.44552188286326
r563_svd_normalised_tr050_tid7_015,7,15,True,32,polygon,171.34732767604586,198.83623641506622,248.77777777777777,8.898787902265163,17.858838797347925,17.74260579890328,-73.05744670061324,0.11390566237812519,0.981587023235423,248.77777777777777,False,mask,360.0,1.0,True,True,28.47612128724852,2547.4844444444448,2547.4844444444448,57.148284151513366,56.7763385564905
r563_svd_normalised_tr050_tid7_015,7,15,True,33,polygon,273.60116253074,64.24904985468366,165.66666666666666,7.261772360182785,14.952595989664474,14.131919312622294,86.74761229279187,0.3267385383136964,0.9848084544253632,165.66666666666666,False,mask,360.0,1.0,True,True,23.237671552584914,1696.426666666667,1696.426666666667,47.84830716692632,45.22214180039134
r563_svd_normalised_tr050_tid7_015,7,15,True,34,polygon,233.32138242894055,158.92764857881136,114.66666666666667,6.041484388438104,12.422933322817173,11.76872383942112,37.190035682538635,0.3202337293117452,0.98005698005698,114.66666666666667,False,mask,360.0,1.0,True,True,19.332750043001937,1174.186666666667,1174.186666666667,39.753386633014955,37.659916286147585
r563_svd_normalised_tr050_tid7_015,7,15,True,35,polygon,324.58643183300717,17.624918460534897,56.77777777777778,4.251226644418409,8.685583654160787,8.33882937762282,-45.12508819510717,0.27973575431028136,0.9678030303030303,56.77777777777778,False,mask,360.0,1.0,True,True,13.60392526213891,581.4044444444446,581.4044444444446,27.79386769331452,26.684254008393026
r563_svd_normalised_tr050_tid7_015,7,15,True,36,polygon,332.41399286987524,143.8716577540107,83.11111111111111,5.143451012538776,10.543509444511326,10.054561973892298,-43.36367142561801,0.30099493691460044,0.9829172141918529,83.11111111111111,False,mask,360.0,1.0,True,True,16.459043240124085,851.057777777778,851.057777777778,33.73923022243624,32.17459831645535
r563_svd_normalised_tr050_tid7_015,7,15,True,37,polygon,304.0988643954576,160.73346693386773,55.44444444444444,4.201013544447889,9.030797045176667,7.864021879566786,4.600274817064993,0.49163667960208235,0.9822834645669292,55.44444444444444,False,mask,360.0,1.0,True,True,13.443243342233245,567.7511111111112,567.7511111111112,28.89855054456534,25.164870014613715
r563_svd_normalised_tr050_tid7_015,7,15,True,38,polygon,272.79397751095865,90.5875738517248,194.33333333333334,7.8649997593801615,16.012682333786884,15.484746405419115,-80.46873037960687,0.2546619570915337,0.9765494137353434,194.33333333333334,False,mask,360.0,1.0,True,True,25.16799923001652,1989.9733333333338,1989.9733333333338,51.24058346811803,49.55118849734117
r563_svd_normalised_tr050_tid7_015,7,15,True,39,polygon,118.50465408805032,86.8193710691824,147.22222222222223,6.84560361102513,14.396118680906033,13.046433739342232,-40.86162888190348,0.422749433379858,0.9836674090571641,147.22222222222223,False,mask,360.0,1.0,True,True,21.905931555280418,1507.5555555555559,1507.5555555555559,46.06757977889931,41.74858796589515
r563_svd_normalised_tr050_tid7_015,7,15,True,40,polygon,343.8318756073858,164.14334305150632,76.22222222222223,4.925676286585545,10.16993110848467,9.584776586192987,-3.4276441131155067,0.33431246967186984,0.9758179231863442,76.22222222222223,False,mask,360.0,1.0,True,True,15.762164117073745,780.5155555555558,780.5155555555558,32.54377954715095,30.67128507581756
r563_svd_normalised_tr050_tid7_015,7,15,True,41,polygon,299.704071089068,116.79045257284564,179.22222222222223,7.553026225107496,15.156379596812327,15.071831069963936,2.791149045448878,0.1054784571829533,0.9823386114494519,179.22222222222223,False,mask,360.0,1.0,True,True,24.16968392034399,1835.235555555556,1835.235555555556,48.50041470979945,48.2298594238846
r563_svd_normalised_tr050_tid7_015,7,15,True,42,polygon,106.9922456250655,87.11516294666247,706.8888888888889,15.00032405539322,37.11209425995137,24.27782869501114,-86.75030365240764,0.7563426525264841,0.9886557886557886,706.8888888888889,False,mask,360.0,1.0,True,True,48.00103697725831,7238.542222222224,7238.542222222224,118.75870163184439,77.68905182403566
r563_svd_normalised_tr050_tid7_015,7,15,True,43,polygon,229.96929824561403,187.40095029239765,506.6666666666667,12.699488532999558,25.52842573195734,25.281131535310394,85.02356582129356,0.1388531171587964,0.9867993940705475,506.6666666666667,False,mask,360.0,1.0,True,True,40.63836330559859,5188.266666666668,5188.266666666668,81.6909623422635,80.89962091299327
r563_svd_normalised_tr050_tid7_015,7,15,True,44,polygon,298.28585707146425,97.90354822588705,148.22222222222223,6.868813484544772,13.92021484899068,13.614785382509519,69.10128407931555,0.20833012318010427,0.9823269513991163,148.22222222222223,False,mask,360.0,1.0,True,True,21.98020315054327,1517.795555555556,1517.795555555556,44.54468751677018,43.567313224030464
r563_svd_normalised_tr050_tid7_015,7,15,True,45,polygon,328.7087503207596,107.39209648447525,144.33333333333334,6.778106439549357,14.03990314237541,13.122668466239924,-30.0381529223085,0.3555179744273129,0.9811178247734139,144.33333333333334,False,mask,360.0,1.0,True,True,21.689940606557943,1477.9733333333338,1477.9733333333338,44.92769005560132,41.99253909196776
r563_svd_normalised_tr050_tid7_015,7,15,True,46,polygon,263.57932816537465,167.61343669250647,71.66666666666667,4.77621277895346,10.194664837756397,8.981594505891179,-34.814649626624536,0.4730989514924331,0.9802431610942249,71.66666666666667,False,mask,360.0,1.0,True,True,15.283880892651073,733.8666666666669,733.8666666666669,32.62292748082047,28.741102418851774
r563_svd_normalised_tr050_tid7_015,7,15,True,47,polygon,255.77535959974986,197.46001667708984,1776.6666666666667,23.780886536317386,47.85961726863311,47.285212356018626,81.39332986662421,0.15446583908083178,0.9905835708090696,1776.6666666666667,False,mask,360.0,1.0,True,True,76.09883691621563,18193.06666666667,18193.06666666667,153.15077525962596,151.31267953925962
r563_svd_normalised_tr050_tid7_015,7,15,True,48,polygon,302.89212883552506,144.49857061177815,194.33333333333334,7.8649997593801615,16.751860000146497,14.823729024152398,37.466289895392215,0.4657801339605691,0.9727474972191323,194.33333333333334,False,mask,360.0,1.0,True,True,25.16799923001652,1989.9733333333338,1989.9733333333338,53.60595200046879,47.43593287728768
r563_svd_normalised_tr050_tid7_015,7,15,True,49,polygon,274.1505645222399,198.49367280442524,488.77777777777777,12.47328340147896,25.355028833712705,24.564266583025784,72.43428389949213,0.24779530819534143,0.9885393258426967,488.77777777777777,False,mask,360.0,1.0,True,True,39.914506884732674,5005.084444444446,5005.084444444446,81.13609226788066,78.60565306568252
r563_svd_normalised_tr050_tid7_015,7,15,True,50,polygon,266.6683329167708,145.96500874781304,444.55555555555554,11.895647451537085,23.940903988182495,23.653134289711716,35.12887749618577,0.154581765694059,0.9857107661985711,444.55555555555554,False,mask,360.0,1.0,True,True,38.066071844918675,4552.248888888889,4552.248888888889,76.61089276218398,75.69002972707749
r563_svd_normalised_tr050_tid7_015,7,15,True,51,polygon,193.63116883116882,111.387012987013,42.77777777777778,3.6900663375662957,7.454482225597165,7.329608398971865,-36.61308455264217,0.18227014315787973,0.9625,42.77777777777778,False,mask,360.0,1.0,True,True,11.808212280212146,438.04444444444454,438.04444444444454,23.85434312191093,23.45474687670997
r563_svd_normalised_tr050_tid7_015,7,15,True,52,polygon,287.995752123938,152.05072463768116,148.22222222222223,6.868813484544772,13.963458884344218,13.52555775592566,78.98119809555979,0.24847037971251998,0.9794419970631424,148.22222222222223,False,mask,360.0,1.0,True,True,21.98020315054327,1517.795555555556,1517.795555555556,44.6830684299015,43.281784818962116
r563_svd_normalised_tr050_tid7_015,7,15,True,53,polygon,364.0300653594771,44.736601307189545,56.666666666666664,4.247064894380761,8.579746892866185,8.432935366233632,-72.38633591032996,0.18420100555991126,0.9622641509433962,56.666666666666664,False,mask,360.0,1.0,True,True,13.590607662018437,580.2666666666668,580.2666666666668,27.45519005717179,26.985393171947624
r563_svd_normalised_tr050_tid7_015,7,15,True,54,polygon,115.26955475330927,76.73967107902126,92.33333333333333,5.421310987602846,11.657703187462864,10.096155510372528,-89.51582100522107,0.49995714829749976,0.9742086752637749,92.33333333333333,False,mask,360.0,1.0,True,True,17.34819516032911,945.4933333333335,945.4933333333335,37.304650199881166,32.30769763319209
r563_svd_normalised_tr050_tid7_015,7,15,True,55,polygon,334.4756877799104,153.1289187460013,115.77777777777777,6.070684579769949,12.201862635350032,12.118742052888804,36.556717831348976,0.11652398851441777,0.9756554307116105,115.77777777777777,False,mask,360.0,1.0,True,True,19.426190655263838,1185.5644444444447,1185.5644444444447,39.04596043312011,38.779974569244175
r563_svd_normalised_tr050_tid7_015,7,15,True,56,polygon,96.04799616030716,87.12479001679866,154.33333333333334,7.0089817925072655,14.30894711860109,13.749490428522906,84.3379859638865,0.2768900175460696,0.9830148619957537,154.33333333333334,False,mask,360.0,1.0,True,True,22.42874173602325,1580.3733333333337,1580.3733333333337,45.78863077952349,43.9983693712733
r563_svd_normalised_tr050_tid7_015,7,15,True,57,polygon,184.20431059935046,189.40507824033068,125.44444444444444,6.319035277121023,13.005175762649486,12.299289708781851,-39.61727336322848,0.32497478022750664,0.9774891774891775,125.44444444444444,False,mask,360.0,1.0,True,True,20.220912886787275,1284.5511111111114,1284.5511111111114,41.61656244047836,39.35772706810192
r563_svd_normalised_tr050_tid7_015,7,15,True,58,polygon,221.9858585858586,144.65656565656568,18.333333333333332,2.4157154730437167,5.05528102113209,4.699334642461896,-28.85556069427487,0.36859723061215033,0.9649122807017544,18.333333333333332,False,mask,360.0,1.0,True,True,7.730289513739894,187.73333333333335,187.73333333333335,16.176899267622687,15.037870855878067
r563_svd_normalised_tr050_tid7_015,7,15,True,59,polygon,71.44285714285714,58.87838827838828,101.11111111111111,5.673153115304961,11.446156093033254,11.271548038037393,39.57631408650483,0.17400218132939607,0.9711846318036286,101.11111111111111,False,mask,360.0,1.0,True,True,18.154089968975878,1035.377777777778,1035.377777777778,36.627699497706416,36.06895372171966
r563_svd_normalised_tr050_tid7_015,7,15,True,60,polygon,320.1485438429883,181.77211934156378,936.0,17.26088217525478,35.4147918095278,33.66408512124676,55.935835792280756,0.3105236172112004,0.9900105770360794,936.0,False,mask,360.0,1.0,True,True,55.23482296081529,9584.640000000001,9584.640000000001,113.32733379048896,107.72507238798963
r563_svd_normalised_tr050_tid7_015,7,15,True,61,polygon,65.90214961306965,82.43508168529665,646.1111111111111,14.340974661432893,30.733263954403963,26.780753429235943,-82.45902475102815,0.49058547284268267,0.9870989645221524,646.1111111111111,False,mask,360.0,1.0,True,True,45.89111891658526,6616.177777777779,6616.177777777779,98.34644465409269,85.69841097355503
r563_svd_normalised_tr050_tid7_015,7,15,True,62,polygon,298.37547207314645,62.59511031604055,186.33333333333334,7.701411696928017,16.309704452895758,14.583806731366337,-65.61112581243889,0.44770822364248125,0.9830011723329426,186.33333333333334,False,mask,360.0,1.0,True,True,24.644517430169657,1908.0533333333337,1908.0533333333337,52.19105424926643,46.66818154037228
r563_svd_normalised_tr050_tid7_015,7,15,True,63,polygon,384.39578947368426,79.19578947368421,211.11111111111111,8.197484598943225,16.59772341441489,16.208461210859184,-33.462503138321985,0.21530318653820799,0.9849663037843442,211.11111111111111,False,mask,360.0,1.0,True,True,26.23195071661832,2161.7777777777783,2161.7777777777783,53.11271492612765,51.86707587474939
r563_svd_normalised_tr050_tid7_015,7,15,True,64,polygon,178.35746031746032,141.74984126984126,175.0,7.463526651802308,15.15131612355451,14.722041283147904,-34.25186820308791,0.23635205110369073,0.9806973848069739,175.0,False,mask,360.0,1.0,True,True,23.883285285767386,1792.0000000000005,1792.0000000000005,48.48421159537443,47.11053210607329
r563_svd_normalised_tr050_tid7_015,7,15,True,65,polygon,300.3650416171225,135.7304795877923,93.44444444444444,5.453832640961644,11.282817043839271,10.564391235587333,83.63017582553027,0.35113279318478463,0.9756380510440835,93.44444444444444,False,mask,360.0,1.0,True,True,17.452264451077262,956.8711111111113,956.8711111111113,36.10501454028567,33.80605195387947
r563_svd_normalised_tr050_tid7_015,7,15,True,66,polygon,210.56338028169014,125.21361502347418,31.555555555555557,3.169297287626261,6.549039933499279,6.147092763978585,-47.01756004248235,0.34493921862312826,0.9793103448275862,31.555555555555557,False,mask,360.0,1.0,True,True,10.141751320404035,323.128888888889,323.128888888889,20.956927787197696,19.670696844731474
r563_svd_normalised_tr050_tid7_015,7,15,True,67,polygon,291.6440251572327,135.83396226415093,29.444444444444443,3.0614470042540436,6.233824297840404,6.037964247254352,34.40780596233225,0.2486980072779491,0.9851301115241635,29.444444444444443,False,mask,360.0,1.0,True,True,9.79663041361294,301.5111111111112,301.5111111111112,19.948237753089295,19.32148559121393
r563_svd_normalised_tr050_tid7_015,7,15,True,68,polygon,202.99169960474308,82.78168642951252,281.1111111111111,9.459410435263749,22.60612234949993,15.85277000101693,-87.57859082333371,0.7129055846018276,0.9810003877471888,281.1111111111111,False,mask,360.0,1.0,True,True,30.270113392843996,2878.577777777778,2878.577777777778,72.33959151839979,50.72886400325418
r563_svd_normalised_tr050_tid7_015,7,15,True,69,polygon,356.82309772112785,5.8130552336809584,95.88888888888889,5.5247064454604615,11.509589386220648,10.628676297907198,-77.135569872356,0.38368824924966133,0.9718468468468469,95.88888888888889,False,mask,360.0,1.0,True,True,17.67906062547348,981.9022222222223,981.9022222222223,36.830686035906076,34.011764153303034
r563_svd_normalised_tr050_tid7_015,7,15,True,70,polygon,208.94843012851797,89.4478607450789,227.66666666666666,8.512846219362222,18.75898177450369,15.473525407275888,76.1367003449569,0.5653376957708321,0.9766444232602478,227.66666666666666,False,mask,360.0,1.0,True,True,27.24110790195911,2331.306666666667,2331.306666666667,60.02874167841182,49.51528130328285
r563_svd_normalised_tr050_tid7_015,7,15,True,71,polygon,143.5096153846154,53.61217948717948,23.11111111111111,2.712285963418813,5.760464740378374,5.120650007006204,-77.43018118864794,0.45804304247623895,0.9765258215962441,23.11111111111111,False,mask,360.0,1.0,True,True,8.679315082940201,236.65777777777782,236.65777777777782,18.4334871692108,16.386080022419854
r563_svd_normalised_tr050_tid7_015,7,15,True,72,polygon,290.11347517730496,125.32978723404256,31.333333333333332,3.1581180736464094,6.525124499309399,6.120652424514876,18.40121733289141,0.346599735690078,0.9894736842105263,31.333333333333332,False,mask,360.0,1.0,True,True,10.105977835668511,320.8533333333334,320.8533333333334,20.880398397790078,19.586087758447604
r563_svd_normalised_tr050_tid7_015,7,15,True,73,polygon,348.63643595863164,144.16308671439936,93.11111111111111,5.444096543984508,11.047190570405348,10.748661384389516,42.603298725963626,0.23090241604262918,0.9766899766899767,93.11111111111111,False,mask,360.0,1.0,True,True,17.421108940750425,953.457777777778,953.457777777778,35.35100982529712,34.395716430046456
r563_svd_normalised_tr050_tid7_015,7,15,True,74,polygon,77.08319999999999,69.4992,208.33333333333334,8.143375198382,16.96318376921347,15.738184302730332,-81.11128010922175,0.3731157171868671,0.9806485355648535,208.33333333333334,False,mask,360.0,1.0,True,True,26.0588006348224,2133.333333333334,2133.333333333334,54.282188061483104,50.36218976873707
r563_svd_normalised_tr050_tid7_015,7,15,True,75,polygon,329.9668674698795,210.71787148594376,36.888888888888886,3.4266744846379447,6.987889846225479,6.7368872688770685,-87.33053386243508,0.26561077579137543,0.9736070381231672,36.888888888888886,False,mask,360.0,1.0,True,True,10.965358350841424,377.74222222222227,377.74222222222227,22.361247507921533,21.55803926040662
r563_svd_normalised_tr050_tid7_015,7,15,True,76,polygon,208.32604221791027,206.5768213088728,1259.7777777777778,20.024977429732928,41.49265806395244,38.67776450912496,-55.74556602162518,0.36204855428054106,0.9891816436922003,1259.7777777777778,False,mask,360.0,1.0,True,True,64.07992777514538,12900.124444444447,12900.124444444447,132.77650580464783,123.76884642919988
r563_svd_normalised_tr050_tid7_015,7,15,True,77,polygon,176.92125134843582,179.93527508090617,34.333333333333336,3.30584927448961,6.78825392825035,6.473914922988381,-49.822662865988605,0.30077956999922706,0.965625,34.333333333333336,False,mask,360.0,1.0,True,True,10.578717678366752,351.57333333333344,351.57333333333344,21.72241257040112,20.71652775356282
r563_svd_normalised_tr050_tid7_015,7,15,True,78,polygon,196.41901776384535,194.16666666666666,70.88888888888889,4.750224642468775,9.916775082763875,9.144027999591748,74.38895382817651,0.3870070007261507,0.9800307219662059,70.88888888888889,False,mask,360.0,1.0,True,True,15.200718855900082,725.9022222222223,725.9022222222223,31.733680264844402,29.260889598693595
r563_svd_normalised_tr050_tid7_015,7,15,True,79,polygon,205.5557116104869,106.35440074906366,158.22222222222223,7.096738514789875,14.603646941899909,13.823574645553437,8.54502587818217,0.3224581141773208,0.9800412938747419,158.22222222222223,False,mask,360.0,1.0,True,True,22.7095632473276,1620.195555555556,1620.195555555556,46.73167021407971,44.235438865771
r563_svd_normalised_tr050_tid7_015,7,15,True,80,polygon,303.36255823803475,20.027530707327404,87.44444444444444,5.275834640937481,10.884314842774879,10.239227142432808,48.20432564966538,0.3391498708580752,0.9704069050554871,87.44444444444444,False,mask,360.0,1.0,True,True,16.88267085099994,895.4311111111112,895.4311111111112,34.82980749687962,32.76552685578499
r563_svd_normalised_tr050_tid7_015,7,15,True,81,polygon,301.8945487042002,143.67917783735479,124.33333333333333,6.290987933717934,13.579611257995557,11.687418095708102,-57.60884962637725,0.5091813511940678,0.9807186678352322,124.33333333333333,False,mask,360.0,1.0,True,True,20.131161387897393,1273.1733333333336,1273.1733333333336,43.45475602558579,37.399737906265926
r563_svd_normalised_tr050_tid7_015,7,15,True,82,polygon,222.73001776198933,165.6867969212552,187.66666666666666,7.728916826254379,15.797216152676045,15.15976100777285,82.16912648664116,0.28120531704557794,0.985414235705951,187.66666666666666,False,mask,360.0,1.0,True,True,24.732533844014014,1921.706666666667,1921.706666666667,50.551091688563346,48.511235224873126
r563_svd_normalised_tr050_tid7_015,7,15,True,83,polygon,240.8826232247285,232.85714285714286,88.66666666666667,5.312577206494299,11.01380222536819,10.294166104075197,-38.76869573736842,0.35554143813523514,0.9791411042944785,88.66666666666667,False,mask,360.0,1.0,True,True,17.000247060781756,907.9466666666669,907.9466666666669,35.24416712117821,32.94133153304063
r563_svd_normalised_tr050_tid7_015,7,15,True,84,polygon,150.17845659163987,84.32556270096462,138.22222222222223,6.633061120148538,13.538214251520664,13.047379344913674,-50.06218260714628,0.2668268433275574,0.9865186360031721,138.22222222222223,False,mask,360.0,1.0,True,True,21.22579558447532,1415.3955555555558,1415.3955555555558,43.322285604866124,41.75161390372376
r563_svd_normalised_tr050_tid7_015,7,15,True,85,polygon,27.45172180958812,86.29068197164078,658.2222222222222,14.474758742003175,30.39000585642826,27.78827419211557,-75.11727308930116,0.40483766046778,0.9830733488217723,658.2222222222222,False,mask,360.0,1.0,True,True,46.31922797441016,6740.195555555556,6740.195555555556,97.24801874057044,88.92247741476983
r563_svd_normalised_tr050_tid7_015,7,15,True,86,polygon,252.85185185185185,99.00740740740741,50.0,3.989422804014327,8.252827570182763,7.733015837422319,-66.40396513988784,0.34929152219714865,0.9719222462203023,50.0,False,mask,360.0,1.0,True,True,12.766152972845846,512.0000000000001,512.0000000000001,26.409048224584843,24.74565067975142
r563_svd_normalised_tr050_tid7_015,7,15,True,87,polygon,201.65803327016215,175.18829227205728,879.4444444444445,16.73128390220183,35.251719191629036,31.77357340085848,-65.59425885957444,0.4331246971872786,0.990613266583229,879.4444444444445,False,mask,360.0,1.0,True,True,53.54010848704586,9005.511111111113,9005.511111111113,112.80550141321292,101.67543488274714
r563_svd_normalised_tr050_tid7_015,7,15,True,88,polygon,297.2109007458405,160.34664371772806,322.77777777777777,10.13623982091492,20.93054791481012,19.65313371604911,-88.55579369348091,0.3440020205041225,0.9827469553450608,322.77777777777777,False,mask,360.0,1.0,True,True,32.435967426927746,3305.244444444445,3305.244444444445,66.97775332739239,62.89002789135715
r563_svd_normalised_tr050_tid7_015,7,15,True,89,polygon,68.17311429076135,84.21798268857093,209.66666666666666,8.169392437825561,17.89003632811703,14.944940586390151,-81.6441401383988,0.5496760871914423,0.9792423456149455,209.66666666666666,False,mask,360.0,1.0,True,True,26.142055801041796,2146.986666666667,2146.986666666667,57.2481162499745,47.823809876448486
r563_svd_normalised_tr050_tid7_015,7,15,True,90,polygon,175.69411764705885,71.70849673202615,28.333333333333332,3.003128386955965,6.403195935868081,5.714598176743643,9.274049306028441,0.45112593573926185,0.99609375,28.333333333333332,False,mask,360.0,1.0,True,True,9.610010838259088,290.1333333333334,290.1333333333334,20.49022699477786,18.28671416557966
r563_svd_normalised_tr050_tid7_015,7,15,True,91,polygon,343.0538780343399,185.82297217288337,62.55555555555556,4.462292210182193,9.082097912810555,8.80043174047301,66.60363277467052,0.24711302853155329,0.9825479930191972,62.55555555555556,False,mask,360.0,1.0,True,True,14.279335072583018,640.568888888889,640.568888888889,29.06271332099378,28.161381569513637
r563_svd_normalised_tr050_tid7_015,7,15,True,92,polygon,24.760037348272643,89.34837638759207,357.0,10.660048281673648,23.137513830945423,19.87339622506421,43.77838141975862,0.5121008816053407,0.9695232347616174,357.0,False,mask,360.0,1.0,True,True,34.112154501355676,3655.6800000000007,3655.6800000000007,74.04004425902535,63.59486792020547
r563_svd_normalised_tr050_tid7_015,7,15,True,93,polygon,342.7688148472892,98.80571386818646,506.8888888888889,12.702273203251863,26.29299445048994,24.571049349444746,86.53299989780338,0.3559385632839351,0.9857389801210026,506.8888888888889,False,mask,360.0,1.0,True,True,40.647274250405964,5190.542222222223,5190.542222222223,84.13758224156781,78.6273579182232
r563_svd_normalised_tr050_tid7_015,7,15,True,94,polygon,323.2710562414266,101.12976680384088,135.0,6.555290583552474,13.469337621345375,12.785458727005766,58.27700716536201,0.31459201009479937,0.9830097087378641,135.0,False,mask,360.0,1.0,True,True,20.976929867367918,1382.4000000000003,1382.4000000000003,43.101880388305204,40.913467926418456
r563_svd_normalised_tr050_tid7_015,7,15,True,95,polygon,173.9418604651163,83.6124031007752,19.11111111111111,2.4664256734439727,5.343013341088928,4.574065153326329,87.6585992456599,0.5168376648953371,0.9828571428571429,19.11111111111111,False,mask,360.0,1.0,True,True,7.892562155020713,195.69777777777782,195.69777777777782,17.09764269148457,14.637008490644252
r563_svd_normalised_tr050_tid7_015,7,15,True,96,polygon,320.4437984496124,52.36498708010336,229.33333333333334,8.543949158994492,18.190647740022538,16.075569865288045,-61.3855322595772,0.46800242292948185,0.98005698005698,229.33333333333334,False,mask,360.0,1.0,True,True,27.340637308782377,2348.373333333334,2348.373333333334,58.21007276807212,51.44182356892175
r563_svd_normalised_tr050_tid7_015,7,15,True,97,polygon,222.62325239146432,161.60632818248712,50.333333333333336,4.0026987901394895,8.806134007530014,7.3137805115883685,-87.17565586382334,0.5569701633514443,0.9658848614072495,50.333333333333336,False,mask,360.0,1.0,True,True,12.808636128446366,515.4133333333334,515.4133333333334,28.179628824096046,23.40409763708278
r563_svd_normalised_tr050_tid7_015,7,15,True,98,polygon,300.5395044413277,236.835904628331,158.44444444444446,7.101720430822736,15.119061787075632,13.395010113248125,-22.453592301923866,0.46374572332320346,0.9720518064076347,158.44444444444446,False,mask,360.0,1.0,True,True,22.725505378632757,1622.4711111111117,1622.4711111111117,48.38099771864202,42.864032362394
r563_svd_normalised_tr050_tid7_015,7,15,True,99,polygon,137.48003992015967,42.32834331337325,37.111111111111114,3.4369802958311806,7.123106174156735,6.662156262747771,89.22237670019688,0.3538872934620564,0.9766081871345029,37.111111111111114,False,mask,360.0,1.0,True,True,10.998336946659778,380.0177777777779,380.0177777777779,22.793939757301555,21.31890004079287
r563_svd_normalised_tr050_tid7_015,7,15,True,100,polygon,240.2429760665973,150.20499479708636,213.55555555555554,8.244807128296275,16.587480068967576,16.39982763582191,73.78536052276503,0.1499926996019638,0.9841269841269841,213.55555555555554,False,mask,360.0,1.0,True,True,26.38338281054808,2186.808888888889,2186.808888888889,53.07993622069625,52.479448434630115
r563_svd_normalised_tr050_tid7_015,7,15,True,101,polygon,297.3186868686869,32.382828282828285,73.33333333333333,4.831430946087433,9.749977510742822,9.604345807233459,-28.896195507753504,0.1721921492287925,0.9734513274336283,73.33333333333333,False,mask,360.0,1.0,True,True,15.460579027479788,750.9333333333334,750.9333333333334,31.19992803437703,30.73390658314707
r563_svd_normalised_tr050_tid7_015,7,15,True,102,polygon,43.7240990990991,94.60923423423424,65.77777777777777,4.575775011718465,9.423369192580145,8.92284058388418,-34.39801171059704,0.3215743673154939,0.9752883031301482,65.77777777777777,False,mask,360.0,1.0,True,True,14.642480037499087,673.5644444444445,673.5644444444445,30.154781416256466,28.55308986842938
r563_svd_normalised_tr050_tid7_015,7,15,True,103,polygon,154.78965892365775,89.50630319319127,578.7777777777778,13.573160596196884,27.86669466234487,26.63182822056851,66.6154725648106,0.29438582944252495,0.9800564440263405,578.7777777777778,False,mask,360.0,1.0,True,True,43.43411390783003,5926.684444444446,5926.684444444446,89.1734229195036,85.22185030581925
r563_svd_normalised_tr050_tid7_015,7,15,True,104,polygon,178.90692906929067,121.96555965559656,90.33333333333333,5.362274988466719,11.176996865028576,10.302629436948566,62.28050146519083,0.38773518873819085,0.972488038277512,90.33333333333333,False,mask,360.0,1.0,True,True,17.159279963093503,925.0133333333334,925.0133333333334,35.766389968091445,32.968414198235415
r563_svd_normalised_tr050_tid7_015,7,15,True,105,polygon,312.8853082973864,91.18261016662437,437.8888888888889,11.806115465442849,24.590557401848596,22.85157346815481,-0.6332366943016092,0.3693699029184303,0.9609851255791271,437.8888888888889,False,mask,360.0,1.0,True,True,37.77956948941712,4483.982222222224,4483.982222222224,78.68978368591551,73.1250350980954
r563_svd_normalised_tr050_tid7_015,7,15,True,106,polygon,138.7753396029258,77.68338557993731,35.44444444444444,3.3589160568491145,7.007395849220614,6.447933059760474,53.36640843324952,0.3915399768341616,0.9876160990712074,35.44444444444444,False,mask,360.0,1.0,True,True,10.748531381917168,362.9511111111112,362.9511111111112,22.423666717505967,20.63338579123352
r563_svd_normalised_tr050_tid7_015,7,15,True,107,polygon,255.99300434864813,231.2246171298922,195.88888888888889,7.89641500472787,15.851121330335673,15.750311880019638,-0.019360078191759077,0.11260146031001934,0.9794444444444445,195.88888888888889,False,mask,360.0,1.0,True,True,25.268528015129185,2005.9022222222227,2005.9022222222227,50.723588257074155,50.40099801606284
r563_svd_normalised_tr050_tid7_015,7,15,True,108,polygon,184.4484412470024,163.4326139088729,77.22222222222223,4.957882286462129,10.36028437228092,9.511421892665224,-88.2222254037216,0.3964282289000131,0.9844192634560907,77.22222222222223,False,mask,360.0,1.0,True,True,15.865223316678815,790.7555555555558,790.7555555555558,33.15290999129895,30.436550056528716
r563_svd_normalised_tr050_tid7_015,7,15,True,109,polygon,255.53703703703704,156.3034188034188,26.0,2.876813695875796,5.8404984006833685,5.6761680905449055,-30.13901962846426,0.2355441504146669,0.9873417721518988,26.0,False,mask,360.0,1.0,True,True,9.205803826802548,266.24000000000007,266.24000000000007,18.68959488218678,18.163737889743697
r563_svd_normalised_tr050_tid7_015,7,15,True,110,polygon,339.222428748451,38.44248244527055,358.6666666666667,10.684902706369687,21.93230243819271,20.87385707212916,-63.006835689234386,0.3069044104900187,0.9841463414634146,358.6666666666667,False,mask,360.0,1.0,True,True,34.191688660383,3672.7466666666674,3672.7466666666674,70.18336780221668,66.79634263081331
r563_svd_normalised_tr050_tid7_015,7,15,True,111,polygon,337.6927374301676,123.80167597765363,39.77777777777778,3.5583226268971964,7.512927081880259,6.767085689282713,86.36623788977963,0.4343885460305541,0.9649595687331537,39.77777777777778,False,mask,360.0,1.0,True,True,11.38663240607103,407.3244444444445,407.3244444444445,24.04136666201683,21.654674205704683
r563_svd_normalised_tr050_tid7_015,7,15,True,112,polygon,173.5242718446602,103.05501618122976,11.444444444444445,1.9086329685269052,3.9703549632326567,3.674073403349929,-88.36705352866508,0.3790491115463527,0.9716981132075472,11.444444444444445,False,mask,360.0,1.0,True,True,6.107625499286097,117.19111111111114,117.19111111111114,12.705135882344502,11.757034890719773
r563_svd_normalised_tr050_tid7_015,7,15,True,113,polygon,209.21604938271605,150.29876543209875,30.0,3.0901936161855166,6.437501405661579,5.951106158565056,-79.50875517384742,0.3813191114371751,0.967741935483871,30.0,False,mask,360.0,1.0,True,True,9.888619571793654,307.20000000000005,307.20000000000005,20.600004498117055,19.043539707408183
r563_svd_normalised_tr050_tid7_015,7,15,True,114,polygon,345.95574795574794,174.4155844155844,77.0,4.950743503369154,10.023937136251195,9.798286032289193,-9.065620264590173,0.2109874278028899,0.9774330042313117,77.0,False,mask,360.0,1.0,True,True,15.842379210781292,788.4800000000001,788.4800000000001,32.076598836003825,31.354515303325417
r563_svd_normalised_tr050_tid7_015,7,15,True,115,polygon,324.69076305220887,118.81726907630521,18.444444444444443,2.4230247650064087,5.0147883306093135,4.8119028719419505,66.72312295851391,0.28156359938257275,0.9378531073446328,18.444444444444443,False,mask,360.0,1.0,True,True,7.753679248020508,188.87111111111113,188.87111111111113,16.047322657949803,15.398089190214243
r563_svd_normalised_tr050_tid7_015,7,15,True,116,polygon,374.8385153048928,85.30175946011087,153.66666666666666,6.993827219549334,14.421520587488125,13.577535536453079,-86.11882627966567,0.3370761449951465,0.9753173483779972,153.66666666666666,False,mask,360.0,1.0,True,True,22.38024710255787,1573.5466666666669,1573.5466666666669,46.148865879962,43.44811371664986
r563_svd_normalised_tr050_tid7_015,7,15,True,117,polygon,173.73563218390805,120.62787356321839,25.77777777777778,2.864493237994374,5.803251508431148,5.671048482318146,58.881216784736225,0.21223275183569593,0.9830508474576272,25.77777777777778,False,mask,360.0,1.0,True,True,9.166378361581996,263.9644444444445,263.9644444444445,18.570404826979676,18.147355143418068
r563_svd_normalised_tr050_tid7_015,7,15,True,118,polygon,213.55079040919748,59.79313213826489,489.6666666666667,12.48462017582685,26.062999971534747,23.998793954354316,-50.89182259121894,0.39003656263173275,0.9713467048710601,489.6666666666667,False,mask,360.0,1.0,True,True,39.95078456264592,5014.186666666667,5014.186666666667,83.4015999089112,76.79614065393382
r563_svd_normalised_tr050_tid7_015,7,15,True,119,polygon,243.17480998914223,100.62540716612376,34.111111111111114,3.2951333653405315,6.846468064077425,6.383696089440753,-38.029356915392015,0.36140949217632184,0.9684542586750788,34.111111111111114,False,mask,360.0,1.0,True,True,10.544426769089702,349.29777777777787,349.29777777777787,21.908697805047762,20.42782748621041
r563_svd_normalised_tr050_tid7_015,7,15,True,120,polygon,173.84122807017545,87.74356725146198,126.66666666666667,6.349744266499779,13.20628200829104,12.221153331708004,75.04711372081779,0.37898078669845187,0.9768637532133676,126.66666666666667,False,mask,360.0,1.0,True,True,20.319181652799294,1297.066666666667,1297.066666666667,42.26010242653133,39.10769066146562
r563_svd_normalised_tr050_tid7_015,7,15,True,121,polygon,78.77466251298027,94.41246105919004,178.33333333333334,7.534272561840947,15.794572546159854,14.393444280847264,80.2832597577147,0.4117639884066158,0.981651376146789,178.33333333333334,False,mask,360.0,1.0,True,True,24.10967219789103,1826.133333333334,1826.133333333334,50.54263214771154,46.05902169871125
r563_svd_normalised_tr050_tid7_015,7,15,True,122,polygon,165.84339457567805,81.71041119860017,42.333333333333336,3.670847111378218,7.433607185404064,7.272795714504153,7.722699095712924,0.20687696401079217,0.9670050761421319,42.333333333333336,False,mask,360.0,1.0,True,True,11.746710756410298,433.49333333333345,433.49333333333345,23.787542993293005,23.27294628641329
r563_svd_normalised_tr050_tid7_015,7,15,True,123,polygon,245.9815864022663,86.54013220018885,392.22222222222223,11.17354961121617,23.778326952217174,21.037390711607106,78.2177476116847,0.4661045581113401,0.9838350055741361,392.22222222222223,False,mask,360.0,1.0,True,True,35.75535875589175,4016.3555555555563,4016.3555555555563,76.09064624709497,67.31965027714274
r563_svd_normalised_tr050_tid7_015,7,15,True,124,polygon,250.30786026200872,65.8391557496361,50.888888888888886,4.024728118797814,8.278726431853453,7.835217217731934,-7.875176018734208,0.32291536641721247,0.9849462365591398,50.888888888888886,False,mask,360.0,1.0,True,True,12.879129980153005,521.1022222222223,521.1022222222223,26.491924581931052,25.07269509674219
r563_svd_normalised_tr050_tid7_015,7,15,True,125,polygon,202.36128364389234,163.48447204968946,35.77777777777778,3.374673372691556,7.325122423251417,6.251166831453659,-82.75823203903359,0.5212773029854443,0.9640718562874252,35.77777777777778,False,mask,360.0,1.0,True,True,10.79895479261298,366.36444444444453,366.36444444444453,23.440391754404537,20.00373386065171
r563_svd_normalised_tr050_tid7_015,7,15,True,126,polygon,252.16007532956687,56.72755806654112,59.0,4.3336224206596095,8.946686567640334,8.415635169271052,-72.1999164982742,0.33939852880420823,0.9761029411764706,59.0,False,mask,360.0,1.0,True,True,13.867591746110751,604.1600000000001,604.1600000000001,28.629397016449072,26.93003254166737
r563_svd_normalised_tr050_tid7_015,7,15,True,127,polygon,311.8830145196733,240.67601460076474,938.6665913108021,17.28545214464083,36.86895318464142,32.416093220583704,79.04764057623674,0.47640736616800866,0.9927556818181819,776.5555555555555,True,ellipse,240.0,0.6833333333333333,True,True,55.313446862850654,9611.945895022616,7951.9288888888905,117.98065019085254,103.73149830586786
r563_svd_normalised_tr050_tid7_015,7,15,True,128,polygon,263.25068870523415,99.05693296602387,40.333333333333336,3.5830850872880795,7.574026838462987,6.8021855993922005,-65.16403779706201,0.43980421845638507,0.9552631578947368,40.333333333333336,False,mask,360.0,1.0,True,True,11.465872279321855,413.01333333333343,413.01333333333343,24.23688588308156,21.766993918055043
r563_svd_normalised_tr050_tid7_015,7,15,True,129,polygon,395.92205936150185,83.02199079375106,206.85386432723493,8.11440878996612,16.22881757993224,16.22881757993224,,0.0,0.9842465753424657,159.66666666666666,True,circle,240.0,0.6472222222222223,True,True,25.966108127891587,2118.183570710886,1634.986666666667,51.932216255783175,51.932216255783175
r563_svd_normalised_tr050_tid7_015,7,15,True,130,polygon,348.2667805537761,85.49889671862765,520.3333333333334,12.869624862868605,26.05480438554552,25.46142005136679,-69.8523716595999,0.21220334944738603,0.9873497786211258,520.3333333333334,False,mask,360.0,1.0,True,True,41.182799561179536,5328.213333333335,5328.213333333335,83.37537403374567,81.47654416437373
r563_svd_normalised_tr050_tid7_015,7,15,True,131,polygon,307.9154589371981,111.55797101449275,15.333333333333334,2.2092423108729964,4.637717676181029,4.248114505766451,25.89787083623441,0.4011954393124654,0.9583333333333334,15.333333333333334,False,mask,360.0,1.0,True,True,7.069575394793588,157.01333333333338,157.01333333333338,14.840696563779293,13.593966418452645
r563_svd_normalised_tr050_tid7_015,7,15,True,132,polygon,345.8077519379845,130.32093023255814,47.77777777777778,3.899761403798813,7.982620255916392,7.642005132913734,-72.38799996540295,0.2889956463070722,0.9684684684684685,47.77777777777778,False,mask,360.0,1.0,True,True,12.479236492156202,489.2444444444445,489.2444444444445,25.544384818932457,24.454416425323952
r563_svd_normalised_tr050_tid7_015,7,15,True,133,polygon,162.35858585858585,117.41329966329967,88.0,5.292567428401227,10.71915720197804,10.488171545309859,-80.24562623394243,0.2064785066706583,0.9658536585365853,88.0,False,mask,360.0,1.0,True,True,16.93621577088393,901.1200000000001,901.1200000000001,34.30130304632973,33.56214894499155
r563_svd_normalised_tr050_tid7_015,7,15,True,134,polygon,221.09803921568627,117.79738562091502,11.333333333333334,1.8993451617376695,4.106527337380906,3.5176320330270223,-87.82606810349009,0.5159888420617497,0.9807692307692307,11.333333333333334,False,mask,360.0,1.0,True,True,6.077904517560543,116.05333333333336,116.05333333333336,13.1408874796189,11.256422505686473
r563_svd_normalised_tr050_tid7_015,7,15,True,135,polygon,291.57184923439337,21.48498233215548,125.77777777777777,6.327425236926515,13.450836128396867,11.929456282962514,-83.683815630257,0.4619743448986865,0.9809358752166378,125.77777777777777,False,mask,360.0,1.0,True,True,20.247760758164848,1287.9644444444446,1287.9644444444446,43.04267561086998,38.174260105480045
r563_svd_normalised_tr050_tid7_015,7,15,True,136,polygon,57.52171361502348,140.281103286385,63.111111111111114,4.482063207353322,9.239523984713953,8.720904975835111,65.19641969388636,0.3303185555542671,0.9643463497453311,63.111111111111114,False,mask,360.0,1.0,True,True,14.342602263530631,646.257777777778,646.257777777778,29.56647675108465,27.90689592267236
r563_svd_normalised_tr050_tid7_015,7,15,True,137,polygon,276.73407940314416,84.34559019451106,139.0,6.651697090182843,13.88139517656162,12.7994578626773,83.09131626092346,0.3870506373513382,0.9758190327613104,139.0,False,mask,360.0,1.0,True,True,21.285430688585098,1423.3600000000004,1423.3600000000004,44.42046456499719,40.958265160567365
r563_svd_normalised_tr050_tid7_015,7,15,True,138,polygon,209.32977777777776,198.00088888888888,41.666666666666664,3.641828101973597,7.407329291648169,7.17629833908198,31.391927834424475,0.24780280393904017,0.97911227154047,41.666666666666664,False,mask,360.0,1.0,True,True,11.65384992631551,426.66666666666674,426.66666666666674,23.70345373327414,22.96415468506234
r563_svd_normalised_tr050_tid7_015,7,15,True,139,polygon,3.296886058032555,175.5283085633404,104.66666666666667,5.772039046463861,16.618052629187883,8.372810882842215,-4.636438371161839,0.8637980076171488,0.9771784232365145,104.66666666666667,False,mask,360.0,1.0,True,True,18.470524948684353,1071.7866666666669,1071.7866666666669,53.177768413401225,26.79299482509509
r563_svd_normalised_tr050_tid7_015,7,15,True,140,polygon,314.4750656167979,203.93963254593177,42.333333333333336,3.670847111378218,7.443883964059963,7.255617650638347,-75.2905017786631,0.2234796691196189,0.9844961240310077,42.333333333333336,False,mask,360.0,1.0,True,True,11.746710756410298,433.49333333333345,433.49333333333345,23.82042868499188,23.21797648204271
r563_svd_normalised_tr050_tid7_015,7,15,True,141,polygon,368.4830917874396,79.72517444981213,69.0,4.686510657907603,9.549924785001545,9.214930073197301,39.270779644569785,0.26253767167837494,0.9794952681388013,69.0,False,mask,360.0,1.0,True,True,14.99683410530433,706.5600000000002,706.5600000000002,30.559759312004946,29.487776234231365
r563_svd_normalised_tr050_tid7_015,7,15,True,142,polygon,184.46055979643765,74.23664122137404,14.555555555555555,2.1524816450392166,4.425485323855319,4.194959310255466,22.907628811974458,0.31853994352162723,0.9849624060150376,14.555555555555555,False,mask,360.0,1.0,True,True,6.887941264125494,149.0488888888889,149.0488888888889,14.16155303633702,13.423869792817491
r563_svd_normalised_tr050_tid7_015,7,15,True,143,polygon,200.71408839779005,233.16804788213628,80.44444444444444,5.060263032217731,10.611460768291211,9.668504547071986,84.82885826509487,0.41210150088942027,0.9823609226594301,80.44444444444444,False,mask,360.0,1.0,True,True,16.19284170309674,823.7511111111113,823.7511111111113,33.95667445853188,30.939214550630357
r563_svd_normalised_tr050_tid7_015,7,15,True,144,polygon,393.1747100635989,74.19229330340441,99.0,5.613615477764332,11.562911242635572,10.927642336107082,64.25552800703448,0.326897560919392,0.9812775330396476,99.0,False,mask,360.0,1.0,True,True,17.963569528845863,1013.7600000000002,1013.7600000000002,37.00131597643383,34.96845547554266
r563_svd_normalised_tr050_tid7_015,7,15,True,145,polygon,222.83743475018642,214.20879940343028,49.666666666666664,3.976102490353454,8.001424016259772,7.946267850913802,45.657270763973884,0.11721377819444241,0.9738562091503268,49.666666666666664,False,mask,360.0,1.0,True,True,12.723527969131053,508.58666666666676,508.58666666666676,25.604556852031273,25.42805712292417
r563_svd_normalised_tr050_tid7_015,7,15,True,146,polygon,147.28214503351614,76.63863497867153,60.77777777777778,4.398427847191331,9.176900596550809,8.445675248375236,-73.68314943714783,0.3911688701911295,0.9785330948121646,60.77777777777778,False,mask,360.0,1.0,True,True,14.07496911101226,622.3644444444445,622.3644444444445,29.366081908962588,27.02616079480076
r563_svd_normalised_tr050_tid7_015,7,15,True,147,polygon,236.3864583333333,99.06145833333333,35.55555555555556,3.36417669602688,6.8798277207127905,6.5984966494885695,-36.513362146463045,0.2830409275495902,0.9876543209876543,35.55555555555556,False,mask,360.0,1.0,True,True,10.765365427286017,364.08888888888896,364.08888888888896,22.01544870628093,21.115189278363424
r563_svd_normalised_tr050_tid7_015,7,15,True,148,polygon,178.82854406130267,32.37098437960507,502.6666666666667,12.649259640589726,26.321069778885544,24.391619519506012,-18.748856482279155,0.3758128087033161,0.9847627340008707,502.6666666666667,False,mask,360.0,1.0,True,True,40.47763084988713,5147.306666666668,5147.306666666668,84.22742329243374,78.05318246241924
r563_svd_normalised_tr050_tid7_015,7,15,True,149,polygon,336.4230769230769,58.63403263403263,63.55555555555556,4.497817432403907,9.561168707685033,8.491135279374353,83.97190825049711,0.45967830827656664,0.9828178694158075,63.55555555555556,False,mask,360.0,1.0,True,True,14.393015783692503,650.808888888889,650.808888888889,30.595739864592105,27.17163289399793
r563_svd_normalised_tr050_tid7_015,7,15,True,150,polygon,366.60326086956525,52.82971014492753,20.444444444444443,2.5510132857752708,5.374980556874743,4.9325524230567614,-21.990321458081635,0.3973029930676971,0.9633507853403142,20.444444444444443,False,mask,360.0,1.0,True,True,8.163242514480867,209.35111111111112,209.35111111111112,17.19993778199918,15.784167753781638
r563_svd_normalised_tr050_tid7_015,7,15,True,151,polygon,272.9957805907173,129.97588908981314,61.44444444444444,4.422485061335692,9.054815255445122,8.664042531782465,-21.868079706698182,0.29060319736649215,0.9770318021201413,61.44444444444444,False,mask,360.0,1.0,True,True,14.151952196274216,629.1911111111112,629.1911111111112,28.975408817424395,27.72493610170389
r563_svd_normalised_tr050_tid7_015,7,15,True,152,polygon,316.62588904694167,39.65196775723091,78.11111111111111,4.986335216114858,10.451661645781794,9.534062419046949,-68.32768073051729,0.4097331675892522,0.9723374827109267,78.11111111111111,False,mask,360.0,1.0,True,True,15.956272691567547,799.857777777778,799.857777777778,33.44531726650174,30.508999740950237
r563_svd_normalised_tr050_tid7_015,7,15,True,153,polygon,176.0399274047187,48.80580762250454,183.66666666666666,7.64610461362012,16.05967274584974,14.596560068360716,-17.916455282041444,0.41702451720014033,0.9769503546099291,183.66666666666666,False,mask,360.0,1.0,True,True,24.467534763584386,1880.746666666667,1880.746666666667,51.39095278671917,46.7089922187543
r563_svd_normalised_tr050_tid7_015,7,15,True,154,polygon,346.1763506625892,230.49235474006116,36.333333333333336,3.400773323526733,6.985865301037992,6.640305212072295,-81.02000181826891,0.3106193386699847,0.956140350877193,36.333333333333336,False,mask,360.0,1.0,True,True,10.882474635285547,372.05333333333346,372.05333333333346,22.354768963321575,21.248976678631347
r563_svd_normalised_tr050_tid7_015,7,15,True,155,polygon,200.9180990899899,36.23727671048197,109.88888888888889,5.914280997305204,12.68369447268176,11.080348350812157,72.05526755124387,0.48666266932843905,0.9705593719332679,109.88888888888889,False,mask,360.0,1.0,True,True,18.925699191376655,1125.2622222222224,1125.2622222222224,40.587822312581636,35.4571147225989
r563_svd_normalised_tr050_tid7_015,7,15,True,156,polygon,51.55829015544041,92.74093264248705,85.77777777777777,5.22531479257881,10.645362961204368,10.312138460366436,57.33426734245694,0.2482434175816015,0.9821882951653944,85.77777777777777,False,mask,360.0,1.0,True,True,16.721007336252192,878.3644444444445,878.3644444444445,34.06516147585398,32.998843073172594
r563_svd_normalised_tr050_tid7_015,7,15,True,157,polygon,248.95893719806762,75.44806763285024,61.333333333333336,4.418484621745993,9.126035045179705,8.584970301132174,30.428982619229174,0.3392064431051787,0.9735449735449735,61.333333333333336,False,mask,360.0,1.0,True,True,14.139150789587177,628.0533333333335,628.0533333333335,29.203312144575058,27.471904963622958
r563_svd_normalised_tr050_tid7_015,7,15,True,158,polygon,182.7909604519774,109.0593220338983,13.11111111111111,2.042889200500314,4.128488948307698,4.070068945540691,-30.234595341445296,0.16763256646256233,0.9516129032258065,13.11111111111111,False,mask,360.0,1.0,True,True,6.537245441601005,134.2577777777778,134.2577777777778,13.211164634584634,13.024220625730212
r563_svd_normalised_tr050_tid7_015,7,15,True,159,polygon,67.86097946287519,77.33254344391786,46.888888888888886,3.863314235925759,8.57478071176582,6.993009489014614,-86.57665623895551,0.5787117467323154,0.9768518518518519,46.888888888888886,False,mask,360.0,1.0,True,True,12.362605554962428,480.1422222222223,480.1422222222223,27.439298277650625,22.377630364846766
r563_svd_normalised_tr050_tid7_015,7,15,True,160,polygon,344.3865002311604,58.61396208969024,80.11111111111111,5.049768178821162,10.41678715367487,9.848320058497109,5.2683587194560975,0.325831695408429,0.9743243243243244,80.11111111111111,False,mask,360.0,1.0,True,True,16.15925817222772,820.337777777778,820.337777777778,33.33371889175958,31.514624187190748
r563_svd_normalised_tr050_tid7_015,7,15,True,161,polygon,350.15710594315243,49.675968992248066,71.66666666666667,4.77621277895346,9.702671034684212,9.423760699745658,-86.06567365289388,0.23804440262403304,0.9802431610942249,71.66666666666667,False,mask,360.0,1.0,True,True,15.283880892651073,733.8666666666669,733.8666666666669,31.048547310989477,30.15603423918611
r563_svd_normalised_tr050_tid7_015,7,15,True,162,polygon,215.0462962962963,56.33796296296296,16.0,2.256758334191025,4.9909811535211395,4.105842151454324,62.562181316229115,0.5685447956406745,0.9473684210526315,16.0,False,mask,360.0,1.0,True,True,7.221626669411281,163.84000000000003,163.84000000000003,15.971139691267647,13.138694884653837
r563_svd_normalised_tr050_tid7_015,7,15,True,163,polygon,186.32228360957643,176.61141804788213,60.333333333333336,4.382316335731828,9.073212601654715,8.490758159657892,-3.76953943156985,0.35251795842629907,0.9593639575971732,60.333333333333336,False,mask,360.0,1.0,True,True,14.023412274341851,617.8133333333335,617.8133333333335,29.03428032529509,27.170426110905254
r563_svd_normalised_tr050_tid7_015,7,15,True,164,polygon,328.0030541012216,86.30671902268762,84.88888888888889,5.1981701165401155,10.551604285187533,10.258811136133103,68.2403346862329,0.23393884135465612,0.9720101781170484,84.88888888888889,False,mask,360.0,1.0,True,True,16.634144372928372,869.2622222222224,869.2622222222224,33.76513371260011,32.82819563562593
r563_svd_normalised_tr050_tid7_015,7,15,True,165,polygon,390.173794976239,91.69653767820773,54.55555555555556,4.1672020204907705,8.96244984704699,7.774062618553426,22.944699887412735,0.4976049961122034,0.9722772277227723,54.55555555555556,False,mask,360.0,1.0,True,True,13.335046465570466,558.648888888889,558.648888888889,28.67983951055037,24.877000379370966
r563_svd_normalised_tr050_tid7_015,7,15,True,166,polygon,211.63087248322145,183.26174496644296,16.555555555555557,2.2956038431311083,4.639450554098738,4.573877282179928,-56.11364910090205,0.16753484147751027,0.9612903225806452,16.555555555555557,False,mask,360.0,1.0,True,True,7.345932298019547,169.52888888888893,169.52888888888893,14.846241773115961,14.636407302975769
r563_svd_normalised_tr050_tid7_015,7,15,True,167,polygon,325.14358974358976,31.055677655677655,50.55555555555556,4.011525038541726,8.31729276919708,7.748373502400767,44.26836479042452,0.3634901967259076,0.974304068522484,50.55555555555556,False,mask,360.0,1.0,True,True,12.836880123333524,517.688888888889,517.688888888889,26.615336861430656,24.794795207682455
r563_svd_normalised_tr050_tid7_015,7,15,True,168,polygon,281.77883597883596,26.935449735449737,35.0,3.3377905890622728,6.844835214308568,6.526773348871797,79.4594441325961,0.3012899400742853,0.9813084112149533,35.0,False,mask,360.0,1.0,True,True,10.680929884999273,358.4000000000001,358.4000000000001,21.90347268578742,20.88567471638975
r563_svd_normalised_tr050_tid7_015,7,15,True,169,polygon,311.1143053164217,248.20739030869987,133.84862732116991,6.527276716093644,16.233934135876208,10.497847526509911,-88.60933328038624,0.7627777618834686,0.9875,87.77777777777777,True,ellipse,150.0,0.5805555555555556,True,True,20.88728549149966,1370.60994376878,898.8444444444445,51.94858923480387,33.593112084831716
r563_svd_normalised_tr050_tid7_015,7,15,True,170,polygon,298.38954248366014,128.2549019607843,28.333333333333332,3.003128386955965,6.234172173763906,5.80703315901954,66.1164186784014,0.3637816676974775,0.9807692307692307,28.333333333333332,False,mask,360.0,1.0,True,True,9.610010838259088,290.1333333333334,290.1333333333334,19.9493509560445,18.58250610886253
r563_svd_normalised_tr050_tid7_015,7,15,True,171,polygon,210.1320119122252,245.2807098055041,592.1511403187815,13.7290772478879,27.4581544957758,27.4581544957758,,0.0,0.9871554723039871,409.8888888888889,True,circle,220.0,0.5972222222222222,True,True,43.933047193241286,6063.627676864324,4197.2622222222235,87.86609438648257,87.86609438648257
r563_svd_normalised_tr050_tid7_015,7,15,True,172,polygon,381.49109668830084,26.03711100016642,222.55555555555554,8.416747207707928,18.271623374087717,15.520591913592035,-78.71667592543315,0.5276901352484281,0.9833087874324987,222.55555555555554,False,mask,360.0,1.0,True,True,26.93359106466537,2278.968888888889,2278.968888888889,58.469194797080696,49.66589412349452
r563_svd_normalised_tr050_tid7_015,7,15,True,173,polygon,315.18904876099117,148.0947242206235,92.66666666666667,5.431087931501196,11.472737589255416,10.3120943089579,71.23685632961667,0.43828784536113713,0.9686411149825784,92.66666666666667,False,mask,360.0,1.0,True,True,17.379481380803828,948.9066666666669,948.9066666666669,36.712760285617335,32.99870178866528
r563_svd_normalised_tr050_tid7_015,7,15,True,174,polygon,187.31050228310502,106.05479452054794,8.11111111111111,1.6068126383003893,3.5098987068183347,2.9725073016907717,-81.38812467870906,0.5317639467327744,0.9240506329113924,8.11111111111111,False,mask,360.0,1.0,True,True,5.141800442561246,83.05777777777779,83.05777777777779,11.231675861818673,9.512023365410469
r563_svd_normalised_tr050_tid7_015,7,15,True,175,polygon,167.4950248756219,4.024875621890547,14.88888888888889,2.1769888671339888,4.526964170406534,4.200660942800128,35.23164225277929,0.372779197649315,0.9571428571428572,14.88888888888889,False,mask,360.0,1.0,True,True,6.966364374828764,152.46222222222227,152.46222222222227,14.486285345300908,13.44211501696041
r563_svd_normalised_tr050_tid7_015,7,15,True,176,polygon,187.34104046242774,194.85934489402698,57.666666666666664,4.284375112343136,8.76966617560667,8.38799271046669,-58.21814528281179,0.2918044675145248,0.9719101123595506,57.666666666666664,False,mask,360.0,1.0,True,True,13.710000359498038,590.5066666666668,590.5066666666668,28.062931761941343,26.84157667349341
r563_svd_normalised_tr050_tid7_015,7,15,True,177,polygon,239.44169246646027,68.90557275541796,143.55555555555554,6.759818973163388,15.167430940330519,12.066793254976472,79.8386692090211,0.6058581976218802,0.9787878787878788,143.55555555555554,False,mask,360.0,1.0,True,True,21.631420714122843,1470.008888888889,1470.008888888889,48.53577900905766,38.613738415924715
r563_svd_normalised_tr050_tid7_015,7,15,True,178,polygon,279.3108423108423,51.18364518364518,587.8888888888889,13.679577672974316,34.661600037763854,21.60962140758014,-86.66403553188727,0.7818667446062568,0.9867586721372622,587.8888888888889,False,mask,360.0,1.0,True,True,43.774648553517814,6019.982222222224,6019.982222222224,110.91712012084434,69.15078850425645
r563_svd_normalised_tr050_tid7_015,7,15,True,179,polygon,197.76888888888888,122.77777777777777,8.333333333333334,1.6286750396763998,3.528197157167851,3.0383463062894616,63.397793508038944,0.5083320578666948,0.9615384615384616,8.333333333333334,False,mask,360.0,1.0,True,True,5.21176012696448,85.33333333333336,85.33333333333336,11.290230902937125,9.722708180126277
r563_svd_normalised_tr050_tid7_015,7,15,True,180,polygon,197.59756097560975,119.21138211382113,9.11111111111111,1.7029846566500968,3.54600003707379,3.3007148355196576,-64.3587830383884,0.36545849297507466,0.9213483146067416,9.11111111111111,False,mask,360.0,1.0,True,True,5.44955090128031,93.2977777777778,93.2977777777778,11.34720011863613,10.562287473662906
r563_svd_normalised_tr050_tid7_015,7,15,True,181,polygon,147.19398907103826,114.27322404371584,13.555555555555555,2.077225877473834,4.393318457203239,3.950817922413213,83.89300883348156,0.4373759631343906,0.953125,13.555555555555555,False,mask,360.0,1.0,True,True,6.6471228079162685,138.8088888888889,138.8088888888889,14.058619063050365,12.642617351722283
r563_svd_normalised_tr050_tid7_015,7,15,True,182,polygon,276.0983847283407,182.4992657856094,25.22222222222222,2.833457725969779,5.826526838606555,5.600633016345582,86.05061147996399,0.2757474958213181,0.9700854700854701,25.22222222222222,False,mask,360.0,1.0,True,True,9.067064723103293,258.27555555555557,258.27555555555557,18.644885883540976,17.922025652305862
r563_svd_normalised_tr050_tid7_015,7,15,True,183,polygon,-4.651090753309431,152.21862087421104,667.339930546279,14.574666285650757,29.149332571301514,29.149332571301514,,0.0,0.9846232701178883,213.44444444444446,True,circle,160.0,0.4083333333333333,True,True,46.63893211408242,6833.560888793898,2185.6711111111117,93.27786422816484,93.27786422816484
r563_svd_normalised_tr050_tid7_015,7,15,True,184,polygon,174.28132387706856,91.8676122931442,15.666666666666666,2.2331267056631727,4.959035711174164,4.051474082959723,80.9953123801636,0.5766542651386845,0.9527027027027027,15.666666666666666,False,mask,360.0,1.0,True,True,7.146005458122153,160.4266666666667,160.4266666666667,15.868914275757326,12.964717065471115
r563_svd_normalised_tr050_tid7_015,7,15,True,185,polygon,55.51032448377581,94.44837758112095,12.555555555555555,1.9991391797128957,4.111210452676735,3.96115806928427,-60.91333739580514,0.26770237875019803,0.9262295081967213,12.555555555555555,False,mask,360.0,1.0,True,True,6.397245375081266,128.56888888888892,128.56888888888892,13.155873448565552,12.675705821709665
r563_svd_normalised_tr050_tid7_015,7,15,True,186,polygon,308.71798493408664,49.808380414312616,78.66666666666667,5.004036142268046,10.49598592806921,9.566859671484002,-63.295025215127175,0.4113489492307105,0.965893587994543,78.66666666666667,False,mask,360.0,1.0,True,True,16.01291565525775,805.5466666666669,805.5466666666669,33.587154969821476,30.61395094874881
r563_svd_normalised_tr050_tid7_015,7,15,True,187,polygon,290.3486842105263,104.31140350877193,33.77777777777778,3.27899383957729,6.82529982429531,6.321805181360158,54.987257158657115,0.3769560855357021,0.9806451612903225,33.77777777777778,False,mask,360.0,1.0,True,True,10.49278028664733,345.8844444444445,345.8844444444445,21.840959437744992,20.229776580352507
r563_svd_normalised_tr050_tid7_015,7,15,True,188,polygon,183.65786901270772,169.24437927663735,37.888888888888886,3.472809800414142,7.400754983207704,6.606446344378579,-87.83935990458575,0.45070699887961013,0.9660056657223796,37.888888888888886,False,mask,360.0,1.0,True,True,11.112991361325255,387.9822222222223,387.9822222222223,23.682415946264655,21.140628302011454
r563_svd_normalised_tr050_tid7_015,7,15,True,189,polygon,229.10714285714286,93.20714285714286,15.555555555555555,2.2251937260415153,4.89503347120811,4.094928965698872,80.19690235947812,0.5478941088686737,0.958904109589041,15.555555555555555,False,mask,360.0,1.0,True,True,7.12061992333285,159.28888888888892,159.28888888888892,15.664107107865952,13.103772690236392
r563_svd_normalised_tr050_tid7_015,7,15,True,190,polygon,122.82715074980268,86.79821099710603,140.77777777777777,6.694098775910871,13.76371499097496,13.083027211993505,71.21076660070163,0.31058759222226195,0.9791344667697064,140.77777777777777,False,mask,360.0,1.0,True,True,21.42111608291479,1441.5644444444447,1441.5644444444447,44.04388797111987,41.86568707837922
r563_svd_normalised_tr050_tid7_015,7,15,True,191,polygon,313.83523447401774,91.28770595690747,29.22222222222222,3.049872493989379,6.245725327195,6.0606188305229765,-4.230892440285374,0.24165315958517097,0.9887218045112782,29.22222222222222,False,mask,360.0,1.0,True,True,9.759591980766013,299.2355555555556,299.2355555555556,19.986321047024003,19.393980257673526
r563_svd_normalised_tr050_tid7_015,7,15,True,192,polygon,232.71232123212323,51.92519251925193,134.66666666666666,6.547192630388779,13.531003161419344,12.683270073738454,81.37142524561341,0.34839224761593673,0.9782082324455206,134.66666666666666,False,mask,360.0,1.0,True,True,20.951016417244094,1378.986666666667,1378.986666666667,43.2992101165419,40.58646423596306
r563_svd_normalised_tr050_tid7_015,7,15,True,193,polygon,262.61627543035996,219.96713615023475,118.33333333333333,6.137317807078422,12.862149222851356,11.737449451880869,29.04702796502436,0.4089486421237642,0.9806629834254144,118.33333333333333,False,mask,360.0,1.0,True,True,19.639416982650953,1211.7333333333336,1211.7333333333336,41.15887751312434,37.55983824601878
r563_svd_normalised_tr050_tid7_015,7,15,True,194,polygon,195.4230769230769,99.67179487179487,28.88888888888889,3.032427894311487,6.973812966642324,5.330999467547424,73.10898788064404,0.644705439915497,0.9523809523809523,28.88888888888889,False,mask,360.0,1.0,True,True,9.703769261796758,295.8222222222223,295.8222222222223,22.316201493255438,17.05919829615176
r563_svd_normalised_tr050_tid7_015,7,15,True,195,polygon,235.4467120181406,174.0453514739229,32.666666666666664,3.2246120617324645,6.879228705640717,6.061600060122738,81.06759959747987,0.47284559376496177,0.9735099337748344,32.666666666666664,False,mask,360.0,1.0,True,True,10.318758597543887,334.5066666666667,334.5066666666667,22.013531858050296,19.397120192392762
r563_svd_normalised_tr050_tid7_015,7,15,True,196,polygon,195.79817708333334,1.4140625,28.444444444444443,3.0090111122547003,9.73931116236308,3.932710510942577,-88.49843375494844,0.9148483454044586,0.9846153846153847,28.444444444444443,False,mask,360.0,1.0,True,True,9.628835559215041,291.27111111111117,291.27111111111117,31.165795719561856,12.584673635016246
r563_svd_normalised_tr050_tid7_015,7,15,True,197,polygon,80.4074074074074,91.33862433862434,7.0,1.4927053303604616,3.0619907751186037,2.9270666398023586,-69.9508248080658,0.29357575202833863,0.9264705882352942,7.0,False,mask,360.0,1.0,True,True,4.776657057153478,71.68,71.68,9.798370480379532,9.366613247367548
r563_svd_normalised_tr050_tid7_015,7,15,True,198,polygon,191.16666666666666,182.9047619047619,18.666666666666668,2.4375775971438176,5.2972223468771205,4.573401776892719,85.74121118501876,0.5045910755293731,0.9710982658959537,18.666666666666668,False,mask,360.0,1.0,True,True,7.8002483108602165,191.1466666666667,191.1466666666667,16.951111510006786,14.6348856860567
r563_svd_normalised_tr050_tid7_015,7,15,True,199,polygon,314.1927497789567,13.006189213085763,41.888888888888886,3.6515267292719735,7.649365542504618,7.0105616798045824,10.781944602191858,0.40005919686232655,0.9741602067183462,41.888888888888886,False,mask,360.0,1.0,True,True,11.684885533670316,428.94222222222226,428.94222222222226,24.477969736014778,22.433797375374667
r563_svd_normalised_tr050_tid7_015,7,15,True,200,polygon,190.79296066252587,124.33126293995859,17.88888888888889,2.3862544261198764,4.8677632004348785,4.698199072414668,89.85221938482566,0.26163863766892453,0.9757575757575757,17.88888888888889,False,mask,360.0,1.0,True,True,7.636014163583605,183.18222222222226,183.18222222222226,15.576842241391612,15.034237031726938
r563_svd_normalised_tr050_tid7_015,7,15,True,201,polygon,343.4834437086093,85.8841059602649,33.55555555555556,3.2681898766324387,6.851558136064423,6.2560814334002535,54.83390940536987,0.4077606244959225,0.967948717948718,33.55555555555556,False,mask,360.0,1.0,True,True,10.458207605223805,343.608888888889,343.608888888889,21.924986035406153,20.01946058688081
r563_svd_normalised_tr050_tid7_015,7,15,True,202,polygon,350.64316239316236,23.269943019943018,52.0,4.068428945128219,8.342095410055972,7.98598821390383,32.158130740828376,0.28905656023722903,0.9590163934426229,52.0,False,mask,360.0,1.0,True,True,13.018972624410303,532.4800000000001,532.4800000000001,26.69470531217911,25.555162284492255
r563_svd_normalised_tr050_tid7_015,7,15,True,203,polygon,196.78840579710143,136.51014492753623,12.777777777777779,2.016753081099968,4.0925136326799905,3.978444135159721,83.47698268980557,0.23445374101796862,0.9745762711864406,12.777777777777779,False,mask,360.0,1.0,True,True,6.453609859519898,130.8444444444445,130.8444444444445,13.09604362457597,12.731021232511107
r563_svd_normalised_tr050_tid7_015,7,15,True,204,polygon,301.109649122807,88.1578947368421,16.88888888888889,2.318598779434016,4.925208649026255,4.397521508486839,-79.30764955483306,0.4503344579884538,0.9681528662420382,16.88888888888889,False,mask,360.0,1.0,True,True,7.419516094188852,172.94222222222226,172.94222222222226,15.760667676884019,14.072068827157885
r563_svd_normalised_tr050_tid7_015,7,15,True,205,polygon,334.7622739018088,115.32945736434108,28.666666666666668,3.020742194219052,6.0805507613098335,6.029510846189741,-20.25956201757956,0.1292960417412621,0.9772727272727273,28.666666666666668,False,mask,360.0,1.0,True,True,9.666375021500969,293.54666666666674,293.54666666666674,19.45776243619147,19.29443470780717
r563_svd_normalised_tr050_tid7_015,7,15,True,206,polygon,195.69023569023568,158.5875420875421,22.0,2.6462837142006137,5.48118665002479,5.135007003765588,-68.4807481866113,0.3497523084652708,0.9850746268656716,22.0,False,mask,360.0,1.0,True,True,8.468107885441965,225.28000000000003,225.28000000000003,17.539797280079327,16.432022412049882
r563_svd_normalised_tr050_tid7_015,7,15,True,207,polygon,332.5494880546075,177.4288964732651,32.55555555555556,3.219123356371881,6.694621838081912,6.213078848948764,-69.31911820581215,0.37240536189607926,0.9766666666666667,32.55555555555556,False,mask,360.0,1.0,True,True,10.30119474039002,333.368888888889,333.368888888889,21.42278988186212,19.881852316636046
r563_svd_normalised_tr050_tid7_015,7,15,True,208,polygon,256.43822176197887,255.78332651757222,622.5580249952416,14.077157883572978,28.154315767145956,28.154315767145956,,0.0,0.9858044164037855,138.88888888888889,True,circle,130.0,0.3527777777777778,False,True,45.046905227433534,6374.994175951275,1422.2222222222224,90.09381045486707,90.09381045486707
r563_svd_normalised_tr050_tid7_015,7,15,True,209,polygon,323.10537634408604,173.90537634408602,17.22222222222222,2.341367889800214,4.885007155341991,4.501135920440372,84.3254184042545,0.38857169850688605,0.9935897435897436,17.22222222222222,False,mask,360.0,1.0,True,True,7.492377247360685,176.35555555555558,176.35555555555558,15.632022897094371,14.40363494540919
r563_svd_normalised_tr050_tid7_015,7,15,True,210,polygon,194.21960784313725,174.81568627450983,9.444444444444445,1.733856982620033,3.5649715476966573,3.3930880182115124,38.991317001202624,0.30676452448256486,0.9550561797752809,9.444444444444445,False,mask,360.0,1.0,True,True,5.548342344384106,96.71111111111114,96.71111111111114,11.407908952629304,10.85788165827684
r563_svd_normalised_tr050_tid7_015,7,15,True,211,polygon,260.87101449275366,63.594202898550726,25.555555555555557,2.8521195592493016,5.778044910369542,5.643449825793431,-49.254853988222166,0.21458292391635111,0.9787234042553191,25.555555555555557,False,mask,360.0,1.0,True,True,9.126782589597765,261.688888888889,261.688888888889,18.489743713182534,18.05903944253898
r563_svd_normalised_tr050_tid7_015,7,15,True,212,polygon,303.1202874966097,89.44995931651749,273.1111111111111,9.323838624370671,19.204412313971343,18.30844726447546,82.24445699674119,0.30188017872588635,0.9777247414478918,273.1111111111111,False,mask,360.0,1.0,True,True,29.83628359798615,2796.657777777778,2796.657777777778,61.4541194047083,58.58703124632148
r563_svd_normalised_tr050_tid7_015,7,15,True,213,polygon,269.81666666666666,13.288095238095238,15.555555555555555,2.2251937260415153,4.6285828744970114,4.358460189383293,-46.53350996127758,0.3366207600724362,0.9655172413793104,15.555555555555555,False,mask,360.0,1.0,True,True,7.12061992333285,159.28888888888892,159.28888888888892,14.811465198390437,13.947072606026538
r563_svd_normalised_tr050_tid7_015,7,15,True,214,polygon,68.5519568151147,85.74224021592443,27.444444444444443,2.955645105131615,6.018286532716682,5.923347796628274,-56.28274512016896,0.17692155433741794,0.9801587301587301,27.444444444444443,False,mask,360.0,1.0,True,True,9.458064336421169,281.03111111111116,281.03111111111116,19.258516904693384,18.954712949210478
r563_svd_normalised_tr050_tid7_015,7,15,True,215,polygon,287.2520045819015,54.13860252004582,32.333333333333336,3.208117774221498,6.736005820324885,6.152072852295881,-79.95966982392817,0.407261290688105,0.9797979797979798,32.333333333333336,False,mask,360.0,1.0,True,True,10.265976877508795,331.0933333333334,331.0933333333334,21.555218625039632,19.686633127346823
r563_svd_normalised_tr050_tid7_015,7,15,True,216,polygon,247.49929421254285,89.66001209921355,183.66666666666666,7.64610461362012,17.353806594392672,13.608385775362786,78.48340843809065,0.6205423262424283,0.9734982332155477,183.66666666666666,False,mask,360.0,1.0,True,True,24.467534763584386,1880.746666666667,1880.746666666667,55.532181102056555,43.546834481160914
r563_svd_normalised_tr050_tid7_015,7,15,True,217,polygon,169.26826666666668,47.65546666666666,69.44444444444444,4.701579862897969,10.011364810907985,8.869427262019046,48.72908045424101,0.4638077426531998,0.9750390015600624,69.44444444444444,False,mask,360.0,1.0,True,True,15.0450555612735,711.1111111111112,711.1111111111112,32.036367394905554,28.38216723846095
r563_svd_normalised_tr050_tid7_015,7,15,True,218,polygon,40.70873637340703,84.22063565177338,241.22222222222223,8.762614798138545,18.388212360739846,16.865616358625466,66.11075695115088,0.3984336197526746,0.9819086386250565,241.22222222222223,False,mask,360.0,1.0,True,True,28.040367354043344,2470.115555555556,2470.115555555556,58.84227955436751,53.9699723476015
r563_svd_normalised_tr050_tid7_015,7,15,True,219,polygon,284.0511590727418,78.51318944844125,46.333333333333336,3.8403591055849153,8.099710487791697,7.330129103542071,-85.88131476497199,0.42544016316245603,0.9697674418604652,46.333333333333336,False,mask,360.0,1.0,True,True,12.28914913787173,474.45333333333343,474.45333333333343,25.91907356093343,23.456413131334628
r563_svd_normalised_tr050_tid7_015,7,15,True,220,polygon,57.9063670411985,96.84644194756555,9.88888888888889,1.7741846286974687,3.9453075696270967,3.2255052726276454,-81.79117021016336,0.5758507571020464,0.9368421052631579,9.88888888888889,False,mask,360.0,1.0,True,True,5.6773908118319,101.26222222222225,101.26222222222225,12.62498422280671,10.321616872408466
r563_svd_normalised_tr050_tid7_015,7,15,True,221,polygon,50.21875,76.97847222222222,106.66666666666667,5.826924963157755,11.92570112263416,11.427751375447151,80.54367938449658,0.28594623605214337,0.9775967413441955,106.66666666666667,False,mask,360.0,1.0,True,True,18.64615988210482,1092.2666666666669,1092.2666666666669,38.16224359242931,36.56880440143089
r563_svd_normalised_tr050_tid7_015,7,15,True,222,polygon,182.18045112781954,214.94486215538848,14.777777777777779,2.1688505625085828,4.686013831381622,4.088570449712681,-9.383858378342579,0.48860520150506304,0.9432624113475178,14.777777777777779,False,mask,360.0,1.0,True,True,6.940321800027466,151.32444444444448,151.32444444444448,14.995244260421192,13.08342543908058
r563_svd_normalised_tr050_tid7_015,7,15,True,223,polygon,351.3885601577909,89.35108481262328,56.333333333333336,4.234555103158639,8.86549707743148,8.126277551520936,-50.21525215001466,0.39976336633390697,0.9620493358633776,56.333333333333336,False,mask,360.0,1.0,True,True,13.550576330107646,576.8533333333335,576.8533333333335,28.369590647780736,26.004088164866996
r563_svd_normalised_tr050_tid7_015,7,15,True,224,polygon,307.4725609756097,208.06605691056913,36.44444444444444,3.4059693133001936,6.891674744312343,6.747893573688288,-34.61230054649622,0.20320133074927568,0.973293768545994,36.44444444444444,False,mask,360.0,1.0,True,True,10.89910180256062,373.1911111111112,373.1911111111112,22.0533591817995,21.593259435802523
r563_svd_normalised_tr050_tid7_015,7,15,True,225,polygon,157.42272727272726,72.51742424242424,97.77777777777777,5.578855914589337,11.535361509277017,10.821540882117011,64.64835336592843,0.3463132855361889,0.9713024282560706,97.77777777777777,False,mask,360.0,1.0,True,True,17.852338926685878,1001.2444444444445,1001.2444444444445,36.91315682968646,34.628930822774436
r563_svd_normalised_tr050_tid7_015,7,15,True,226,polygon,210.9551971326165,42.306451612903224,20.666666666666668,2.5648400173236943,5.278613070016241,5.042410000117204,-13.278204721354856,0.2957905633649509,0.9587628865979382,20.666666666666668,False,mask,360.0,1.0,True,True,8.207488055435823,211.62666666666672,211.62666666666672,16.891561824051973,16.135712000375054
r563_svd_normalised_tr050_tid7_015,7,15,True,227,polygon,294.4139020537125,82.38546603475514,23.444444444444443,2.7317756940776294,5.49152578002056,5.449964910576614,73.08519557671922,0.12279693670149709,0.9768518518518519,23.444444444444443,False,mask,360.0,1.0,True,True,8.741682221048414,240.07111111111115,240.07111111111115,17.572882496065795,17.439887713845163
r563_svd_normalised_tr050_tid7_015,7,15,True,228,polygon,2.0793433652530777,164.1076151390789,81.22222222222223,5.084666784672336,19.488141617297394,5.692949168314595,0.3753941067438177,0.9563805256972805,0.9772727272727273,81.22222222222223,False,mask,360.0,1.0,True,True,16.27093371095148,831.7155555555557,831.7155555555557,62.36205317535166,18.217437338606704
r563_svd_normalised_tr050_tid7_015,7,15,True,229,polygon,182.87080103359173,92.43238587424634,43.0,3.6996385101659595,7.690151993621858,7.142369504292241,-46.312965007127175,0.3706607859484846,0.9822335025380711,43.0,False,mask,360.0,1.0,True,True,11.83884323253107,440.3200000000001,440.3200000000001,24.608486379589948,22.855582413735174
r563_svd_normalised_tr050_tid7_015,7,15,True,230,polygon,40.70397946084724,81.3374839537869,865.5555555555555,16.5986412207336,36.32690864462204,30.5613486187677,74.93012441156333,0.5405890538876992,0.9599507085643869,865.5555555555555,False,mask,360.0,1.0,True,True,53.11565190634752,8863.28888888889,8863.28888888889,116.24610766279052,97.79631558005664
r563_svd_normalised_tr050_tid7_015,7,15,True,231,polygon,218.6923906400422,231.68488460200416,2471.7433079425223,28.049604828352404,57.97569590444728,54.2834592152866,-28.482804595313702,0.3511637523897268,0.9906724067240672,2147.777777777778,True,ellipse,280.0,0.7138888888888889,True,True,89.7587354507277,25310.651473331432,21993.244444444448,185.5222268942313,173.7070694889171
r563_svd_normalised_tr050_tid7_015,7,15,True,232,polygon,245.39077458659702,220.99390774586595,42.55555555555556,3.680469269723206,7.823521355962232,6.988277587079446,-74.11132649880251,0.44958131567171006,0.9871134020618557,42.55555555555556,False,mask,360.0,1.0,True,True,11.77750166311426,435.76888888888897,435.76888888888897,25.035268339079142,22.362488278654226
r563_svd_normalised_tr050_tid7_015,7,15,True,233,polygon,209.33333333333334,119.06084656084657,14.0,2.111004122822376,4.4483203493938595,4.0601451785129345,30.31562062263773,0.4085483327175676,0.9545454545454546,14.0,False,mask,360.0,1.0,True,True,6.755213193031604,143.36,143.36,14.23462511806035,12.992464571241392
r563_svd_normalised_tr050_tid7_015,7,15,True,234,polygon,67.41052631578948,9.608187134502923,31.666666666666668,3.1748721332498895,6.597800039820787,6.1255918468714015,34.009567528995035,0.37150876259021404,0.9726962457337884,31.666666666666668,False,mask,360.0,1.0,True,True,10.159590826399647,324.26666666666677,324.26666666666677,21.11296012742652,19.601893909988487
r563_svd_normalised_tr050_tid7_015,7,15,True,235,polygon,308.06666666666666,119.36666666666667,8.88888888888889,1.68208834801344,3.5653843405882335,3.2247706298276966,64.53624790380489,0.4265447031577579,0.9195402298850575,8.88888888888889,False,mask,360.0,1.0,True,True,5.382682713643009,91.02222222222224,91.02222222222224,11.409229889882347,10.31926601544863
r563_svd_normalised_tr050_tid7_015,7,15,True,236,polygon,257.53300330033005,51.42409240924093,22.444444444444443,2.6728801986938215,5.6827481088906175,5.047785988634388,-19.15326957423919,0.459331439325039,0.9853658536585366,22.444444444444443,False,mask,360.0,1.0,True,True,8.55321663582023,229.83111111111114,229.83111111111114,18.184793948449975,16.15291516363004
r563_svd_normalised_tr050_tid7_015,7,15,True,237,polygon,198.88,185.29333333333332,8.333333333333334,1.6286750396763998,3.446813252312605,3.063729976131246,72.10962226202625,0.45818140097557564,1.0,8.333333333333334,False,mask,360.0,1.0,True,True,5.21176012696448,85.33333333333336,85.33333333333336,11.029802407400338,9.803935923619989
r563_svd_normalised_tr050_tid7_015,7,15,True,238,polygon,288.6304347826087,83.93236714975846,46.0,3.826519928662906,7.83203774738567,7.49401560778433,-40.92932745276951,0.29061161493503335,0.9764150943396226,46.0,False,mask,360.0,1.0,True,True,12.244863771721299,471.0400000000001,471.0400000000001,25.062520791634146,23.980849944909856
r563_svd_normalised_tr050_tid7_015,7,15,True,239,polygon,346.3667711598746,102.96969696969698,35.44444444444444,3.3589160568491145,6.9365380378016335,6.52916413856876,-62.70819387446066,0.3376512254494419,0.9725609756097561,35.44444444444444,False,mask,360.0,1.0,True,True,10.748531381917168,362.9511111111112,362.9511111111112,22.19692172096523,20.893325243420033
r563_svd_normalised_tr050_tid7_015,7,15,True,240,polygon,276.7979664053263,254.81059535648484,397.4072721801319,11.247162467763525,22.49432493552705,22.49432493552705,,0.0,0.9802890932982917,82.88888888888889,True,circle,120.0,0.3416666666666667,False,True,35.99091989684328,4069.4504671245513,848.7822222222223,71.98183979368656,71.98183979368656
r563_svd_normalised_tr050_tid7_015,7,15,True,241,polygon,269.26785714285717,167.32738095238093,12.444444444444445,1.9902737738139489,4.061811854923136,3.9405280804368767,-17.336993873687312,0.24254372730446522,0.9655172413793104,12.444444444444445,False,mask,360.0,1.0,True,True,6.368876076204637,127.43111111111114,127.43111111111114,12.997797935754036,12.609689857398006
r563_svd_normalised_tr050_tid7_015,7,15,True,242,polygon,264.9555845852384,77.07119529719138,170.11111111111111,7.358535752197984,15.082821753142236,14.396664774801842,16.944810307521458,0.29818727143014745,0.9826700898587933,170.11111111111111,False,mask,360.0,1.0,True,True,23.54731440703355,1741.9377777777781,1741.9377777777781,48.26502961005516,46.06932727936589
r563_svd_normalised_tr050_tid7_015,7,15,True,243,polygon,154.22104548540395,84.59416157501697,272.77777777777777,9.318146993791833,20.628871637085698,16.9206463608491,83.33787313845889,0.5720180916000991,0.9749801429706116,272.77777777777777,False,mask,360.0,1.0,True,True,29.818070380133868,2793.244444444445,2793.244444444445,66.01238923867423,54.14606835471713
r563_svd_normalised_tr050_tid7_015,7,15,True,244,polygon,242.57142857142856,44.77777777777778,7.0,1.4927053303604616,3.355861379628701,2.6654330846900742,82.92797825483665,0.6075754407989035,0.9402985074626866,7.0,False,mask,360.0,1.0,True,True,4.776657057153478,71.68,71.68,10.738756414811844,8.529385871008238
r563_svd_normalised_tr050_tid7_015,7,15,True,245,polygon,252.61111111111111,71.36574074074075,24.0,2.763953195770684,5.791035857041184,5.3088346532914965,41.3354962888171,0.3995000585339453,0.972972972972973,24.0,False,mask,360.0,1.0,True,True,8.84465022646619,245.76000000000005,245.76000000000005,18.531314742531787,16.98827089053279
r563_svd_normalised_tr050_tid7_015,7,15,True,246,polygon,354.93582887700535,27.0,41.55555555555556,3.6369690896669824,7.362519905133144,7.223913763187183,-86.48877923300202,0.1931253644717479,0.9739583333333334,41.55555555555556,False,mask,360.0,1.0,True,True,11.638301086934344,425.528888888889,425.528888888889,23.560063696426063,23.11652404219899
r563_svd_normalised_tr050_tid7_015,7,15,True,247,polygon,350.1235772357723,80.99268292682926,45.55555555555556,3.807989456908756,7.954308657902705,7.311444285847813,-78.10029223964179,0.3938368546395485,0.9692671394799054,45.55555555555556,False,mask,360.0,1.0,True,True,12.185566262108019,466.488888888889,466.488888888889,25.453787705288658,23.396621714713003
r563_svd_normalised_tr050_tid7_015,7,15,True,248,polygon,2.461029923451635,154.35455810716772,106.44444444444444,5.820852085048025,22.00536611557979,6.537478003103446,0.27879406794480627,0.9548508416873918,0.9676767676767677,106.44444444444444,False,mask,360.0,1.0,True,True,18.62672667215368,1089.9911111111112,1089.9911111111112,70.41717156985533,20.919929609931028
r563_svd_normalised_tr050_tid7_015,7,15,True,249,polygon,209.76947040498442,29.246105919003114,11.88888888888889,1.9453408105198318,4.044093723292914,3.769357083770989,59.37634498880704,0.3622918130042954,0.963963963963964,11.88888888888889,False,mask,360.0,1.0,True,True,6.225090593663462,121.74222222222225,121.74222222222225,12.941099914537325,12.061942668067166
r563_svd_normalised_tr050_tid7_015,7,15,True,250,polygon,292.37958532695376,24.67464114832536,23.22222222222222,2.7187980639411693,5.677756175166558,5.236768642947781,-72.20035420820443,0.3864015266373207,0.9952380952380953,23.22222222222222,False,mask,360.0,1.0,True,True,8.700153804611743,237.79555555555558,237.79555555555558,18.168819760532987,16.7576596574329
r563_svd_normalised_tr050_tid7_015,7,15,True,251,polygon,276.1761006289308,127.0377358490566,17.666666666666668,2.3713866525545,5.001498493035594,4.590035073069438,-3.500207128020088,0.39720023699130036,0.9754601226993865,17.666666666666668,False,mask,360.0,1.0,True,True,7.588437288174401,180.90666666666672,180.90666666666672,16.004795177713902,14.688112233822203
r563_svd_normalised_tr050_tid7_015,7,15,True,252,polygon,318.86779184247536,149.41490857946553,26.333333333333332,2.895196079054604,6.330504829845284,5.344563368049259,84.17247699940539,0.5359409401684002,0.9518072289156626,26.333333333333332,False,mask,360.0,1.0,True,True,9.264627452974734,269.65333333333336,269.65333333333336,20.25761545550491,17.102602777757628
r563_svd_normalised_tr050_tid7_015,7,15,True,253,polygon,158.00907029478458,42.04931972789115,65.33333333333333,4.560290111093919,9.267746599369849,9.000075906567409,-76.13096925857386,0.23859956766941137,0.9882352941176471,65.33333333333333,False,mask,360.0,1.0,True,True,14.592928355500542,669.0133333333334,669.0133333333334,29.656789117983518,28.800242901015707
r563_svd_normalised_tr050_tid7_015,7,15,True,254,polygon,358.63958333333335,48.64166666666667,17.77777777777778,2.3788321548703615,4.834659893100343,4.7532322156428215,-30.921935919032695,0.18276021702750248,0.9696969696969697,17.77777777777778,False,mask,360.0,1.0,True,True,7.6122628955851575,182.04444444444448,182.04444444444448,15.4709116579211,15.21034309005703
r563_svd_normalised_tr050_tid7_015,7,15,True,255,polygon,219.14636209813875,172.71065989847716,43.77777777777778,3.7329478246854357,8.076426898889627,6.973601278643322,-54.65103810594117,0.5044322136887398,0.9633251833740831,43.77777777777778,False,mask,360.0,1.0,True,True,11.945433038993395,448.28444444444455,448.28444444444455,25.84456607644681,22.31552409165863
r563_svd_normalised_tr050_tid7_015,7,15,True,256,polygon,336.5958549222798,200.87392055267705,21.444444444444443,2.612657396289405,5.337449429571308,5.163897951327464,11.135305869079646,0.25293148732627607,0.9846938775510204,21.444444444444443,False,mask,360.0,1.0,True,True,8.360503668126096,219.59111111111113,219.59111111111113,17.079838174628186,16.524473444247885
r563_svd_normalised_tr050_tid7_015,7,15,True,257,polygon,311.11323425336167,90.19580089643785,157.0,7.069275219628611,14.806009527688069,13.605537400837882,64.93829712320937,0.3944440925285882,0.9724707501720579,157.0,False,mask,360.0,1.0,True,True,22.621680702811556,1607.6800000000003,1607.6800000000003,47.37923048860182,43.53771968268123
r563_svd_normalised_tr050_tid7_015,7,15,True,258,polygon,-1.3053147166407006,215.84521840497885,48.28131377442652,3.9202575798462007,7.840515159692401,7.840515159692401,,0.0,0.9634146341463414,17.555555555555557,True,circle,150.0,0.4361111111111111,True,True,12.544824255507843,494.4006530501277,179.76888888888894,25.089648511015685,25.089648511015685
r563_svd_normalised_tr050_tid7_015,7,15,True,259,polygon,297.4348561759729,237.73604060913706,87.55555555555556,5.279185441301286,11.152545266473622,10.039702567622582,21.428389757414383,0.4354430947042247,0.9704433497536946,87.55555555555556,False,mask,360.0,1.0,True,True,16.893393412164116,896.5688888888891,896.5688888888891,35.68814485271559,32.12704821639226
r563_svd_normalised_tr050_tid7_015,7,15,True,260,polygon,264.2577777777778,16.73925925925926,25.0,2.8209479177387813,5.758744039128737,5.542961640201786,-76.11711766029967,0.27117661128862597,0.9782608695652174,25.0,False,mask,360.0,1.0,True,True,9.0270333367641,256.00000000000006,256.00000000000006,18.42798092521196,17.737477248645714
r563_svd_normalised_tr050_tid7_015,7,15,True,261,polygon,2.006132282084976,158.80026281208936,84.55555555555556,5.1879542466270925,22.118790013410337,5.5629148424377455,-0.8069518964407424,0.9678568383807072,0.8121664887940235,84.55555555555556,False,mask,360.0,1.0,True,True,16.601453589206695,865.8488888888891,865.8488888888891,70.78012804291308,17.801327495800788
r563_svd_normalised_tr050_tid7_015,7,15,True,262,polygon,252.84918957011982,244.21775898520085,52.55555555555556,4.090104266056646,8.792273951262809,7.634743726197841,-75.09903422875689,0.4959573385595138,0.9752577319587629,52.55555555555556,False,mask,360.0,1.0,True,True,13.08833365138127,538.168888888889,538.168888888889,28.13527664404099,24.431179923833092
r563_svd_normalised_tr050_tid7_015,7,15,True,263,polygon,365.27709320695106,93.75829383886257,117.22222222222223,6.10843615123925,13.42620271856322,11.127295493826688,69.86104779723247,0.5595826111152198,0.9759481961147086,117.22222222222223,False,mask,360.0,1.0,True,True,19.5469956839656,1200.3555555555558,1200.3555555555558,42.963848699402305,35.6073455802454
r563_svd_normalised_tr050_tid7_015,7,15,True,264,polygon,287.9945877959238,247.19011022349827,90.78176279364067,5.375568117176792,10.751136234353584,10.751136234353584,,0.0,0.9811023622047244,69.22222222222223,True,circle,230.0,0.6416666666666667,True,True,17.201817974965735,929.6052510068806,708.8355555555557,34.40363594993147,34.40363594993147
r563_svd_normalised_tr050_tid7_015,7,15,True,265,polygon,251.71681415929206,182.39823008849558,12.555555555555555,1.9991391797128957,4.238585420916031,3.7966407283187604,-40.247419640872536,0.44459244002805903,0.9186991869918699,12.555555555555555,False,mask,360.0,1.0,True,True,6.397245375081266,128.56888888888892,128.56888888888892,13.563473346931302,12.149250330620035
r563_svd_normalised_tr050_tid7_015,7,15,True,266,polygon,338.7848484848485,42.160606060606064,24.444444444444443,2.7894279572946683,6.025802179448262,5.292170014848106,-8.11432706372956,0.47819895539142576,0.9691629955947136,24.444444444444443,False,mask,360.0,1.0,True,True,8.926169463342939,250.31111111111113,250.31111111111113,19.28256697423444,16.93494404751394
r563_svd_normalised_tr050_tid7_015,7,15,True,267,polygon,344.7016877637131,28.5957805907173,87.77777777777777,5.285880669662389,10.672580792457927,10.497441569943652,3.4038127044200532,0.1804192677946822,0.9813664596273292,87.77777777777777,False,mask,360.0,1.0,True,True,16.914818142919646,898.8444444444445,898.8444444444445,34.152258535865364,33.59181302381969
r563_svd_normalised_tr050_tid7_015,7,15,True,268,polygon,241.41632088520055,2.5269709543568464,26.77777777777778,2.9195258856018533,6.05161985693162,5.661514615967609,76.54806178012183,0.35322856571756106,0.9796747967479674,26.77777777777778,False,mask,360.0,1.0,True,True,9.342482833925931,274.2044444444445,274.2044444444445,19.365183542181185,18.11684677109635
r563_svd_normalised_tr050_tid7_015,7,15,True,269,polygon,333.5785837651122,20.848013816925732,21.444444444444443,2.612657396289405,5.392529576033105,5.118712138779133,-58.06879958026963,0.3146045697160707,0.9698492462311558,21.444444444444443,False,mask,360.0,1.0,True,True,8.360503668126096,219.59111111111113,219.59111111111113,17.25609464330594,16.379878844093223
r563_svd_normalised_tr050_tid7_015,7,15,True,270,polygon,-4.368887993582405,198.72289902859038,117.39549244878751,6.11294902971255,12.2258980594251,12.2258980594251,,0.0,0.9366197183098591,14.777777777777779,True,circle,100.0,0.28055555555555556,False,True,19.561436895080163,1202.1298426755843,151.32444444444448,39.12287379016033,39.12287379016033
r563_svd_normalised_tr050_tid7_015,7,15,True,271,polygon,284.132183908046,33.4051724137931,12.88888888888889,2.0255025932488326,4.122838573581527,3.985153244492771,41.11283608922212,0.25627376757804277,0.9586776859504132,12.88888888888889,False,mask,360.0,1.0,True,True,6.481608298396265,131.98222222222225,131.98222222222225,13.193083435460887,12.752490382376868
r563_svd_normalised_tr050_tid7_015,7,15,True,272,polygon,173.95757575757577,88.34545454545456,12.222222222222221,1.9724234242343992,4.18499485325643,3.754878783743185,-23.58790119866768,0.44157522749797035,0.9482758620689655,12.222222222222221,False,mask,360.0,1.0,True,True,6.311754957550078,125.15555555555557,125.15555555555557,13.391983530420575,12.015612107978193
r563_svd_normalised_tr050_tid7_015,7,15,True,273,polygon,215.67499999999998,122.9875,8.88888888888889,1.68208834801344,3.7711580904721305,3.0142771366725047,77.97973878902113,0.60093556033425,0.9411764705882353,8.88888888888889,False,mask,360.0,1.0,True,True,5.382682713643009,91.02222222222224,91.02222222222224,12.067705889510819,9.645686837352017
r563_svd_normalised_tr050_tid7_015,7,15,True,274,polygon,254.2685185185185,217.9351851851852,12.0,1.9544100476116797,3.939877376880652,3.8975212832818653,-45.0,0.14623832821492105,1.0,12.0,False,mask,360.0,1.0,True,True,6.254112152357376,122.88000000000002,122.88000000000002,12.607607606018087,12.47206810650197
r563_svd_normalised_tr050_tid7_015,7,15,True,275,polygon,201.13043478260872,169.56521739130434,20.444444444444443,2.5510132857752708,5.242935350173266,4.994428007642453,17.606068546657585,0.3042209856667215,0.9435897435897436,20.444444444444443,False,mask,360.0,1.0,True,True,8.163242514480867,209.35111111111112,209.35111111111112,16.77739312055445,15.98216962445585
r563_svd_normalised_tr050_tid7_015,7,15,True,276,polygon,211.63733333333334,35.336,13.88888888888889,2.1026104350168002,4.560592912397712,3.8911295501790537,78.28618217528395,0.5215725333122704,0.9615384615384616,13.88888888888889,False,mask,360.0,1.0,True,True,6.728353392053761,142.22222222222226,142.22222222222226,14.593897319672678,12.451614560572972
r563_svd_normalised_tr050_tid7_015,7,15,True,277,polygon,300.2973337807106,247.05505926548173,23.587523143716925,2.7400988681494804,5.480197736298961,5.480197736298961,,0.0,0.9723502304147466,23.444444444444443,True,circle,270.0,0.8527777777777777,True,True,8.768316378078337,241.53623699166135,240.07111111111115,17.536632756156674,17.536632756156674
r563_svd_normalised_tr050_tid7_015,7,15,True,278,polygon,266.2419047619048,3.0399999999999996,19.444444444444443,2.4878422172674357,5.191632287896382,4.817032045221075,-35.86949012580184,0.37296507401962853,0.9510869565217391,19.444444444444443,False,mask,360.0,1.0,True,True,7.961095095255795,199.11111111111114,199.11111111111114,16.61322332126842,15.41450254470744
r563_svd_normalised_tr050_tid7_015,7,15,True,279,polygon,216.74074074074073,176.29907407407407,40.0,3.5682482323055424,8.111990861692208,6.391363504156513,-41.49357297037765,0.6158148938099469,0.9473684210526315,40.0,False,mask,360.0,1.0,True,True,11.418394343377736,409.6000000000001,409.6000000000001,25.958370757415068,20.452363213300842
r563_svd_normalised_tr050_tid7_015,7,15,True,280,polygon,341.7783505154639,51.448453608247426,21.555555555555557,2.6194171938653197,5.3842595357394,5.110034475176994,33.506533596446246,0.3150679290456403,0.9797979797979798,21.555555555555557,False,mask,360.0,1.0,True,True,8.382135020369024,220.72888888888895,220.72888888888895,17.22963051436608,16.352110320566382
r563_svd_normalised_tr050_tid7_015,7,15,True,281,polygon,215.7726864330638,1.9326145552560645,41.22222222222222,3.6223529457796464,10.64592551124457,5.216398739914206,-88.56440433412607,0.8717279641807818,0.961139896373057,41.22222222222222,False,mask,360.0,1.0,True,True,11.59152942649487,422.1155555555556,422.1155555555556,34.06696163598263,16.69247596772546
r563_svd_normalised_tr050_tid7_015,7,15,True,282,polygon,255.91571969696972,17.943181818181817,39.111111111111114,3.528378285600818,7.447347481196643,6.716705750032092,7.606006673558876,0.4319608570227958,0.9643835616438357,39.111111111111114,False,mask,360.0,1.0,True,True,11.290810513922619,400.4977777777779,400.4977777777779,23.83151193982926,21.493458400102696
r563_svd_normalised_tr050_tid7_015,7,15,True,283,polygon,361.2303370786517,77.16042446941323,59.333333333333336,4.345847049798031,8.892385177973093,8.543214160685958,-85.35543969983495,0.2774720662805369,0.9762340036563071,59.333333333333336,False,mask,360.0,1.0,True,True,13.906710559353698,607.5733333333335,607.5733333333335,28.4556325695139,27.338285314195065
r563_svd_normalised_tr050_tid7_015,7,15,True,284,polygon,341.2671009771987,168.14115092290987,34.111111111111114,3.2951333653405315,7.025174854572615,6.215421175723129,78.32788151171339,0.46609355151982745,0.9654088050314465,34.111111111111114,False,mask,360.0,1.0,True,True,10.544426769089702,349.29777777777787,349.29777777777787,22.48055953463237,19.889347762314014
r563_svd_normalised_tr050_tid7_015,7,15,True,285,polygon,1.5943223443223442,160.6849816849817,40.44444444444444,3.588017071848705,12.398246703153532,4.548100144526678,1.4127452525044972,0.9302863618542351,0.9811320754716981,40.44444444444444,False,mask,360.0,1.0,True,True,11.481654629915857,414.15111111111116,414.15111111111116,39.674389450091304,14.553920462485372
r563_svd_normalised_tr050_tid7_015,7,15,True,286,polygon,205.3078231292517,61.4906462585034,43.55555555555556,3.723461283746705,7.830488421613887,7.118401426661361,5.108216592867867,0.41666032305697825,0.9631449631449631,43.55555555555556,False,mask,360.0,1.0,True,True,11.915076107989456,446.008888888889,446.008888888889,25.05756294916444,22.778884565316357
r563_svd_normalised_tr050_tid7_015,7,15,True,287,polygon,398.04339379320805,81.86721997595531,28.804793344457657,3.0280109793430285,7.754337515068969,4.729662836163189,2.3563057643427214,0.7924493641196878,0.9869565217391304,25.22222222222222,True,ellipse,180.0,0.7111111111111111,True,True,9.689635133897692,294.96108384724647,258.27555555555557,24.813880048220703,15.134921075722204
r563_svd_normalised_tr050_tid7_015,7,15,True,288,polygon,348.7370184254607,41.940256839754326,66.33333333333333,4.595057756277366,10.392826591211058,8.174140017668561,-55.66006761461818,0.6175679863559348,0.9770867430441899,66.33333333333333,False,mask,360.0,1.0,True,True,14.70418482008757,679.2533333333334,679.2533333333334,33.25704509187539,26.157248056539398
r563_svd_normalised_tr050_tid7_015,7,15,True,289,polygon,214.4789029535865,226.2004219409283,17.555555555555557,2.363917699663443,5.009447287851959,4.488419386879659,-83.63105075358175,0.44407233028339066,0.9813664596273292,17.555555555555557,False,mask,360.0,1.0,True,True,7.564536638923018,179.76888888888894,179.76888888888894,16.03023132112627,14.36294203801491
r563_svd_normalised_tr050_tid7_015,7,15,True,290,polygon,362.6666666666667,95.07692307692308,10.11111111111111,1.7940085359243525,3.771236166328254,3.429823508892381,90.0,0.415771085986651,0.978494623655914,10.11111111111111,False,mask,360.0,1.0,True,True,5.7408273149579285,103.53777777777779,103.53777777777779,12.067955732250413,10.97543522845562
r563_svd_normalised_tr050_tid7_015,7,15,True,291,polygon,377.796875,87.62630208333333,28.444444444444443,3.0090111122547003,6.253477395135423,5.883665324213276,0.2756401021141585,0.33878735049400666,0.9884169884169884,28.444444444444443,False,mask,360.0,1.0,True,True,9.628835559215041,291.27111111111117,291.27111111111117,20.011127664433356,18.827729037482484
r563_svd_normalised_tr050_tid7_015,7,15,True,292,polygon,291.11207086127126,-3.1965609781285202,45.22639669011672,3.7942073194455284,7.588414638891057,7.588414638891057,,0.0,0.9722222222222222,3.888888888888889,True,circle,80.0,0.24722222222222223,False,True,12.14146342222569,463.11830210679534,39.82222222222223,24.28292684445138,24.28292684445138
r563_svd_normalised_tr050_tid7_015,7,15,True,293,polygon,330.71581196581195,221.99572649572647,17.333333333333332,2.3489085466486426,4.732197935653125,4.688029728551964,-63.16937217373387,0.13630841972427038,0.9454545454545454,17.333333333333332,False,mask,360.0,1.0,True,True,7.516507349275656,177.49333333333337,177.49333333333337,15.14303339409,15.001695131366285
r563_svd_normalised_tr050_tid7_015,7,15,True,294,polygon,345.38647342995165,36.507246376811594,15.333333333333334,2.2092423108729964,4.5507601881131885,4.300108887499264,-76.72825645451856,0.3272984808118999,0.9787234042553191,15.333333333333334,False,mask,360.0,1.0,True,True,7.069575394793588,157.01333333333338,157.01333333333338,14.562432601962204,13.760348439997646
r563_svd_normalised_tr050_tid7_015,7,15,True,295,polygon,210.62991452991454,67.12307692307692,43.333333333333336,3.713950511422789,7.666313152212265,7.211230194189823,-31.968510128472854,0.33940977280573686,0.9798994974874372,43.333333333333336,False,mask,360.0,1.0,True,True,11.884641636552926,443.73333333333346,443.73333333333346,24.53220208707925,23.075936621407436
r563_svd_normalised_tr050_tid7_015,7,15,True,296,polygon,211.05534591194967,66.42138364779875,29.444444444444443,3.0614470042540436,6.379663752330664,5.915034286236096,24.40312010327775,0.37464032230091165,0.9706959706959707,29.444444444444443,False,mask,360.0,1.0,True,True,9.79663041361294,301.5111111111112,301.5111111111112,20.414924007458126,18.928109715955507
r563_svd_normalised_tr050_tid7_015,7,15,True,297,polygon,229.2280701754386,150.69298245614036,4.222222222222222,1.159299389717008,2.7395956303692475,1.9888119413634213,-86.93413366702012,0.6877465201829955,0.926829268292683,4.222222222222222,False,mask,360.0,1.0,True,True,3.709758047094426,43.235555555555564,43.235555555555564,8.766706017181592,6.364198212362949
r563_svd_normalised_tr050_tid7_015,7,15,True,298,polygon,-0.6047820296037555,181.8953791594675,27.891281523689084,2.9796091433819867,5.959218286763973,5.959218286763973,,0.0,0.9448818897637795,13.333333333333334,True,circle,160.0,0.4861111111111111,True,True,9.534749258822357,285.60672280257626,136.53333333333336,19.069498517644714,19.069498517644714
r563_svd_normalised_tr050_tid7_015,7,15,True,299,polygon,229.54666666666665,150.22,5.555555555555555,1.329807601338109,2.849224513645243,2.4902939816992435,-29.538174342035504,0.48588061966510876,0.9433962264150944,5.555555555555555,False,mask,360.0,1.0,True,True,4.255384324281949,56.8888888888889,56.8888888888889,9.117518443664778,7.96894074143758
r563_svd_normalised_tr050_tid7_015,7,15,True,300,polygon,262.74414715719064,238.92251950947605,66.44444444444444,4.598904603126305,9.397966984087157,9.025689644490265,-85.7704589062214,0.2786681287189398,0.964516129032258,66.44444444444444,False,mask,360.0,1.0,True,True,14.716494730004175,680.3911111111112,680.3911111111112,30.073494349078903,28.88220686236885
r563_svd_normalised_tr050_tid7_015,7,15,True,301,polygon,203.82008626001232,5.794208256315465,60.111111111111114,4.374238326401406,9.204935924791526,8.331504292594046,56.54912525186105,0.4251717571011982,0.9747747747747748,60.111111111111114,False,mask,360.0,1.0,True,True,13.997562644484502,615.5377777777779,615.5377777777779,29.455794959332884,26.66081373630095
r563_svd_normalised_tr050_tid7_015,7,15,True,302,polygon,199.51388888888889,112.68518518518518,8.0,1.5957691216057308,3.4985226617981375,2.9645915121174617,49.96424448164857,0.5309808419580931,0.9113924050632911,8.0,False,mask,360.0,1.0,True,True,5.106461189138339,81.92000000000002,81.92000000000002,11.195272517754042,9.486692838775879
r563_svd_normalised_tr050_tid7_015,7,15,True,303,polygon,19.782608695652176,153.3768115942029,7.666666666666667,1.5621702193025344,3.2267439218852214,3.0343914299307855,-68.17837582797107,0.3401033846957023,0.9452054794520548,7.666666666666667,False,mask,360.0,1.0,True,True,4.99894470176811,78.50666666666669,78.50666666666669,10.32558055003271,9.710052575778514
r563_svd_normalised_tr050_tid7_015,7,15,True,304,polygon,188.80180180180182,4.183183183183183,12.333333333333334,1.9813687010751142,4.083622063438747,3.8822063425308833,-16.126128393010653,0.31018201607456924,0.940677966101695,12.333333333333334,False,mask,360.0,1.0,True,True,6.340379843440366,126.29333333333336,126.29333333333336,13.06759060300399,12.423060296098827
r563_svd_normalised_tr050_tid7_015,7,15,True,305,polygon,157.2051282051282,9.33076923076923,14.444444444444445,2.144250327526896,4.5937203097884565,4.05544195558043,79.02741575056392,0.46970580858968614,0.9848484848484849,14.444444444444445,False,mask,360.0,1.0,True,True,6.861601048086067,147.91111111111115,147.91111111111115,14.699904991323061,12.977414257857376
r563_svd_normalised_tr050_tid7_015,7,15,True,306,polygon,358.49838187702267,19.019417475728154,11.444444444444445,1.9086329685269052,3.9425755697197524,3.717820820705141,70.76415439354302,0.33281280966115956,0.9537037037037037,11.444444444444445,False,mask,360.0,1.0,True,True,6.107625499286097,117.19111111111114,117.19111111111114,12.61624182310321,11.897026626256451
r563_svd_normalised_tr050_tid7_015,7,15,True,307,polygon,188.6875,83.875,3.5555555555555554,1.063846081070487,2.4240094432194472,1.909191334705948,-4.657855507209962,0.6161649726027998,0.8888888888888888,3.5555555555555554,False,mask,360.0,1.0,True,True,3.4043074594255587,36.408888888888896,36.408888888888896,7.756830218302231,6.109412271059034
r563_svd_normalised_tr050_tid7_015,7,15,True,308,polygon,68.96950240770465,84.19529159978599,138.44444444444446,6.638391021466666,14.400309643969813,12.467911568200721,-89.89575076231463,0.5003753710585074,0.9818754925137904,138.44444444444446,False,mask,360.0,1.0,True,True,21.242851268693332,1417.6711111111115,1417.6711111111115,46.0809908607034,39.89731701824231
r563_svd_normalised_tr050_tid7_015,7,15,True,309,polygon,385.4973544973545,84.06349206349206,14.0,2.111004122822376,4.35050797869032,4.1275522006711896,72.62022254758068,0.3160222376980624,0.9545454545454546,14.0,False,mask,360.0,1.0,True,True,6.755213193031604,143.36,143.36,13.921625531809026,13.208167042147807
r563_svd_normalised_tr050_tid7_015,7,15,True,310,polygon,221.56862745098042,151.35294117647058,5.666666666666667,1.343039843678566,3.3581484105190462,2.192466529351669,-82.78810610213029,0.7574617164417426,0.8947368421052632,5.666666666666667,False,mask,360.0,1.0,True,True,4.297727499771411,58.02666666666668,58.02666666666668,10.746074913660948,7.015892893925342
r563_svd_normalised_tr050_tid7_015,7,15,True,311,polygon,189.80416666666667,120.37083333333334,8.88888888888889,1.68208834801344,3.5034165479797665,3.235388563682607,-73.01077486842401,0.3836098423919644,0.963855421686747,8.88888888888889,False,mask,360.0,1.0,True,True,5.382682713643009,91.02222222222224,91.02222222222224,11.210932953535254,10.353243403784344
r563_svd_normalised_tr050_tid7_015,7,15,True,312,polygon,318.4387031408308,21.952380952380953,36.55555555555556,3.4111573883762865,7.967421203400481,5.903504007511763,78.66661798219249,0.6715542048525134,0.9454022988505747,36.55555555555556,False,mask,360.0,1.0,True,True,10.915703642804118,374.32888888888897,374.32888888888897,25.495747850881543,18.89121282403764
r563_svd_normalised_tr050_tid7_015,7,15,True,313,polygon,313.7386666666667,91.02844444444445,41.666666666666664,3.641828101973597,7.456319343735281,7.133967096615816,-35.842136365331456,0.29085247256145336,0.946969696969697,41.666666666666664,False,mask,360.0,1.0,True,True,11.65384992631551,426.66666666666674,426.66666666666674,23.8602218999529,22.828694709170612
r563_svd_normalised_tr050_tid7_015,7,15,True,314,polygon,248.8388195207977,249.21560690046755,50.873363146501305,4.024114117784122,8.048228235568244,8.048228235568244,,0.0,0.9881422924901185,27.77777777777778,True,circle,180.0,0.525,True,True,12.877165176909191,520.9432386201735,284.4444444444445,25.754330353818382,25.754330353818382
r563_svd_normalised_tr050_tid7_015,7,15,True,315,polygon,389.3363095238096,75.45535714285714,12.444444444444445,1.9902737738139489,4.088770899490277,3.9152634818602565,-6.853619051586552,0.2882177468691383,0.9824561403508771,12.444444444444445,False,mask,360.0,1.0,True,True,6.368876076204637,127.43111111111114,127.43111111111114,13.084066878368887,12.528843141952821
r563_svd_normalised_tr050_tid7_015,7,15,True,316,polygon,293.4684684684685,161.63513513513513,8.222222222222221,1.6177807699850402,3.8164522158716725,2.7373284374870193,4.660033367517452,0.6968218383996295,0.9487179487179487,8.222222222222221,False,mask,360.0,1.0,True,True,5.176898463952129,84.19555555555556,84.19555555555556,12.212647090789353,8.759450999958462
r563_svd_normalised_tr050_tid7_015,7,15,True,317,polygon,290.8807817820934,-1.8196323451028056,25.400546097338758,2.843456512283954,5.686913024567908,5.686913024567908,,0.0,0.8909090909090909,5.444444444444445,True,circle,120.0,0.3472222222222222,False,True,9.099060839308654,260.1015920367489,55.75111111111112,18.19812167861731,18.19812167861731
r563_svd_normalised_tr050_tid7_015,7,15,True,318,polygon,176.55555555555554,1.674074074074074,40.0,3.5682482323055424,11.80966235923001,4.5398248194961175,-88.42013221611862,0.9231599164092253,0.9651474530831099,40.0,False,mask,360.0,1.0,True,True,11.418394343377736,409.6000000000001,409.6000000000001,37.790919549536035,14.527439422387577
