frame,run,train,frame_idx,reviewed,bubble_id,shape_type,x,y,area_px2,r_eq,major_axis,minor_axis,orientation_deg,eccentricity,solidity,area_visible_px2,edge_truncated,fit_kind,arc_deg,outline_visible_frac,fit_reliable,in_analysis,r_eq_um,area_um2,area_visible_um2,major_axis_um,minor_axis_um
r560_svd_normalised_tr050_tid0_010,r560,0,10,False,0,circle,259.0535766000579,157.37764262959746,127.88888888888879,6.380305452436712,12.760610904873447,12.760610904873403,,8.296615425989064e-08,1.0,127.77777777777777,False,circle,360.0,1.0,True,True,20.41697744779748,1309.5822222222214,1308.4444444444446,40.833954895595035,40.83395489559489
r560_svd_normalised_tr050_tid0_010,r560,0,10,False,1,circle,212.2439704823614,183.68844492440604,411.55555555555515,11.445619338733728,22.891238677467456,22.891238677467456,,0.0,1.0,412.3333333333333,False,circle,360.0,1.0,True,True,36.62598188394793,4214.328888888886,4222.293333333334,73.25196376789586,73.25196376789586
r560_svd_normalised_tr050_tid0_010,r560,0,10,False,2,ellipse,277.0641855447681,166.57766990291262,68.66666666666673,4.675176879144465,9.816237724773877,8.906580897536475,59.388039338047776,0.4204161001929918,1.0,68.55555555555556,False,ellipse,360.0,1.0,True,True,14.960566013262289,703.1466666666674,702.008888888889,31.411960719276408,28.501058872116722
r560_svd_normalised_tr050_tid0_010,r560,0,10,False,3,circle,217.82821480879042,229.93000815410036,72.97553207717785,4.819629997176967,9.639259994353933,9.639259994353933,,0.0,1.0,72.77777777777777,False,circle,360.0,1.0,True,True,15.422815990966294,747.2694484703013,745.2444444444445,30.845631981932588,30.845631981932588
r560_svd_normalised_tr050_tid0_010,r560,0,10,False,4,circle,209.9956376700026,193.1390813446241,144.3333333333337,6.778106439549365,13.556212879098732,13.55621287909873,,1.4901161193847656e-08,1.0,144.77777777777777,False,circle,360.0,1.0,True,True,21.68994060655797,1477.9733333333375,1482.5244444444447,43.379881213115944,43.37988121311594
r560_svd_normalised_tr050_tid0_010,r560,0,10,False,5,circle,315.52592188148054,184.49742824413437,215.2173585120476,8.276823840867095,16.553647681734223,16.553647681734162,,8.560065398421926e-08,1.0,215.44444444444446,False,circle,360.0,1.0,True,True,26.485836290774706,2203.825751163368,2206.1511111111117,52.97167258154951,52.97167258154932
r560_svd_normalised_tr050_tid0_010,r560,0,10,False,6,circle,259.2029094892348,174.18868619702977,253.6966283864437,8.986331003635485,17.97266200727097,17.97266200727097,,0.0,1.0,253.66666666666666,False,circle,360.0,1.0,True,True,28.75625921163355,2597.853474677184,2597.546666666667,57.5125184232671,57.5125184232671
r560_svd_normalised_tr050_tid0_010,r560,0,10,False,7,circle,202.5431721205988,144.5407305087468,26.871050705372358,2.924606142998736,5.8492122859974724,5.849212285997472,,1.4901161193847656e-08,1.0,27.22222222222222,False,circle,360.0,1.0,True,True,9.358739657595954,275.159559223013,278.7555555555556,18.717479315191913,18.71747931519191
r560_svd_normalised_tr050_tid0_010,r560,0,10,False,8,circle,302.22479061976543,171.71524288107204,110.55555555555489,5.9321940549744685,11.864388109948957,11.864388109948917,,8.161702118890973e-08,1.0,110.55555555555556,False,circle,360.0,1.0,True,True,18.9830209759183,1132.0888888888824,1132.0888888888892,37.966041951836665,37.96604195183654
r560_svd_normalised_tr050_tid0_010,r560,0,10,False,9,circle,203.27244203190105,213.74990500199584,357.2700262116197,10.6640790216643,21.3281580433286,21.328158043328596,,2.1073424255447017e-08,1.0,357.44444444444446,False,circle,360.0,1.0,True,True,34.12505286932576,3658.4450684069866,3660.231111111112,68.25010573865153,68.25010573865151
r560_svd_normalised_tr050_tid0_010,r560,0,10,False,10,circle,196.75749524920545,197.95224757493693,80.77376951461737,5.070610355848061,10.141220711696121,10.141220711696121,,0.0,1.0,80.66666666666667,False,circle,360.0,1.0,True,True,16.225953138713795,827.1233998296821,826.0266666666669,32.45190627742759,32.45190627742759
r560_svd_normalised_tr050_tid0_010,r560,0,10,False,11,circle,206.11599251109436,174.86309882653103,293.77668719711863,9.670161522185962,19.340323044371925,19.34032304437192,,2.1073424255447017e-08,1.0,294.22222222222223,False,circle,360.0,1.0,True,True,30.94451687099508,3008.273276898495,3012.8355555555563,61.88903374199016,61.88903374199015
r560_svd_normalised_tr050_tid0_010,r560,0,10,False,12,circle,219.84962919034894,232.16080909909846,235.93032815982417,8.665965376336212,17.331930752672424,17.331930752672424,,0.0,1.0,236.44444444444446,False,circle,360.0,1.0,True,True,27.73108920427588,2415.9265603566,2421.1911111111117,55.46217840855176,55.46217840855176
r560_svd_normalised_tr050_tid0_010,r560,0,10,False,13,ellipse,273.37525102614495,239.92103221664564,75.82277685230454,4.91275273853631,10.384699613158496,9.29642276389556,84.01323290634213,0.44565695388544524,1.0,76.11111111111111,False,ellipse,360.0,1.0,True,True,15.720808763316192,776.4252349675986,779.377777777778,33.23103876210719,29.74855284446579
r560_svd_normalised_tr050_tid0_010,r560,0,10,False,14,circle,315.8286108381175,218.36143965661307,65.17812035584593,4.554869929223306,9.109739858446632,9.109739858446593,,9.30577218293905e-08,1.0,65.0,False,circle,360.0,1.0,True,True,14.57558377351458,667.4239524438625,665.6000000000001,29.151167547029225,29.1511675470291
r560_svd_normalised_tr050_tid0_010,r560,0,10,False,15,circle,208.44204312726805,159.00205034132247,195.0051862330565,7.87858354243281,15.75716708486562,15.757167084865618,,1.4901161193847656e-08,1.0,194.77777777777777,False,circle,360.0,1.0,True,True,25.21146733578499,1996.853107026499,1994.5244444444447,50.42293467156998,50.422934671569976
r560_svd_normalised_tr050_tid0_010,r560,0,10,False,16,circle,234.8443420378904,154.26728110599078,72.33333333333351,4.798376298356308,9.596752596712616,9.596752596712616,,0.0,1.0,72.11111111111111,False,circle,360.0,1.0,True,True,15.354804154740187,740.6933333333353,738.4177777777779,30.709608309480373,30.709608309480373
r560_svd_normalised_tr050_tid0_010,r560,0,10,False,17,circle,198.81717648413488,115.82259392423606,120.54755388817378,6.1944715801978605,12.38894316039573,12.38894316039571,,5.5755039852469285e-08,1.0,120.55555555555556,False,circle,360.0,1.0,True,True,19.822309056633156,1234.4069518148997,1234.488888888889,39.64461811326634,39.644618113266276
r560_svd_normalised_tr050_tid0_010,r560,0,10,False,18,circle,213.41534893527302,124.72043010752688,175.6666666666664,7.477729379494318,14.955458758988641,14.955458758988632,,3.332000937312528e-08,1.0,176.0,False,circle,360.0,1.0,True,True,23.928734014381817,1798.8266666666643,1802.2400000000002,47.857468028763655,47.85746802876363
r560_svd_normalised_tr050_tid0_010,r560,0,10,False,19,circle,271.77902829334334,230.18564027127752,501.73060920430095,12.637476532549725,25.27495306509946,25.274953065099435,,4.470348358154297e-08,1.0,502.22222222222223,False,circle,360.0,1.0,True,True,40.43992490415912,5137.721438252042,5142.755555555556,80.87984980831828,80.8798498083182
r560_svd_normalised_tr050_tid0_010,r560,0,10,False,20,circle,274.26027397260276,139.2283105022831,16.22222222222238,2.272376225276916,4.544752450553861,4.544752450553804,,1.5840151626966372e-07,1.0,16.444444444444443,False,circle,360.0,1.0,True,True,7.2716039208861325,166.11555555555722,168.39111111111112,14.543207841772356,14.543207841772173
r560_svd_normalised_tr050_tid0_010,r560,0,10,False,21,ellipse,208.63527934714375,128.72693032015067,58.99999999999992,4.333622420659607,9.044630724890466,8.305605328103017,42.86581041810382,0.3959055002854995,1.0,58.888888888888886,False,ellipse,360.0,1.0,True,True,13.867591746110742,604.1599999999993,603.0222222222224,28.94281831964949,26.577937049929655
r560_svd_normalised_tr050_tid0_010,r560,0,10,False,22,circle,264.375118708452,146.43589743589743,39.00000000000019,3.5233628199729727,7.046725639945974,7.046725639945917,,1.2731557704981462e-07,1.0,39.333333333333336,False,circle,360.0,1.0,True,True,11.274761023913513,399.36000000000206,402.7733333333334,22.549522047827118,22.549522047826937
r560_svd_normalised_tr050_tid0_010,r560,0,10,False,23,circle,198.09417040358744,133.98953662182362,49.55555555555536,3.971652458192099,7.943304916384198,7.943304916384197,,1.4901161193847656e-08,1.0,49.44444444444444,False,circle,360.0,1.0,True,True,12.709287866214718,507.448888888887,506.3111111111112,25.418575732429435,25.41857573242943
r560_svd_normalised_tr050_tid0_010,r560,0,10,False,24,ellipse,294.66862745098035,230.31848739495797,132.22222222222263,6.487498786629834,13.569590731741858,12.406458334243657,84.28546803989684,0.40507400606107336,1.0,132.22222222222223,False,ellipse,360.0,1.0,True,True,20.75999611721547,1353.95555555556,1353.955555555556,43.42269034157395,39.700666669579704
r560_svd_normalised_tr050_tid0_010,r560,0,10,False,25,ellipse,224.54525386313463,142.3818984547461,16.777777777777615,2.3109592239720125,4.822000104585059,4.430138879327865,-7.064247848034029,0.3948753324944008,1.0,17.0,False,ellipse,360.0,1.0,True,True,7.39506951671044,171.80444444444282,174.08000000000004,15.43040033467219,14.176444413849168
r560_svd_normalised_tr050_tid0_010,r560,0,10,False,26,circle,256.9624313056661,162.91410839492133,781.7777777777774,15.77490397642601,31.54980795285202,31.54980795285202,,0.0,1.0,782.3333333333334,False,circle,360.0,1.0,True,True,50.479692724563236,8005.404444444442,8011.093333333335,100.95938544912647,100.95938544912647
r560_svd_normalised_tr050_tid0_010,r560,0,10,False,27,circle,233.87056735667326,137.44538832668462,222.30844968353506,8.412073306650449,16.824146613300897,16.824146613300897,,0.0,1.0,221.88888888888889,False,circle,360.0,1.0,True,True,26.918634581281438,2276.4385247593996,2272.1422222222227,53.837269162562876,53.837269162562876
r560_svd_normalised_tr050_tid0_010,r560,0,10,False,28,circle,234.31412488623872,211.31690830674293,331.7368062770085,10.275947890535878,20.55189578107176,20.551895781071757,,2.1073424255447017e-08,1.0,331.0,False,circle,360.0,1.0,True,True,32.88303324971481,3396.9848962765677,3389.4400000000005,65.76606649942964,65.76606649942963
r560_svd_normalised_tr050_tid0_010,r560,0,10,False,29,circle,232.61485616144267,170.97466723915844,258.77777777777754,9.075875990301908,18.151751980603816,18.151751980603816,,0.0,1.0,259.3333333333333,False,circle,360.0,1.0,True,True,29.042803168966106,2649.8844444444426,2655.5733333333337,58.08560633793221,58.08560633793221
r560_svd_normalised_tr050_tid0_010,r560,0,10,False,30,circle,215.7464052287582,151.4175536881419,198.33333333333294,7.945530867084026,15.891061734168051,15.891061734168051,,0.0,1.0,198.44444444444446,False,circle,360.0,1.0,True,True,25.425698774668884,2030.9333333333298,2032.0711111111116,50.85139754933777,50.85139754933777
r560_svd_normalised_tr050_tid0_010,r560,0,10,False,31,ellipse,293.6676847191714,197.43387279489488,145.5443029288163,6.806481506620779,14.196350648903472,13.053549224229416,-58.52773614864856,0.3930892110886719,1.0,145.66666666666666,False,ellipse,360.0,1.0,True,True,21.780740821186495,1490.3736619910792,1491.6266666666668,45.42832207649111,41.771357517534135
r560_svd_normalised_tr050_tid0_010,r560,0,10,False,32,circle,329.2876080760396,201.90410095103854,540.664204368016,13.118641749664214,26.237283499328463,26.23728349932839,,7.300048299977713e-08,1.0,541.3333333333334,False,circle,360.0,1.0,True,True,41.97965359892549,5536.401452728485,5543.253333333335,83.95930719785109,83.95930719785086
r560_svd_normalised_tr050_tid0_010,r560,0,10,False,33,ellipse,239.07042817126853,212.71908763505402,92.5555555555553,5.427830906961484,11.282560057934957,10.444916119492344,-35.22046761880631,0.37811744294955,1.0,92.33333333333333,False,ellipse,360.0,1.0,True,True,17.36905890227675,947.7688888888865,945.4933333333335,36.10419218539186,33.4237315823755
r560_svd_normalised_tr050_tid0_010,r560,0,10,False,34,ellipse,191.0992509363296,115.1816479400749,19.77777777777775,2.5090759640578324,5.2050350295470444,4.837978732266544,21.26794286097399,0.3688711688806366,1.0,19.88888888888889,False,ellipse,360.0,1.0,True,True,8.029043084985064,202.5244444444442,203.66222222222225,16.656112094550544,15.481531943252941
r560_svd_normalised_tr050_tid0_010,r560,0,10,False,35,circle,274.53171543533676,205.3464366217953,1758.1111111111122,23.65637646970127,47.31275293940255,47.312752939402536,,2.5809568279517847e-08,1.0,1756.5555555555557,False,circle,360.0,1.0,True,True,75.70040470304407,18003.057777777794,17987.128888888892,151.40080940608817,151.40080940608811
r560_svd_normalised_tr050_tid0_010,r560,0,10,False,36,circle,271.0840108401084,135.30623306233062,13.66666666666681,2.0857217242907833,4.171443448581567,4.171443448581567,,0.0,1.0,13.777777777777779,False,circle,360.0,1.0,True,True,6.6743095177305065,139.94666666666816,141.08444444444447,13.348619035461013,13.348619035461013
r560_svd_normalised_tr050_tid0_010,r560,0,10,False,37,ellipse,287.836197021764,143.6261932035128,97.00000000000048,5.556622981616429,11.669732556159476,10.583296167667857,26.415504151220887,0.421343028709485,1.0,97.11111111111111,False,ellipse,360.0,1.0,True,True,17.781193541172573,993.2800000000051,994.417777777778,37.34314417971032,33.86654773653714
r560_svd_normalised_tr050_tid0_010,r560,0,10,False,38,ellipse,307.00217399250374,161.77616088225952,110.4524344605208,5.9294267717757485,12.397897532069983,11.343246466074284,-28.65052450603457,0.4036055935326875,1.0,110.44444444444444,False,ellipse,360.0,1.0,True,True,18.974165669682396,1131.0329288757332,1130.9511111111112,39.67327210262395,36.29838869143771
r560_svd_normalised_tr050_tid0_010,r560,0,10,False,39,circle,199.66897906952954,168.5236504575491,171.7223504742127,7.393302498522542,14.786604997045083,14.786604997045083,,0.0,1.0,171.77777777777777,False,circle,360.0,1.0,True,True,23.658567995272136,1758.4368688559384,1759.0044444444447,47.31713599054427,47.31713599054427
r560_svd_normalised_tr050_tid0_010,r560,0,10,False,40,circle,270.56913183279744,146.7331189710611,34.555555555555806,3.316530560074281,6.633061120148562,6.633061120148562,,0.0,1.0,34.666666666666664,False,circle,360.0,1.0,True,True,10.6128977922377,353.8488888888915,354.98666666666674,21.2257955844754,21.2257955844754
r560_svd_normalised_tr050_tid0_010,r560,0,10,False,41,circle,247.0363830173861,230.6612936208611,140.6166346711489,6.690266435480808,13.380532870961623,13.38053287096161,,4.712160915387242e-08,1.0,140.44444444444446,False,circle,360.0,1.0,True,True,21.408852593538587,1439.9143390325648,1438.1511111111115,42.817705187077195,42.81770518707715
r560_svd_normalised_tr050_tid0_010,r560,0,10,False,42,circle,208.72092326139088,149.62769784172662,123.55555555555547,6.271280158489484,12.542560316978967,12.542560316978967,,0.0,1.0,123.11111111111111,False,circle,360.0,1.0,True,True,20.06809650716635,1265.2088888888882,1260.6577777777782,40.1361930143327,40.1361930143327
r560_svd_normalised_tr050_tid0_010,r560,0,10,False,43,ellipse,287.0216076729276,181.33706340194954,17.409061233739923,2.3540340481561426,4.9020712341204105,4.52174277787517,-68.78453385133514,0.3862007791143088,1.0,17.444444444444443,False,ellipse,360.0,1.0,True,True,7.532908954099657,178.26878703349684,178.63111111111112,15.686627949185315,14.469576889200546
r560_svd_normalised_tr050_tid0_010,r560,0,10,False,44,circle,233.01778329197685,143.96360628618694,89.55555555555524,5.3391402581328515,10.678280516265703,10.678280516265703,,0.0,1.0,89.0,False,circle,360.0,1.0,True,True,17.085248826025126,917.0488888888859,911.3600000000001,34.17049765205025,34.17049765205025
r560_svd_normalised_tr050_tid0_010,r560,0,10,False,45,circle,271.94892375018264,238.75152626728612,245.5529014465342,8.840922808821817,17.681845617643653,17.68184561764362,,5.960464477539063e-08,1.0,245.55555555555554,False,circle,360.0,1.0,True,True,28.29095298822982,2514.461710812511,2514.488888888889,56.581905976459694,56.58190597645959
r560_svd_normalised_tr050_tid0_010,r560,0,10,False,46,circle,318.090800706631,132.62501216385715,260.5105302664169,9.10621091556648,18.212421831132964,18.212421831132957,,2.9802322387695312e-08,1.0,261.1111111111111,False,circle,360.0,1.0,True,True,29.139874929812738,2667.6278299281093,2673.777777777778,58.27974985962549,58.27974985962547
r560_svd_normalised_tr050_tid0_010,r560,0,10,False,47,ellipse,291.41477272727275,179.13825757575756,19.555555555555646,2.494940212339709,5.235959659895598,4.755366402707412,-32.70832938656852,0.41850833407178617,1.0,19.77777777777778,False,ellipse,360.0,1.0,True,True,7.983808679487069,200.24888888888987,202.5244444444445,16.755070911665914,15.217172488663719
r560_svd_normalised_tr050_tid0_010,r560,0,10,False,48,ellipse,305.05745262772166,136.5493507730466,57.72150672330867,4.286411813563099,8.895996689360146,8.26139077026784,-70.52755472074409,0.3709223700590272,1.0,58.0,False,ellipse,360.0,1.0,True,True,13.716517803401917,591.0682288466809,593.9200000000001,28.467189405952467,26.43645046485709
r560_svd_normalised_tr050_tid0_010,r560,0,10,False,49,ellipse,198.02716049382718,171.37037037037038,59.99999999999971,4.370193722368305,9.284559501212016,8.228109548346024,88.70844897579133,0.46327549686838954,1.0,60.111111111111114,False,ellipse,360.0,1.0,True,True,13.984619911578577,614.3999999999971,615.5377777777779,29.710590403878452,26.32995055470728
r560_svd_normalised_tr050_tid0_010,r560,0,10,False,50,circle,191.9277464410422,142.50255170561377,137.88888888888823,6.625058228289875,13.25011645657975,13.250116456579748,,1.4901161193847656e-08,1.0,138.33333333333334,False,circle,360.0,1.0,True,True,21.2001863305276,1411.9822222222158,1416.5333333333338,42.4003726610552,42.4003726610552
r560_svd_normalised_tr050_tid0_010,r560,0,10,False,51,circle,315.3770032051282,162.45833333333331,92.44444444444471,5.424571926837634,10.849143853675267,10.849143853675267,,0.0,1.0,92.55555555555556,False,circle,360.0,1.0,True,True,17.358630165880427,946.631111111114,947.7688888888891,34.717260331760855,34.717260331760855
r560_svd_normalised_tr050_tid0_010,r560,0,10,False,52,circle,305.9614006625157,241.352171620133,61.96632599143335,4.441226651901569,8.882453303803162,8.882453303803114,,1.043081283569336e-07,1.0,62.111111111111114,False,circle,360.0,1.0,True,True,14.21192528608502,634.5351781522776,636.017777777778,28.42385057217012,28.423850572169968
r560_svd_normalised_tr050_tid0_010,r560,0,10,False,53,circle,246.72775272818447,245.571936926831,92.62336348745755,5.429818808178823,10.859637616357645,10.859637616357645,,0.0,1.0,85.11111111111111,True,circle,273.0,0.7583333333333333,True,True,17.37542018617223,948.4632421115655,871.5377777777779,34.75084037234446,34.75084037234446
r560_svd_normalised_tr050_tid0_010,r560,0,10,False,54,circle,302.61382825756675,165.31349342995793,584.8201169668359,13.64382735414461,27.287654708289246,27.287654708289196,,5.960464477539063e-08,1.0,583.4444444444445,False,circle,360.0,1.0,True,True,43.660247533262755,5988.557997740401,5974.471111111113,87.3204950665256,87.32049506652544
r560_svd_normalised_tr050_tid0_010,r560,0,10,False,55,ellipse,295.4433269658254,163.59804175516516,144.8217472604511,6.789565073508898,14.097210980408967,13.08008909038107,-21.28246290448277,0.37295501886016774,1.0,144.77777777777777,False,ellipse,360.0,1.0,True,True,21.726608235228476,1482.9746919470197,1482.5244444444447,45.111075137308696,41.856285089219426
r560_svd_normalised_tr050_tid0_010,r560,0,10,False,56,ellipse,287.93050256082313,153.464694129416,93.78929129257781,5.463886770111441,11.434032457652602,10.443929994835033,-80.15725496638197,0.40704655737221673,1.0,93.88888888888889,False,ellipse,360.0,1.0,True,True,17.484437664356612,960.402342835997,961.4222222222223,36.58890386448833,33.420575983472105
r560_svd_normalised_tr050_tid0_010,r560,0,10,False,57,circle,247.91666666666666,184.12356321839079,12.888888888888758,2.0255025932488224,4.051005186497645,4.051005186497645,,0.0,1.0,13.0,False,circle,360.0,1.0,True,True,6.481608298396232,131.9822222222209,133.12000000000003,12.963216596792464,12.963216596792464
r560_svd_normalised_tr050_tid0_010,r560,0,10,False,58,circle,317.0752917912345,135.15515650105357,28.603369946527273,3.0174054139528477,6.034810827905696,6.0348108279056945,,2.5809568279517847e-08,1.0,28.666666666666668,False,circle,360.0,1.0,True,True,9.655697324649113,292.89850825243934,293.54666666666674,19.31139464929823,19.311394649298222
r560_svd_normalised_tr050_tid0_010,r560,0,10,False,59,circle,57.39993567911728,140.22653105510113,96.88391273154286,5.5532969697845,11.106593939569002,11.106593939569,,1.4901161193847656e-08,1.0,96.88888888888889,False,circle,360.0,1.0,True,True,17.7705503033104,992.0912663709992,992.1422222222224,35.54110060662081,35.5411006066208
r560_svd_normalised_tr050_tid0_010,r560,0,10,False,60,circle,200.9010989010989,100.10622710622712,20.222222222222168,2.5371112025173157,5.0742224050346465,5.074222405034617,,1.0745380149674383e-07,1.0,19.88888888888889,False,circle,360.0,1.0,True,True,8.118755848055411,207.07555555555504,203.66222222222225,16.237511696110868,16.237511696110776
r560_svd_normalised_tr050_tid0_010,r560,0,10,False,61,circle,252.84651162790695,130.44031007751937,71.66666666666627,4.776212778953447,9.552425557906899,9.552425557906888,,4.712160915387242e-08,1.0,71.44444444444444,False,circle,360.0,1.0,True,True,15.28388089265103,733.8666666666628,731.5911111111112,30.56776178530208,30.567761785302043
r560_svd_normalised_tr050_tid0_010,r560,0,10,False,62,circle,217.76135386034713,185.74204421410622,63.37001590557598,4.491247326786724,8.982494653573449,8.982494653573449,,0.0,1.0,63.44444444444444,False,circle,360.0,1.0,True,True,14.37199144571752,648.9089628730982,649.6711111111113,28.74398289143504,28.74398289143504
r560_svd_normalised_tr050_tid0_010,r560,0,10,False,63,circle,280.69049018344776,168.1649615340944,302.56988384519593,9.813816041143582,19.627632082287164,19.627632082287164,,0.0,1.0,302.22222222222223,False,circle,360.0,1.0,True,True,31.404211331659464,3098.315610574807,3094.7555555555564,62.80842266331893,62.80842266331893
r560_svd_normalised_tr050_tid0_010,r560,0,10,False,64,circle,323.69859154929577,165.13896713615023,39.44444444444421,3.5433820880190003,7.086764176038029,7.086764176037973,,1.255594160136038e-07,1.0,39.666666666666664,False,circle,360.0,1.0,True,True,11.338822681660801,403.91111111110877,406.1866666666667,22.677645363321695,22.677645363321517
r560_svd_normalised_tr050_tid0_010,r560,0,10,False,65,circle,283.2036980399308,192.02401143947702,107.2351388036056,5.8424314140158025,11.684862828031621,11.68486282803159,,7.146345858741878e-08,1.0,107.55555555555556,False,circle,360.0,1.0,True,True,18.69578052485057,1098.0878213489216,1101.3688888888892,37.39156104970119,37.39156104970109
r560_svd_normalised_tr050_tid0_010,r560,0,10,False,66,ellipse,210.20609506492272,132.2935747861741,51.438649460795894,4.046409600536486,8.482851532173932,7.7207201343615965,-77.0546198561351,0.4142651864167355,1.0,51.666666666666664,False,ellipse,360.0,1.0,True,True,12.948510721716756,526.7317704785501,529.0666666666667,27.14512490295658,24.70630442995711
r560_svd_normalised_tr050_tid0_010,r560,0,10,False,67,circle,303.0632021788026,209.57150907614513,422.9083133789965,11.602409107502082,23.204818215004167,23.204818215004163,,1.4901161193847656e-08,1.0,422.6666666666667,False,circle,360.0,1.0,True,True,37.127709144006666,4330.581129000925,4328.1066666666675,74.25541828801333,74.25541828801333
r560_svd_normalised_tr050_tid0_010,r560,0,10,False,68,circle,208.45994580814022,217.14490011272758,405.6494785281958,11.363196704309226,22.726393408618453,22.726393408618453,,0.0,1.0,406.1111111111111,False,circle,360.0,1.0,True,True,36.362229453789524,4153.850660128725,4158.5777777777785,72.72445890757905,72.72445890757905
r560_svd_normalised_tr050_tid0_010,r560,0,10,False,69,ellipse,285.1661185569372,167.5307694338413,37.413828707880484,3.4509696547065256,7.278204847939775,6.545125786656794,10.146289637495101,0.43737855017518623,1.0,37.77777777777778,False,ellipse,360.0,1.0,True,True,11.043102895060883,383.11760596869624,386.84444444444455,23.29025551340728,20.94440251730174
r560_svd_normalised_tr050_tid0_010,r560,0,10,False,70,circle,278.8025823580821,144.8900707588503,20.991324590427183,2.584907375753701,5.169814751507442,5.169814751507361,,1.769414855098414e-07,1.0,21.11111111111111,False,circle,360.0,1.0,True,True,8.271703602411844,214.9511638059744,216.1777777777778,16.543407204823815,16.543407204823556
r560_svd_normalised_tr050_tid0_010,r560,0,10,False,71,ellipse,307.2999268829183,233.38143702912282,497.95144464229986,12.589792201190003,26.53961921278407,23.889245192002477,12.642924724026415,0.43561065079689787,1.0,497.3333333333333,False,ellipse,360.0,1.0,True,True,40.287335043808014,5099.022793137152,5092.6933333333345,84.92678148090903,76.44558461440793
r560_svd_normalised_tr050_tid0_010,r560,0,10,False,72,circle,234.75523664961483,237.44311448818792,197.96879419617792,7.938225516356138,15.876451032712277,15.876451032712277,,0.0,1.0,198.77777777777777,False,circle,360.0,1.0,True,True,25.402321652339644,2027.2004525688624,2035.4844444444448,50.80464330467929,50.80464330467929
r560_svd_normalised_tr050_tid0_010,r560,0,10,False,73,circle,222.25480229212815,211.50059823096706,87.19344642838755,5.268257397716297,10.536514795432595,10.536514795432595,,0.0,1.0,87.55555555555556,False,circle,360.0,1.0,True,True,16.85842367269215,892.8608914266887,896.5688888888891,33.7168473453843,33.7168473453843
r560_svd_normalised_tr050_tid0_010,r560,0,10,False,74,circle,319.1059459005651,177.05337305512333,147.7569981082761,6.858025462967015,13.71605092593407,13.71605092593399,,1.0745380149674383e-07,1.0,147.66666666666666,False,circle,360.0,1.0,True,True,21.94568148149445,1513.0316606287474,1512.1066666666668,43.89136296298903,43.89136296298877
r560_svd_normalised_tr050_tid0_010,r560,0,10,False,75,ellipse,305.64643057897695,202.89207419898818,65.88888888888904,4.5796380558946685,9.831385626547629,8.533114464095565,-88.26856747242783,0.4966581075731408,1.0,65.77777777777777,False,ellipse,360.0,1.0,True,True,14.65484177886294,674.7022222222239,673.5644444444445,31.460434004952415,27.30596628510581
r560_svd_normalised_tr050_tid0_010,r560,0,10,False,76,circle,290.23747276688454,133.7276688453159,17.000000000000025,2.326213245840641,4.652426491681282,4.652426491681282,,0.0,1.0,17.0,False,circle,360.0,1.0,True,True,7.443882386690051,174.0800000000003,174.08000000000004,14.887764773380102,14.887764773380102
r560_svd_normalised_tr050_tid0_010,r560,0,10,False,77,circle,239.33078225859344,227.84120963562424,137.4199283918711,6.613782712321381,13.227565424642762,13.22756542464276,,1.4901161193847656e-08,1.0,137.55555555555554,False,circle,360.0,1.0,True,True,21.16410467942842,1407.1800667327605,1408.568888888889,42.32820935885684,42.32820935885684
r560_svd_normalised_tr050_tid0_010,r560,0,10,False,78,circle,237.9356788044929,164.65737097211291,97.60860797671104,5.5740277085447945,11.14805541708959,11.148055417089589,,1.4901161193847656e-08,1.0,97.22222222222223,False,circle,360.0,1.0,True,True,17.83688866734334,999.5121456815212,995.5555555555558,35.67377733468669,35.67377733468668
r560_svd_normalised_tr050_tid0_010,r560,0,10,False,79,circle,242.75348837209302,121.68062015503874,262.77777777777715,9.145751173964536,18.29150234792907,18.29150234792907,,0.0,1.0,262.8888888888889,False,circle,360.0,1.0,True,True,29.266403756686515,2690.8444444444385,2691.982222222223,58.53280751337303,58.53280751337303
r560_svd_normalised_tr050_tid0_010,r560,0,10,False,80,circle,283.7865911237016,240.94995278564687,39.222222222222356,3.5333866320332032,7.066773264066435,7.066773264066379,,1.255594160136038e-07,1.0,39.22222222222222,False,circle,360.0,1.0,True,True,11.306837222506251,401.635555555557,401.63555555555564,22.61367444501259,22.613674445012414
r560_svd_normalised_tr050_tid0_010,r560,0,10,False,81,ellipse,247.65169270833331,219.1643229166667,284.4444444444444,9.515328619481446,19.745115976017892,18.34205052969918,33.356622477109,0.37022744330936763,1.0,285.1111111111111,False,ellipse,360.0,1.0,True,True,30.44905158234063,2912.711111111111,2919.537777777778,63.18437112325726,58.69456169503738
r560_svd_normalised_tr050_tid0_010,r560,0,10,False,82,circle,184.69489445538184,153.72086274141301,96.47418977372618,5.541542056733686,11.083084113467372,11.08308411346737,,1.4901161193847656e-08,1.0,96.44444444444444,False,circle,360.0,1.0,True,True,17.732934581547795,987.8957032829563,987.5911111111113,35.46586916309559,35.46586916309558
r560_svd_normalised_tr050_tid0_010,r560,0,10,False,83,ellipse,249.4742729306487,144.31096196868012,16.5555555555556,2.2956038431311114,4.764896547654138,4.423850089415068,-16.450566035493182,0.3715193466603015,1.0,16.666666666666668,False,ellipse,360.0,1.0,True,True,7.345932298019557,169.52888888888938,170.6666666666667,15.247668952493243,14.156320286128219
r560_svd_normalised_tr050_tid0_010,r560,0,10,False,84,ellipse,231.36996336996333,225.32417582417585,20.22222222222221,2.537111202517319,5.278657414540811,4.8777048771586715,-8.179514659050199,0.3822892608560249,1.0,20.11111111111111,False,ellipse,360.0,1.0,True,True,8.11875584805542,207.07555555555547,205.93777777777782,16.891703726530597,15.60865560690775
r560_svd_normalised_tr050_tid0_010,r560,0,10,False,85,circle,261.03160040774725,128.61162079510703,72.66666666666661,4.809419756688129,9.618839513376262,9.618839513376255,,3.942476676500724e-08,1.0,73.0,False,circle,360.0,1.0,True,True,15.390143221402013,744.1066666666662,747.5200000000001,30.78028644280404,30.780286442804016
r560_svd_normalised_tr050_tid0_010,r560,0,10,False,86,circle,280.4037416297847,201.68516007648287,134.57176301403175,6.544885221953743,13.089770443907513,13.08977044390746,,9.06402249678704e-08,1.0,134.44444444444446,False,circle,360.0,1.0,True,True,20.94363271025198,1378.0148532636854,1376.7111111111114,41.88726542050404,41.88726542050387
r560_svd_normalised_tr050_tid0_010,r560,0,10,False,87,ellipse,281.6732673267327,140.32673267326732,11.222222222222369,1.8900117137956602,3.925972831162954,3.639499743788768,45.000000000003894,0.3749839288966214,1.0,11.444444444444445,False,ellipse,360.0,1.0,True,True,6.048037484146113,114.91555555555708,117.19111111111114,12.563113059721452,11.646399180124059
r560_svd_normalised_tr050_tid0_010,r560,0,10,False,88,ellipse,249.09371616581544,211.44671160467874,486.7374599053468,12.447222399549961,26.150044734707475,23.699132760292994,-28.727727768976138,0.4226884872522453,1.0,486.77777777777777,False,ellipse,360.0,1.0,True,True,39.83111167855988,4984.191589430752,4984.604444444445,83.68014315106393,75.83722483293758
r560_svd_normalised_tr050_tid0_010,r560,0,10,False,89,circle,238.52199170124481,187.28464730290457,133.88888888888894,6.528258342276019,13.056516684552038,13.056516684552037,,1.4901161193847656e-08,1.0,133.66666666666666,False,circle,360.0,1.0,True,True,20.890426695283264,1371.022222222223,1368.746666666667,41.78085339056653,41.78085339056652
r560_svd_normalised_tr050_tid0_010,r560,0,10,False,90,circle,295.38341168452143,240.91662984103328,141.53173294356915,6.712000432409265,13.424000864818538,13.42400086481852,,5.1619136559035694e-08,1.0,141.44444444444446,False,circle,360.0,1.0,True,True,21.47840138370965,1449.2849453421484,1448.3911111111115,42.956802767419326,42.95680276741927
r560_svd_normalised_tr050_tid0_010,r560,0,10,False,91,circle,320.92934782608694,139.1376811594203,20.444444444444347,2.5510132857752645,5.1020265715505575,5.102026571550501,,1.4901161193847656e-07,1.0,20.555555555555557,False,circle,360.0,1.0,True,True,8.163242514480848,209.35111111111016,210.48888888888894,16.326485028961784,16.326485028961603
r560_svd_normalised_tr050_tid0_010,r560,0,10,False,92,circle,264.9576988155668,137.86463620981388,21.8888888888889,2.6395927206506435,5.279185441301315,5.2791854413012596,,1.444721179430583e-07,1.0,21.88888888888889,False,circle,360.0,1.0,True,True,8.44669670608206,224.1422222222224,224.14222222222227,16.893393412164208,16.89339341216403
r560_svd_normalised_tr050_tid0_010,r560,0,10,False,93,circle,201.0379078726491,246.3671165382299,208.16574471315064,8.140099170587973,16.280198341175947,16.280198341175947,,0.0,1.0,154.22222222222223,True,circle,225.0,0.625,True,True,26.048317345881514,2131.617225862663,1579.235555555556,52.09663469176303,52.09663469176303
r560_svd_normalised_tr050_tid0_010,r560,0,10,False,94,circle,172.711655576551,102.67795719770763,73.74715044635562,4.84504355655946,9.69008711311892,9.69008711311892,,0.0,1.0,74.11111111111111,False,circle,360.0,1.0,True,True,15.504139380990274,755.1708205706817,758.897777777778,31.00827876198055,31.00827876198055
r560_svd_normalised_tr050_tid0_010,r560,0,10,False,95,circle,238.80606060606058,172.73484848484844,24.444444444444656,2.7894279572946803,5.578855914589361,5.578855914589361,,0.0,1.0,24.444444444444443,False,circle,360.0,1.0,True,True,8.926169463342978,250.31111111111332,250.31111111111113,17.852338926685956,17.852338926685956
r560_svd_normalised_tr050_tid0_010,r560,0,10,False,96,ellipse,266.4328249818446,189.21496005809735,152.99999999999997,6.978639737521917,14.524580866456938,13.412135753559951,-66.60697327475131,0.3838162594262791,1.0,153.11111111111111,False,ellipse,360.0,1.0,True,True,22.331647160070133,1566.72,1567.8577777777782,46.47865877266221,42.91883441139185
r560_svd_normalised_tr050_tid0_010,r560,0,10,False,97,circle,183.341935483871,184.58709677419355,17.222222222222364,2.3413678898002237,4.682735779600447,4.6827357796004465,,2.1073424255447017e-08,1.0,17.0,False,circle,360.0,1.0,True,True,7.492377247360716,176.35555555555703,174.08000000000004,14.984754494721432,14.984754494721429
r560_svd_normalised_tr050_tid0_010,r560,0,10,False,98,circle,247.02683178534573,193.57997936016514,35.88888888888912,3.379909486581705,6.75981897316341,6.75981897316341,,0.0,1.0,35.888888888888886,False,circle,360.0,1.0,True,True,10.815710357061457,367.50222222222465,367.50222222222226,21.631420714122914,21.631420714122914
r560_svd_normalised_tr050_tid0_010,r560,0,10,False,99,circle,272.2961100226654,198.227399647565,55.62252621712612,4.207754744448437,8.415509488896873,8.415509488896873,,0.0,1.0,55.44444444444444,False,circle,360.0,1.0,True,True,13.464815182234998,569.5746684633716,567.7511111111112,26.929630364469997,26.929630364469997
r560_svd_normalised_tr050_tid0_010,r560,0,10,False,100,ellipse,259.1198851113472,168.6472541821708,57.34748704097439,4.272501851718612,9.2435821543581,7.899219920637617,-86.79039905790978,0.5193483447909795,1.0,57.111111111111114,False,ellipse,360.0,1.0,True,True,13.67200592549956,587.2382672995778,584.8177777777779,29.57946289394592,25.277503746040377
r560_svd_normalised_tr050_tid0_010,r560,0,10,False,101,ellipse,160.1561561561562,86.55255255255257,12.333333333333284,1.9813687010751102,4.193310905761397,3.7448422192651534,-86.11296848041522,0.4499546400633659,1.0,12.333333333333334,False,ellipse,360.0,1.0,True,True,6.340379843440353,126.29333333333285,126.29333333333336,13.41859489843647,11.983495101648492
r560_svd_normalised_tr050_tid0_010,r560,0,10,False,102,circle,252.5749279538905,189.76368876080693,77.1111111111109,4.954314180720006,9.908628361440027,9.90862836144,,7.300048299977713e-08,1.0,77.0,False,circle,360.0,1.0,True,True,15.85380537830402,789.6177777777758,788.4800000000001,31.707610756608087,31.707610756608002
r560_svd_normalised_tr050_tid0_010,r560,0,10,False,103,ellipse,245.98521931182745,150.95020041682773,33.70926838107977,3.275666860613325,6.801371167360159,6.310488351651025,-44.72801833556781,0.373013527778811,1.0,33.333333333333336,False,ellipse,360.0,1.0,True,True,10.48213395396264,345.18290822225686,341.3333333333334,21.76438773555251,20.193562725283282
r560_svd_normalised_tr050_tid0_010,r560,0,10,False,104,ellipse,261.3312962665724,149.91720711789577,35.190702344893374,3.346871443322953,6.971398737717375,6.427145472271958,65.17445644998355,0.38735521300966486,1.0,35.55555555555556,False,ellipse,360.0,1.0,True,True,10.709988618633451,360.35279201170823,364.08888888888896,22.308475960695603,20.566865511270265
r560_svd_normalised_tr050_tid0_010,r560,0,10,False,105,circle,316.2093797786892,191.90741081100452,42.0190943649197,3.657197444060623,7.314394888121246,7.314394888121245,,1.4901161193847656e-08,1.0,42.22222222222222,False,circle,360.0,1.0,True,True,11.703031820993994,430.27552629677785,432.3555555555556,23.406063641987988,23.406063641987984
r560_svd_normalised_tr050_tid0_010,r560,0,10,False,106,ellipse,211.94992846924174,179.04721030042919,25.888888888888843,2.8706600766456156,6.0768692185531314,5.424299243095492,-73.99239648114423,0.45082151750269434,1.0,25.77777777777778,False,ellipse,360.0,1.0,True,True,9.18611224526597,265.1022222222218,263.9644444444445,19.44598149937002,17.357757577905573
r560_svd_normalised_tr050_tid0_010,r560,0,10,False,107,ellipse,212.2453330417465,240.06837235474626,19.235855299615185,2.4744621458143943,5.143199127278582,4.761987828620756,-55.89635189785429,0.3778164661014841,1.0,19.444444444444443,False,ellipse,360.0,1.0,True,True,7.918278866606062,196.97515826805954,199.11111111111114,16.458237207291464,15.238361051586422
r560_svd_normalised_tr050_tid0_010,r560,0,10,False,108,ellipse,211.6979742260739,218.2432848341204,104.18718104876912,5.758802804528359,12.266482372591694,10.814448261237507,44.84605976244899,0.4719489544650768,1.0,104.55555555555556,False,ellipse,360.0,1.0,True,True,18.42816897449075,1066.876733939396,1070.6488888888891,39.25274359229343,34.606234435960026
r560_svd_normalised_tr050_tid0_010,r560,0,10,False,109,circle,218.18790860805464,195.55194572112023,19.98010862103344,2.521877495260412,5.043754990520824,5.043754990520824,,0.0,1.0,19.88888888888889,False,circle,360.0,1.0,True,True,8.07000798483332,204.5963122793825,203.66222222222225,16.14001596966664,16.14001596966664
r560_svd_normalised_tr050_tid0_010,r560,0,10,False,110,ellipse,242.94144059813814,179.61545505316548,63.30095722437367,4.488799448562542,9.330823070809046,8.637746246609861,67.95157108782567,0.37820518937690917,1.0,63.0,False,ellipse,360.0,1.0,True,True,14.364158235400135,648.2018019775865,645.1200000000001,29.85863382658895,27.64078798915156
r560_svd_normalised_tr050_tid0_010,r560,0,10,False,111,ellipse,255.08992767318557,143.44413841781093,28.15428191320465,2.993624270241429,6.364038769885197,5.632766609647913,-77.2936668677566,0.46541407178306554,1.0,28.11111111111111,False,ellipse,360.0,1.0,True,True,9.579597664772573,288.29984679121566,287.8577777777778,20.364924063632632,18.024853150873323
r560_svd_normalised_tr050_tid0_010,r560,0,10,False,112,circle,245.69015723876075,219.02575240832934,19.131461516824455,2.467738506801311,4.935477013602622,4.935477013602622,,0.0,1.0,19.666666666666668,False,circle,360.0,1.0,True,True,7.896763221764195,195.90616593228245,201.3866666666667,15.79352644352839,15.79352644352839
r560_svd_normalised_tr050_tid0_010,r560,0,10,False,113,circle,250.8135503713233,147.82476011735554,9.503071463823703,1.7392301733945832,3.4784603467891664,3.4784603467891664,,0.0,1.0,9.777777777777779,False,circle,360.0,1.0,True,True,5.565536554862667,97.31145178955474,100.12444444444448,11.131073109725333,11.131073109725333
r560_svd_normalised_tr050_tid0_010,r560,0,10,False,114,circle,268.92404565131835,180.737111373475,94.11111111111067,5.4732528779883465,10.946505755976693,10.946505755976693,,0.0,1.0,94.11111111111111,False,circle,360.0,1.0,True,True,17.51440920956271,963.6977777777735,963.697777777778,35.02881841912542,35.02881841912542
r560_svd_normalised_tr050_tid0_010,r560,0,10,False,115,circle,176.14749251362412,246.33339998875073,20.9085369677739,2.5798050357501223,5.159610071500245,5.159610071500245,,0.0,1.0,21.11111111111111,False,circle,360.0,1.0,True,True,8.255376114400391,214.1034185500048,216.1777777777778,16.510752228800783,16.510752228800783
r560_svd_normalised_tr050_tid0_010,r560,0,10,False,116,circle,300.7669709448925,123.68061477837831,10.680981148966344,1.8438714417927002,3.687742883585429,3.687742883585372,,1.756820994995772e-07,1.0,10.666666666666666,False,circle,360.0,1.0,True,True,5.9003886137366415,109.37324696541539,109.22666666666669,11.800777227473374,11.80077722747319
r560_svd_normalised_tr050_tid0_010,r560,0,10,False,117,ellipse,288.9312015503876,207.90019379844958,38.22222222222255,3.488052637969676,7.328794392402792,6.6403888846216335,2.135372119590329,0.423131286114316,1.0,38.111111111111114,False,ellipse,360.0,1.0,True,True,11.161768441502964,391.395555555559,390.2577777777779,23.452142055688938,21.24924443078923
r560_svd_normalised_tr050_tid0_010,r560,0,10,False,118,ellipse,281.18960244648315,170.76146788990823,12.111111111111052,1.9634373937910528,4.182997788840459,3.686434078087949,80.4957743208007,0.47257587128378165,1.0,12.11111111111111,False,ellipse,360.0,1.0,True,True,6.282999660131369,124.0177777777772,124.0177777777778,13.385592924289469,11.796589049881439
r560_svd_normalised_tr050_tid0_010,r560,0,10,False,119,ellipse,206.83500299024934,137.5823369021394,15.543624279705007,2.2243401887653125,4.626686742896854,4.277522599041289,0.8871692460818679,0.38110303251969646,1.0,15.444444444444445,False,ellipse,360.0,1.0,True,True,7.117888604049,159.1667126241793,158.15111111111113,14.805397577269932,13.688072316932125
r560_svd_normalised_tr050_tid0_010,r560,0,10,False,120,circle,244.03399584536203,239.43704144914824,53.670822670980975,4.1332739391177995,8.266547878235599,8.266547878235597,,2.1073424255447017e-08,1.0,53.888888888888886,False,circle,360.0,1.0,True,True,13.226476605176959,549.5892241508453,551.8222222222223,26.452953210353918,26.45295321035391
r560_svd_normalised_tr050_tid0_010,r560,0,10,False,121,ellipse,232.70121607343987,183.99140757122237,15.07860485443408,2.190814687513589,4.681570823213458,4.100904740115194,12.286382333258842,0.4823697967796068,1.0,14.88888888888889,False,ellipse,360.0,1.0,True,True,7.0106070000434855,154.404913709405,152.46222222222227,14.981026634283067,13.122895168368622
r560_svd_normalised_tr050_tid0_010,r560,0,10,False,122,circle,331.247619047619,127.87380952380956,15.55555555555538,2.2251937260415025,4.450387452083019,4.450387452082992,,1.1151007970493857e-07,1.0,15.555555555555555,False,circle,360.0,1.0,True,True,7.120619923332808,159.28888888888713,159.28888888888892,14.241239846665662,14.241239846665573
r560_svd_normalised_tr050_tid0_010,r560,0,10,False,123,ellipse,257.6263736263736,134.08058608058604,10.111111111111267,1.7940085359243665,3.7760948139477732,3.409307006891277,-75.36688739520537,0.4299224108739798,1.0,10.333333333333334,False,ellipse,360.0,1.0,True,True,5.740827314957973,103.5377777777794,105.81333333333336,12.083503404632875,10.909782422052087
r560_svd_normalised_tr050_tid0_010,r560,0,10,False,124,ellipse,273.2391189696967,227.5835091261467,25.08153598232069,2.8255443482357783,6.0591650822624805,5.27049569071391,-16.5453381756964,0.4933364011200107,1.0,25.22222222222222,False,ellipse,360.0,1.0,True,True,9.04174191435449,256.83492845896393,258.27555555555557,19.38932826323994,16.865586210284516
r560_svd_normalised_tr050_tid0_010,r560,0,10,False,125,ellipse,274.77570093457945,184.62928348909657,11.888888888888951,1.9453408105198369,4.08288291318081,3.7075281849076984,-79.07075259264457,0.4188265532655987,1.0,11.777777777777779,False,ellipse,360.0,1.0,True,True,6.225090593663478,121.74222222222289,120.60444444444448,13.065225322178591,11.864090191704635
r560_svd_normalised_tr050_tid0_010,r560,0,10,False,126,circle,272.1361673257806,188.18783174771409,27.948061616147847,2.9826404932699466,5.965280986539934,5.965280986539852,,1.6526187220825877e-07,1.0,28.333333333333332,False,circle,360.0,1.0,True,True,9.54444957846383,286.188150949354,290.1333333333334,19.08889915692779,19.08889915692753
r560_svd_normalised_tr050_tid0_010,r560,0,10,False,127,ellipse,219.84813216007143,219.43936457625216,25.942412147909042,2.8736259774253705,6.158806237103688,5.3631992566256095,55.859913046025326,0.49160556502524294,1.0,26.0,False,ellipse,360.0,1.0,True,True,9.195603127761187,265.65030039458867,266.24000000000007,19.708179958731805,17.16223762120195
r560_svd_normalised_tr050_tid0_010,r560,0,10,False,128,circle,297.98722044728436,151.71671991480298,34.777777777777715,3.327177555552091,6.654355111104195,6.654355111104169,,8.815645848363066e-08,1.0,34.55555555555556,False,circle,360.0,1.0,True,True,10.646968177766691,356.12444444444384,353.84888888888895,21.293936355533425,21.293936355533344
r560_svd_normalised_tr050_tid0_010,r560,0,10,False,129,circle,285.2166105499439,130.4781144781145,33.0000000000001,3.241022407214292,6.482044814428605,6.482044814428564,,1.1250129990683123e-07,1.0,33.22222222222222,False,circle,360.0,1.0,True,True,10.371271703085736,337.9200000000011,340.1955555555556,20.742543406171535,20.742543406171407
r560_svd_normalised_tr050_tid0_010,r560,0,10,False,130,ellipse,258.46715328467155,144.54744525547446,15.222222222222431,2.201223256060137,4.7858160703461206,4.04978691349462,8.175903874592876,0.5328556833569238,1.0,15.11111111111111,False,ellipse,360.0,1.0,True,True,7.043914419392438,155.87555555555772,154.7377777777778,15.314611425107586,12.959318123182783
r560_svd_normalised_tr050_tid0_010,r560,0,10,False,131,circle,293.5859091574813,224.87704391776535,36.957613768744864,3.429864987481821,6.85972997496367,6.859729974963614,,1.2904784139758926e-07,1.0,36.77777777777778,False,circle,360.0,1.0,True,True,10.975567959941827,378.44596499194745,376.60444444444454,21.951135919883747,21.951135919883566
r560_svd_normalised_tr050_tid0_010,r560,0,10,False,132,ellipse,216.29373116954707,153.09103054482023,24.891875703597343,2.814841047397372,5.887954633654128,5.382738567192955,-3.627144688391411,0.4052746463394328,1.0,24.77777777777778,False,ellipse,360.0,1.0,True,True,9.007491351671591,254.89280720483683,253.72444444444452,18.84145482769321,17.224763415017456
r560_svd_normalised_tr050_tid0_010,r560,0,10,False,133,ellipse,240.13685821342017,230.8349273634635,49.74613605720793,3.979282209953602,8.385644595077089,7.553235402201137,-49.771942303798,0.43437105972520973,1.0,49.888888888888886,False,ellipse,360.0,1.0,True,True,12.733703071851528,509.40043322580925,510.8622222222223,26.834062704246687,24.17035328704364
r560_svd_normalised_tr050_tid0_010,r560,0,10,False,134,ellipse,326.28388278388275,209.01556776556777,40.44444444444452,3.5880170718487086,7.738248711738349,6.654666701704267,-40.96867879306265,0.5103435091362181,1.0,39.77777777777778,False,ellipse,360.0,1.0,True,True,11.481654629915868,414.15111111111196,407.3244444444445,24.762395877562717,21.294933445453655
r560_svd_normalised_tr050_tid0_010,r560,0,10,False,135,circle,224.90055248618785,167.39226519337018,20.111111111111054,2.5301315161088618,5.0602630322177236,5.0602630322177236,,0.0,1.0,20.22222222222222,False,circle,360.0,1.0,True,True,8.096420851548357,205.93777777777723,207.07555555555558,16.192841703096715,16.192841703096715
r560_svd_normalised_tr050_tid0_010,r560,0,10,False,136,circle,235.64236140286587,249.7744528134445,65.90039735149935,4.580037988971526,9.160075977943052,9.160075977943052,,0.0,1.0,30.666666666666668,True,circle,173.0,0.48055555555555557,True,True,14.656121564708883,674.8200688793535,314.02666666666676,29.312243129417766,29.312243129417766
r560_svd_normalised_tr050_tid0_010,r560,0,10,False,137,ellipse,240.96408045977012,222.79885057471265,25.77777777777769,2.864493237994369,5.970933128262142,5.496843682055203,78.3562384549868,0.39050585736965027,1.0,25.555555555555557,False,ellipse,360.0,1.0,True,True,9.166378361581982,263.9644444444436,261.688888888889,19.106986010438856,17.589899782576648
r560_svd_normalised_tr050_tid0_010,r560,0,10,False,138,circle,293.6789393766609,243.85682346290676,30.81472856053537,3.131873678948182,6.263747357896364,6.263747357896364,,0.0,1.0,30.666666666666668,False,circle,360.0,1.0,True,True,10.021995772634183,315.54282045988225,314.02666666666676,20.043991545268366,20.043991545268366
r560_svd_normalised_tr050_tid0_010,r560,0,10,False,139,circle,210.14692799555183,216.8511259382819,266.444444444444,9.209337695264209,18.41867539052842,18.418675390528417,,2.1073424255447017e-08,1.0,267.0,False,circle,360.0,1.0,True,True,29.46988062484547,2728.391111111107,2734.0800000000004,58.939761249690946,58.93976124969094
r560_svd_normalised_tr050_tid0_010,r560,0,10,False,140,circle,294.3865592266334,249.78229893343993,29.393399348867348,3.058792180141154,6.117584360282308,6.117584360282307,,1.4901161193847656e-08,1.0,12.777777777777779,True,circle,169.0,0.46944444444444444,True,True,9.788134976451694,300.9884093324017,130.8444444444445,19.576269952903388,19.576269952903385
r560_svd_normalised_tr050_tid0_010,r560,0,10,False,141,ellipse,209.65054112554114,181.47564935064935,342.2222222222226,10.43708372128535,23.68592449783594,18.396194181075302,56.048183268902676,0.6299052433486024,1.0,341.6666666666667,False,ellipse,360.0,1.0,True,True,33.39866790811312,3504.3555555555604,3498.6666666666674,75.79495839307502,58.86782137944097
r560_svd_normalised_tr050_tid0_010,r560,0,10,False,142,circle,249.9129479401121,152.26758782517282,7.670003435923023,1.562510134596874,3.125020269193748,3.125020269193748,,0.0,1.0,7.666666666666667,False,circle,360.0,1.0,True,True,5.000032430709997,78.54083518385177,78.50666666666669,10.000064861419993,10.000064861419993
r560_svd_normalised_tr050_tid0_010,r560,0,10,False,143,circle,233.3377051193969,139.8230439591486,145.524421078507,6.806016596399218,13.612033192798435,13.612033192798435,,0.0,1.0,145.44444444444446,False,circle,360.0,1.0,True,True,21.779253108477498,1490.170071843912,1489.3511111111115,43.558506216954996,43.558506216954996
r560_svd_normalised_tr050_tid0_010,r560,0,10,False,144,ellipse,288.9267015706806,227.0732984293193,21.222222222222157,2.5990850582700538,5.414945565398799,4.990072796512139,74.83918530927423,0.3882905122309098,1.0,21.444444444444443,False,ellipse,360.0,1.0,True,True,8.317072186464172,217.31555555555494,219.59111111111113,17.32782580927616,15.968232948838846
r560_svd_normalised_tr050_tid1_010,r560,1,10,False,0,circle,217.3098236018171,229.8688583933745,74.13791794149402,4.857862927446613,9.715725854893225,9.715725854893225,,0.0,1.0,74.22222222222223,False,circle,360.0,1.0,True,True,15.545161367829161,759.1722797208989,760.0355555555558,31.090322735658322,31.090322735658322
r560_svd_normalised_tr050_tid1_010,r560,1,10,False,1,circle,211.9965372699107,183.69172589757608,406.44444444444406,11.374325687755956,22.748651375511937,22.74865137551189,,6.322027276634104e-08,1.0,407.0,False,circle,360.0,1.0,True,True,36.39784220081906,4161.991111111108,4167.680000000001,72.7956844016382,72.79568440163806
r560_svd_normalised_tr050_tid1_010,r560,1,10,False,2,circle,219.41504539559017,232.03388456549936,228.44444444444457,8.52737504220557,17.05475008441114,17.05475008441114,,0.0,1.0,228.55555555555554,False,circle,360.0,1.0,True,True,27.287600135057826,2339.271111111113,2340.408888888889,54.57520027011565,54.57520027011565
r560_svd_normalised_tr050_tid1_010,r560,1,10,False,3,circle,302.0074141022142,172.01567279168057,105.61420893818429,5.798107176182976,11.596214352365992,11.596214352365912,,1.1733186057227569e-07,1.0,105.44444444444444,False,circle,360.0,1.0,True,True,18.553942963785524,1081.4894995270074,1079.7511111111114,37.107885927571175,37.10788592757092
r560_svd_normalised_tr050_tid1_010,r560,1,10,False,4,circle,209.80546875,193.2,142.22222222222166,6.728353392053746,13.456706784107494,13.456706784107492,,1.4901161193847656e-08,1.0,142.22222222222223,False,circle,360.0,1.0,True,True,21.53073085457199,1456.3555555555502,1456.3555555555558,43.061461709143984,43.06146170914398
r560_svd_normalised_tr050_tid1_010,r560,1,10,False,5,ellipse,315.11177248677245,218.8088624338624,56.000000000000185,4.222008245644759,8.81548776985329,8.088198448757643,1.0648010907962657,0.3977388093540166,1.0,56.0,False,ellipse,360.0,1.0,True,True,13.51042638606323,573.440000000002,573.44,28.209560863530527,25.882235036024458
r560_svd_normalised_tr050_tid1_010,r560,1,10,False,6,circle,258.8987633016968,174.45700316364685,257.55555555555446,9.054417682816025,18.10883536563206,18.10883536563204,,4.9421560620597e-08,1.0,257.6666666666667,False,circle,360.0,1.0,True,True,28.97413658501128,2637.3688888888782,2638.5066666666676,57.948273170022595,57.94827317002253
r560_svd_normalised_tr050_tid1_010,r560,1,10,False,7,circle,315.0334190559009,184.7427721244475,207.95897651246128,8.136055441341286,16.272110882682604,16.27211088268254,,8.815645848363066e-08,1.0,208.33333333333334,False,circle,360.0,1.0,True,True,26.035377412292117,2129.499919487604,2133.333333333334,52.070754824584334,52.07075482458413
r560_svd_normalised_tr050_tid1_010,r560,1,10,False,8,circle,258.5272171253822,157.10336391437312,121.11111111111124,6.208934207524689,12.417868415049394,12.417868415049364,,6.989264130329236e-08,1.0,121.33333333333333,False,circle,360.0,1.0,True,True,19.868589464079008,1240.1777777777793,1242.4533333333336,39.737178928158066,39.73717892815797
r560_svd_normalised_tr050_tid1_010,r560,1,10,False,9,ellipse,234.61574896388393,154.40852575488452,62.55555555555556,4.462292210182193,9.317550067998612,8.54819201345263,-2.783751401947086,0.3978991829026263,1.0,62.333333333333336,False,ellipse,360.0,1.0,True,True,14.279335072583018,640.568888888889,638.2933333333335,29.81616021759556,27.354214443048416
r560_svd_normalised_tr050_tid1_010,r560,1,10,False,10,circle,208.23806489470905,128.5791386328914,60.667389206726774,4.394431675821224,8.788863351642453,8.788863351642442,,4.9421560620597e-08,1.0,60.55555555555556,False,circle,360.0,1.0,True,True,14.062181362627918,621.2340654768823,620.0888888888891,28.12436272525585,28.124362725255818
r560_svd_normalised_tr050_tid1_010,r560,1,10,False,11,circle,205.99974737905768,175.01970443349754,293.2222222222223,9.661031631358721,19.322063262717442,19.322063262717442,,0.0,1.0,291.55555555555554,False,circle,360.0,1.0,True,True,30.91530122034791,3002.595555555557,2985.5288888888895,61.83060244069582,61.83060244069582
r560_svd_normalised_tr050_tid1_010,r560,1,10,False,12,circle,287.2778680599782,143.73351720284526,96.3510168243969,5.538003358527898,11.076006717055808,11.076006717055783,,6.664001874625056e-08,1.0,96.11111111111111,False,circle,360.0,1.0,True,True,17.721610747289272,986.6344122818243,984.177777777778,35.44322149457859,35.44322149457851
r560_svd_normalised_tr050_tid1_010,r560,1,10,False,13,ellipse,294.4397136490282,230.2823950005714,129.97478408707616,6.432127076599154,13.49486489449066,12.263111651131949,86.6436468880716,0.41739687000381337,1.0,130.11111111111111,False,ellipse,360.0,1.0,True,True,20.582806645117294,1330.9417890516602,1332.337777777778,43.183567662370116,39.24195728362224
r560_svd_normalised_tr050_tid1_010,r560,1,10,False,14,circle,201.80559009966115,144.8738692647811,26.161191691410608,2.885717579688844,5.771435159377688,5.771435159377688,,0.0,1.0,26.22222222222222,False,circle,360.0,1.0,True,True,9.2342962550043,267.89060292004467,268.5155555555556,18.4685925100086,18.4685925100086
r560_svd_normalised_tr050_tid1_010,r560,1,10,False,15,ellipse,203.2778452814905,214.50546780072904,365.7777777777782,10.79030503799612,23.269111780644995,20.014632945267863,29.578808588916587,0.5100624274410904,1.0,366.44444444444446,False,ellipse,360.0,1.0,True,True,34.52897612158758,3745.5644444444497,3752.391111111112,74.46115769806399,64.04682542485716
r560_svd_normalised_tr050_tid1_010,r560,1,10,False,16,circle,317.85072207485996,132.79664014146772,251.33333333333388,8.944377268850316,17.888754537700656,17.888754537700606,,7.450580596923828e-08,1.0,251.55555555555554,False,circle,360.0,1.0,True,True,28.622007260321013,2573.6533333333396,2575.928888888889,57.244014520642104,57.24401452064194
r560_svd_normalised_tr050_tid1_010,r560,1,10,False,17,circle,256.7567814105334,162.9058524173028,771.4444444444454,15.670302910544807,31.340605821089625,31.340605821089603,,3.650024149988857e-08,1.0,771.3333333333334,False,circle,360.0,1.0,True,True,50.14496931374339,7899.591111111122,7898.453333333336,100.2899386274868,100.28993862748673
r560_svd_normalised_tr050_tid1_010,r560,1,10,False,18,ellipse,276.5907764156451,166.7880910683012,63.444444444444514,4.493884053923172,9.377527523890539,8.614208313931554,64.38655811001891,0.3951857550586772,1.0,63.111111111111114,False,ellipse,360.0,1.0,True,True,14.380428972554151,649.6711111111119,646.257777777778,30.008088076449724,27.565466604580976
r560_svd_normalised_tr050_tid1_010,r560,1,10,False,19,circle,213.26527278216332,124.70383512322186,172.20205196010764,7.40362178666881,14.807243573337633,14.80724357333761,,5.5755039852469285e-08,1.0,172.33333333333334,False,circle,360.0,1.0,True,True,23.691589717340193,1763.3490120715026,1764.6933333333338,47.38317943468043,47.38317943468036
r560_svd_normalised_tr050_tid1_010,r560,1,10,False,20,ellipse,304.48014981273406,136.55355805243445,49.444444444444834,3.9671974344027796,8.330641837874182,7.5569953863474195,-81.97748474577577,0.42084528240278957,1.0,49.0,False,ellipse,360.0,1.0,True,True,12.695031790088896,506.31111111111517,501.7600000000001,26.658053881197386,24.182385236311745
r560_svd_normalised_tr050_tid1_010,r560,1,10,False,21,circle,329.01965326033553,201.99248964694323,527.6666666666669,12.959996782779191,25.91999356555841,25.91999356555835,,6.828569911354542e-08,1.0,525.6666666666666,False,circle,360.0,1.0,True,True,41.47198970489342,5403.30666666667,5382.826666666668,82.94397940978692,82.94397940978672
r560_svd_normalised_tr050_tid1_010,r560,1,10,False,22,circle,199.08162701940753,168.97845740761792,156.74482070542786,7.063527874840123,14.127055749680245,14.127055749680245,,0.0,1.0,156.88888888888889,False,circle,360.0,1.0,True,True,22.603289199488394,1605.0669640235815,1606.5422222222226,45.20657839897679,45.20657839897679
r560_svd_normalised_tr050_tid1_010,r560,1,10,False,23,circle,280.34956949569494,168.2718327183272,301.11111111111063,9.790129902429916,19.58025980485984,19.58025980485982,,4.2146848510894035e-08,1.0,302.0,False,circle,360.0,1.0,True,True,31.32841568777573,3083.3777777777736,3092.4800000000005,62.65683137555149,62.656831375551434
r560_svd_normalised_tr050_tid1_010,r560,1,10,False,24,circle,272.09967339928966,238.7787879411835,242.74463170900194,8.790222755483423,17.58044551096687,17.580445510966822,,7.450580596923828e-08,1.0,242.55555555555554,False,circle,360.0,1.0,True,True,28.128712817546955,2485.7050287001803,2483.7688888888893,56.257425635093995,56.25742563509383
r560_svd_normalised_tr050_tid1_010,r560,1,10,False,25,circle,233.51467964314676,137.69229521492295,228.33333333333343,8.525301012005318,17.050602024010637,17.050602024010637,,0.0,1.0,228.66666666666666,False,circle,360.0,1.0,True,True,27.28096323841702,2338.1333333333346,2341.546666666667,54.56192647683404,54.56192647683404
r560_svd_normalised_tr050_tid1_010,r560,1,10,False,26,circle,198.5778854387393,115.98493892495158,114.6200266907315,6.040255594783204,12.08051118956641,12.080511189566405,,2.9802322387695312e-08,1.0,114.33333333333333,False,circle,360.0,1.0,True,True,19.328817903306255,1173.7090733130908,1170.7733333333335,38.65763580661252,38.6576358066125
r560_svd_normalised_tr050_tid1_010,r560,1,10,False,27,circle,232.53048866356852,171.08562174341643,263.00000000000057,9.149617481968146,18.299234963936296,18.29923496393629,,2.5809568279517847e-08,1.0,262.77777777777777,False,circle,360.0,1.0,True,True,29.27877594229807,2693.1200000000063,2690.844444444445,58.55755188459615,58.55755188459613
r560_svd_normalised_tr050_tid1_010,r560,1,10,False,28,circle,207.83454363051675,159.11381383579192,200.57520177412346,7.990310985688359,15.98062197137672,15.980621971376719,,1.4901161193847656e-08,1.0,200.88888888888889,False,circle,360.0,1.0,True,True,25.568995154202753,2053.8900661670245,2057.1022222222227,51.137990308405506,51.137990308405506
r560_svd_normalised_tr050_tid1_010,r560,1,10,False,29,circle,196.30703259005145,197.62778730703258,64.77777777777776,4.540859728254477,9.081719456508955,9.081719456508953,,2.1073424255447017e-08,1.0,65.11111111111111,False,circle,360.0,1.0,True,True,14.530751130414329,663.3244444444443,666.737777777778,29.061502260828657,29.06150226082865
r560_svd_normalised_tr050_tid1_010,r560,1,10,False,30,ellipse,307.0840617488315,233.7095459964626,479.5297440659133,12.354718056490125,25.7552383242541,23.706099137373634,15.169744811891661,0.39088867159289625,1.0,480.1111111111111,False,ellipse,360.0,1.0,True,True,39.5350977807684,4910.384579234953,4916.337777777779,82.41676263761313,75.85951723959563
r560_svd_normalised_tr050_tid1_010,r560,1,10,False,31,circle,215.42362637362638,151.6018315018315,202.22222222222229,8.023050077083454,16.046100154166908,16.046100154166904,,2.1073424255447017e-08,1.0,202.11111111111111,False,circle,360.0,1.0,True,True,25.673760246667054,2070.7555555555564,2069.6177777777784,51.34752049333411,51.347520493334095
r560_svd_normalised_tr050_tid1_010,r560,1,10,False,32,circle,263.55359625311854,146.31307213954153,36.88544881735178,3.4265147037316623,6.853029407463352,6.853029407463297,,1.2644054553268208e-07,1.0,36.888888888888886,False,circle,360.0,1.0,True,True,10.96484705194132,377.7069958896823,377.74222222222227,21.929694103882728,21.929694103882554
r560_svd_normalised_tr050_tid1_010,r560,1,10,False,33,circle,274.51847793390914,205.4137982897168,1723.777777777778,23.42425043092291,46.848500861845835,46.84850086184581,,3.332000937312528e-08,1.0,1723.4444444444443,False,circle,360.0,1.0,True,True,74.95760137895331,17651.48444444445,17648.071111111112,149.91520275790668,149.9152027579066
r560_svd_normalised_tr050_tid1_010,r560,1,10,False,34,circle,293.47777581185534,197.57414005921788,148.640481451142,6.878497999782864,13.756995999565753,13.756995999565703,,8.560065398421926e-08,1.0,148.77777777777777,False,circle,360.0,1.0,True,True,22.011193599305166,1522.0785300596942,1523.4844444444448,44.02238719861041,44.022387198610254
r560_svd_normalised_tr050_tid1_010,r560,1,10,False,35,circle,211.56970499438688,218.3677611633129,94.98141829598814,5.498502018492945,10.997004036985892,10.99700403698589,,1.4901161193847656e-08,1.0,95.11111111111111,False,circle,360.0,1.0,True,True,17.595206459177426,972.6097233509187,973.937777777778,35.19041291835486,35.19041291835485
r560_svd_normalised_tr050_tid1_010,r560,1,10,False,36,circle,289.56190476190477,133.8952380952381,15.555555555555678,2.225193726041524,4.450387452083088,4.450387452083008,,1.9082797281243946e-07,1.0,15.333333333333334,False,circle,360.0,1.0,True,True,7.120619923332878,159.28888888889017,157.01333333333338,14.241239846665884,14.241239846665625
r560_svd_normalised_tr050_tid1_010,r560,1,10,False,37,circle,316.71298015973485,135.46350217636368,24.798487979476835,2.8095558165442047,5.619111633088432,5.619111633088387,,1.255594160136038e-07,1.0,24.77777777777778,False,circle,360.0,1.0,True,True,8.990578612941455,253.93651690984285,253.72444444444452,17.98115722588298,17.98115722588284
r560_svd_normalised_tr050_tid1_010,r560,1,10,False,38,circle,234.19190805116543,237.68780189656107,199.00064011169667,7.958886297997708,15.917772595995416,15.917772595995416,,0.0,1.0,199.11111111111111,False,circle,360.0,1.0,True,True,25.468436153592666,2037.7665547437743,2038.8977777777782,50.93687230718533,50.93687230718533
r560_svd_normalised_tr050_tid1_010,r560,1,10,False,39,circle,198.97397769516726,133.72242874845102,29.888888888888676,3.0844657268937388,6.168931453787478,6.1689314537874775,,1.4901161193847656e-08,1.0,30.0,False,circle,360.0,1.0,True,True,9.870290326059965,306.0622222222201,307.20000000000005,19.74058065211993,19.74058065211993
r560_svd_normalised_tr050_tid1_010,r560,1,10,False,40,ellipse,287.6028713998078,153.7087743089344,91.72708211482158,5.403483789921099,11.419111706928458,10.227638652566869,-80.37647699012996,0.44473995257905863,1.0,92.22222222222223,False,ellipse,360.0,1.0,True,True,17.291148127747515,939.2853208557732,944.3555555555558,36.541157462171064,32.72844368821398
r560_svd_normalised_tr050_tid1_010,r560,1,10,False,41,ellipse,210.17754356462626,132.11890012042332,46.888390770416144,3.863293715144147,8.053844460014073,7.412628045437166,84.73902144175793,0.3910161673927464,1.0,47.111111111111114,False,ellipse,360.0,1.0,True,True,12.36253988846127,480.1371214890614,482.4177777777779,25.772302272045035,23.720409745398932
r560_svd_normalised_tr050_tid1_010,r560,1,10,False,42,circle,234.15683584819385,211.60310928212166,324.00000000000017,10.155412503859617,20.310825007719234,20.31082500771923,,2.1073424255447017e-08,1.0,323.3333333333333,False,circle,360.0,1.0,True,True,32.49732001235078,3317.7600000000025,3310.933333333334,64.99464002470155,64.99464002470154
r560_svd_normalised_tr050_tid1_010,r560,1,10,False,43,ellipse,306.5905329361139,162.10162197947702,111.8888888888886,5.967858869599124,12.380661353751671,11.506764774455457,-37.89388924847921,0.3690378008863181,1.0,112.11111111111111,False,ellipse,360.0,1.0,True,True,19.097148382717197,1145.7422222222194,1148.017777777778,39.61811633200535,36.821647278257466
r560_svd_normalised_tr050_tid1_010,r560,1,10,False,44,circle,232.71095223226635,143.79423566689198,84.24564766355006,5.178438231674136,10.356876463348271,10.356876463348271,,0.0,1.0,84.55555555555556,False,circle,360.0,1.0,True,True,16.571002341357236,862.6754320747527,865.8488888888891,33.14200468271447,33.14200468271447
r560_svd_normalised_tr050_tid1_010,r560,1,10,False,45,ellipse,191.0888888888889,115.19753086419752,15.000000000000007,2.185096861184159,4.539538374778534,4.20716636676944,-0.851632367778052,0.37559755970026387,1.0,15.222222222222221,False,ellipse,360.0,1.0,True,True,6.992309955789309,153.6000000000001,155.87555555555556,14.526522799291309,13.462932373662207
r560_svd_normalised_tr050_tid1_010,r560,1,10,False,46,ellipse,305.7729884078657,241.32293925014253,54.8626097078408,4.178912663821599,8.741422460380456,7.9910614689996216,-60.423162099602735,0.40535284264431054,1.0,55.0,False,ellipse,360.0,1.0,True,True,13.372520524229117,561.7931234082898,563.2000000000002,27.97255187321746,25.57139670079879
r560_svd_normalised_tr050_tid1_010,r560,1,10,False,47,circle,302.2448761473658,165.5597258896014,589.111111111111,13.693790225039386,27.387580450078772,27.38758045007877,,1.4901161193847656e-08,1.0,589.0,False,circle,360.0,1.0,True,True,43.820128720126036,6032.497777777778,6031.3600000000015,87.64025744025207,87.64025744025207
r560_svd_normalised_tr050_tid1_010,r560,1,10,False,48,circle,302.6538606311748,209.68693082575803,419.5691166213343,11.556513218007002,23.113026436014017,23.113026436013985,,5.1619136559035694e-08,1.0,419.22222222222223,False,circle,360.0,1.0,True,True,36.98084229762241,4296.387754202464,4292.835555555556,73.96168459524486,73.96168459524476
r560_svd_normalised_tr050_tid1_010,r560,1,10,False,49,circle,191.6947983014862,142.77468152866243,139.555555555555,6.664976594497867,13.329953188995734,13.329953188995734,,0.0,1.0,139.55555555555554,False,circle,360.0,1.0,True,True,21.327925102393177,1429.0488888888835,1429.048888888889,42.655850204786354,42.655850204786354
r560_svd_normalised_tr050_tid1_010,r560,1,10,False,50,ellipse,208.58212765957447,149.75205673758865,130.55555555555512,6.446481523245864,13.4504541502054,12.358578696442214,-16.121787137132486,0.3946712290997126,1.0,130.55555555555554,False,ellipse,360.0,1.0,True,True,20.628740874386764,1336.8888888888846,1336.888888888889,43.04145328065729,39.54745182861509
r560_svd_normalised_tr050_tid1_010,r560,1,10,False,51,circle,222.04329794317258,211.62585721761258,81.94793694804996,5.107331835991298,10.214663671982596,10.214663671982596,,0.0,1.0,82.33333333333333,False,circle,360.0,1.0,True,True,16.343461875172153,839.1468743480317,843.0933333333335,32.686923750344306,32.686923750344306
r560_svd_normalised_tr050_tid1_010,r560,1,10,False,52,circle,246.66721854304632,231.0576710816777,134.22222222222263,6.536379753264886,13.072759506529774,13.072759506529772,,1.4901161193847656e-08,1.0,134.33333333333334,False,circle,360.0,1.0,True,True,20.91641521044764,1374.4355555555599,1375.5733333333337,41.83283042089528,41.83283042089528
r560_svd_normalised_tr050_tid1_010,r560,1,10,False,53,circle,284.9807638429599,167.71298574007957,43.804041739963424,3.734067425829075,7.468134851658191,7.4681348516581085,,1.4901161193847656e-07,1.0,43.888888888888886,False,circle,360.0,1.0,True,True,11.94901576265304,448.55338741722557,449.4222222222223,23.898031525306212,23.89803152530595
r560_svd_normalised_tr050_tid1_010,r560,1,10,False,54,circle,271.4189372670624,230.20288290721157,492.1061590736324,12.515680384424584,25.031360768849197,25.03136076884914,,6.664001874625056e-08,1.0,491.77777777777777,False,circle,360.0,1.0,True,True,40.050177230158674,5039.167068913996,5035.804444444445,80.10035446031743,80.10035446031725
r560_svd_normalised_tr050_tid1_010,r560,1,10,False,55,ellipse,248.73402966999697,211.26347260066603,489.3333333333328,12.480370092239577,25.893391804372776,24.061681654693686,-34.06270994953098,0.36942751110884126,1.0,489.55555555555554,False,ellipse,360.0,1.0,True,True,39.937184295166645,5010.773333333329,5013.048888888889,82.85885377399289,76.9973812950198
r560_svd_normalised_tr050_tid1_010,r560,1,10,False,56,ellipse,305.36692015209127,202.81622306717367,58.44444444444446,4.313171044508436,9.17230079371915,8.11288023695208,-88.87295093445152,0.46654428685713506,1.0,58.111111111111114,False,ellipse,360.0,1.0,True,True,13.802147342426995,598.4711111111113,595.0577777777779,29.351362539901285,25.961216758246657
r560_svd_normalised_tr050_tid1_010,r560,1,10,False,57,circle,314.9204736860913,162.6116973268565,86.33988491798335,5.242407742761419,10.484815485522837,10.484815485522835,,2.1073424255447017e-08,1.0,86.11111111111111,False,circle,360.0,1.0,True,True,16.77570477683654,884.1204215601497,881.7777777777779,33.55140955367308,33.551409553673075
r560_svd_normalised_tr050_tid1_010,r560,1,10,False,58,ellipse,295.09919225018103,163.98483742727782,144.70107497007825,6.786735791556775,14.169968073989804,13.002085103902095,-11.756854834681008,0.397550239119436,1.0,144.44444444444446,False,ellipse,360.0,1.0,True,True,21.71755453298168,1481.7390076936017,1479.1111111111115,45.343897836767376,41.60667233248671
r560_svd_normalised_tr050_tid1_010,r560,1,10,False,59,circle,242.2843735828663,121.80487421312438,269.58835384447036,9.263511117751674,18.52702223550335,18.527022235503345,,2.1073424255447017e-08,1.0,269.3333333333333,False,circle,360.0,1.0,True,True,29.64323557680536,2760.584743367377,2757.973333333334,59.28647115361072,59.286471153610705
r560_svd_normalised_tr050_tid1_010,r560,1,10,False,60,circle,294.7790070921986,240.87517730496452,130.55555555555543,6.446481523245871,12.892963046491744,12.892963046491742,,1.4901161193847656e-08,1.0,129.88888888888889,False,circle,360.0,1.0,True,True,20.62874087438679,1336.8888888888878,1330.0622222222225,41.257481748773586,41.25748174877358
r560_svd_normalised_tr050_tid1_010,r560,1,10,False,61,ellipse,278.7739726027397,145.11872146118722,16.222222222222484,2.2723762252769233,4.884839403833997,4.228342659659137,0.9545893989607066,0.5007270133055276,1.0,16.0,False,ellipse,360.0,1.0,True,True,7.271603920886155,166.11555555555827,163.84000000000003,15.63148609226879,13.530696510909237
r560_svd_normalised_tr050_tid1_010,r560,1,10,False,62,circle,247.53681554294624,219.54188858694027,286.52594108365327,9.550080611965598,19.100161223931202,19.100161223931185,,4.2146848510894035e-08,1.0,286.6666666666667,False,circle,360.0,1.0,True,True,30.560257958289913,2934.02563669661,2935.4666666666676,61.12051591657985,61.12051591657979
r560_svd_normalised_tr050_tid1_010,r560,1,10,False,63,circle,224.56594724220622,142.54676258992802,15.44444444444446,2.2172323633942823,4.4344647267885655,4.434464726788564,,2.9802322387695312e-08,1.0,15.444444444444445,False,circle,360.0,1.0,True,True,7.095143562861704,158.1511111111113,158.15111111111113,14.19028712572341,14.190287125723405
r560_svd_normalised_tr050_tid1_010,r560,1,10,False,64,ellipse,286.52011045525376,181.10717031567765,17.04242370487205,2.329113983856041,4.930080766079067,4.401365581771695,-22.37740431167404,0.4505379091116963,1.0,17.11111111111111,False,ellipse,360.0,1.0,True,True,7.453164748339332,174.51441873788983,175.2177777777778,15.776258451453016,14.084369861669424
r560_svd_normalised_tr050_tid1_010,r560,1,10,False,65,ellipse,280.0316875512899,201.78530012880492,133.79559201381,6.525983425186487,13.542125648176205,12.579549406719433,69.77612419849771,0.37028084094725794,1.0,133.77777777777777,False,ellipse,360.0,1.0,True,True,20.88314696059676,1370.0668622214146,1369.8844444444446,43.33480207416386,40.25455810150219
r560_svd_normalised_tr050_tid1_010,r560,1,10,False,66,circle,282.653407496092,192.0148121765895,104.97408572736934,5.7805094308483245,11.561018861696652,11.561018861696645,,3.650024149988857e-08,1.0,105.44444444444444,False,circle,360.0,1.0,True,True,18.49763017871464,1074.9346378482624,1079.7511111111114,36.99526035742929,36.99526035742927
r560_svd_normalised_tr050_tid1_010,r560,1,10,False,67,ellipse,272.94722670974693,240.3139472267098,68.77777777777791,4.678957855807053,9.804346848567416,8.931812370394638,82.94315839119488,0.4123945486737056,1.0,69.0,False,ellipse,360.0,1.0,True,True,14.97266513858257,704.284444444446,706.5600000000002,31.373909915415734,28.581799585262843
r560_svd_normalised_tr050_tid1_010,r560,1,10,False,68,circle,318.9871692060946,177.16546377973802,138.55555555555534,6.641054368021745,13.282108736043511,13.28210873604347,,7.884953353001448e-08,1.0,138.44444444444446,False,circle,360.0,1.0,True,True,21.251373977669587,1418.808888888887,1417.6711111111115,42.50274795533924,42.50274795533911
r560_svd_normalised_tr050_tid1_010,r560,1,10,False,69,circle,172.24115755627008,102.77009646302253,69.11111111111124,4.6902824980818725,9.380564996163745,9.380564996163745,,0.0,1.0,69.11111111111111,False,circle,360.0,1.0,True,True,15.008903993861992,707.6977777777793,707.6977777777779,30.017807987723984,30.017807987723984
r560_svd_normalised_tr050_tid1_010,r560,1,10,False,70,circle,218.21052631578948,196.20701754385965,21.111111111111324,2.592272241681264,5.184544483362528,5.184544483362528,,0.0,1.0,21.333333333333332,False,circle,360.0,1.0,True,True,8.295271173380044,216.17777777778,218.45333333333338,16.59054234676009,16.59054234676009
r560_svd_normalised_tr050_tid1_010,r560,1,10,False,71,circle,247.7386666666667,184.18133333333333,13.888888888888863,2.102610435016798,4.205220870033596,4.205220870033596,,0.0,1.0,13.88888888888889,False,circle,360.0,1.0,True,True,6.728353392053754,142.22222222222197,142.22222222222226,13.456706784107508,13.456706784107508
r560_svd_normalised_tr050_tid1_010,r560,1,10,False,72,circle,217.15559895833334,185.521484375,56.888888888888594,4.255384324281938,8.510768648563875,8.510768648563875,,0.0,1.0,57.111111111111114,False,circle,360.0,1.0,True,True,13.617229837702201,582.5422222222193,584.8177777777779,27.234459675404402,27.234459675404402
r560_svd_normalised_tr050_tid1_010,r560,1,10,False,73,circle,273.6813344118846,139.53278409060823,17.310665723026162,2.347372155424466,4.694744310848932,4.694744310848932,,0.0,1.0,17.333333333333332,False,circle,360.0,1.0,True,True,7.5115908973582926,177.26121700378792,177.49333333333337,15.023181794716585,15.023181794716585
r560_svd_normalised_tr050_tid1_010,r560,1,10,False,74,circle,260.6392758349036,128.78620727819947,69.41234881965566,4.700493256301318,9.400986512602639,9.400986512602634,,3.332000937312528e-08,1.0,69.55555555555556,False,circle,360.0,1.0,True,True,15.041578420164218,710.7824519132741,712.248888888889,30.083156840328446,30.083156840328428
r560_svd_normalised_tr050_tid1_010,r560,1,10,False,75,circle,266.03438199894555,189.08088799831108,158.11192329560436,7.094264465645756,14.188528931291524,14.188528931291499,,5.960464477539063e-08,1.0,158.22222222222223,False,circle,360.0,1.0,True,True,22.70164629006642,1619.066094546989,1620.195555555556,45.40329258013288,45.4032925801328
r560_svd_normalised_tr050_tid1_010,r560,1,10,False,76,circle,237.9709976798144,164.65429234338748,95.77777777777767,5.521504644875417,11.043009289750836,11.043009289750835,,1.4901161193847656e-08,1.0,96.11111111111111,False,circle,360.0,1.0,True,True,17.668814863601337,980.7644444444436,984.177777777778,35.337629727202675,35.337629727202675
r560_svd_normalised_tr050_tid1_010,r560,1,10,False,77,circle,208.17155406211617,217.11971969524603,417.50054467365374,11.52798988795277,23.05597977590554,23.05597977590554,,0.0,1.0,416.8888888888889,False,circle,360.0,1.0,True,True,36.88956764144887,4275.205577458215,4268.942222222223,73.77913528289774,73.77913528289774
r560_svd_normalised_tr050_tid1_010,r560,1,10,False,78,circle,271.76911154254657,198.4209450661885,59.19661272938299,4.340837138197635,8.681674276395299,8.681674276395242,,1.1445799094242763e-07,1.0,59.22222222222222,False,circle,360.0,1.0,True,True,13.890678842232433,606.173314348882,606.4355555555557,27.781357684464957,27.781357684464776
r560_svd_normalised_tr050_tid1_010,r560,1,10,False,79,circle,252.39826839826844,130.72402597402598,68.44444444444456,4.667605737530103,9.33521147506021,9.3352114750602,,4.712160915387242e-08,1.0,68.44444444444444,False,circle,360.0,1.0,True,True,14.936338360096329,700.8711111111124,700.8711111111112,29.872676720192676,29.872676720192644
r560_svd_normalised_tr050_tid1_010,r560,1,10,False,80,ellipse,248.90441176470588,144.43627450980392,15.111111111111201,2.19317488082652,4.6201738345474554,4.16435937706189,-64.94019269497994,0.4331068736704484,1.0,15.0,False,ellipse,360.0,1.0,True,True,7.018159618644865,154.73777777777872,153.60000000000002,14.784556270551859,13.325950006598049
r560_svd_normalised_tr050_tid1_010,r560,1,10,False,81,ellipse,254.65274026177633,144.05317400347437,30.40171329099852,3.1108143463488744,6.4585677820498635,5.993381953407987,-53.49129091646137,0.3726453408195901,1.0,30.555555555555557,False,ellipse,360.0,1.0,True,True,9.954605908316399,311.31354409982487,312.88888888888897,20.667416902559566,19.178822250905558
r560_svd_normalised_tr050_tid1_010,r560,1,10,False,82,circle,184.8937295987901,154.21315002769524,88.59722520659086,5.310496461886554,10.620992923773109,10.620992923773109,,0.0,1.0,88.88888888888889,False,circle,360.0,1.0,True,True,16.993588678036975,907.2355861154906,910.2222222222224,33.98717735607395,33.98717735607395
r560_svd_normalised_tr050_tid1_010,r560,1,10,False,83,circle,270.16140350877197,147.61929824561403,21.11111111111085,2.592272241681235,5.18454448336251,5.18454448336243,,1.756820994995772e-07,1.0,21.333333333333332,False,circle,360.0,1.0,True,True,8.295271173379952,216.17777777777516,218.45333333333338,16.59054234676003,16.590542346759776
r560_svd_normalised_tr050_tid1_010,r560,1,10,False,84,circle,237.98104331927598,187.23866209811598,129.06796717449143,6.409649751841797,12.819299503683593,12.819299503683592,,1.4901161193847656e-08,1.0,129.22222222222223,False,circle,360.0,1.0,True,True,20.51087920589375,1321.6559838667924,1323.235555555556,41.0217584117875,41.021758411787495
r560_svd_normalised_tr050_tid1_010,r560,1,10,False,85,circle,238.8194537139015,212.93298570595144,91.9523988882584,5.410116230216135,10.820232460432273,10.82023246043227,,1.4901161193847656e-08,1.0,92.33333333333333,False,circle,360.0,1.0,True,True,17.312371936691633,941.5925646157662,945.4933333333335,34.624743873383274,34.62474387338327
r560_svd_normalised_tr050_tid1_010,r560,1,10,False,86,ellipse,323.11340206185565,165.39862542955328,21.555555555555678,2.6194171938653272,5.560052191520008,4.936174121517769,-3.098555660949728,0.4602434163631287,1.0,21.666666666666668,False,ellipse,360.0,1.0,True,True,8.382135020369047,220.7288888888902,221.86666666666673,17.792167012864024,15.79575718885686
r560_svd_normalised_tr050_tid1_010,r560,1,10,False,87,circle,238.4676375404531,172.5873786407767,22.88888888888885,2.699214629683168,5.398429259366336,5.398429259366336,,0.0,1.0,23.0,False,circle,360.0,1.0,True,True,8.637486814986138,234.38222222222188,235.52000000000004,17.274973629972276,17.274973629972276
r560_svd_normalised_tr050_tid1_010,r560,1,10,False,88,circle,264.4153773457883,138.02926880690396,19.523813058728134,2.4929145016621326,4.985829003324294,4.985829003324237,,1.5123026915031998e-07,1.0,19.77777777777778,False,circle,360.0,1.0,True,True,7.977326405318824,199.92384572137613,202.5244444444445,15.95465281063774,15.954652810637558
r560_svd_normalised_tr050_tid1_010,r560,1,10,False,89,circle,238.8937758055576,228.2649900170978,131.32451791308546,6.465438295278628,12.930876590557256,12.930876590557256,,0.0,1.0,131.55555555555554,False,circle,360.0,1.0,True,True,20.68940254489161,1344.7630634299953,1347.128888888889,41.37880508978322,41.37880508978322
r560_svd_normalised_tr050_tid1_010,r560,1,10,False,90,circle,297.117301324816,151.80846466841606,19.349957972243157,2.4817902650719406,4.9635805301439095,4.963580530143852,,1.5269146510898468e-07,1.0,19.11111111111111,False,circle,360.0,1.0,True,True,7.94172884823021,198.14356963576998,195.69777777777782,15.88345769646051,15.883457696460326
r560_svd_normalised_tr050_tid1_010,r560,1,10,False,91,circle,283.518914997699,240.44141543479788,28.879642897368484,3.031942585816869,6.063885171633767,6.063885171633709,,1.3818768405162847e-07,1.0,28.88888888888889,False,circle,360.0,1.0,True,True,9.702216274613981,295.72754326905334,295.8222222222223,19.404432549228055,19.40443254922787
r560_svd_normalised_tr050_tid1_010,r560,1,10,False,92,ellipse,198.00608272506085,171.48844282238443,60.888888888888985,4.402446512120248,9.401654705419482,8.246010260686326,89.8424276984776,0.48034297804780324,1.0,61.22222222222222,False,ellipse,360.0,1.0,True,True,14.087828838784795,623.5022222222233,626.9155555555557,30.085295057342343,26.387232834196244
r560_svd_normalised_tr050_tid1_010,r560,1,10,False,93,ellipse,211.5864527629234,179.09269162210336,20.777777777777736,2.5717255062693853,5.405343927150377,4.894247003508038,-76.96112364618011,0.42446148524856486,1.0,20.77777777777778,False,ellipse,360.0,1.0,True,True,8.229521620062034,212.76444444444405,212.7644444444445,17.29710056688121,15.661590411225724
r560_svd_normalised_tr050_tid1_010,r560,1,10,False,94,ellipse,315.8578868991145,191.8069898838952,39.23304739685445,3.533874198600738,7.418001073034623,6.734033456496761,70.40969660670999,0.4194114840892165,1.0,39.55555555555556,False,ellipse,360.0,1.0,True,True,11.308397435522362,401.74640534378966,405.048888888889,23.737603433710795,21.548907060789638
r560_svd_normalised_tr050_tid1_010,r560,1,10,False,95,circle,200.75163278045693,246.76166716476368,190.99379152146645,7.7971284484102625,15.594256896820525,15.594256896820525,,0.0,1.0,137.22222222222223,True,circle,221.0,0.6138888888888889,True,True,24.950811034912842,1955.776425179817,1405.1555555555558,49.901622069825684,49.901622069825684
r560_svd_normalised_tr050_tid1_010,r560,1,10,False,96,circle,251.78589170392445,189.94386487829112,74.55555555555594,4.871526496208174,9.743052992416349,9.743052992416349,,0.0,1.0,74.55555555555556,False,circle,360.0,1.0,True,True,15.588884787866158,763.448888888893,763.4488888888891,31.177769575732317,31.177769575732317
r560_svd_normalised_tr050_tid1_010,r560,1,10,False,97,circle,246.60226188451907,245.32693221184195,71.74367520446492,4.778778200412745,9.55755640082549,9.55755640082549,,0.0,1.0,70.22222222222223,True,circle,301.0,0.8361111111111111,True,True,15.292090241320786,734.6552340937209,719.0755555555558,30.58418048264157,30.58418048264157
r560_svd_normalised_tr050_tid1_010,r560,1,10,False,98,ellipse,245.55220125786164,151.02641509433963,29.44444444444445,3.061447004254044,6.446561302426218,5.815477318941282,-52.917556078611256,0.4315158993459685,1.0,29.0,False,ellipse,360.0,1.0,True,True,9.796630413612942,301.51111111111123,296.96000000000004,20.6289961677639,18.609527420612103
r560_svd_normalised_tr050_tid1_010,r560,1,10,False,99,circle,242.68975423534857,179.58193099103948,61.517278284047954,4.425105405403569,8.850210810807138,8.850210810807138,,0.0,1.0,61.77777777777778,False,circle,360.0,1.0,True,True,14.16033729729142,629.9369296286512,632.6044444444445,28.32067459458284,28.32067459458284
r560_svd_normalised_tr050_tid1_010,r560,1,10,False,100,ellipse,284.6725071034276,130.77532213732215,36.19630731679767,3.3943544986172816,7.068497891925739,6.519994849510763,-63.065487071225334,0.38623180254868367,1.0,36.55555555555556,False,ellipse,360.0,1.0,True,True,10.861934395575302,370.6501869240082,374.32888888888897,22.61919325416237,20.86398351843444
r560_svd_normalised_tr050_tid1_010,r560,1,10,False,101,circle,231.23207945598412,225.25592056814472,16.505685509077708,2.2921437293023246,4.584287458604649,4.584287458604649,,0.0,1.0,16.666666666666668,False,circle,360.0,1.0,True,True,7.334859933767439,169.01821961295576,170.6666666666667,14.669719867534878,14.669719867534878
r560_svd_normalised_tr050_tid1_010,r560,1,10,False,102,circle,243.83895190240148,239.80915936530408,46.80419931751428,3.8598237469710224,7.719647493942046,7.719647493942044,,2.1073424255447017e-08,1.0,47.111111111111114,False,circle,360.0,1.0,True,True,12.351435990307273,479.2750010113463,482.4177777777779,24.702871980614546,24.702871980614542
r560_svd_normalised_tr050_tid1_010,r560,1,10,False,103,ellipse,320.3279067663921,139.75913375979218,18.204663554413813,2.407223376427635,5.031983083286496,4.6063146780175614,30.979176259293126,0.40252856526421127,1.0,18.333333333333332,False,ellipse,360.0,1.0,True,True,7.703114804568433,186.41575479719748,187.73333333333335,16.10234586651679,14.740206969656198
r560_svd_normalised_tr050_tid1_010,r560,1,10,False,104,ellipse,288.5780243759135,207.5341784973112,30.962539588333357,3.139376124697948,6.5817116480780165,5.989738219662995,2.779411084336573,0.41448129775224696,1.0,31.22222222222222,False,ellipse,360.0,1.0,True,True,10.046003599033433,317.05640538453366,319.7155555555556,21.061477273849654,19.167162302921586
r560_svd_normalised_tr050_tid1_010,r560,1,10,False,105,ellipse,219.2994036667391,219.26190977392747,29.688260544022164,3.0740961004435787,6.622591537272439,5.707775744028142,55.46816337234654,0.507138828971072,1.0,29.77777777777778,False,ellipse,360.0,1.0,True,True,9.837107521419453,304.00778797078704,304.92444444444453,21.192292919271807,18.264882380890054
r560_svd_normalised_tr050_tid1_010,r560,1,10,False,106,ellipse,258.6923076923077,168.8084464555053,49.1111111111114,3.9538022444398213,8.398504752974253,7.445397793030358,-73.35676531340644,0.4627004579769911,1.0,49.0,False,ellipse,360.0,1.0,True,True,12.652167182207428,502.89777777778085,501.7600000000001,26.87521520951761,23.825272937697147
r560_svd_normalised_tr050_tid1_010,r560,1,10,False,107,ellipse,231.95835916527884,183.38250213520925,16.17408014791145,2.2690018975331867,4.712786473453018,4.3697032657938655,3.223399578160951,0.37456261265073604,1.0,16.22222222222222,False,ellipse,360.0,1.0,True,True,7.260806072106198,165.6225807146133,166.11555555555557,15.080916715049657,13.98305045054037
r560_svd_normalised_tr050_tid1_010,r560,1,10,False,108,circle,246.72353651476186,192.95606193580093,31.82362981602357,3.1827309004522437,6.365461800904487,6.365461800904487,,0.0,1.0,31.88888888888889,False,circle,360.0,1.0,True,True,10.184738881447181,325.8739693160814,326.5422222222223,20.369477762894363,20.369477762894363
r560_svd_normalised_tr050_tid1_010,r560,1,10,False,109,ellipse,258.25141242937855,144.83333333333334,13.111111111111132,2.0428892005003156,4.2932956899901775,3.8882915008636325,25.546618764923466,0.4239920746189056,1.0,13.0,False,ellipse,360.0,1.0,True,True,6.53724544160101,134.25777777777802,133.12000000000003,13.738546207968568,12.442532802763624
r560_svd_normalised_tr050_tid1_010,r560,1,10,False,110,ellipse,281.29384943451174,140.50250386083573,10.533709144726057,1.8311154411863022,3.8173919522721005,3.513376463169018,28.46172005834339,0.391071216032791,1.0,10.666666666666666,False,ellipse,360.0,1.0,True,True,5.859569411796167,107.86518164199484,109.22666666666669,12.215654247270722,11.242804682140857
r560_svd_normalised_tr050_tid1_010,r560,1,10,False,111,circle,215.74005506192555,153.20583390479837,21.09631216933215,2.591363487725687,5.182726975451374,5.182726975451374,,0.0,1.0,21.22222222222222,False,circle,360.0,1.0,True,True,8.292363160722198,216.02623661396126,217.3155555555556,16.584726321444396,16.584726321444396
r560_svd_normalised_tr050_tid1_010,r560,1,10,False,112,ellipse,250.48101265822785,148.01265822784814,8.77777777777778,1.6715422355989251,3.5308402249957584,3.165312806409312,-82.98027755699437,0.44309270425864794,1.0,8.666666666666666,False,ellipse,360.0,1.0,True,True,5.34893515391656,89.88444444444448,88.74666666666668,11.298688719986428,10.1290009805098
r560_svd_normalised_tr050_tid1_010,r560,1,10,False,113,circle,261.38169934640524,150.28496732026144,28.33333333333338,3.003128386955967,6.006256773911963,6.006256773911906,,1.3898877878619456e-07,1.0,27.88888888888889,False,circle,360.0,1.0,True,True,9.610010838259095,290.13333333333384,285.5822222222223,19.220021676518286,19.2200216765181
r560_svd_normalised_tr050_tid1_010,r560,1,10,False,114,circle,271.09708737864077,135.45307443365698,11.444444444444562,1.908632968526915,3.81726593705387,3.8172659370537905,,2.043144285798384e-07,1.0,11.555555555555555,False,circle,360.0,1.0,True,True,6.1076254992861285,117.19111111111233,118.32888888888891,12.215250998572385,12.215250998572131
r560_svd_normalised_tr050_tid1_010,r560,1,10,False,115,circle,268.66359447004606,180.7480798771121,96.44444444444474,5.540687695058271,11.081375390116568,11.081375390116515,,9.771344846937061e-08,1.0,96.55555555555556,False,circle,360.0,1.0,True,True,17.730200624186466,987.5911111111143,988.7288888888891,35.46040124837302,35.46040124837285
r560_svd_normalised_tr050_tid1_010,r560,1,10,False,116,circle,245.0765353395677,219.0632652497485,18.751436339255317,2.443106130918376,4.886212261836752,4.886212261836752,,0.0,1.0,18.88888888888889,False,circle,360.0,1.0,True,True,7.817939618938803,192.01470811397448,193.42222222222227,15.635879237877607,15.635879237877607
r560_svd_normalised_tr050_tid1_010,r560,1,10,False,117,circle,201.3282709503752,100.56893254582312,21.250056565367178,2.600788935442694,5.201577870885392,5.201577870885384,,5.5755039852469285e-08,1.0,21.22222222222222,False,circle,360.0,1.0,True,True,8.322524593416622,217.60057922935994,217.3155555555556,16.645049186833255,16.64504918683323
r560_svd_normalised_tr050_tid1_010,r560,1,10,False,118,circle,300.4400001828777,123.74433706695761,9.545395674345555,1.7430989101827186,3.4861978203654376,3.486197820365437,,1.4901161193847656e-08,1.0,9.333333333333334,False,circle,360.0,1.0,True,True,5.5779165125847,97.7448517052985,95.57333333333335,11.1558330251694,11.1558330251694
r560_svd_normalised_tr050_tid1_010,r560,1,10,False,119,circle,57.33487654320987,139.89814814814818,72.00000000000011,4.787307364817196,9.574614729634401,9.574614729634384,,6.143906154658885e-08,1.0,72.0,False,circle,360.0,1.0,True,True,15.319383567415029,737.2800000000013,737.2800000000002,30.638767134830086,30.63876713483003
r560_svd_normalised_tr050_tid1_010,r560,1,10,False,120,ellipse,248.24319697875012,218.2855644105755,156.38079091280983,7.055320811755315,14.911131817995475,13.353124997986729,89.00959685035346,0.44503365285102886,1.0,156.44444444444446,False,ellipse,360.0,1.0,True,True,22.577026597617007,1601.339298947173,1601.9911111111116,47.71562181758552,42.729999993557534
r560_svd_normalised_tr050_tid1_010,r560,1,10,False,121,circle,235.86481891243332,249.48864207690994,47.502534253487894,3.888512089690522,7.777024179381044,7.777024179381043,,1.4901161193847656e-08,1.0,23.88888888888889,True,circle,181.0,0.5027777777777778,True,True,12.443238687009671,486.42595075571614,244.62222222222226,24.886477374019343,24.88647737401934
r560_svd_normalised_tr050_tid1_010,r560,1,10,False,122,ellipse,273.96415770609315,184.73835125448028,10.333333333333218,1.813615768908196,3.813699879996293,3.449880442333773,-86.78328749219753,0.4262572783897756,1.0,10.333333333333334,False,ellipse,360.0,1.0,True,True,5.8035704605062275,105.81333333333218,105.81333333333336,12.203839615988137,11.039617415468074
r560_svd_normalised_tr050_tid1_010,r560,1,10,False,123,circle,330.7794511672362,127.20741473275194,13.313079672001773,2.058563789429568,4.117127578859155,4.117127578859116,,1.3738191809196602e-07,1.0,13.222222222222221,False,circle,360.0,1.0,True,True,6.587404126174618,136.3259358412982,135.39555555555557,13.174808252349298,13.174808252349173
r560_svd_normalised_tr050_tid1_010,r560,1,10,False,124,ellipse,326.34526650755765,208.79872712808276,46.55555555555539,3.8495575836856863,8.454624467659828,7.011118540768865,-56.409954641516094,0.558856566506995,1.0,46.55555555555556,False,ellipse,360.0,1.0,True,True,12.318584267794197,476.72888888888724,476.728888888889,27.05479829651145,22.43557933046037
r560_svd_normalised_tr050_tid1_010,r560,1,10,False,125,ellipse,241.2269503546099,230.1531914893617,26.111111111111047,2.8829541803348295,6.2825320898475505,5.291767514783519,82.95900063730198,0.539011311738683,1.0,26.11111111111111,False,ellipse,360.0,1.0,True,True,9.225453377071455,267.37777777777717,267.37777777777785,20.104102687512164,16.933656047307263
r560_svd_normalised_tr050_tid1_010,r560,1,10,False,126,ellipse,209.7059573112456,181.42656897100989,348.7777777777776,10.536575095726306,23.91655007161721,18.56779751518281,65.35560561220183,0.6302925832508695,1.0,348.55555555555554,False,ellipse,360.0,1.0,True,True,33.71704030632418,3571.4844444444434,3569.2088888888893,76.53296022917507,59.416952048584996
r560_svd_normalised_tr050_tid1_010,r560,1,10,False,127,ellipse,242.98427672955978,194.26100628930814,11.777777777777754,1.9362290938683924,4.058206396185646,3.6952118625273735,45.80184233851324,0.4133924282932766,1.0,11.777777777777779,False,ellipse,360.0,1.0,True,True,6.195933100378856,120.60444444444423,120.60444444444448,12.986260467794068,11.824677960087596
r560_svd_normalised_tr050_tid1_010,r560,1,10,False,128,circle,231.84085047659866,151.06785794294566,14.046919803154411,2.1145385888592614,4.229077177718523,4.229077177718523,,0.0,1.0,14.0,False,circle,360.0,1.0,True,True,6.766523484349637,143.8404587843012,143.36,13.533046968699274,13.533046968699274
r560_svd_normalised_tr050_tid1_010,r560,1,10,False,129,circle,53.03726953756316,248.59542093014204,50.79495118479233,4.021011704825348,8.04202340965071,8.042023409650682,,8.429369702178807e-08,1.0,32.666666666666664,True,circle,206.99999999999997,0.575,True,True,12.867237455441114,520.1403001322735,334.5066666666667,25.734474910882273,25.734474910882184
r560_svd_normalised_tr050_tid1_010,r560,1,10,False,130,ellipse,257.008658008658,134.5194805194805,8.555555555555545,1.6502478344563836,3.4439166210033676,3.163047442576654,-6.495245665390428,0.39554908647414166,1.0,8.666666666666666,False,ellipse,360.0,1.0,True,True,5.280793070260428,87.6088888888888,88.74666666666668,11.020533187210777,10.121751816245293
r560_svd_normalised_tr050_tid1_010,r560,1,10,False,131,ellipse,272.6980921808061,241.36959532659066,146.27142532050868,6.823462518817844,15.081452150748406,12.348848182607261,-74.79188929232637,0.5740642053594894,1.0,146.0,False,ellipse,360.0,1.0,True,True,21.835080060217102,1497.8193952820093,1495.0400000000002,48.2606468823949,39.51631418434324
r560_svd_normalised_tr050_tid1_010,r560,1,10,False,132,circle,290.62698412698415,179.08994708994712,13.999999999999911,2.1110041228223695,4.222008245644767,4.2220082456447106,,1.6391277313232422e-07,1.0,14.11111111111111,False,circle,360.0,1.0,True,True,6.755213193031583,143.3599999999991,144.4977777777778,13.510426386063257,13.510426386063074
r560_svd_normalised_tr050_tid1_010,r560,1,10,False,133,circle,252.30555555555554,140.15972222222223,10.666666666666623,1.842635463847119,3.685270927694238,3.685270927694238,,0.0,1.0,10.88888888888889,False,circle,360.0,1.0,True,True,5.896433484310781,109.22666666666625,111.50222222222224,11.792866968621562,11.792866968621562
r560_svd_normalised_tr050_tid1_010,r560,1,10,False,134,circle,292.94211576846305,224.95908183632733,37.11111111111132,3.43698029583119,6.873960591662402,6.873960591662357,,1.1445799094242763e-07,1.0,37.44444444444444,False,circle,360.0,1.0,True,True,10.998336946659808,380.01777777778,383.4311111111112,21.996673893319688,21.996673893319542
r560_svd_normalised_tr050_tid1_010,r560,1,10,False,135,ellipse,224.56097030727838,167.29019141395221,16.78276836451157,2.3113028983576775,4.907287447236472,4.354439103391022,-28.90672187593475,0.46111312698568857,1.0,16.88888888888889,False,ellipse,360.0,1.0,True,True,7.396169274744569,171.8555480525985,172.94222222222226,15.703319831156712,13.934205130851272
r560_svd_normalised_tr050_tid1_010,r560,1,10,False,136,ellipse,240.69980168199538,222.7028317587483,28.529189435179386,3.0134901761956607,6.3278188955328725,5.74044434074343,75.06886019043748,0.42075173035482527,1.0,28.77777777777778,False,ellipse,360.0,1.0,True,True,9.643168563826116,292.138899816237,294.6844444444445,20.249020465705193,18.369421890378977
r560_svd_normalised_tr050_tid1_010,r560,1,10,False,137,circle,292.84143343631126,243.66193505469383,20.809796475594,2.573706266778354,5.147412533556709,5.147412533556708,,2.1073424255447017e-08,1.0,20.88888888888889,False,circle,360.0,1.0,True,True,8.235860053690734,213.0923159100826,213.90222222222226,16.47172010738147,16.47172010738147
r560_svd_normalised_tr050_tid1_010,r560,1,10,False,138,ellipse,212.79368727538747,217.02796968164267,170.38232318918648,7.364399357862105,16.00610456111599,13.55342336918944,-8.155307021684848,0.5319657207516937,1.0,170.0,False,ellipse,360.0,1.0,True,True,23.56607794515874,1744.71498945727,1740.8000000000004,51.21953459557117,43.37095478140621
r560_svd_normalised_tr050_tid1_010,r560,1,10,False,139,circle,249.83333333333331,152.42857142857142,6.222222222222326,1.4073360818815959,2.8146721637631917,2.8146721637631913,,1.4901161193847656e-08,1.0,6.222222222222222,False,circle,360.0,1.0,True,True,4.503475462021107,63.715555555556634,63.71555555555557,9.006950924042213,9.006950924042213
r560_svd_normalised_tr050_tid1_010,r560,1,10,False,140,ellipse,280.20227920227927,170.36752136752136,13.00000000000014,2.0342144725641207,4.403432329061153,3.758911877064394,-66.72469385795438,0.5208761561235097,1.0,12.777777777777779,False,ellipse,360.0,1.0,True,True,6.509486312205187,133.12000000000145,130.8444444444445,14.09098345299569,12.028518006606062
r560_svd_normalised_tr050_tid1_010,r560,1,10,False,141,circle,242.29051987767585,186.55351681957183,12.111111111111155,1.9634373937910612,3.9268747875821224,3.9268747875821224,,0.0,1.0,12.0,False,circle,360.0,1.0,True,True,6.282999660131396,124.01777777777825,122.88000000000002,12.565999320262792,12.565999320262792
r560_svd_normalised_tr050_tid1_010,r560,1,10,False,142,ellipse,271.92239410012536,188.1820744913144,22.07788765322494,2.6509639578984374,5.729189247512597,4.906530123177675,-11.60107152751931,0.5162977425565607,1.0,21.88888888888889,False,ellipse,360.0,1.0,True,True,8.483084665275,226.07756956902344,224.14222222222227,18.33340559204031,15.700896394168561
r560_svd_normalised_tr050_tid1_010,r560,1,10,False,143,circle,206.25866666666667,137.85866666666672,13.88888888888899,2.1026104350168078,4.2052208700336156,4.2052208700336156,,0.0,1.0,13.777777777777779,False,circle,360.0,1.0,True,True,6.728353392053785,142.22222222222328,141.08444444444447,13.45670678410757,13.45670678410757
r560_svd_normalised_tr050_tid2_010,r560,2,10,False,0,circle,209.3294937878792,193.00209582805834,141.60407305435737,6.713715541866045,13.42743108373209,13.427431083732088,,1.4901161193847656e-08,1.0,142.33333333333334,False,circle,360.0,1.0,True,True,21.483889733971345,1450.0257080766198,1457.4933333333338,42.96777946794269,42.967779467942684
r560_svd_normalised_tr050_tid2_010,r560,2,10,False,1,circle,234.2534818941504,154.4623955431755,39.88888888888904,3.563288885597145,7.12657777119429,7.12657777119429,,0.0,1.0,39.666666666666664,False,circle,360.0,1.0,True,True,11.402524433910864,408.4622222222239,406.1866666666667,22.80504886782173,22.80504886782173
r560_svd_normalised_tr050_tid2_010,r560,2,10,False,2,circle,305.4748395812225,162.5775075987842,109.66666666666666,5.908297909281689,11.816595818563387,11.816595818563368,,5.7711949142924205e-08,1.0,109.66666666666667,False,circle,360.0,1.0,True,True,18.906553309701405,1122.9866666666667,1122.986666666667,37.81310661940284,37.81310661940278
r560_svd_normalised_tr050_tid2_010,r560,2,10,False,3,circle,257.70505433563494,157.12140729102475,117.79066360653532,6.1232289460797915,12.246457892159583,12.246457892159583,,0.0,1.0,117.88888888888889,False,circle,360.0,1.0,True,True,19.594332627455334,1206.1763953309219,1207.1822222222224,39.18866525491067,39.18866525491067
r560_svd_normalised_tr050_tid2_010,r560,2,10,False,4,ellipse,306.0507361312916,233.80288320263676,481.2736382445007,12.37716272062648,25.864051890065763,23.69221306298212,13.847973874447149,0.4011127959542908,1.0,481.44444444444446,False,ellipse,360.0,1.0,True,True,39.606920706004736,4928.242055623688,4929.991111111112,82.76496604821045,75.81508180154279
r560_svd_normalised_tr050_tid2_010,r560,2,10,False,5,ellipse,314.32916135825536,218.91807397467383,43.76080553572975,3.73222413975757,7.822807568572412,7.12250526798073,-6.453839199295317,0.4135543890456539,1.0,43.55555555555556,False,ellipse,360.0,1.0,True,True,11.943117247224224,448.1106486858727,446.008888888889,25.03298421943172,22.79201685753834
r560_svd_normalised_tr050_tid2_010,r560,2,10,False,6,circle,207.64609084934736,128.80948331315184,60.05014904345262,4.372019682862952,8.744039365725905,8.744039365725904,,2.1073424255447017e-08,1.0,60.0,False,circle,360.0,1.0,True,True,13.990462985161447,614.9135262049549,614.4000000000001,27.9809259703229,27.980925970322893
r560_svd_normalised_tr050_tid2_010,r560,2,10,False,7,circle,211.21987162101075,183.8843685019438,409.66666666666623,11.419323536880784,22.838647073761567,22.838647073761564,,1.4901161193847656e-08,1.0,409.22222222222223,False,circle,360.0,1.0,True,True,36.54183531801851,4194.986666666663,4190.435555555557,73.08367063603701,73.08367063603701
r560_svd_normalised_tr050_tid2_010,r560,2,10,False,8,circle,300.8125,172.21156609195404,103.11111111111086,5.728986475988741,11.457972951977506,11.457972951977458,,9.18569267238524e-08,1.0,102.88888888888889,False,circle,360.0,1.0,True,True,18.33275672316397,1055.8577777777755,1053.5822222222223,36.66551344632802,36.66551344632787
r560_svd_normalised_tr050_tid2_010,r560,2,10,False,9,circle,201.97538126361658,213.97603485838783,340.0000000000005,10.403141895720205,20.80628379144041,20.80628379144041,,0.0,1.0,340.22222222222223,False,circle,360.0,1.0,True,True,33.290054066304656,3481.600000000006,3483.8755555555563,66.58010813260931,66.58010813260931
r560_svd_normalised_tr050_tid2_010,r560,2,10,False,10,circle,275.5555555555556,167.05650793650796,58.33333333333342,4.309069121522012,8.618138243044024,8.618138243044024,,0.0,1.0,58.44444444444444,False,circle,360.0,1.0,True,True,13.78902118887044,597.3333333333344,598.4711111111112,27.57804237774088,27.57804237774088
r560_svd_normalised_tr050_tid2_010,r560,2,10,False,11,circle,258.1550133421811,174.67488876861051,255.7193780865647,9.022084356384845,18.0441687127697,18.04416871276968,,4.9421560620597e-08,1.0,255.44444444444446,False,circle,360.0,1.0,True,True,28.870669940431505,2618.566431606423,2615.7511111111116,57.741339880863045,57.741339880862974
r560_svd_normalised_tr050_tid2_010,r560,2,10,False,12,circle,212.8783431439769,124.84988992601707,173.29756414789847,7.427134569929761,14.854269139859529,14.854269139859515,,4.470348358154297e-08,1.0,173.0,False,circle,360.0,1.0,True,True,23.766830623775235,1774.5670568744806,1771.5200000000004,47.5336612475505,47.53366124755045
r560_svd_normalised_tr050_tid2_010,r560,2,10,False,13,circle,218.66773234473675,231.71634412732323,223.29472443994038,8.430712800346026,16.86142560069205,16.86142560069205,,0.0,1.0,223.22222222222223,False,circle,360.0,1.0,True,True,26.978280961107284,2286.5379782649898,2285.795555555556,53.95656192221457,53.95656192221457
r560_svd_normalised_tr050_tid2_010,r560,2,10,False,14,circle,316.75524741429297,132.79156524214443,256.21471955872056,9.030818247609028,18.061636495218057,18.061636495218053,,2.1073424255447017e-08,1.0,256.55555555555554,False,circle,360.0,1.0,True,True,28.898618392348894,2623.638728281299,2627.1288888888894,57.79723678469779,57.79723678469777
r560_svd_normalised_tr050_tid2_010,r560,2,10,False,15,circle,198.61786372007364,169.042817679558,160.88888888888872,7.156292609337513,14.312585218675027,14.312585218675025,,1.4901161193847656e-08,1.0,161.55555555555554,False,circle,360.0,1.0,True,True,22.900136349880043,1647.5022222222208,1654.328888888889,45.800272699760086,45.800272699760086
r560_svd_normalised_tr050_tid2_010,r560,2,10,False,16,circle,313.91773724774293,184.95210473165383,216.94073798743318,8.309896606902363,16.619793213804726,16.619793213804726,,0.0,1.0,216.88888888888889,False,circle,360.0,1.0,True,True,26.591669142087564,2221.473156991316,2220.9422222222224,53.18333828417513,53.18333828417513
r560_svd_normalised_tr050_tid2_010,r560,2,10,False,17,circle,205.22279179810727,175.2898264984227,281.77777777777743,9.470620485140653,18.94124097028131,18.941240970281306,,2.1073424255447017e-08,1.0,281.55555555555554,False,circle,360.0,1.0,True,True,30.305985552450093,2885.4044444444417,2883.1288888888894,60.61197110490019,60.611971104900185
r560_svd_normalised_tr050_tid2_010,r560,2,10,False,18,ellipse,223.87121179005732,142.72970116091446,14.466481330709195,2.145885371089979,4.490820446718871,4.1015436537636685,-81.47040313095869,0.4072488826990472,1.0,14.222222222222221,False,ellipse,360.0,1.0,True,True,6.866833187487933,148.13676882646217,145.63555555555558,14.370625429500388,13.12493969204374
r560_svd_normalised_tr050_tid2_010,r560,2,10,False,19,circle,328.1660321489002,202.17787648054144,525.3333333333326,12.931310588717777,25.86262117743558,25.86262117743552,,6.828569911354542e-08,1.0,526.4444444444445,False,circle,360.0,1.0,True,True,41.38019388389689,5379.413333333327,5390.7911111111125,82.76038776779387,82.76038776779367
r560_svd_normalised_tr050_tid2_010,r560,2,10,False,20,circle,255.82683113406,162.8720596672404,774.6666666666673,15.70299520782718,31.40599041565436,31.40599041565436,,0.0,1.0,774.7777777777778,False,circle,360.0,1.0,True,True,50.24958466504698,7932.586666666675,7933.724444444447,100.49916933009396,100.49916933009396
r560_svd_normalised_tr050_tid2_010,r560,2,10,False,21,circle,271.27009525194336,238.9925985652386,240.65670673366617,8.752337340948369,17.504674681896745,17.50467468189673,,3.942476676500724e-08,1.0,240.88888888888889,False,circle,360.0,1.0,True,True,28.007479491034783,2464.3246769527423,2466.7022222222226,56.01495898206959,56.014958982069544
r560_svd_normalised_tr050_tid2_010,r560,2,10,False,22,circle,201.19892473118279,144.90456989247312,27.5555555555557,2.961622148860326,5.923244297720652,5.923244297720652,,0.0,1.0,27.77777777777778,False,circle,360.0,1.0,True,True,9.477190876353044,282.1688888888904,284.4444444444445,18.954381752706087,18.954381752706087
r560_svd_normalised_tr050_tid2_010,r560,2,10,False,23,circle,301.6684366676264,165.64903340043261,585.8218282059307,13.65550729413631,27.31101458827263,27.311014588272613,,3.650024149988857e-08,1.0,583.7777777777778,False,circle,360.0,1.0,True,True,43.697623341236195,5998.815520828732,5977.884444444446,87.39524668247242,87.39524668247236
r560_svd_normalised_tr050_tid2_010,r560,2,10,False,24,circle,293.5923499884282,230.3219461398173,130.0399889228403,6.43374028644075,12.867480572881519,12.867480572881481,,7.598131170262075e-08,1.0,130.33333333333334,False,circle,360.0,1.0,True,True,20.5879689166104,1331.6094865698851,1334.6133333333337,41.175937833220864,41.17593783322074
r560_svd_normalised_tr050_tid2_010,r560,2,10,False,25,circle,245.76802952867686,231.26348665530952,130.44444444444446,6.443737755714374,12.88747551142875,12.887475511428747,,2.1073424255447017e-08,1.0,130.44444444444446,False,circle,360.0,1.0,True,True,20.619960818286,1335.7511111111114,1335.7511111111114,41.23992163657201,41.23992163657199
r560_svd_normalised_tr050_tid2_010,r560,2,10,False,26,circle,231.87645245034918,171.1648876595727,254.18084514866354,8.994902772646896,17.98980554529379,17.98980554529379,,0.0,1.0,254.22222222222223,False,circle,360.0,1.0,True,True,28.783688872470066,2602.811854322315,2603.235555555556,57.56737774494013,57.56737774494013
r560_svd_normalised_tr050_tid2_010,r560,2,10,False,27,circle,288.3169922835687,133.8633491384214,14.202411324906306,2.126209757377269,4.252419514754538,4.252419514754538,,0.0,1.0,14.222222222222221,False,circle,360.0,1.0,True,True,6.803871223607262,145.4326919670406,145.63555555555558,13.607742447214523,13.607742447214523
r560_svd_normalised_tr050_tid2_010,r560,2,10,False,28,circle,292.50917746512175,197.849916794016,150.70981030026545,6.926212714280307,13.852425428560615,13.852425428560615,,0.0,1.0,151.44444444444446,False,circle,360.0,1.0,True,True,22.163880685696984,1543.2684574747184,1550.7911111111116,44.32776137139397,44.32776137139397
r560_svd_normalised_tr050_tid2_010,r560,2,10,False,29,circle,232.87814617737877,137.8275163787481,225.36328705324996,8.469673090026848,16.939346180053697,16.939346180053697,,0.0,1.0,224.55555555555554,False,circle,360.0,1.0,True,True,27.102953888085917,2307.72005942528,2299.448888888889,54.205907776171834,54.205907776171834
r560_svd_normalised_tr050_tid2_010,r560,2,10,False,30,circle,279.17018021968374,168.37482612468625,302.0228778533155,9.804940992907085,19.60988198581417,19.60988198581417,,0.0,1.0,301.6666666666667,False,circle,360.0,1.0,True,True,31.375811177302673,3092.7142692179514,3089.0666666666675,62.751622354605345,62.751622354605345
r560_svd_normalised_tr050_tid2_010,r560,2,10,False,31,circle,198.28934010152284,116.1191201353638,109.44444444444464,5.9023087562884555,11.804617512576911,11.804617512576911,,0.0,1.0,109.44444444444444,False,circle,360.0,1.0,True,True,18.88738802012306,1120.7111111111133,1120.7111111111112,37.77477604024612,37.77477604024612
r560_svd_normalised_tr050_tid2_010,r560,2,10,False,32,circle,233.30228339335937,237.80674163308367,183.49301185201912,7.642489104875267,15.284978209750534,15.284978209750534,,0.0,1.0,183.11111111111111,False,circle,360.0,1.0,True,True,24.455965135600856,1878.9684413646762,1875.0577777777783,48.91193027120171,48.91193027120171
r560_svd_normalised_tr050_tid2_010,r560,2,10,False,33,circle,253.6881138775985,144.29930276815088,29.727552007572797,3.0761296617752016,6.152259323550414,6.152259323550393,,8.296615425989064e-08,1.0,29.88888888888889,False,circle,360.0,1.0,True,True,9.843614917680647,304.4101325575455,306.06222222222226,19.687229835361325,19.687229835361258
r560_svd_normalised_tr050_tid2_010,r560,2,10,False,34,circle,281.38179639864086,192.61179323733364,89.86550919365054,5.348371715137168,10.696743430274337,10.696743430274337,,0.0,1.0,89.66666666666667,False,circle,360.0,1.0,True,True,17.11478948843894,920.2228141429817,918.1866666666668,34.22957897687788,34.22957897687788
r560_svd_normalised_tr050_tid2_010,r560,2,10,False,35,circle,273.9712968005496,205.41643468050188,1727.6766913456968,23.4507264489746,46.90145289794921,46.901452897949184,,3.332000937312528e-08,1.0,1727.888888888889,False,circle,360.0,1.0,True,True,75.04232463671872,17691.409319379938,17693.582222222227,150.0846492734375,150.0846492734374
r560_svd_normalised_tr050_tid2_010,r560,2,10,False,36,circle,233.1811842706904,211.66472336534062,323.9999999999996,10.155412503859607,20.310825007719213,20.310825007719213,,0.0,1.0,323.44444444444446,False,circle,360.0,1.0,True,True,32.49732001235074,3317.7599999999966,3312.071111111112,64.99464002470148,64.99464002470148
r560_svd_normalised_tr050_tid2_010,r560,2,10,False,37,ellipse,216.91568955890563,229.9715242881072,66.33333333333366,4.595057756277377,9.576564522028681,8.819261118099591,54.61963201525816,0.3897488636816204,1.0,66.22222222222223,False,ellipse,360.0,1.0,True,True,14.704184820087608,679.2533333333367,678.1155555555557,30.64500647049178,28.221635577918693
r560_svd_normalised_tr050_tid2_010,r560,2,10,False,38,circle,286.3012693103965,143.7273980132271,87.97089828601993,5.291692226585824,10.583384453171671,10.583384453171623,,9.541398640621973e-08,1.0,87.77777777777777,False,circle,360.0,1.0,True,True,16.93341512507464,900.8219984488443,898.8444444444445,33.86683025014935,33.8668302501492
r560_svd_normalised_tr050_tid2_010,r560,2,10,False,39,circle,270.5227028685381,230.49516797054764,482.88888888888846,12.397915440171353,24.795830880342734,24.795830880342677,,6.828569911354542e-08,1.0,482.6666666666667,False,circle,360.0,1.0,True,True,39.673329408548334,4944.7822222222185,4942.506666666668,79.34665881709675,79.34665881709657
r560_svd_normalised_tr050_tid2_010,r560,2,10,False,40,circle,294.0330329502556,241.0701076099788,132.79587687011824,6.501556771435901,13.003113542871802,13.003113542871802,,0.0,1.0,133.22222222222223,False,circle,360.0,1.0,True,True,20.804981668594884,1359.829779150011,1364.195555555556,41.60996333718977,41.60996333718977
r560_svd_normalised_tr050_tid2_010,r560,2,10,False,41,circle,303.0437844450663,137.14350813409305,42.8185056551263,3.6918225392945487,7.3836450785890975,7.3836450785890975,,0.0,1.0,42.77777777777778,False,circle,360.0,1.0,True,True,11.813832125742557,438.4614979084934,438.04444444444454,23.627664251485115,23.627664251485115
r560_svd_normalised_tr050_tid2_010,r560,2,10,False,42,circle,191.002479338843,142.92093663911848,134.44444444444494,6.541788425893506,13.083576851787011,13.083576851787011,,0.0,1.0,134.55555555555554,False,circle,360.0,1.0,True,True,20.93372296285922,1376.7111111111165,1377.848888888889,41.86744592571844,41.86744592571844
r560_svd_normalised_tr050_tid2_010,r560,2,10,False,43,ellipse,262.24603174603175,146.40608465608466,27.99999999999991,2.9854106607209188,6.247884844172408,5.706044228045743,27.989416201547385,0.4073409755443062,1.0,27.666666666666668,False,ellipse,360.0,1.0,True,True,9.553314114306941,286.7199999999991,283.30666666666673,19.99323150135171,18.259341529746376
r560_svd_normalised_tr050_tid2_010,r560,2,10,False,44,circle,286.51803430544373,154.00526226059327,86.22005895409914,5.238768667582013,10.477537335164053,10.477537335164,,1.0106459234841567e-07,1.0,86.22222222222223,False,circle,360.0,1.0,True,True,16.764059736262443,882.8934036899755,882.9155555555558,33.52811947252497,33.5281194725248
r560_svd_normalised_tr050_tid2_010,r560,2,10,False,45,ellipse,207.90054744525548,149.82603406326035,121.77777777777746,6.225999565062569,12.99972110798444,11.927354521583077,-22.319930989577443,0.3977161871260867,1.0,121.44444444444444,False,ellipse,360.0,1.0,True,True,19.923198608200224,1247.0044444444413,1243.5911111111113,41.59910754555021,38.16753446906585
r560_svd_normalised_tr050_tid2_010,r560,2,10,False,46,circle,270.6201279813845,198.57998836532863,63.66666666666684,4.501747374116862,9.003494748233734,9.003494748233713,,6.828569911354542e-08,1.0,63.666666666666664,False,circle,360.0,1.0,True,True,14.40559159717396,651.9466666666685,651.9466666666667,28.81118319434795,28.811183194347883
r560_svd_normalised_tr050_tid2_010,r560,2,10,False,47,circle,278.99549168779936,201.9394195548042,131.44444444444414,6.468389764895326,12.936779529790655,12.936779529790648,,3.332000937312528e-08,1.0,132.11111111111111,False,circle,360.0,1.0,True,True,20.698847247665043,1345.9911111111082,1352.817777777778,41.3976944953301,41.39769449533008
r560_svd_normalised_tr050_tid2_010,r560,2,10,False,48,circle,207.0854948591454,159.2757574004458,194.30088334284855,7.864343078876462,15.728686157752925,15.728686157752923,,1.4901161193847656e-08,1.0,194.33333333333334,False,circle,360.0,1.0,True,True,25.16589785240468,1989.6410454307695,1989.9733333333338,50.331795704809366,50.33179570480936
r560_svd_normalised_tr050_tid2_010,r560,2,10,False,49,ellipse,198.63650075414785,133.9019607843137,24.5555555555555,2.7957603785139775,5.810128454235184,5.381138235159735,36.7955604858513,0.3771182793198613,1.0,24.666666666666668,False,ellipse,360.0,1.0,True,True,8.94643321124473,251.44888888888838,252.58666666666673,18.592411053552592,17.219642352511155
r560_svd_normalised_tr050_tid2_010,r560,2,10,False,50,circle,245.85154590638993,245.45754330031542,66.3904858084098,4.59703686969786,9.19407373939572,9.19407373939572,,0.0,1.0,65.11111111111111,True,circle,303.0,0.8416666666666667,True,True,14.710517983033151,679.8385746781165,666.737777777778,29.421035966066302,29.421035966066302
r560_svd_normalised_tr050_tid2_010,r560,2,10,False,51,circle,221.47451511050974,211.96526838069465,82.11111111111121,5.112414149127827,10.224828298255655,10.224828298255652,,2.5809568279517847e-08,1.0,82.33333333333333,False,circle,360.0,1.0,True,True,16.359725277209048,840.817777777779,843.0933333333335,32.719450554418096,32.71945055441809
r560_svd_normalised_tr050_tid2_010,r560,2,10,False,52,circle,301.84154246292974,210.24551533207793,417.74479144580533,11.531361455569142,23.062722911138287,23.062722911138277,,2.9802322387695312e-08,1.0,418.1111111111111,False,circle,360.0,1.0,True,True,36.900356657821256,4277.706664405047,4281.457777777779,73.80071331564253,73.80071331564248
r560_svd_normalised_tr050_tid2_010,r560,2,10,False,53,circle,238.37234042553195,228.58421985815602,125.3333333333337,6.316236147292828,12.632472294585657,12.632472294585655,,1.4901161193847656e-08,1.0,125.0,False,circle,360.0,1.0,True,True,20.21195567133705,1283.4133333333373,1280.0000000000002,40.4239113426741,40.4239113426741
r560_svd_normalised_tr050_tid2_010,r560,2,10,False,54,circle,246.44817927170868,184.5098039215686,13.222222222222047,2.0515272483328824,4.103054496665765,4.103054496665765,,0.0,1.0,13.11111111111111,False,circle,360.0,1.0,True,True,6.564887194665224,135.39555555555378,134.2577777777778,13.129774389330448,13.129774389330448
r560_svd_normalised_tr050_tid2_010,r560,2,10,False,55,circle,210.74225104709814,218.66829887129623,82.2950418633187,5.118136907997212,10.236273815994425,10.236273815994425,,0.0,1.0,82.33333333333333,False,circle,360.0,1.0,True,True,16.37803810559108,842.7012286803837,843.0933333333335,32.75607621118216,32.75607621118216
r560_svd_normalised_tr050_tid2_010,r560,2,10,False,56,ellipse,272.292228353685,239.95897739365472,54.216433329784394,4.154229979490151,9.031676986917791,7.643154974427045,-87.45369623590005,0.5327687226294917,1.0,54.111111111111114,False,ellipse,360.0,1.0,True,True,13.293535934368485,555.1762772969923,554.0977777777779,28.901366358136933,24.458095918166546
r560_svd_normalised_tr050_tid2_010,r560,2,10,False,57,ellipse,318.17946845719086,177.16251712371627,131.56700297183002,6.471404618898872,13.440601970951027,12.46345300069693,65.5013226615423,0.37432216645516164,1.0,132.22222222222223,False,ellipse,360.0,1.0,True,True,20.708494780476393,1347.2461104315396,1353.955555555556,43.00992630704329,39.88304960223018
r560_svd_normalised_tr050_tid2_010,r560,2,10,False,58,circle,214.47725996631107,151.6945536215609,197.88888888888854,7.936623318468561,15.873246636937122,15.873246636937122,,0.0,1.0,198.11111111111111,False,circle,360.0,1.0,True,True,25.397194619099395,2026.382222222219,2028.6577777777782,50.79438923819879,50.79438923819879
r560_svd_normalised_tr050_tid2_010,r560,2,10,False,59,ellipse,251.61331220285263,130.33597464342313,70.11111111111113,4.724093542468956,9.818860399980688,9.091507115445202,-12.099673557295773,0.377712711984912,1.0,69.88888888888889,False,ellipse,360.0,1.0,True,True,15.11709933590066,717.9377777777781,715.6622222222223,31.4203532799382,29.092822769424647
r560_svd_normalised_tr050_tid2_010,r560,2,10,False,60,ellipse,269.32780847145483,148.31123388581955,20.11111111111132,2.5301315161088787,5.3317942098020135,4.802560066582257,-7.135366690513138,0.43435876513946425,1.0,20.0,False,ellipse,360.0,1.0,True,True,8.096420851548412,205.93777777777996,204.80000000000004,17.061741471366442,15.368192213063223
r560_svd_normalised_tr050_tid2_010,r560,2,10,False,61,circle,264.57736003416477,189.12359039084743,154.40802175182134,7.010677558530739,14.021355117061525,14.02135511706143,,1.1542389828584841e-07,1.0,154.33333333333334,False,circle,360.0,1.0,True,True,22.43416818729837,1581.138142738651,1580.3733333333337,44.86833637459688,44.86833637459658
r560_svd_normalised_tr050_tid2_010,r560,2,10,False,62,circle,171.7361325415081,103.00965672346672,60.7353458342805,4.396892200161723,8.79378440032345,8.79378440032344,,4.470348358154297e-08,1.0,60.666666666666664,False,circle,360.0,1.0,True,True,14.070055040517515,621.9299413430325,621.2266666666668,28.14011008103504,28.14011008103501
r560_svd_normalised_tr050_tid2_010,r560,2,10,False,63,ellipse,272.5483870967742,139.7032258064516,17.222222222222157,2.3413678898002095,4.855794716898028,4.515844606288868,10.844393868342735,0.3675826955012111,1.0,17.444444444444443,False,ellipse,360.0,1.0,True,True,7.492377247360671,176.35555555555493,178.63111111111112,15.538543094073692,14.45070274012438
r560_svd_normalised_tr050_tid2_010,r560,2,10,False,64,circle,244.8060606060606,150.87424242424242,24.44444444444465,2.78942795729468,5.57885591458936,5.57885591458936,,0.0,1.0,23.77777777777778,False,circle,360.0,1.0,True,True,8.926169463342976,250.31111111111326,243.4844444444445,17.852338926685952,17.852338926685952
r560_svd_normalised_tr050_tid2_010,r560,2,10,False,65,circle,321.85624106497244,165.32708443609735,26.12690115766964,2.883825746093715,5.76765149218743,5.76765149218743,,0.0,1.0,26.0,False,circle,360.0,1.0,True,True,9.228242387499888,267.5394678545372,266.24000000000007,18.456484774999776,18.456484774999776
r560_svd_normalised_tr050_tid2_010,r560,2,10,False,66,circle,313.6931655733799,162.40403084397022,78.11997157662498,4.986618018380439,9.973236036760879,9.973236036760879,,0.0,1.0,77.88888888888889,False,circle,360.0,1.0,True,True,15.957177658817407,799.9485089446399,797.5822222222223,31.914355317634815,31.914355317634815
r560_svd_normalised_tr050_tid2_010,r560,2,10,False,67,ellipse,294.201399688958,164.01166407465007,142.8888888888891,6.744104533527828,14.149851690705514,12.857504644808843,-15.706838979015629,0.4175213870248988,1.0,142.44444444444446,False,ellipse,360.0,1.0,True,True,21.58113450728905,1463.1822222222247,1458.6311111111115,45.27952541025765,41.1440148633883
r560_svd_normalised_tr050_tid2_010,r560,2,10,False,68,circle,184.31517424760597,154.25090406788615,79.4365658195668,5.028463405937991,10.056926811875982,10.056926811875982,,0.0,1.0,79.55555555555556,False,circle,360.0,1.0,True,True,16.091082899001574,813.4304339923641,814.648888888889,32.18216579800315,32.18216579800315
r560_svd_normalised_tr050_tid2_010,r560,2,10,False,69,circle,241.6464350495326,121.94390958560066,265.44444444444497,9.192039539690352,18.38407907938071,18.384079079380697,,3.942476676500724e-08,1.0,265.44444444444446,False,circle,360.0,1.0,True,True,29.41452652700913,2718.151111111117,2718.1511111111117,58.82905305401828,58.82905305401823
r560_svd_normalised_tr050_tid2_010,r560,2,10,False,70,circle,237.31548360315486,164.83312577833127,89.2222222222223,5.329194629643438,10.658389259286876,10.658389259286876,,0.0,1.0,89.11111111111111,False,circle,360.0,1.0,True,True,17.053422814859,913.6355555555565,912.497777777778,34.106845629718,34.106845629718
r560_svd_normalised_tr050_tid2_010,r560,2,10,False,71,ellipse,247.582896200922,211.71173104434908,466.00000000000017,12.179179240065666,25.31597305587159,23.43696710914984,-17.833051551042132,0.37806794659506493,1.0,466.44444444444446,False,ellipse,360.0,1.0,True,True,38.973373568210135,4771.840000000003,4776.391111111112,81.0111137787891,74.9982947492795
r560_svd_normalised_tr050_tid2_010,r560,2,10,False,72,circle,259.51666666666665,128.76025641025643,57.777777777778084,4.288500655053802,8.577001310107605,8.577001310107605,,0.0,1.0,58.0,False,circle,360.0,1.0,True,True,13.723202096172168,591.6444444444477,593.9200000000001,27.446404192344335,27.446404192344335
r560_svd_normalised_tr050_tid2_010,r560,2,10,False,73,ellipse,304.52023546725536,202.9727740986019,50.33333333333345,4.002698790139494,8.847216268709676,7.243678516709681,-88.54567364424071,0.5741469318547932,1.0,49.77777777777778,False,ellipse,360.0,1.0,True,True,12.80863612844638,515.4133333333347,509.72444444444454,28.311092059870965,23.17977125347098
r560_svd_normalised_tr050_tid2_010,r560,2,10,False,74,circle,195.63460776730471,197.7852701296254,43.98667209787287,3.7418434746896665,7.483686949379333,7.483686949379332,,1.4901161193847656e-08,1.0,44.333333333333336,False,circle,360.0,1.0,True,True,11.973899119006933,450.42352228221824,453.97333333333347,23.947798238013867,23.947798238013863
r560_svd_normalised_tr050_tid2_010,r560,2,10,False,75,circle,232.28998401594674,144.11869241003478,76.61069340715942,4.93821233837653,9.87642467675306,9.876424676753059,,2.1073424255447017e-08,1.0,76.66666666666667,False,circle,360.0,1.0,True,True,15.802279482804899,784.4935004893126,785.0666666666668,31.604558965609797,31.60455896560979
r560_svd_normalised_tr050_tid2_010,r560,2,10,False,76,circle,237.29776601998827,187.18577307466197,126.0000000000004,6.333012368467138,12.666024736934277,12.666024736934276,,1.4901161193847656e-08,1.0,126.22222222222223,False,circle,360.0,1.0,True,True,20.26563957909484,1290.2400000000043,1292.515555555556,40.53127915818969,40.53127915818968
r560_svd_normalised_tr050_tid2_010,r560,2,10,False,77,circle,216.64798727759305,185.6552987571488,55.390268860421784,4.198960606703809,8.397921213407619,8.397921213407619,,0.0,1.0,55.333333333333336,False,circle,360.0,1.0,True,True,13.436673941452192,567.1963531307192,566.6133333333335,26.873347882904383,26.873347882904383
r560_svd_normalised_tr050_tid2_010,r560,2,10,False,78,circle,305.06683091525315,241.4245729757105,38.20168066488165,3.4871152295942265,6.974230459188475,6.974230459188431,,1.1250129990683123e-07,1.0,38.333333333333336,False,circle,360.0,1.0,True,True,11.158768734701525,391.1852100083882,392.5333333333334,22.31753746940312,22.31753746940298
r560_svd_normalised_tr050_tid2_010,r560,2,10,False,79,circle,247.15172559665393,219.98506322015362,259.4011480971555,9.086800863161368,18.173601726322737,18.173601726322737,,0.0,1.0,259.1111111111111,False,circle,360.0,1.0,True,True,29.07776276211638,2656.267756514873,2653.297777777778,58.15552552423276,58.15552552423276
r560_svd_normalised_tr050_tid2_010,r560,2,10,False,80,ellipse,237.7621722846442,213.21207865168543,79.11111111111101,5.018151928115665,10.596345679706008,9.505861562020927,-29.333942873257627,0.44185057825692525,1.0,79.11111111111111,False,ellipse,360.0,1.0,True,True,16.058086169970128,810.097777777777,810.097777777778,33.90830617505923,30.418756998466968
r560_svd_normalised_tr050_tid2_010,r560,2,10,False,81,circle,57.451710078797376,140.0589668707543,79.3037645256207,5.024258379113923,10.048516758227851,10.04851675822784,,4.712160915387242e-08,1.0,79.22222222222223,False,circle,360.0,1.0,True,True,16.077626813164553,812.0705487423562,811.2355555555558,32.15525362632913,32.15525362632909
r560_svd_normalised_tr050_tid2_010,r560,2,10,False,82,ellipse,209.77469557528215,132.30307179905702,36.43556676829788,3.405554449874323,7.313938800252377,6.342848321705184,-88.42384083476554,0.49791223233563414,1.0,36.77777777777778,False,ellipse,360.0,1.0,True,True,10.897774239597835,373.1002037073704,376.60444444444454,23.404604160807608,20.29711462945659
r560_svd_normalised_tr050_tid2_010,r560,2,10,False,83,circle,200.25641932132265,247.07138945082278,182.72597116881147,7.626498743562934,15.252997487125867,15.252997487125866,,1.4901161193847656e-08,1.0,127.88888888888889,True,circle,217.0,0.6027777777777777,True,True,24.40479597940139,1871.1139447686298,1309.5822222222225,48.80959195880278,48.80959195880277
r560_svd_normalised_tr050_tid2_010,r560,2,10,False,84,ellipse,257.83214790692836,168.75033476339723,42.12465978697982,3.6617885878794874,7.8794437496559455,6.806925000465897,89.16321135833931,0.5036908959803904,1.0,42.111111111111114,False,ellipse,360.0,1.0,True,True,11.71772348121436,431.35651621867345,431.2177777777779,25.214219998899026,21.782160001490873
r560_svd_normalised_tr050_tid2_010,r560,2,10,False,85,circle,250.92460958535273,189.75713516424338,68.77777777777783,4.67895785580705,9.35791571161411,9.35791571161409,,6.495265578539184e-08,1.0,68.77777777777777,False,circle,360.0,1.0,True,True,14.97266513858256,704.2844444444451,704.2844444444445,29.945330277165155,29.94533027716509
r560_svd_normalised_tr050_tid2_010,r560,2,10,False,86,ellipse,246.10122241942167,193.2752549728242,22.18632299500912,2.6574660764303597,5.604586507576265,5.040247617076913,18.895859371579576,0.4373164985808118,1.0,22.333333333333332,False,ellipse,360.0,1.0,True,True,8.503891444577151,227.18794746889344,228.69333333333336,17.934676824244047,16.12879237464612
r560_svd_normalised_tr050_tid2_010,r560,2,10,False,87,circle,277.87445231572264,145.5660073972547,16.27524157863267,2.2760866184107016,4.552173236821432,4.552173236821375,,1.5769906706002895e-07,1.0,16.444444444444443,False,circle,360.0,1.0,True,True,7.283477178914246,166.65847376519858,168.39111111111112,14.566954357828582,14.5669543578284
r560_svd_normalised_tr050_tid2_010,r560,2,10,False,88,circle,283.08506227700883,240.07952955337413,25.651814036935647,2.857485959108942,5.714971918217884,5.714971918217884,,0.0,1.0,25.77777777777778,False,circle,360.0,1.0,True,True,9.143955069148616,262.67457573822105,263.9644444444445,18.28791013829723,18.28791013829723
r560_svd_normalised_tr050_tid2_010,r560,2,10,False,89,ellipse,243.27272727272728,240.23301985370955,35.444444444444365,3.3589160568491105,7.086394930354411,6.368438218779611,-77.2076644067937,0.4385942521494236,1.0,35.44444444444444,False,ellipse,360.0,1.0,True,True,10.748531381917154,362.9511111111104,362.9511111111112,22.676463777134117,20.379002300094754
r560_svd_normalised_tr050_tid2_010,r560,2,10,False,90,circle,217.1922972157311,196.01714098237943,20.554579422236323,2.557875258187492,5.115750516374985,5.115750516374984,,2.1073424255447017e-08,1.0,20.77777777777778,False,circle,360.0,1.0,True,True,8.185200826199974,210.4788932837,212.7644444444445,16.370401652399952,16.37040165239995
r560_svd_normalised_tr050_tid2_010,r560,2,10,False,91,ellipse,197.1306209850107,172.02783725910064,51.888888888888985,4.0640800086151865,8.52411316563551,7.750599268443296,-19.741395118995968,0.41623779803972033,1.0,52.22222222222222,False,ellipse,360.0,1.0,True,True,13.005056027568598,531.3422222222233,534.7555555555557,27.277162130033634,24.80191765901855
r560_svd_normalised_tr050_tid2_010,r560,2,10,False,92,circle,241.84975541579317,179.71977638015375,53.000000000000185,4.107362166615085,8.214724333230171,8.21472433323017,,2.1073424255447017e-08,1.0,52.77777777777778,False,circle,360.0,1.0,True,True,13.143558933168272,542.720000000002,540.4444444444446,26.287117866336548,26.287117866336544
r560_svd_normalised_tr050_tid2_010,r560,2,10,False,93,ellipse,257.41734417344173,145.05962059620595,13.666666666666751,2.085721724290779,4.446797570503762,3.9131397750455075,21.330246484322544,0.4749912183842062,1.0,13.777777777777779,False,ellipse,360.0,1.0,True,True,6.674309517730492,139.94666666666757,141.08444444444447,14.229752225612039,12.522047280145625
r560_svd_normalised_tr050_tid2_010,r560,2,10,False,94,ellipse,295.60173160173156,152.42424242424238,17.11111111111107,2.3338028687650465,4.840143961711184,4.50121804090336,0.45225501875813734,0.36762007081807385,1.0,16.77777777777778,False,ellipse,360.0,1.0,True,True,7.468169180048149,175.2177777777774,171.8044444444445,15.48846067747579,14.403897730890755
r560_svd_normalised_tr050_tid2_010,r560,2,10,False,95,circle,207.7654527908789,217.0402308489883,396.19454116154884,11.229988392860065,22.45997678572013,22.45997678572013,,0.0,1.0,396.0,False,circle,360.0,1.0,True,True,35.93596285715221,4057.032101494261,4055.040000000001,71.87192571430442,71.87192571430442
r560_svd_normalised_tr050_tid2_010,r560,2,10,False,96,circle,244.39961013645222,219.38791423001956,18.999999999999964,2.459245379682965,4.91849075936593,4.91849075936593,,0.0,1.0,19.11111111111111,False,circle,360.0,1.0,True,True,7.869585214985489,194.55999999999966,195.69777777777782,15.739170429970978,15.739170429970978
r560_svd_normalised_tr050_tid2_010,r560,2,10,False,97,circle,280.5857605177994,140.68608414239486,11.444444444444565,1.9086329685269152,3.8172659370538713,3.81726593705379,,2.0647654623614278e-07,1.0,11.333333333333334,False,circle,360.0,1.0,True,True,6.107625499286129,117.19111111111238,116.05333333333336,12.215250998572388,12.21525099857213
r560_svd_normalised_tr050_tid2_010,r560,2,10,False,98,ellipse,223.90752688172046,167.36559139784944,17.22222222222235,2.3413678898002224,4.9422575576144885,4.436841691458573,-19.164045059669007,0.4405341975458187,1.0,17.22222222222222,False,ellipse,360.0,1.0,True,True,7.492377247360712,176.3555555555569,176.35555555555558,15.815224184366365,14.197893412667435
r560_svd_normalised_tr050_tid2_010,r560,2,10,False,99,ellipse,283.4536632710689,130.97900068201983,34.042585499055996,3.29182191432138,7.182656562424231,6.0345870202370735,-73.77430910338569,0.5423372609404347,1.0,34.44444444444444,False,ellipse,360.0,1.0,True,True,10.533830125828416,348.59607551033343,352.71111111111117,22.984500999757543,19.310678464758638
r560_svd_normalised_tr050_tid2_010,r560,2,10,False,100,ellipse,315.46061373976625,135.64864601267442,23.5567317693908,2.738309808691645,5.725182926213678,5.238847879633333,54.80193948976526,0.40333279845691683,1.0,23.444444444444443,False,ellipse,360.0,1.0,True,True,8.762591387813265,241.22093331856186,240.07111111111115,18.320585363883772,16.764313214826668
r560_svd_normalised_tr050_tid2_010,r560,2,10,False,101,circle,263.54256956527956,138.38982946963736,14.217761900075644,2.1273584963990704,4.254716992798141,4.254716992798141,,0.0,1.0,14.333333333333334,False,circle,360.0,1.0,True,True,6.807547188477026,145.5898818567746,146.77333333333337,13.615094376954051,13.615094376954051
r560_svd_normalised_tr050_tid2_010,r560,2,10,False,102,circle,284.153050339512,167.49611591629636,35.00928059912357,3.33823308396574,6.676466167931518,6.6764661679314425,,1.5049435106459375e-07,1.0,35.111111111111114,False,circle,360.0,1.0,True,True,10.68234586869037,358.4950333350254,359.5377777777779,21.36469173738086,21.364691737380618
r560_svd_normalised_tr050_tid2_010,r560,2,10,False,103,circle,218.25763612217798,219.00531208499336,27.888888888888673,2.9794813387592374,5.958962677518476,5.958962677518475,,1.4901161193847656e-08,1.0,27.555555555555557,False,circle,360.0,1.0,True,True,9.53434028402956,285.5822222222201,282.16888888888894,19.068680568059122,19.06868056805912
r560_svd_normalised_tr050_tid2_010,r560,2,10,False,104,circle,240.66263440860217,230.58870967741933,27.555555555555777,2.96162214886033,5.923244297720661,5.92324429772066,,1.4901161193847656e-08,1.0,27.555555555555557,False,circle,360.0,1.0,True,True,9.477190876353056,282.1688888888912,282.16888888888894,18.954381752706116,18.954381752706112
r560_svd_normalised_tr050_tid2_010,r560,2,10,False,105,ellipse,210.75460122699386,179.27607361963192,18.111111111111107,2.4010301365121935,5.027751781023678,4.586499865167161,76.03269309664967,0.4096634481472014,1.0,18.333333333333332,False,ellipse,360.0,1.0,True,True,7.6832964368390195,185.45777777777778,187.73333333333335,16.08880569927577,14.676799568534916
r560_svd_normalised_tr050_tid2_010,r560,2,10,False,106,circle,231.46264285888304,151.05551148393164,13.816900229218883,2.097154247873879,4.194308495747758,4.194308495747757,,2.1073424255447017e-08,1.0,13.777777777777779,False,circle,360.0,1.0,True,True,6.710893593196413,141.48505834720137,141.08444444444447,13.421787186392827,13.421787186392823
r560_svd_normalised_tr050_tid2_010,r560,2,10,False,107,ellipse,246.8794554076794,216.30029065320483,242.11111111111126,8.778744797612521,19.0133745283804,16.213084133292693,85.00908905252294,0.5223683134810856,1.0,242.11111111111111,False,ellipse,360.0,1.0,True,True,28.09198335236007,2479.2177777777797,2479.2177777777783,60.84279849081728,51.88186922653662
r560_svd_normalised_tr050_tid2_010,r560,2,10,False,108,circle,267.6313725490196,180.11127450980396,75.55555555555543,4.904088120073081,9.808176240146178,9.808176240146144,,8.296615425989064e-08,1.0,75.88888888888889,False,circle,360.0,1.0,True,True,15.69308198423386,773.6888888888877,777.1022222222224,31.38616396846777,31.386163968467663
r560_svd_normalised_tr050_tid2_010,r560,2,10,False,109,ellipse,260.40166666666664,150.795,22.222222222222264,2.6596152026762203,5.520698638335748,5.125114402867564,-67.06278759919462,0.37171908959822286,1.0,22.333333333333332,False,ellipse,360.0,1.0,True,True,8.510768648563905,227.55555555555603,228.69333333333336,17.666235642674394,16.400366089176206
r560_svd_normalised_tr050_tid2_010,r560,2,10,False,110,circle,249.5,148.13178294573643,9.555555555555468,1.7440263189848224,3.488052637969645,3.488052637969645,,0.0,1.0,9.555555555555555,False,circle,360.0,1.0,True,True,5.580884220751432,97.84888888888801,97.84888888888891,11.161768441502865,11.161768441502865
r560_svd_normalised_tr050_tid2_010,r560,2,10,False,111,ellipse,288.0175765793658,207.5675295465183,25.591861962540005,2.8541448226268042,6.070318241055537,5.367852125730331,12.724011683510867,0.46695981755800964,1.0,25.555555555555557,False,ellipse,360.0,1.0,True,True,9.133263432405775,262.0606664964097,261.688888888889,19.425018371377718,17.17712680233706
r560_svd_normalised_tr050_tid2_010,r560,2,10,False,112,ellipse,280.45929024401954,179.1656314892932,17.4567783338913,2.357257967341844,4.910355319285279,4.526487199631327,-78.6372716370924,0.3876068621588374,1.0,17.444444444444443,False,ellipse,360.0,1.0,True,True,7.5432254954939015,178.75741013904695,178.63111111111112,15.713137021712894,14.484759038820247
r560_svd_normalised_tr050_tid2_010,r560,2,10,False,113,ellipse,205.27857758090323,215.6026824166359,301.00000000000017,9.788323438736638,20.92253812940925,18.31733323150623,-30.84828586405962,0.4832483306839553,1.0,300.6666666666667,False,ellipse,360.0,1.0,True,True,31.322635003957245,3082.2400000000025,3078.8266666666673,66.9521220141096,58.615466340819935
r560_svd_normalised_tr050_tid2_010,r560,2,10,False,114,ellipse,237.61810990600878,172.95541723795725,18.967989155835312,2.4571728611006014,5.368906190500064,4.498270787455841,85.31639982184561,0.5459197480614414,1.0,19.0,False,ellipse,360.0,1.0,True,True,7.862953155521925,194.23220895575363,194.56000000000003,17.180499809600203,14.39446651985869
r560_svd_normalised_tr050_tid2_010,r560,2,10,False,115,circle,271.36025545382665,188.33256432834872,24.44071991290529,2.7892154405364225,5.578430881072845,5.578430881072845,,0.0,1.0,24.555555555555557,False,circle,360.0,1.0,True,True,8.925489409716553,250.27297190815023,251.44888888888894,17.850978819433106,17.850978819433106
r560_svd_normalised_tr050_tid2_010,r560,2,10,False,116,circle,255.83333333333337,135.09649122807016,8.44444444444455,1.6394969197886553,3.2789938395773106,3.2789938395773106,,0.0,1.0,8.444444444444445,False,circle,360.0,1.0,True,True,5.246390143323698,86.47111111111221,86.47111111111113,10.492780286647395,10.492780286647395
r560_svd_normalised_tr050_tid2_010,r560,2,10,False,117,ellipse,314.7347339071123,191.73974774336426,35.65048120431209,3.368664514988388,7.059348428806487,6.429998875383756,80.21114361143981,0.4127402419805674,1.0,35.55555555555556,False,ellipse,360.0,1.0,True,True,10.779726447962842,365.06092753215586,364.08888888888896,22.58991497218076,20.57599640122802
r560_svd_normalised_tr050_tid2_010,r560,2,10,False,118,ellipse,208.94217479674796,181.3650406504065,364.44444444444434,10.770620670668237,24.273171744454526,19.116788008213852,59.130611462012894,0.6162269813268062,1.0,363.55555555555554,False,ellipse,360.0,1.0,True,True,34.465986146138356,3731.9111111111106,3722.8088888888897,77.67414958225449,61.17372162628433
r560_svd_normalised_tr050_tid2_010,r560,2,10,False,119,circle,329.738729121219,127.56075063440977,11.676765212119188,1.9279081424343083,3.855816284868638,3.8558162848685953,,1.4901161193847656e-07,1.0,11.666666666666666,False,circle,360.0,1.0,True,True,6.169306055789787,119.57007577210051,119.46666666666668,12.338612111579643,12.338612111579506
r560_svd_normalised_tr050_tid2_010,r560,2,10,False,120,circle,195.79032258064515,135.38709677419354,13.77777777777776,2.0941831047714046,4.188366209542809,4.188366209542809,,0.0,1.0,13.666666666666666,False,circle,360.0,1.0,True,True,6.701385935268495,141.0844444444443,139.9466666666667,13.40277187053699,13.40277187053699
r560_svd_normalised_tr050_tid2_010,r560,2,10,False,121,circle,234.9932005095,249.69083933636497,29.631181963023515,3.071139553674044,6.142279107348088,6.142279107348088,,0.0,1.0,13.444444444444445,True,circle,173.0,0.48055555555555557,True,True,9.827646571756942,303.4233033013609,137.67111111111114,19.655293143513884,19.655293143513884
r560_svd_normalised_tr050_tid2_010,r560,2,10,False,122,ellipse,326.8007246376812,208.78115942028984,51.11111111111131,4.033506162199944,9.113299647352685,7.140848030924097,-69.87813088688085,0.6213118400988381,1.0,51.111111111111114,False,ellipse,360.0,1.0,True,True,12.907219719039823,523.3777777777799,523.377777777778,29.162558871528592,22.85071369895711
r560_svd_normalised_tr050_tid2_010,r560,2,10,False,123,circle,190.76682442241722,115.86530892914718,9.405783927271504,1.7303046007449439,3.4606092014898877,3.4606092014898877,,0.0,1.0,9.444444444444445,False,circle,360.0,1.0,True,True,5.536974722383821,96.31522741526021,96.71111111111114,11.073949444767642,11.073949444767642
r560_svd_normalised_tr050_tid2_010,r560,2,10,False,124,circle,257.31954022988515,18.388505747126437,16.111111111111153,2.264580743553251,4.52916148710651,4.529161487106495,,8.161702118890973e-08,1.0,15.777777777777779,False,circle,360.0,1.0,True,True,7.246658379370404,164.97777777777824,161.5644444444445,14.493316758740832,14.493316758740784
r560_svd_normalised_tr050_tid2_010,r560,2,10,False,125,circle,241.8027907361842,186.7603318482772,13.902072242680324,2.103608098787987,4.207216197575974,4.207216197575974,,0.0,1.0,13.88888888888889,False,circle,360.0,1.0,True,True,6.731545916121559,142.35721976504655,142.22222222222226,13.463091832243117,13.463091832243117
r560_svd_normalised_tr050_tid2_010,r560,2,10,False,126,ellipse,319.49596677171724,139.83918089602847,19.35330436217107,2.482004856724284,5.269282746907568,4.6764225073466115,72.12973143688737,0.46083181212956875,1.0,19.555555555555557,False,ellipse,360.0,1.0,True,True,7.9424155415177085,198.17783666863178,200.24888888888896,16.86170479010422,14.964552023509157
r560_svd_normalised_tr050_tid2_010,r560,2,10,False,127,ellipse,231.38364779874215,183.85534591194977,11.777777777777663,1.9362290938683848,4.190966585993206,3.5781560430207295,-25.735511318764225,0.5206368506093337,1.0,12.0,False,ellipse,360.0,1.0,True,True,6.195933100378832,120.60444444444329,122.88000000000002,13.411093075178261,11.450099337666336
r560_svd_normalised_tr050_tid2_010,r560,2,10,False,128,circle,211.2855399673778,222.1508941185946,26.76408307142123,2.918779237331527,5.837558474663054,5.837558474663053,,1.4901161193847656e-08,1.0,26.666666666666668,False,circle,360.0,1.0,True,True,9.340093559460888,274.06421065135345,273.0666666666667,18.680187118921776,18.680187118921772
r560_svd_normalised_tr050_tid2_010,r560,2,10,False,129,circle,396.1212121212121,153.32954545454547,29.333333333333098,3.055665229491682,6.1113304589833835,6.1113304589833435,,1.1445799094242763e-07,1.0,29.77777777777778,False,circle,360.0,1.0,True,True,9.778128734373382,300.373333333331,304.92444444444453,19.55625746874683,19.5562574687467
r560_svd_normalised_tr050_tid2_010,r560,2,10,False,130,ellipse,291.26502386465665,224.98490435874703,30.031548631950646,3.091818045577583,6.55140971477521,5.836508014695083,86.42353980207807,0.454242285984978,1.0,29.666666666666668,False,ellipse,360.0,1.0,True,True,9.893817745848267,307.52305799117465,303.78666666666675,20.964511087280673,18.676825647024266
r560_svd_normalised_tr050_tid2_010,r560,2,10,False,131,ellipse,272.18995433789956,240.97123287671232,162.22222222222302,7.185884572690923,15.622629019887155,13.221062095580733,-76.11865379101278,0.5327440952687409,1.0,161.88888888888889,False,ellipse,360.0,1.0,True,True,22.994830632610956,1661.155555555564,1657.7422222222226,49.9924128636389,42.30739870585835
r560_svd_normalised_tr050_tid3_010,r560,3,10,False,0,circle,264.57451449319996,208.5209764402839,356.2162152423155,10.648339914305993,21.296679828611985,21.296679828611982,,2.1073424255447017e-08,1.0,356.8888888888889,False,circle,360.0,1.0,True,True,34.07468772577918,3647.6540440813114,3654.5422222222232,68.14937545155836,68.14937545155834
r560_svd_normalised_tr050_tid3_010,r560,3,10,False,1,circle,237.6774842767296,199.4666666666667,147.22222222222192,6.845603611025123,13.691207222050245,13.691207222050245,,0.0,1.0,147.55555555555554,False,circle,360.0,1.0,True,True,21.905931555280393,1507.5555555555527,1510.968888888889,43.811863110560786,43.811863110560786
r560_svd_normalised_tr050_tid3_010,r560,3,10,False,2,ellipse,303.76147205573443,145.537829365429,22.253034823397087,2.6614584313641756,5.5223359427205425,5.130699077600764,-81.804121779736,0.3698755614493005,1.0,22.22222222222222,False,ellipse,360.0,1.0,True,True,8.516666980365363,227.87107659158622,227.5555555555556,17.671475016705738,16.418237048322446
r560_svd_normalised_tr050_tid3_010,r560,3,10,False,3,ellipse,289.73137574768896,135.84121805328985,68.11111111111116,4.656225942287306,9.658143144033884,8.9791338572247,53.64067253484541,0.3683286059457144,1.0,68.44444444444444,False,ellipse,360.0,1.0,True,True,14.89992301531938,697.4577777777783,700.8711111111112,30.906058060908432,28.733228343119038
r560_svd_normalised_tr050_tid3_010,r560,3,10,False,4,circle,239.1972880459099,215.45391228251637,73.92436752035415,4.850861471080435,9.70172294216087,9.70172294216087,,0.0,1.0,73.66666666666667,False,circle,360.0,1.0,True,True,15.522756707457393,756.9855234084266,754.3466666666668,31.045513414914787,31.045513414914787
r560_svd_normalised_tr050_tid3_010,r560,3,10,False,5,circle,286.40600097116766,229.9576407996293,684.5720837765019,14.761641577802203,29.523283155604418,29.523283155604396,,3.942476676500724e-08,1.0,684.6666666666666,False,circle,360.0,1.0,True,True,47.237253048967055,7010.018137871381,7010.986666666668,94.47450609793414,94.47450609793407
r560_svd_normalised_tr050_tid3_010,r560,3,10,False,6,ellipse,285.6136363636364,127.6625344352617,53.77777777777767,4.137390279350209,8.602030212307122,7.95998056327237,-76.14828685678714,0.37908785792838984,1.0,53.22222222222222,False,ellipse,360.0,1.0,True,True,13.239648893920668,550.6844444444434,544.9955555555556,27.52649667938279,25.471937802471587
r560_svd_normalised_tr050_tid3_010,r560,3,10,False,7,circle,267.29311187103076,235.46816479400746,227.44444444444375,8.508690570484179,17.01738114096836,17.017381140968357,,2.1073424255447017e-08,1.0,227.33333333333334,False,circle,360.0,1.0,True,True,27.22780982554937,2329.0311111111046,2327.893333333334,54.45561965109876,54.45561965109874
r560_svd_normalised_tr050_tid3_010,r560,3,10,False,8,circle,243.21847503927947,193.07287601624174,297.5628255542977,9.732275640091359,19.464551280182718,19.464551280182718,,0.0,1.0,297.44444444444446,False,circle,360.0,1.0,True,True,31.14328204829235,3047.0433336760093,3045.831111111112,62.2865640965847,62.2865640965847
r560_svd_normalised_tr050_tid3_010,r560,3,10,False,9,circle,276.23293541475357,207.38200183654732,120.99999999999969,6.206085419025311,12.412170838050633,12.412170838050612,,5.7711949142924205e-08,1.0,120.77777777777777,False,circle,360.0,1.0,True,True,19.859473340880996,1239.039999999997,1236.7644444444445,39.71894668176203,39.71894668176196
r560_svd_normalised_tr050_tid3_010,r560,3,10,False,10,ellipse,261.3219696969697,193.66666666666663,19.55555555555537,2.4949402123396913,5.2948175664144115,4.702505108114565,86.6043425047094,0.4595854675425291,1.0,19.444444444444443,False,ellipse,360.0,1.0,True,True,7.983808679487012,200.24888888888702,199.11111111111114,16.943416212526117,15.048016345966609
r560_svd_normalised_tr050_tid3_010,r560,3,10,False,11,circle,169.67265328774607,233.15864496689403,159.53257814792073,7.126064607682935,14.25212921536587,14.25212921536587,,0.0,1.0,159.33333333333334,False,circle,360.0,1.0,True,True,22.80340674458539,1633.6136002347087,1631.5733333333337,45.60681348917078,45.60681348917078
r560_svd_normalised_tr050_tid3_010,r560,3,10,False,12,circle,249.54834191845484,216.40214969318646,15.976290362479093,2.2550856229686516,4.510171245937304,4.510171245937303,,2.1073424255447017e-08,1.0,16.0,False,circle,360.0,1.0,True,True,7.216273993499685,163.59721331178594,163.84000000000003,14.432547986999374,14.43254798699937
r560_svd_normalised_tr050_tid3_010,r560,3,10,False,13,circle,251.4367088607595,211.95780590717303,17.555555555555582,2.3639176996634443,4.72783539932689,4.727835399326889,,2.1073424255447017e-08,1.0,17.666666666666668,False,circle,360.0,1.0,True,True,7.564536638923022,179.7688888888892,180.90666666666672,15.129073277846047,15.129073277846045
r560_svd_normalised_tr050_tid3_010,r560,3,10,False,14,circle,310.44395858839806,243.98029023607634,79.4064493892119,5.027510106139914,10.055020212279837,10.055020212279821,,5.5755039852469285e-08,1.0,79.44444444444444,False,circle,360.0,1.0,True,True,16.088032339647725,813.12204174553,813.5111111111113,32.17606467929548,32.17606467929543
r560_svd_normalised_tr050_tid3_010,r560,3,10,False,15,circle,271.92038946162654,169.15807560137458,64.66666666666676,4.536963665994232,9.073927331988473,9.073927331988456,,6.322027276634104e-08,1.0,64.77777777777777,False,circle,360.0,1.0,True,True,14.518283731181544,662.1866666666677,663.3244444444445,29.036567462363116,29.03656746236306
r560_svd_normalised_tr050_tid3_010,r560,3,10,False,16,circle,261.22789306412415,174.44288652084498,198.11111111111086,7.941078341731809,15.88215668346363,15.882156683463604,,5.7711949142924205e-08,1.0,198.55555555555554,False,circle,360.0,1.0,True,True,25.41145069354179,2028.6577777777757,2033.208888888889,50.82290138708362,50.82290138708353
r560_svd_normalised_tr050_tid3_010,r560,3,10,False,17,circle,215.67125382262998,201.22477064220183,72.66666666666687,4.809419756688138,9.618839513376276,9.618839513376276,,0.0,1.0,72.44444444444444,False,circle,360.0,1.0,True,True,15.390143221402042,744.1066666666688,741.8311111111112,30.780286442804083,30.780286442804083
r560_svd_normalised_tr050_tid3_010,r560,3,10,False,18,circle,321.128452367418,227.3464263114436,272.8399465654202,9.319208782811469,18.63841756562295,18.638417565622923,,5.5755039852469285e-08,1.0,272.22222222222223,False,circle,360.0,1.0,True,True,29.8214681049967,2793.881052829903,2787.555555555556,59.64293620999345,59.64293620999336
r560_svd_normalised_tr050_tid3_010,r560,3,10,False,19,circle,184.77342823250294,138.50771055753265,31.222222222222353,3.1525136005988332,6.3050272011976665,6.305027201197666,,1.4901161193847656e-08,1.0,31.11111111111111,False,circle,360.0,1.0,True,True,10.088043521916267,319.71555555555693,318.57777777777784,20.176087043832535,20.17608704383253
r560_svd_normalised_tr050_tid3_010,r560,3,10,False,20,circle,370.3364403018197,56.322902796271634,166.888888888889,7.288510357237723,14.577020714475447,14.577020714475443,,2.1073424255447017e-08,1.0,165.22222222222223,False,circle,360.0,1.0,True,True,23.323233143160714,1708.9422222222238,1691.875555555556,46.646466286321434,46.64646628632142
r560_svd_normalised_tr050_tid3_010,r560,3,10,False,21,circle,275.7308048103608,178.59913660191182,120.1111111111114,6.18324786072712,12.366495721454257,12.366495721454223,,7.450580596923828e-08,1.0,120.11111111111111,False,circle,360.0,1.0,True,True,19.786393154326788,1229.9377777777809,1229.9377777777781,39.572786308653626,39.57278630865352
r560_svd_normalised_tr050_tid3_010,r560,3,10,False,22,circle,282.61641500877687,188.83277586893993,74.67536091508899,4.875439019577157,9.750878039154316,9.750878039154312,,2.5809568279517847e-08,1.0,74.88888888888889,False,circle,360.0,1.0,True,True,15.601404862646902,764.6756957705114,766.8622222222224,31.20280972529381,31.2028097252938
r560_svd_normalised_tr050_tid3_010,r560,3,10,False,23,circle,355.18325282649096,234.2416023000934,84.93105642110783,5.199461020420476,10.398922040840977,10.398922040840926,,9.996002811937585e-08,1.0,84.66666666666667,False,circle,360.0,1.0,True,True,16.638275265345523,869.6940177521443,866.9866666666669,33.27655053069113,33.27655053069096
r560_svd_normalised_tr050_tid3_010,r560,3,10,False,24,ellipse,292.85642317380353,148.48278757346768,88.22222222222194,5.299245749579516,11.01495241322073,10.197776426425973,11.645702798980011,0.3779840230059999,1.0,87.77777777777777,False,ellipse,360.0,1.0,True,True,16.957586398654453,903.3955555555528,898.8444444444445,35.24784772230634,32.63288456456311
r560_svd_normalised_tr050_tid3_010,r560,3,10,False,25,circle,204.79981952681482,228.78787031872395,91.13968323245702,5.386154676255606,10.772309352511211,10.772309352511211,,0.0,1.0,91.0,False,circle,360.0,1.0,True,True,17.235694964017938,933.27035630036,931.8400000000001,34.471389928035876,34.471389928035876
r560_svd_normalised_tr050_tid3_010,r560,3,10,False,26,circle,281.6367349748529,232.12131884998993,43.12000770263726,3.704797530779603,7.409595061559207,7.409595061559206,,1.4901161193847656e-08,1.0,43.44444444444444,False,circle,360.0,1.0,True,True,11.85535209849473,441.54887887500564,444.8711111111112,23.710704196989465,23.71070419698946
r560_svd_normalised_tr050_tid3_010,r560,3,10,False,27,circle,347.41862716944325,203.19152426477996,75.44683156973657,4.900558373276506,9.801116746553017,9.801116746553006,,4.712160915387242e-08,1.0,75.33333333333333,False,circle,360.0,1.0,True,True,15.68178679448482,772.5755552741026,771.4133333333334,31.363573588969658,31.363573588969622
r560_svd_normalised_tr050_tid3_010,r560,3,10,False,28,circle,346.3947033318283,237.5310360849444,18.531376133314627,2.428728109077752,4.857456218155544,4.857456218155464,,1.812804499357408e-07,1.0,18.333333333333332,False,circle,360.0,1.0,True,True,7.771929949048808,189.76129160514182,187.73333333333335,15.543859898097743,15.543859898097487
r560_svd_normalised_tr050_tid3_010,r560,3,10,False,29,circle,332.62229437229433,240.61471861471864,34.22222222222218,3.300495668912767,6.600991337825573,6.600991337825494,,1.548574096771071e-07,1.0,33.77777777777778,False,circle,360.0,1.0,True,True,10.561586140520856,350.4355555555552,345.8844444444445,21.123172281041835,21.123172281041583
r560_svd_normalised_tr050_tid3_010,r560,3,10,False,30,circle,323.1721777195664,154.01108399935478,45.280558006073434,3.7964785348071928,7.5929570696143855,7.592957069614385,,1.4901161193847656e-08,1.0,45.22222222222222,False,circle,360.0,1.0,True,True,12.148731311383017,463.6729139821921,463.07555555555564,24.297462622766034,24.297462622766034
r560_svd_normalised_tr050_tid3_010,r560,3,10,False,31,circle,345.64892698280636,190.33502151535612,42.123606334101446,3.66174280061539,7.323485601230807,7.323485601230751,,1.2377834115800373e-07,1.0,41.55555555555556,False,circle,360.0,1.0,True,True,11.717576961969248,431.3457288611989,425.528888888889,23.435153923938586,23.435153923938405
r560_svd_normalised_tr050_tid3_010,r560,3,10,False,32,circle,224.10695443645082,203.4906474820143,77.22222222222202,4.957882286462122,9.915764572924244,9.915764572924244,,0.0,1.0,77.44444444444444,False,circle,360.0,1.0,True,True,15.865223316678792,790.7555555555535,793.0311111111113,31.730446633357584,31.730446633357584
r560_svd_normalised_tr050_tid3_010,r560,3,10,False,33,circle,256.87687687687685,162.35135135135135,24.6666666666664,2.8020784891219743,5.604156978243981,5.604156978243917,,1.5123026915031998e-07,1.0,24.88888888888889,False,circle,360.0,1.0,True,True,8.966651165190319,252.586666666664,254.86222222222227,17.933302330380737,17.933302330380535
r560_svd_normalised_tr050_tid3_010,r560,3,10,False,34,circle,172.62909414446847,203.21829753019065,49.89846652004211,3.985370145763163,7.970740291526326,7.970740291526325,,1.4901161193847656e-08,1.0,50.0,False,circle,360.0,1.0,True,True,12.753184466442121,510.96029716523134,512.0000000000001,25.506368932884243,25.506368932884243
r560_svd_normalised_tr050_tid3_010,r560,3,10,False,35,ellipse,302.66795287589696,220.88246158409194,48.00738474618498,3.9091207674539286,8.109867633705907,7.537102140127849,87.55103830279421,0.369138870379478,1.0,48.111111111111114,False,ellipse,360.0,1.0,True,True,12.509186455852571,491.5956198009343,492.6577777777779,25.951576427858903,24.118726848409118
r560_svd_normalised_tr050_tid3_010,r560,3,10,False,36,circle,212.609756097561,192.69241192411926,27.33333333333313,2.9496559498281965,5.899311899656394,5.899311899656393,,1.4901161193847656e-08,1.0,27.22222222222222,False,circle,360.0,1.0,True,True,9.438899039450229,279.8933333333313,278.7555555555556,18.87779807890046,18.877798078900458
r560_svd_normalised_tr050_tid3_010,r560,3,10,False,37,circle,214.91126543209873,228.72453703703704,48.00000000000006,3.908820095223362,7.817640190446724,7.817640190446723,,1.4901161193847656e-08,1.0,47.77777777777778,False,circle,360.0,1.0,True,True,12.508224304714759,491.52000000000066,489.2444444444445,25.016448609429517,25.016448609429517
r560_svd_normalised_tr050_tid3_010,r560,3,10,False,38,ellipse,325.3591090997363,183.61084489184861,172.31215413817642,7.4059882643578865,15.375355230540764,14.269240963710121,-22.234170072530844,0.37243253061787596,1.0,172.11111111111111,False,ellipse,360.0,1.0,True,True,23.699162445945237,1764.476458374927,1762.4177777777782,49.20113673773045,45.66157108387239
r560_svd_normalised_tr050_tid3_010,r560,3,10,False,39,circle,206.41666666666666,198.07539682539687,18.666666666666494,2.437577597143806,4.875155194287613,4.875155194287611,,2.5809568279517847e-08,1.0,18.88888888888889,False,circle,360.0,1.0,True,True,7.80024831086018,191.14666666666494,193.42222222222227,15.600496621720362,15.600496621720357
r560_svd_normalised_tr050_tid3_010,r560,3,10,False,40,circle,254.59601449275368,199.26630434782606,20.444444444444464,2.551013285775272,5.102026571550544,5.102026571550544,,0.0,1.0,20.333333333333332,False,circle,360.0,1.0,True,True,8.16324251448087,209.35111111111135,208.21333333333337,16.32648502896174,16.32648502896174
r560_svd_normalised_tr050_tid3_010,r560,3,10,False,41,ellipse,246.92298376246018,226.78536819524683,19.42206356951262,2.4864100314038935,5.2004702506822715,4.755135244513579,83.5096716059887,0.4048877529604394,1.0,19.22222222222222,False,ellipse,360.0,1.0,True,True,7.95651210049246,198.88193095180927,196.83555555555557,16.64150480218327,15.216432782443455
r560_svd_normalised_tr050_tid3_010,r560,3,10,False,42,ellipse,183.09950248756218,242.17910447761193,22.333333333333435,2.6662559500989444,5.531891580105041,5.140318235451056,84.9629141949788,0.36953882877724253,1.0,22.333333333333332,False,ellipse,360.0,1.0,True,True,8.532019040316623,228.6933333333344,228.69333333333336,17.702053056336133,16.44901835344338
r560_svd_normalised_tr050_tid3_010,r560,3,10,False,43,circle,177.5583822570124,193.65166340508807,56.77777777777774,4.2512266444184075,8.502453288836836,8.502453288836794,,9.996002811937585e-08,1.0,56.888888888888886,False,circle,360.0,1.0,True,True,13.603925262138905,581.4044444444442,582.5422222222223,27.207850524277877,27.20785052427774
r560_svd_normalised_tr050_tid3_010,r560,3,10,False,44,circle,213.9962414594257,215.794889987576,37.36050748957536,3.4485096616908866,6.897019323381773,6.897019323381773,,0.0,1.0,37.333333333333336,False,circle,360.0,1.0,True,True,11.035230917410837,382.57159669325176,382.2933333333334,22.070461834821675,22.070461834821675
r560_svd_normalised_tr050_tid3_010,r560,3,10,False,45,circle,280.8543400618259,160.33628381583102,15.707136287489913,2.2360091153535584,4.472018230707145,4.472018230707088,,1.5910086411284374e-07,1.0,15.555555555555555,False,circle,360.0,1.0,True,True,7.155229169131387,160.84107558389675,159.28888888888892,14.310458338262865,14.310458338262684
r560_svd_normalised_tr050_tid3_010,r560,3,10,False,46,circle,285.67487985058864,165.6563107839394,77.91437355686307,4.980051744607322,9.960103489214653,9.960103489214635,,5.960464477539063e-08,1.0,77.44444444444444,False,circle,360.0,1.0,True,True,15.936165582743431,797.843185222278,793.0311111111113,31.87233116548689,31.872331165486834
r560_svd_normalised_tr050_tid3_010,r560,3,10,False,47,circle,318.77817852794067,171.84240371185504,229.50762920761784,8.547195290350423,17.094390580700868,17.09439058070083,,6.828569911354542e-08,1.0,229.88888888888889,False,circle,360.0,1.0,True,True,27.351024929121355,2350.158123086007,2354.0622222222228,54.70204985824278,54.70204985824265
r560_svd_normalised_tr050_tid3_010,r560,3,10,False,48,circle,270.6231386025201,194.4593356242841,32.333333333333165,3.2081177742214897,6.416235548443008,6.41623554844295,,1.341104507446289e-07,1.0,32.55555555555556,False,circle,360.0,1.0,True,True,10.265976877508768,331.09333333333166,333.368888888889,20.531953755017625,20.53195375501744
r560_svd_normalised_tr050_tid3_010,r560,3,10,False,49,circle,184.25386996904024,125.00206398348813,35.888888888888985,3.3799094865816985,6.759818973163403,6.759818973163392,,5.7711949142924205e-08,1.0,35.77777777777778,False,circle,360.0,1.0,True,True,10.815710357061436,367.5022222222233,366.36444444444453,21.631420714122893,21.631420714122854
r560_svd_normalised_tr050_tid3_010,r560,3,10,False,50,circle,216.97212931995543,180.99442586399107,33.22222222222248,3.251916630900651,6.503833261801302,6.503833261801301,,1.4901161193847656e-08,1.0,32.55555555555556,False,circle,360.0,1.0,True,True,10.406133218882083,340.19555555555826,333.368888888889,20.812266437764166,20.812266437764166
r560_svd_normalised_tr050_tid3_010,r560,3,10,False,51,circle,302.6395222584148,245.8056460369164,34.111111111110816,3.2951333653405173,6.590266730681063,6.590266730681006,,1.3160349229466688e-07,1.0,34.111111111111114,False,circle,360.0,1.0,True,True,10.544426769089656,349.2977777777748,349.29777777777787,21.088853538179404,21.088853538179222
r560_svd_normalised_tr050_tid3_010,r560,3,10,False,52,ellipse,307.1446540880503,163.56813417190773,17.66666666666652,2.3713866525544898,4.944874618504731,4.54893204763526,86.89335060992676,0.39208570333405995,1.0,17.555555555555557,False,ellipse,360.0,1.0,True,True,7.588437288174368,180.9066666666652,179.76888888888894,15.823598779215141,14.556582552432833
r560_svd_normalised_tr050_tid3_010,r560,3,10,False,53,ellipse,245.18811881188122,219.0396039603961,11.222222222222186,1.890011713795645,3.9645015419043745,3.604129538634355,78.63120112649477,0.4165772985518369,1.0,11.333333333333334,False,ellipse,360.0,1.0,True,True,6.0480374841460645,114.9155555555552,116.05333333333336,12.686404934094,11.533214523629937
r560_svd_normalised_tr050_tid3_010,r560,3,10,False,54,ellipse,162.27428908155315,93.82336120720763,21.885459413704385,2.6393859314348505,5.5280368623306195,5.040746484544387,48.81894109737618,0.41052110112385776,1.0,22.0,False,ellipse,360.0,1.0,True,True,8.446034980591522,224.10710439633294,225.28000000000003,17.689717959457983,16.13038875054204
r560_svd_normalised_tr050_tid3_010,r560,3,10,False,55,circle,316.6842413591096,215.18863503222028,63.22222222222217,4.4860069504896956,8.972013900979393,8.972013900979391,,2.1073424255447017e-08,1.0,63.22222222222222,False,circle,360.0,1.0,True,True,14.355222241567027,647.3955555555551,647.3955555555557,28.710444483134058,28.710444483134054
r560_svd_normalised_tr050_tid3_010,r560,3,10,False,56,circle,268.90318118948824,202.87551867219918,26.77777777777798,2.919525885601864,5.839051771203762,5.839051771203694,,1.519626234052415e-07,1.0,27.22222222222222,False,circle,360.0,1.0,True,True,9.342482833925965,274.20444444444655,278.7555555555556,18.684965667852037,18.684965667851824
r560_svd_normalised_tr050_tid3_010,r560,3,10,False,57,circle,189.10176991150442,195.20943952802355,25.111111111110894,2.827209741021389,5.654419482042778,5.654419482042778,,0.0,1.0,25.0,False,circle,360.0,1.0,True,True,9.047071171268446,257.1377777777756,256.00000000000006,18.09414234253689,18.09414234253689
r560_svd_normalised_tr050_tid3_010,r560,3,10,False,58,circle,229.3894417970741,180.43066150413827,24.057252632274825,2.7672479735784608,5.5344959471569215,5.5344959471569215,,0.0,1.0,24.22222222222222,False,circle,360.0,1.0,True,True,8.855193515451075,246.34626695449424,248.0355555555556,17.71038703090215,17.71038703090215
r560_svd_normalised_tr050_tid3_010,r560,3,10,False,59,ellipse,194.35576923076923,181.84294871794873,11.555555555555557,1.917875797250531,4.039371085641618,3.642396299517109,-7.645569958174292,0.43231299000516865,1.0,11.777777777777779,False,ellipse,360.0,1.0,True,True,6.1372025512017,118.32888888888893,120.60444444444448,12.92598747405318,11.65566815845475
r560_svd_normalised_tr050_tid3_010,r560,3,10,False,60,ellipse,194.95689655172413,192.7873563218391,12.888888888888825,2.0255025932488278,4.277953817529053,3.836096349097499,75.23299553475579,0.4426126809324187,1.0,12.88888888888889,False,ellipse,360.0,1.0,True,True,6.4816082983962495,131.9822222222216,131.98222222222225,13.689452216092969,12.275508317111997
r560_svd_normalised_tr050_tid3_010,r560,3,10,False,61,ellipse,178.16336633663366,232.14686468646866,22.444444444444304,2.6728801986938135,5.582707909557991,5.118869675655395,7.258995732055183,0.3990821180649365,1.0,22.555555555555557,False,ellipse,360.0,1.0,True,True,8.553216635820204,229.83111111110972,230.96888888888896,17.864665310585572,16.380382962097265
r560_svd_normalised_tr050_tid3_010,r560,3,10,False,62,circle,224.77153001548862,218.33581155310827,35.84035815584395,3.3776234730018357,6.7552469460036715,6.7552469460036715,,0.0,1.0,35.55555555555556,False,circle,360.0,1.0,True,True,10.808395113605876,367.00526751584215,364.08888888888896,21.61679022721175,21.61679022721175
r560_svd_normalised_tr050_tid3_010,r560,3,10,False,63,circle,330.4576074332172,208.18583042973285,31.888888888889092,3.18599256005877,6.371985120117569,6.371985120117511,,1.3493575361575808e-07,1.0,31.77777777777778,False,circle,360.0,1.0,True,True,10.195176192188065,326.5422222222244,325.4044444444445,20.39035238437622,20.390352384376037
r560_svd_normalised_tr050_tid3_010,r560,3,10,False,64,ellipse,339.89911243091916,179.0398445123373,54.05894551672948,4.148191991054163,8.648949579577064,7.958190361187123,-70.40148641108522,0.3916042550116544,1.0,54.22222222222222,False,ellipse,360.0,1.0,True,True,13.274214371373322,553.56360209131,555.2355555555556,27.676638654646606,25.466209155798794
r560_svd_normalised_tr050_tid3_010,r560,3,10,False,65,circle,348.5342163355408,184.67328918322295,16.777777777777757,2.310959223972022,4.621918447944073,4.621918447944015,,1.5840151626966372e-07,1.0,16.88888888888889,False,circle,360.0,1.0,True,True,7.39506951671047,171.80444444444427,172.94222222222226,14.790139033421035,14.79013903342085
r560_svd_normalised_tr050_tid3_010,r560,3,10,False,66,circle,338.91609977324265,232.1814058956916,16.333333333333293,2.280145055546957,4.560290111093954,4.560290111093874,,1.873046918209871e-07,1.0,16.555555555555557,False,circle,360.0,1.0,True,True,7.296464177750263,167.25333333333296,169.52888888888893,14.592928355500653,14.592928355500398
r560_svd_normalised_tr050_tid3_010,r560,3,10,False,67,circle,293.8980351793227,166.6784543380059,49.11962296299832,3.954144862640051,7.908289725280126,7.908289725280078,,1.1050996910178159e-07,1.0,49.111111111111114,False,circle,360.0,1.0,True,True,12.653263560448163,502.9849391411029,502.8977777777779,25.306527120896405,25.30652712089625
r560_svd_normalised_tr050_tid3_010,r560,3,10,False,68,circle,227.3941254735233,226.4606507857103,17.948553800627007,2.390230557381699,4.780461114763398,4.780461114763398,,0.0,1.0,17.77777777777778,False,circle,360.0,1.0,True,True,7.648737783621437,183.79319091842058,182.04444444444448,15.297475567242873,15.297475567242873
r560_svd_normalised_tr050_tid3_010,r560,3,10,False,69,circle,272.96815286624206,119.79936305732484,34.888888888889156,3.332488297248953,6.664976594497946,6.664976594497866,,1.548574096771071e-07,1.0,34.666666666666664,False,circle,360.0,1.0,True,True,10.66396255119665,357.26222222222503,354.98666666666674,21.32792510239343,21.327925102393174
r560_svd_normalised_tr050_tid3_010,r560,3,10,False,70,circle,340.372794266537,223.95430084109103,24.62989817174916,2.7999893006523844,5.59997860130477,5.599978601304769,,1.4901161193847656e-08,1.0,24.77777777777778,False,circle,360.0,1.0,True,True,8.95996576208763,252.21015727871145,253.72444444444452,17.919931524175265,17.91993152417526
r560_svd_normalised_tr050_tid3_010,r560,3,10,False,71,circle,257.4966571155683,156.2989493791786,38.77777777777805,3.5133104091305194,7.026620818261039,7.026620818261039,,0.0,1.0,39.0,False,circle,360.0,1.0,True,True,11.242593309217662,397.0844444444473,399.36000000000007,22.485186618435325,22.485186618435325
r560_svd_normalised_tr050_tid3_010,r560,3,10,False,72,circle,159.8412017167382,196.09012875536482,25.88888888888904,2.8706600766456263,5.7413201532912534,5.741320153291252,,2.5809568279517847e-08,1.0,25.77777777777778,False,circle,360.0,1.0,True,True,9.186112245266004,265.1022222222238,263.9644444444445,18.372224490532012,18.372224490532005
r560_svd_normalised_tr050_tid3_010,r560,3,10,False,73,circle,299.6811201445348,172.95799457994582,81.99999999999983,5.108953969950285,10.217907939900588,10.217907939900552,,8.296615425989064e-08,1.0,82.33333333333333,False,circle,360.0,1.0,True,True,16.348652703840912,839.6799999999985,843.0933333333335,32.69730540768188,32.69730540768177
r560_svd_normalised_tr050_tid3_010,r560,3,10,False,74,circle,154.7425287356322,205.0017241379311,64.44444444444447,4.529161487106498,9.058322974212995,9.058322974212995,,0.0,1.0,64.33333333333333,False,circle,360.0,1.0,True,True,14.493316758740793,659.9111111111115,658.7733333333334,28.986633517481586,28.986633517481586
r560_svd_normalised_tr050_tid3_010,r560,3,10,False,75,circle,169.45977011494253,160.94061302681996,19.333333333333133,2.4807239130718592,4.9614478261437185,4.961447826143718,,2.1073424255447017e-08,1.0,19.444444444444443,False,circle,360.0,1.0,True,True,7.93831652182995,197.9733333333313,199.11111111111114,15.8766330436599,15.876633043659897
r560_svd_normalised_tr050_tid3_010,r560,3,10,False,76,circle,268.35356350438065,222.11614284756294,113.03950713374174,5.9984658580351295,11.99693171607027,11.996931716070248,,5.960464477539063e-08,1.0,112.77777777777777,False,circle,360.0,1.0,True,True,19.195090745712417,1157.5245530495156,1154.8444444444447,38.39018149142486,38.3901814914248
r560_svd_normalised_tr050_tid3_010,r560,3,10,False,77,circle,298.84313725490193,140.875,15.11111111111097,2.1931748808265032,4.386349761653033,4.386349761652981,,1.548574096771071e-07,1.0,15.222222222222221,False,circle,360.0,1.0,True,True,7.018159618644811,154.73777777777636,155.87555555555556,14.036319237289707,14.03631923728954
r560_svd_normalised_tr050_tid3_010,r560,3,10,False,78,circle,228.435511178502,243.6499470247455,31.312103603026376,3.1570480094630153,6.314096018926031,6.314096018926031,,0.0,1.0,31.333333333333332,False,circle,360.0,1.0,True,True,10.10255363028165,320.63594089499014,320.8533333333334,20.2051072605633,20.2051072605633
r560_svd_normalised_tr050_tid3_010,r560,3,10,False,79,circle,238.64047443274725,244.09083421561084,54.13315346825468,4.151038173668104,8.302076347336207,8.302076347336206,,2.1073424255447017e-08,1.0,54.44444444444444,False,circle,360.0,1.0,True,True,13.283322155737933,554.323491514928,557.5111111111112,26.566644311475866,26.56664431147586
r560_svd_normalised_tr050_tid3_010,r560,3,10,False,80,ellipse,264.667511021982,143.599915175911,31.56315980144046,3.1696791326563813,6.711648545884389,5.987718656786992,70.40122804799356,0.45176240605101814,1.0,31.22222222222222,False,ellipse,360.0,1.0,True,True,10.142973224500421,323.20675636675037,319.7155555555556,21.477275346830044,19.160699701718375
r560_svd_normalised_tr050_tid3_010,r560,3,10,False,81,circle,347.36871298008884,146.0980750232785,14.52298565836228,2.150072071341359,4.3001441426827585,4.300144142682678,,1.9371509552001953e-07,1.0,14.555555555555555,False,circle,360.0,1.0,True,True,6.880230628292349,148.71537314162978,149.0488888888889,13.760461256584827,13.76046125658457
r560_svd_normalised_tr050_tid3_010,r560,3,10,False,82,circle,325.7353465192493,133.67445023742837,18.345461594088125,2.416514388950187,4.833028777900374,4.833028777900373,,2.1073424255447017e-08,1.0,18.555555555555557,False,circle,360.0,1.0,True,True,7.732846044640599,187.85752672346243,190.00888888888895,15.465692089281198,15.465692089281195
r560_svd_normalised_tr050_tid3_010,r560,3,10,False,83,circle,345.63911845730024,165.0495867768595,13.444444444444295,2.068695139675095,4.137390279350218,4.137390279350162,,1.6593230851978128e-07,1.0,13.444444444444445,False,circle,360.0,1.0,True,True,6.619824446960305,137.6711111111096,137.67111111111114,13.2396488939207,13.239648893920517
r560_svd_normalised_tr050_tid3_010,r560,3,10,False,84,circle,348.83012612600606,227.03202412701458,40.30636128140061,3.5818868312616154,7.163773662523272,7.16377366252319,,1.5123026915031998e-07,1.0,40.44444444444444,False,circle,360.0,1.0,True,True,11.46203786003717,412.73713952154236,414.15111111111116,22.92407572007447,22.92407572007421
r560_svd_normalised_tr050_tid3_010,r560,3,10,False,85,circle,206.76628352490422,155.84291187739464,19.333333333333144,2.4807239130718597,4.961447826143719,4.961447826143719,,0.0,1.0,18.88888888888889,False,circle,360.0,1.0,True,True,7.938316521829951,197.97333333333142,193.42222222222227,15.876633043659902,15.876633043659902
r560_svd_normalised_tr050_tid3_010,r560,3,10,False,86,ellipse,235.25325884543759,181.50279329608935,19.888888888888896,2.516114059128537,5.242842221434736,4.830074750417962,70.97931311457154,0.3889229499123576,1.0,19.666666666666668,False,ellipse,360.0,1.0,True,True,8.05156498921132,203.66222222222234,201.3866666666667,16.777095108591155,15.45623920133748
r560_svd_normalised_tr050_tid3_010,r560,3,10,False,87,circle,234.0928773377339,231.34550533286867,34.20855569443294,3.2998365822577966,6.599673164515593,6.599673164515592,,1.4901161193847656e-08,1.0,34.0,False,circle,360.0,1.0,True,True,10.55947706322495,350.29561031099337,348.1600000000001,21.1189541264499,21.118954126449896
r560_svd_normalised_tr050_tid3_010,r560,3,10,False,88,circle,233.4174679487179,153.9695512820513,46.22222222222254,3.8357515945010747,7.6715031890021494,7.6715031890021494,,0.0,1.0,46.55555555555556,False,circle,360.0,1.0,True,True,12.27440510240344,473.3155555555589,476.728888888889,24.54881020480688,24.54881020480688
r560_svd_normalised_tr050_tid3_010,r560,3,10,False,89,circle,242.2939503982178,138.17000665233857,37.59981051645725,3.4595362992785033,6.9190725985570065,6.9190725985570065,,0.0,1.0,37.55555555555556,False,circle,360.0,1.0,True,True,11.07051615769121,385.0220596885223,384.568888888889,22.14103231538242,22.14103231538242
r560_svd_normalised_tr050_tid3_010,r560,3,10,False,90,circle,282.5639584593376,210.47060037713243,27.012418538784832,2.932289186050639,5.864578372101278,5.864578372101277,,1.4901161193847656e-08,1.0,27.333333333333332,False,circle,360.0,1.0,True,True,9.383325395362045,276.60716583715674,279.8933333333334,18.76665079072409,18.766650790724086
r560_svd_normalised_tr050_tid3_010,r560,3,10,False,91,circle,230.38036659834694,215.33531088131116,35.02208545989676,3.338843517845472,6.677687035690945,6.677687035690944,,1.4901161193847656e-08,1.0,34.888888888888886,False,circle,360.0,1.0,True,True,10.684299257105511,358.62615510934285,357.26222222222225,21.368598514211026,21.368598514211023
r560_svd_normalised_tr050_tid3_010,r560,3,10,False,92,ellipse,274.59530261969286,145.1192411924119,41.00000000000011,3.6125759969217883,7.51102422090303,6.950160164423702,30.11751592881717,0.37916790910102177,1.0,41.0,False,ellipse,360.0,1.0,True,True,11.560243190149723,419.84000000000117,419.8400000000001,24.0352775068897,22.240512526155847
r560_svd_normalised_tr050_tid3_010,r560,3,10,False,93,ellipse,304.2768504227296,202.54787952075932,16.90921736182099,2.3199937616076074,4.873543267072494,4.417624515833116,-59.374460269502606,0.422312613066982,1.0,16.88888888888889,False,ellipse,360.0,1.0,True,True,7.423980037144344,173.15038578504695,172.94222222222226,15.59533845463198,14.136398450665972
r560_svd_normalised_tr050_tid3_010,r560,3,10,False,94,circle,195.70977011494253,110.84195402298849,12.888888888888914,2.025502593248835,4.051005186497683,4.051005186497656,,1.1445799094242763e-07,1.0,12.88888888888889,False,circle,360.0,1.0,True,True,6.481608298396272,131.9822222222225,131.98222222222225,12.963216596792586,12.9632165967925
r560_svd_normalised_tr050_tid3_010,r560,3,10,False,95,circle,322.3172131231525,161.57955940513273,15.412913469533672,2.214967885150455,4.429935770300938,4.42993577030088,,1.6118070224511577e-07,1.0,15.666666666666666,False,circle,360.0,1.0,True,True,7.087897232481456,157.82823392802484,160.4266666666667,14.175794464963003,14.175794464962818
r560_svd_normalised_tr050_tid3_010,r560,3,10,False,96,circle,291.81256719397663,180.56763241709754,15.747407455707439,2.2388737067811597,4.477747413562359,4.47774741356228,,1.8789649326977866e-07,1.0,15.777777777777779,False,circle,360.0,1.0,True,True,7.164395861699711,161.2534523464442,161.5644444444445,14.32879172339955,14.328791723399299
r560_svd_normalised_tr050_tid3_010,r560,3,10,False,97,ellipse,283.759182367881,204.83792385558553,14.604786355625611,2.156118707909601,4.497773197303382,4.134355094102976,-15.297924479989433,0.3937899875873318,1.0,14.666666666666666,False,ellipse,360.0,1.0,True,True,6.899579865310724,149.5530122816063,150.1866666666667,14.392874231370824,13.229936301129525
r560_svd_normalised_tr050_tid3_010,r560,3,10,False,98,circle,378.66410037877023,66.88005666785902,20.922254899270012,2.5806511921790003,5.161302384358026,5.161302384357974,,1.4214801809444213e-07,1.0,20.88888888888889,False,circle,360.0,1.0,True,True,8.258083814972801,214.24389016852496,213.90222222222226,16.516167629945684,16.516167629945517
r560_svd_normalised_tr050_tid3_010,r560,3,10,False,99,ellipse,190.2264492753623,221.7264492753623,20.444444444444443,2.5510132857752708,5.493968632901192,4.738045823727572,-16.83035704242434,0.5062127994235911,1.0,20.333333333333332,False,ellipse,360.0,1.0,True,True,8.163242514480867,209.35111111111112,208.21333333333337,17.580699625283813,15.161746635928232
r560_svd_normalised_tr050_tid3_010,r560,3,10,False,100,circle,377.2085661080075,140.87709497206703,19.88888888888862,2.51611405912852,5.0322281182570645,5.032228118257014,,1.4214801809444213e-07,1.0,19.666666666666668,False,circle,360.0,1.0,True,True,8.051564989211263,203.6622222222195,201.3866666666667,16.103129978422608,16.103129978422444
r560_svd_normalised_tr050_tid3_010,r560,3,10,False,101,circle,268.7288649583633,131.42965346588005,14.607542539993375,2.156322147391287,4.312644294782615,4.312644294782533,,1.948579673561755e-07,1.0,14.777777777777779,False,circle,360.0,1.0,True,True,6.900230871652119,149.5812356095322,151.32444444444448,13.800461743304368,13.800461743304107
r560_svd_normalised_tr050_tid3_010,r560,3,10,False,102,ellipse,223.32777542809364,159.19313364695662,22.95725581856158,2.703242772430642,5.62588171888049,5.195645306352191,-77.87176285326882,0.3835369928948777,1.0,23.22222222222222,False,ellipse,360.0,1.0,True,True,8.650376871778056,235.08229958207065,237.79555555555558,18.002821500417568,16.626064980327012
r560_svd_normalised_tr050_tid3_010,r560,3,10,False,103,ellipse,261.2548414953375,146.9844909016955,13.674281432951762,2.0863027025261696,4.477308972601903,3.8886384595776806,81.3918522929124,0.4956517470769667,1.0,13.444444444444445,False,ellipse,360.0,1.0,True,True,6.676168648083743,140.02464187342608,137.67111111111114,14.32738871232609,12.443643070648578
r560_svd_normalised_tr050_tid3_010,r560,3,10,False,104,circle,282.5669688832931,247.1657118464676,107.43016946232936,5.847741873087372,11.695483746174773,11.695483746174716,,9.8843121241194e-08,1.0,80.0,True,circle,227.0,0.6305555555555555,True,True,18.71277399387959,1100.0849352942528,819.2000000000002,37.42554798775927,37.425547987759096
r560_svd_normalised_tr050_tid3_010,r560,3,10,False,105,circle,298.33265056412046,181.62963373159067,18.21928357311601,2.4081897932905463,4.8163795865810926,4.8163795865810926,,0.0,1.0,18.555555555555557,False,circle,360.0,1.0,True,True,7.706207338529748,186.56546378870797,190.00888888888895,15.412414677059497,15.412414677059497
r560_svd_normalised_tr050_tid3_010,r560,3,10,False,106,ellipse,169.30595813204508,175.768115942029,68.99999999999997,4.686510657907602,10.09856233401591,8.69960749668308,-38.309574939198626,0.5078086344627801,1.0,68.77777777777777,False,ellipse,360.0,1.0,True,True,14.996834105304329,706.5599999999998,704.2844444444445,32.31539946885091,27.83874398938586
r560_svd_normalised_tr050_tid3_010,r560,3,10,False,107,circle,276.94312866287265,215.01784258977358,15.392485419591738,2.2134995554541916,4.426999110908412,4.426999110908355,,1.6049041769309353e-07,1.0,15.555555555555555,False,circle,360.0,1.0,True,True,7.083198577453413,157.61905069661944,159.28888888888892,14.166397154906917,14.166397154906736
r560_svd_normalised_tr050_tid3_010,r560,3,10,False,108,ellipse,300.2067307692308,190.38942307692307,23.11111111111123,2.71228596341882,5.660249171667966,5.198707635827233,-15.371959417361268,0.3955158556980008,1.0,23.666666666666668,False,ellipse,360.0,1.0,True,True,8.679315082940224,236.65777777777905,242.34666666666672,18.112797349337495,16.635864434647146
r560_svd_normalised_tr050_tid3_010,r560,3,10,False,109,circle,334.3618122977346,221.06666666666666,57.222222222222285,4.267833061723379,8.535666123446786,8.535666123446731,,1.1348386266624791e-07,1.0,56.77777777777778,False,circle,360.0,1.0,True,True,13.657065797514813,585.9555555555563,581.4044444444446,27.314131595029718,27.31413159502954
r560_svd_normalised_tr050_tid3_010,r560,3,10,False,110,ellipse,334.7808641975309,229.99074074074076,11.999999999999865,1.9544100476116688,4.059197963461204,3.7640131558880077,-89.20109761257521,0.37436849544483924,1.0,12.0,False,ellipse,360.0,1.0,True,True,6.25411215235734,122.87999999999865,122.88000000000002,12.989433483075855,12.044842098841626
r560_svd_normalised_tr050_tid3_010,r560,3,10,False,111,ellipse,339.7546531302876,199.88663282571906,21.88888888888905,2.6395927206506524,5.543879174251465,5.027129568964792,75.3995173265231,0.42158440398996827,1.0,21.666666666666668,False,ellipse,360.0,1.0,True,True,8.446696706082088,224.1422222222239,221.86666666666673,17.74041335760469,16.086814620687335
r560_svd_normalised_tr050_tid3_010,r560,3,10,False,112,circle,245.79064683877692,238.14883397138902,12.111777486623454,1.9634914090085829,3.9269828180171658,3.9269828180171658,,0.0,1.0,12.444444444444445,False,circle,360.0,1.0,True,True,6.283172508827466,124.0246014630242,127.43111111111114,12.566345017654932,12.566345017654932
r560_svd_normalised_tr050_tid3_010,r560,3,10,False,113,ellipse,371.54554095185813,52.64573786337424,1993.419724478539,25.18978375483377,57.45207876668647,44.17770212925461,-86.6936532462127,0.63931046763962,1.0,1988.4444444444443,True,ellipse,334.0,0.9277777777777778,True,True,80.60730801546806,20412.61797866024,20361.671111111114,183.84665205339672,141.36864681361476
r560_svd_normalised_tr050_tid3_010,r560,3,10,False,114,ellipse,244.48401826484013,230.34703196347036,8.111111111111066,1.606812638300385,3.457064884955248,2.9873281995229495,64.57515275994254,0.5032812144428092,1.0,8.11111111111111,False,ellipse,360.0,1.0,True,True,5.141800442561232,83.05777777777733,83.05777777777779,11.062607631856794,9.559450238473438
r560_svd_normalised_tr050_tid3_010,r560,3,10,False,115,circle,262.0966469428008,189.36291913214993,18.777777777777608,2.4448215287069326,4.889643057413906,4.889643057413825,,1.8189185285171422e-07,1.0,18.77777777777778,False,circle,360.0,1.0,True,True,7.823428891862185,192.28444444444276,192.2844444444445,15.6468577837245,15.646857783724242
r560_svd_normalised_tr050_tid3_010,r560,3,10,False,116,circle,149.4111776447106,150.50499001996005,37.111111111111136,3.4369802958311815,6.873960591662363,6.873960591662363,,0.0,1.0,36.888888888888886,False,circle,360.0,1.0,True,True,10.998336946659782,380.0177777777781,377.74222222222227,21.996673893319564,21.996673893319564
r560_svd_normalised_tr050_tid3_010,r560,3,10,False,117,circle,159.45927622592316,225.44002567853565,44.005120861767104,3.742628089058949,7.485256178117898,7.485256178117898,,0.0,1.0,43.666666666666664,False,circle,360.0,1.0,True,True,11.976409884988637,450.6124376244952,447.1466666666667,23.952819769977275,23.952819769977275
r560_svd_normalised_tr050_tid3_010,r560,3,10,False,118,circle,351.58367911479945,134.77869986168741,26.777777777777818,2.919525885601855,5.83905177120371,5.83905177120371,,0.0,1.0,26.77777777777778,False,circle,360.0,1.0,True,True,9.342482833925937,274.2044444444449,274.2044444444445,18.684965667851873,18.684965667851873
r560_svd_normalised_tr050_tid3_010,r560,3,10,False,119,ellipse,215.68898043254376,203.36422931685553,107.88888888888899,5.8602133018106,12.767767701428898,10.75899898738744,7.017263452494404,0.5384323165819797,1.0,108.22222222222223,False,ellipse,360.0,1.0,True,True,18.752682565793922,1104.7822222222235,1108.1955555555558,40.856856644572474,34.42879675963981
r560_svd_normalised_tr050_tid3_010,r560,3,10,False,120,ellipse,252.3716814159292,126.19174041297936,12.555555555555587,1.9991391797128983,4.180193668577289,3.8242797121152248,-74.48886030814754,0.4037778473729137,1.0,12.88888888888889,False,ellipse,360.0,1.0,True,True,6.397245375081275,128.56888888888923,131.98222222222225,13.376619739447325,12.23769507876872
r560_svd_normalised_tr050_tid3_010,r560,3,10,False,121,circle,260.9229599184023,221.29088798724166,11.65182119404154,1.9258478335811589,3.851695667162346,3.8516956671622893,,1.718485742013275e-07,1.0,11.555555555555555,False,circle,360.0,1.0,True,True,6.162713067459709,119.31464902698539,118.32888888888891,12.325426134919509,12.325426134919326
r560_svd_normalised_tr050_tid3_010,r560,3,10,False,122,circle,311.48813922415115,59.939323261128536,82.09678491718634,5.11196813986988,10.223936279739783,10.223936279739739,,9.30577218293905e-08,1.0,82.22222222222223,False,circle,360.0,1.0,True,True,16.358298047583617,840.6710775519883,841.9555555555557,32.71659609516731,32.71659609516717
r560_svd_normalised_tr050_tid3_010,r560,3,10,False,123,circle,299.5346703849703,148.86790746641472,12.680654779082593,2.00907386112749,4.01814772225498,4.01814772225498,,0.0,1.0,12.88888888888889,False,circle,360.0,1.0,True,True,6.429036355607969,129.84990493780577,131.98222222222225,12.858072711215938,12.858072711215938
r560_svd_normalised_tr050_tid3_010,r560,3,10,False,124,circle,292.63242009132415,191.6050228310502,16.22222222222208,2.2723762252768953,4.54475245055383,4.544752450553751,,1.8671101460071903e-07,1.0,15.88888888888889,False,circle,360.0,1.0,True,True,7.271603920886065,166.11555555555412,162.70222222222225,14.543207841772256,14.543207841772002
r560_svd_normalised_tr050_tid3_010,r560,3,10,False,125,circle,278.0611780770667,171.03840736578294,14.813279487545325,2.171454191938949,4.342908383877898,4.342908383877898,,0.0,1.0,15.0,False,circle,360.0,1.0,True,True,6.948653414204637,151.68798195246416,153.60000000000002,13.897306828409274,13.897306828409274
r560_svd_normalised_tr050_tid3_010,r560,3,10,False,126,circle,294.4407894736842,158.39254385964912,16.888888888888733,2.3185987794340055,4.637197558868037,4.637197558867985,,1.4901161193847656e-07,1.0,17.0,False,circle,360.0,1.0,True,True,7.419516094188818,172.94222222222066,174.08000000000004,14.839032188377718,14.839032188377553
r560_svd_normalised_tr050_tid3_010,r560,3,10,False,127,circle,37.533816425120776,53.57487922705313,15.333333333333362,2.2092423108729986,4.418484621745997,4.418484621745996,,2.1073424255447017e-08,1.0,15.333333333333334,False,circle,360.0,1.0,True,True,7.0695753947935955,157.01333333333366,157.01333333333338,14.139150789587191,14.13915078958719
r560_svd_normalised_tr050_tid3_010,r560,3,10,False,128,ellipse,170.60598065083553,174.91380826737029,42.11111111111139,3.661199664707025,7.667727812320492,6.992623271427393,18.274142951351507,0.41029007557386044,1.0,42.333333333333336,False,ellipse,360.0,1.0,True,True,11.71583892706248,431.2177777777807,433.49333333333345,24.536728999425577,22.376394468567657
r560_svd_normalised_tr050_tid3_010,r560,3,10,False,129,circle,257.0315285213362,238.76077715997587,13.21721112992213,2.0511384571580353,4.102276914316099,4.102276914316041,,1.6792755826688772e-07,1.0,13.444444444444445,False,circle,360.0,1.0,True,True,6.563643062905713,135.34424197040263,137.67111111111114,13.127286125811517,13.127286125811333
r560_svd_normalised_tr050_tid3_010,r560,3,10,False,130,circle,172.4845911430024,122.88641178174483,15.298929065512647,2.206762418018129,4.413524836036258,4.413524836036257,,2.1073424255447017e-08,1.0,15.333333333333334,False,circle,360.0,1.0,True,True,7.0616397376580125,156.66103363084954,157.01333333333338,14.123279475316025,14.123279475316023
r560_svd_normalised_tr050_tid3_010,r560,3,10,False,131,circle,279.3851020645341,197.61264508715107,18.446429825029128,2.4231551700422123,4.846310340084425,4.8463103400844245,,2.1073424255447017e-08,1.0,18.88888888888889,False,circle,360.0,1.0,True,True,7.75409654413508,188.8914414082983,193.42222222222227,15.508193088270161,15.50819308827016
r560_svd_normalised_tr050_tid3_010,r560,3,10,False,132,ellipse,393.1494252873563,144.24521072796932,19.333333333333194,2.480723913071863,5.148837568410307,4.780878053441183,-6.326788890946318,0.37124382020644137,1.0,19.22222222222222,False,ellipse,360.0,1.0,True,True,7.938316521829961,197.97333333333194,196.83555555555557,16.476280218912983,15.298809771011788
r560_svd_normalised_tr050_tid3_010,r560,3,10,False,133,ellipse,337.93673965936733,190.48296836982968,30.444444444444613,3.1129997825312974,6.480699472225125,5.981309695086115,65.85046063622849,0.38493905392147193,1.0,30.444444444444443,False,ellipse,360.0,1.0,True,True,9.961599304100153,311.7511111111129,311.75111111111113,20.7382383111204,19.14019102427557
r560_svd_normalised_tr050_tid3_010,r560,3,10,False,134,ellipse,242.76611195850856,121.98797845185875,11.678447419324604,1.9280470089830795,4.0007824192298775,3.716638276534084,81.29746021024249,0.3701353022196274,1.0,11.777777777777779,False,ellipse,360.0,1.0,True,True,6.169750428745854,119.58730157388396,120.60444444444448,12.80250374153561,11.89324248490907
r560_svd_normalised_tr050_tid3_010,r560,3,10,False,135,circle,228.83154121863802,113.8888888888889,20.66666666666667,2.5648400173236943,5.129680034647394,5.129680034647383,,6.495265578539184e-08,1.0,20.88888888888889,False,circle,360.0,1.0,True,True,8.207488055435823,211.62666666666675,213.90222222222226,16.41497611087166,16.414976110871628
r560_svd_normalised_tr050_tid3_010,r560,3,10,False,136,ellipse,249.93877551020412,104.27210884353741,10.888888888888905,1.861730641873354,3.9593476026975907,3.501628379916611,-60.79492305338684,0.46673864975572515,1.0,10.88888888888889,False,ellipse,360.0,1.0,True,True,5.957538053994733,111.50222222222241,111.50222222222224,12.669912328632291,11.205210815733155
r560_svd_normalised_tr050_tid3_010,r560,3,10,False,137,circle,230.05622489959836,137.73293172690762,18.44444444444442,2.423024765006407,4.846049530012814,4.846049530012814,,0.0,1.0,18.666666666666668,False,circle,360.0,1.0,True,True,7.753679248020503,188.8711111111109,191.1466666666667,15.507358496041006,15.507358496041006
r560_svd_normalised_tr050_tid3_010,r560,3,10,False,138,circle,298.39448305191587,197.60440392293464,13.195756075598682,2.0494730089788646,4.098946017957758,4.098946017957701,,1.666000468656264e-07,1.0,13.222222222222221,False,circle,360.0,1.0,True,True,6.558313628732368,135.12454221413054,135.39555555555557,13.116627257464826,13.116627257464643
r560_svd_normalised_tr050_tid3_010,r560,3,10,False,139,circle,271.31277581364856,213.66222592357371,22.116698197144366,2.653292989078717,5.306585978157471,5.306585978157397,,1.666000468656264e-07,1.0,21.555555555555557,False,circle,360.0,1.0,True,True,8.490537565051895,226.47498953875836,220.72888888888895,16.981075130103907,16.981075130103672
r560_svd_normalised_tr050_tid3_010,r560,3,10,False,140,circle,333.8018867924528,233.67610062893078,11.777777777777963,1.9362290938684097,3.8724581877368194,3.872458187736819,,1.4901161193847656e-08,1.0,11.777777777777779,False,circle,360.0,1.0,True,True,6.1959331003789115,120.60444444444637,120.60444444444448,12.391866200757823,12.391866200757821
r560_svd_normalised_tr050_tid3_010,r560,3,10,False,141,circle,341.2269312066346,163.92850232418425,8.676649393740426,1.6618854596446084,3.3237709192892453,3.3237709192891884,,1.8491854736195292e-07,1.0,8.666666666666666,False,circle,360.0,1.0,True,True,5.318033470862748,88.84888979190198,88.74666666666668,10.636066941725586,10.636066941725403
r560_svd_normalised_tr050_tid3_010,r560,3,10,False,142,circle,226.39890710382514,236.80327868852459,13.555555555555644,2.077225877473841,4.154451754947682,4.154451754947682,,0.0,1.0,13.555555555555555,False,circle,360.0,1.0,True,True,6.647122807916292,138.8088888888898,138.8088888888889,13.294245615832583,13.294245615832583
r560_svd_normalised_tr050_tid3_010,r560,3,10,False,143,ellipse,322.4678714859438,243.1024096385541,18.44444444444463,2.4230247650064207,5.121254573676195,4.585633404761599,45.0367162756464,0.4452382945049102,1.0,18.22222222222222,False,ellipse,360.0,1.0,True,True,7.753679248020546,188.87111111111307,186.5955555555556,16.388014635763824,14.674026895237118
r560_svd_normalised_tr050_tid3_010,r560,3,10,False,144,circle,-1.4123012323721653,53.12915652274215,60.41380425868914,4.385237867837177,8.770475735674355,8.770475735674353,,2.1073424255447017e-08,1.0,22.0,True,circle,155.0,0.4305555555555556,True,True,14.032761177078967,618.6373556089769,225.28000000000003,28.065522354157935,28.06552235415793
r560_svd_normalised_tr050_tid3_010,r560,3,10,False,145,ellipse,337.8106995884774,166.13786008230454,18.0000000000002,2.3936536824086097,5.157074649955503,4.444052754875466,0.0943082205991459,0.5073517134740951,1.0,18.22222222222222,False,ellipse,360.0,1.0,True,True,7.659691783707551,184.32000000000207,186.5955555555556,16.50263887985761,14.220968815601493
r560_svd_normalised_tr050_tid3_010,r560,3,10,False,146,ellipse,262.9412909498325,131.03205973803335,14.941951893042846,2.1808647382261337,4.5856178756026305,4.148772213875845,-72.71204058893858,0.425973364336274,1.0,14.666666666666666,False,ellipse,360.0,1.0,True,True,6.978767162323628,153.00558738475877,150.1866666666667,14.673977201928418,13.276071084402705
r560_svd_normalised_tr050_tid3_010,r560,3,10,False,147,ellipse,306.9933527637163,56.009510661144354,724.3333333333328,15.184283351296461,39.31839238573633,23.455939767883372,-83.687900528402,0.8025654634471746,1.0,724.4444444444445,False,ellipse,360.0,1.0,True,True,48.58970672414868,7417.1733333333295,7418.311111111113,125.81885563435627,75.0590072572268
r560_svd_normalised_tr050_tid3_010,r560,3,10,False,148,ellipse,191.11320754716982,84.02830188679243,11.777777777777745,1.9362290938683917,4.10108910973612,3.656573172274852,-29.330310947799404,0.45280362714639516,1.0,11.666666666666666,False,ellipse,360.0,1.0,True,True,6.195933100378854,120.60444444444413,119.46666666666668,13.123485151155585,11.701034151279528
r560_svd_normalised_tr050_tid3_010,r560,3,10,False,149,circle,347.22737306843266,177.72626931567328,16.777777777777583,2.3109592239720103,4.6219184479440605,4.62191844794398,,1.873046918209871e-07,1.0,16.88888888888889,False,circle,360.0,1.0,True,True,7.395069516710433,171.80444444444248,172.94222222222226,14.790139033420994,14.790139033420736
r560_svd_normalised_tr050_tid3_010,r560,3,10,False,150,circle,163.59595959595958,202.03030303030303,21.999999999999893,2.6462837142006075,5.292567428401215,5.292567428401214,,2.1073424255447017e-08,1.0,22.0,False,circle,360.0,1.0,True,True,8.468107885441944,225.27999999999895,225.28000000000003,16.936215770883887,16.936215770883887
r560_svd_normalised_tr050_tid3_010,r560,3,10,False,151,ellipse,10.252154011847065,28.291060850834683,275.1111111111111,9.357915711614096,20.172030283484155,17.364754114487397,86.94832196859034,0.5088871574731328,1.0,274.77777777777777,False,ellipse,360.0,1.0,True,True,29.94533027716511,2817.137777777778,2813.724444444445,64.5504969071493,55.56721316635967
r560_svd_normalised_tr050_tid3_010,r560,3,10,False,152,ellipse,257.565749235474,183.7431192660551,12.111111111111207,1.9634373937910654,4.141272683462115,3.7235764886790195,0.15955361119881672,0.4376648119172552,1.0,12.0,False,ellipse,360.0,1.0,True,True,6.282999660131409,124.01777777777878,122.88000000000002,13.25207258707877,11.915444763772863
r560_svd_normalised_tr050_tid3_010,r560,3,10,False,153,circle,292.96908285016207,239.94880725791177,16.507700615137477,2.2922836438714347,4.584567287742869,4.5845672877428685,,2.1073424255447017e-08,1.0,16.11111111111111,False,circle,360.0,1.0,True,True,7.335307660388591,169.0388542990078,164.97777777777782,14.670615320777182,14.67061532077718
r560_svd_normalised_tr050_tid3_010,r560,3,10,False,154,ellipse,340.552968908147,172.73974948425962,14.084739713520541,2.1173832660005227,4.396606358818415,4.07888405669679,-84.51749633563509,0.3732404335151929,1.0,13.88888888888889,False,ellipse,360.0,1.0,True,True,6.775626451201673,144.22773466645037,142.22222222222226,14.06914034821893,13.052428981429728
r560_svd_normalised_tr050_tid3_010,r560,3,10,False,155,ellipse,331.15980534820295,133.1395263672855,25.43589162574531,2.8454341968097285,6.077671056047558,5.328683104899429,59.3564512537331,0.48092089956762446,1.0,25.444444444444443,False,ellipse,360.0,1.0,True,True,9.105389429791131,260.46353024763204,260.55111111111114,19.44854737935219,17.051785935678176
r560_svd_normalised_tr050_tid3_010,r560,3,10,False,156,ellipse,66.27721356464464,28.52864687954517,249.78265937761623,8.916742111173429,19.16629201327863,16.593358761744696,82.89749749536134,0.5004639433694843,1.0,250.44444444444446,False,ellipse,360.0,1.0,True,True,28.533574755754973,2557.7744320267907,2564.551111111112,61.332134442491615,53.09874803758303
r560_svd_normalised_tr050_tid3_010,r560,3,10,False,157,ellipse,180.44733227636408,189.30059347053714,15.009753811124078,2.1858071798000904,4.605921572862982,4.149226556887145,16.866723201081868,0.4341385450698283,1.0,14.88888888888889,False,ellipse,360.0,1.0,True,True,6.99458297536029,153.69987902591058,152.46222222222227,14.738949033161544,13.277524982038864
r560_svd_normalised_tr050_tid3_010,r560,3,10,False,158,circle,301.0973311954512,124.03533176025402,11.055751190346633,1.8759410713227496,3.7518821426455133,3.751882142645485,,1.228781230931777e-07,1.0,11.11111111111111,False,circle,360.0,1.0,True,True,6.003011428232799,113.21089218914955,113.7777777777778,12.006022856465643,12.006022856465552
r560_svd_normalised_tr050_tid3_010,r560,3,10,False,159,ellipse,300.81904761904764,206.8190476190476,11.66666666666649,1.927074295093688,4.234099052629401,3.5082933041017617,14.054895182448547,0.559869457480892,1.0,11.333333333333334,False,ellipse,360.0,1.0,True,True,6.166637744299802,119.46666666666488,116.05333333333336,13.549116968414083,11.226538573125637
r560_svd_normalised_tr050_tid3_010,r560,3,10,False,160,ellipse,57.332402234636874,139.7481378026071,79.5555555555555,5.032228118257072,10.695183850850631,9.470924553452361,-81.18139819736842,0.4645789195542953,1.0,79.11111111111111,False,ellipse,360.0,1.0,True,True,16.10312997842263,814.6488888888885,810.097777777778,34.22458832272202,30.30695857104756
r560_svd_normalised_tr050_tid3_010,r560,3,10,False,161,circle,396.34385375440064,79.75905066915847,109.23985671568144,5.896789495810594,11.793578991621189,11.793578991621189,,0.0,1.0,89.77777777777777,True,circle,245.0,0.6805555555555556,True,True,18.869726386593904,1118.6161327685782,919.3244444444446,37.73945277318781,37.73945277318781
r560_svd_normalised_tr050_tid3_010,r560,3,10,False,162,ellipse,341.4586873784996,194.51114337654636,10.719214146769383,1.8471685995159839,3.896311032144344,3.502833122806442,-59.23681279999249,0.4379225447471421,1.0,10.555555555555555,False,ellipse,360.0,1.0,True,True,5.910939518451149,109.76475286291851,108.0888888888889,12.4681953028619,11.209065992980616
r560_svd_normalised_tr050_tid3_010,r560,3,10,False,163,circle,36.303784693019345,36.79854219231848,660.5555555555554,14.500391846669505,29.000783693339013,29.000783693339006,,2.1073424255447017e-08,1.0,660.1111111111111,False,circle,360.0,1.0,True,True,46.401253909342415,6764.0888888888885,6759.5377777777785,92.80250781868484,92.80250781868483
r560_svd_normalised_tr050_tid3_010,r560,3,10,False,164,circle,117.8962524555624,94.9664249181664,20.64659935938055,2.5635944866859792,5.1271889733719584,5.127188973371958,,2.1073424255447017e-08,1.0,20.666666666666668,False,circle,360.0,1.0,True,True,8.203502357395134,211.42117744005685,211.62666666666672,16.40700471479027,16.407004714790265
r560_svd_normalised_tr050_tid3_010,r560,3,10,False,165,circle,304.3715896514828,172.5446676116614,35.30511868200489,3.3523079079007942,6.704615815801617,6.70461581580156,,1.2990531157078367e-07,1.0,35.111111111111114,False,circle,360.0,1.0,True,True,10.727385305282542,361.5244153037301,359.5377777777779,21.454770610565177,21.454770610564992
r560_svd_normalised_tr050_tid3_010,r560,3,10,False,166,circle,325.80953807331247,248.78665809498267,13.17096719016415,2.0475470854736386,4.095094170947277,4.095094170947277,,0.0,1.0,9.333333333333334,True,circle,221.0,0.6138888888888889,True,True,6.552150673515644,134.87070402728094,95.57333333333335,13.104301347031289,13.104301347031289
r560_svd_normalised_tr050_tid3_010,r560,3,10,False,167,circle,305.47528116617764,214.12197480354598,13.940979895149333,2.106549720209684,4.213099440419397,4.21309944041934,,1.645887049613485e-07,1.0,13.444444444444445,False,circle,360.0,1.0,True,True,6.740959104670989,142.7556341263292,137.67111111111114,13.48191820934207,13.481918209341888
r560_svd_normalised_tr050_tid3_010,r560,3,10,False,168,ellipse,338.59544171143096,212.57480183435706,31.754068748806226,3.179250542078239,6.977898847138488,5.794084569425786,46.250019751562746,0.5572451409674949,1.0,31.88888888888889,False,ellipse,360.0,1.0,True,True,10.173601734650365,325.1616639877758,326.5422222222223,22.329276310843163,18.54107062216252
r560_svd_normalised_tr050_tid3_010,r560,3,10,False,169,circle,390.08644216773394,96.63154613443086,22.481719388540622,2.675098790658447,5.3501975813169,5.350197581316888,,6.828569911354542e-08,1.0,22.444444444444443,False,circle,360.0,1.0,True,True,8.560316130107031,230.21280653865603,229.83111111111114,17.12063226021408,17.12063226021404
r560_svd_normalised_tr050_tid3_010,r560,3,10,False,170,ellipse,277.74153085887525,158.0073964609668,13.763828855490484,2.0931227380266906,4.4617770454358086,3.9277290208179068,-48.503020491543,0.4744063438579016,1.0,14.0,False,ellipse,360.0,1.0,True,True,6.69799276168541,140.9416074802226,143.36,14.277686545394587,12.568732866617303
r560_svd_normalised_tr050_tid3_010,r560,3,10,False,171,ellipse,30.934773007565944,24.277872589581012,150.74794736207957,6.927088996632252,14.372611632052493,13.354444744127868,-67.69048673376727,0.3696797627495078,1.0,151.0,False,ellipse,360.0,1.0,True,True,22.166684789223208,1543.658980987695,1546.2400000000002,45.99235722256798,42.73422318120918
r560_svd_normalised_tr050_tid3_010,r560,3,10,False,172,circle,169.33333333333334,86.53703703703702,10.000000000000062,1.7841241161527768,3.5682482323055735,3.568248232305533,,1.5049435106459375e-07,1.0,10.0,False,circle,360.0,1.0,True,True,5.709197171688886,102.40000000000066,102.40000000000002,11.418394343377836,11.418394343377706
r560_svd_normalised_tr050_tid3_010,r560,3,10,False,173,ellipse,240.65679621632734,195.12523133867984,180.11111111111165,7.571733439458499,16.53714841985076,13.8672389755891,-67.49758286436375,0.5448234228316703,1.0,179.55555555555554,False,ellipse,360.0,1.0,True,True,24.229547006267197,1844.3377777777837,1838.6488888888891,52.91887494352243,44.37516472188512
r560_svd_normalised_tr050_tid3_010,r560,3,10,False,174,ellipse,310.96044315815976,119.45636768947406,13.170840488592017,2.0475372369919396,4.297898034017965,3.901822429183356,-14.194477463459549,0.4193073380289818,1.0,13.11111111111111,False,ellipse,360.0,1.0,True,True,6.552119158374207,134.86940660318228,134.2577777777778,13.75327370885749,12.48583177338674
r560_svd_normalised_tr050_tid3_010,r560,3,10,False,175,ellipse,308.0098927981956,232.95057282958757,16.54094282992171,2.2945905145722554,4.761230060338707,4.423349061347742,77.41448918143024,0.369992011911007,1.0,16.555555555555557,False,ellipse,360.0,1.0,True,True,7.342689646631218,169.37925457839836,169.52888888888893,15.235936193083862,14.154716996312775
r560_svd_normalised_tr050_tid3_010,r560,3,10,False,176,ellipse,186.8095238095238,174.28333333333336,15.555555555555504,2.2251937260415118,4.621358984933348,4.285741172289319,-11.367126616481755,0.3741286472029726,1.0,15.444444444444445,False,ellipse,360.0,1.0,True,True,7.120619923332838,159.28888888888838,158.15111111111113,14.788348751786714,13.714371751325821
r560_svd_normalised_tr050_tid3_010,r560,3,10,False,177,ellipse,380.9649122807017,95.44005847953215,25.333333333333236,2.8396919639266036,5.977649761014864,5.396000617219354,-65.82112871352746,0.4302788686883369,1.0,24.88888888888889,False,ellipse,360.0,1.0,True,True,9.087014284565132,259.4133333333324,254.86222222222227,19.128479235247564,17.267201975101933
r560_svd_normalised_tr050_tid3_010,r560,3,10,False,178,ellipse,374.3121915134625,70.43933275748256,20.435512176632596,2.5504559504236473,5.318975250998797,4.891788548051554,-75.7156656766459,0.3926539840679185,1.0,20.22222222222222,False,ellipse,360.0,1.0,True,True,8.161459041355672,209.25964468871783,207.07555555555558,17.020720803196152,15.653723353764974
r560_svd_normalised_tr050_tid3_010,r560,3,10,False,179,ellipse,260.49472096530917,102.29411764705883,24.555555555555735,2.7957603785139913,6.07731166496727,5.144561625249997,-40.262888077753274,0.5323580301758122,1.0,24.555555555555557,False,ellipse,360.0,1.0,True,True,8.946433211244772,251.44888888889076,251.44888888888894,19.447397327895263,16.46259720079999
r560_svd_normalised_tr050_tid3_010,r560,3,10,False,180,circle,366.9579547144794,72.75779699091792,16.98016735608488,2.324855939299701,4.649711878599415,4.64971187859939,,1.0536712127723508e-07,1.0,17.0,False,circle,360.0,1.0,True,True,7.439539005759044,173.8769137263092,174.08000000000004,14.87907801151813,14.879078011518047
r560_svd_normalised_tr050_tid3_010,r560,3,10,False,181,ellipse,78.60143087311621,45.51859054881102,1563.6413605169607,22.309695280268205,49.24627892779676,40.42721718960049,41.08624535147456,0.5710443276048942,1.0,1563.111111111111,False,ellipse,360.0,1.0,True,True,71.39102489685826,16011.68753169368,16006.25777777778,157.58809256894963,129.36709500672157
r560_svd_normalised_tr050_tid3_010,r560,3,10,False,182,ellipse,175.5191740412979,187.9557522123894,12.555555555555621,1.999139179712901,4.152013028449616,3.850235952997967,-72.43329947239607,0.37427467770140366,1.0,12.333333333333334,False,ellipse,360.0,1.0,True,True,6.397245375081283,128.56888888888957,126.29333333333336,13.286441691038773,12.320755049593494
r560_svd_normalised_tr050_tid3_010,r560,3,10,False,183,ellipse,320.9380599981662,126.19180408719808,10.50804769426039,1.828883666495458,3.856856540004877,3.468955021666053,79.1700061822684,0.43707415470322275,1.0,10.555555555555555,False,ellipse,360.0,1.0,True,True,5.852427732785466,107.60240838922643,108.0888888888889,12.341940928015607,11.100656069331372
r560_svd_normalised_tr050_tid3_010,r560,3,10,False,184,ellipse,248.82450674974035,97.63655244029077,35.66666666666659,3.369429121857565,7.040413150666062,6.450219533578243,89.85249424658363,0.40078851467505705,1.0,35.55555555555556,False,ellipse,360.0,1.0,True,True,10.78217318994421,365.226666666666,364.08888888888896,22.5293220821314,20.640702507450378
r560_svd_normalised_tr050_tid3_010,r560,3,10,False,185,ellipse,351.2559774964838,58.239803094233466,52.66666666666699,4.094425560728442,8.525088307784385,7.8658754335898955,-2.875101129890254,0.385581508983868,1.0,52.55555555555556,False,ellipse,360.0,1.0,True,True,13.102161794331014,539.3066666666701,538.168888888889,27.280282584910033,25.170801387487668
r560_svd_normalised_tr050_tid3_010,r560,3,10,False,186,circle,173.13434951748278,130.06777223294375,13.561776632788789,2.077702475436026,4.155404950872057,4.155404950872048,,6.828569911354542e-08,1.0,13.555555555555555,False,circle,360.0,1.0,True,True,6.648647921395284,138.87259271975722,138.8088888888889,13.297295842790584,13.297295842790554
r560_svd_normalised_tr050_tid3_010,r560,3,10,False,187,ellipse,23.52451059037734,20.120898858485653,130.5270316001413,6.445777266749839,13.85900907040522,11.991635004055658,88.5854270846122,0.5013247739009578,1.0,130.77777777777777,False,ellipse,360.0,1.0,True,True,20.626487253599485,1336.596803585447,1339.1644444444446,44.34882902529671,38.37323201297811
r560_svd_normalised_tr050_tid3_010,r560,3,10,False,188,ellipse,305.1515151515152,121.40692640692637,8.555555555555525,1.6502478344563818,3.5488984162538233,3.0694797040741233,85.35554425905619,0.5019260197466348,1.0,8.444444444444445,False,ellipse,360.0,1.0,True,True,5.280793070260422,87.6088888888886,86.47111111111113,11.356474932012235,9.822335053037195
r560_svd_normalised_tr050_tid3_010,r560,3,10,False,189,circle,173.0783109542592,16.459744849526526,17.827890158555142,2.3821825470074307,4.764365094014865,4.764365094014858,,5.3726900748371916e-08,1.0,17.555555555555557,False,circle,360.0,1.0,True,True,7.622984150423779,182.5575952236047,179.76888888888894,15.245968300847569,15.245968300847546
r560_svd_normalised_tr050_tid3_010,r560,3,10,False,190,ellipse,29.286210089190188,43.3880757017109,2856.2641393470726,30.152563955763522,64.72225096694673,56.18946186347696,82.58206274988044,0.49627920680902987,1.0,2819.4444444444443,True,ellipse,314.0,0.8722222222222222,True,True,96.48820465844328,29248.14478691403,28871.111111111117,207.11120309422955,179.80627796312626
r560_svd_normalised_tr050_tid3_010,r560,3,10,False,191,ellipse,307.08629476134104,116.27504738331331,15.835680067199467,2.245139977781605,4.739267718908608,4.254373307270333,-5.103946994302305,0.44063614749193264,1.0,16.11111111111111,False,ellipse,360.0,1.0,True,True,7.184447928901136,162.15736388812257,164.97777777777782,15.165656700507547,13.613994583265066
r560_svd_normalised_tr050_tid3_010,r560,3,10,False,192,circle,186.07196609463642,169.01069927827095,12.083020253327518,1.961159045460903,3.922318090921806,3.922318090921806,,0.0,1.0,12.0,False,circle,360.0,1.0,True,True,6.275708945474889,123.73012739407382,122.88000000000002,12.551417890949779,12.551417890949779
r560_svd_normalised_tr050_tid3_010,r560,3,10,False,193,ellipse,215.709219858156,220.58865248226948,10.444444444444565,1.8233403199523874,3.928083641636535,3.3854369974453786,-86.44670929297592,0.507155429974952,1.0,10.444444444444445,False,ellipse,360.0,1.0,True,True,5.83468902384764,106.95111111111237,106.95111111111113,12.569867653236912,10.833398391825213
r560_svd_normalised_tr050_tid3_010,r560,3,10,False,194,circle,269.0833012275134,147.83431175972183,13.893455862675237,2.1029560990062715,4.205912198012571,4.205912198012514,,1.6593230851978128e-07,1.0,13.88888888888889,False,circle,360.0,1.0,True,True,6.729459516820069,142.26898803379447,142.22222222222226,13.458919033640228,13.458919033640043
r560_svd_normalised_tr050_tid3_010,r560,3,10,False,195,ellipse,343.0329218106996,142.9218106995885,9.000000000000103,1.6925687506432785,3.5249539993561494,3.2508667927892585,35.7565764201274,0.38660893253168577,1.0,9.0,False,ellipse,360.0,1.0,True,True,5.416220002058491,92.16000000000108,92.16000000000003,11.279852797939679,10.402773736925628
r560_svd_normalised_tr050_tid3_010,r560,3,10,False,196,circle,208.6075947401291,150.24966787696022,11.553486155703762,1.9177040603930695,3.8354081207861395,3.835408120786139,,1.4901161193847656e-08,1.0,11.555555555555555,False,circle,360.0,1.0,True,True,6.136652993257822,118.30769823440654,118.32888888888891,12.273305986515647,12.273305986515645
r560_svd_normalised_tr050_tid3_010,r560,3,10,False,197,circle,364.8671679197995,68.47619047619047,14.777777777777876,2.16885056250859,4.337701125017212,4.337701125017148,,1.718485742013275e-07,1.0,14.555555555555555,False,circle,360.0,1.0,True,True,6.940321800027488,151.32444444444548,149.0488888888889,13.880643600055079,13.880643600054874
r560_svd_normalised_tr050_tid3_010,r560,3,10,False,198,circle,175.53956834532374,82.97122302158273,15.444444444444455,2.217232363394282,4.434464726788576,4.434464726788551,,1.0641557616804317e-07,1.0,15.222222222222221,False,circle,360.0,1.0,True,True,7.095143562861702,158.15111111111125,155.87555555555556,14.190287125723444,14.190287125723366
r560_svd_normalised_tr050_tid3_010,r560,3,10,False,199,circle,195.57421800464698,33.84332534337653,282.6934185332205,9.485995460583784,18.971990921167567,18.971990921167563,,2.1073424255447017e-08,1.0,281.8888888888889,False,circle,360.0,1.0,True,True,30.355185473868108,2894.7806057801786,2886.5422222222232,60.710370947736216,60.71037094773621
r560_svd_normalised_tr050_tid3_010,r560,3,10,False,200,ellipse,80.60874200426439,29.02771855010661,104.22222222222233,5.759771149392772,12.231995983544847,10.84858554172389,4.1511939348604585,0.4619570169993795,1.0,104.88888888888889,False,ellipse,360.0,1.0,True,True,18.43126767805687,1067.2355555555569,1074.0622222222223,39.14238714734351,34.715473733516454
r560_svd_normalised_tr050_tid3_010,r560,3,10,False,201,ellipse,333.61515618634627,153.96433392930462,13.52316305238397,2.0747425122287306,4.530359326955745,3.800631412556591,10.462811434119686,0.5442471407610903,1.0,13.444444444444445,False,ellipse,360.0,1.0,True,True,6.6391760391319385,138.47718965641187,137.67111111111114,14.497149846258385,12.162020520181093
r560_svd_normalised_tr050_tid3_010,r560,3,10,False,202,circle,37.61989302378513,31.215204279048596,325.4444444444447,10.178024566204297,20.356049132408597,20.356049132408593,,2.1073424255447017e-08,1.0,325.55555555555554,False,circle,360.0,1.0,True,True,32.56967861185375,3332.551111111114,3333.6888888888893,65.1393572237075,65.1393572237075
r560_svd_normalised_tr050_tid3_010,r560,3,10,False,203,ellipse,266.0695652173913,134.2463768115942,12.777777777777887,2.0167530810999765,4.200104012505388,3.8735164443702272,-88.10004251405815,0.38661076585388915,1.0,12.88888888888889,False,ellipse,360.0,1.0,True,True,6.453609859519926,130.8444444444456,131.98222222222225,13.440332840017243,12.395252621984728
r560_svd_normalised_tr050_tid3_010,r560,3,10,False,204,ellipse,25.13301136935305,45.48858034007445,368.11111111111103,10.824666548248333,24.24893899704349,19.32841777449358,-79.76813088790212,0.6038697235280119,1.0,367.8888888888889,False,ellipse,360.0,1.0,True,True,34.63893295439467,3769.4577777777777,3767.182222222223,77.59660479053917,61.85093687837946
r560_svd_normalised_tr050_tid3_010,r560,3,10,False,205,circle,77.46017699115043,73.66666666666666,12.555555555555593,1.9991391797128988,3.9982783594257976,3.9982783594257976,,0.0,1.0,12.222222222222221,False,circle,360.0,1.0,True,True,6.397245375081276,128.5688888888893,125.15555555555557,12.794490750162552,12.794490750162552
r560_svd_normalised_tr050_tid3_010,r560,3,10,False,206,circle,294.38576779026215,199.06367041198504,9.888888888888975,1.7741846286974763,3.5483692573949925,3.5483692573949126,,2.12308866512403e-07,1.0,10.333333333333334,False,circle,360.0,1.0,True,True,5.677390811831924,101.26222222222312,105.81333333333336,11.354781623663976,11.35478162366372
r560_svd_normalised_tr050_tid3_010,r560,3,10,False,207,ellipse,221.129431652571,100.22355563772805,9.73961726747072,1.760743156704659,3.6825888930019817,3.367431504259,85.03494616224168,0.40476755601113,1.0,9.777777777777779,False,ellipse,360.0,1.0,True,True,5.634378101454909,99.7336808189002,100.12444444444448,11.784284457606342,10.775780813628801
r560_svd_normalised_tr050_tid3_010,r560,3,10,False,208,ellipse,173.6677224251356,82.40344360995836,30.598181072437608,3.1208498096830346,6.776200692578035,5.749359546134174,64.35619882188155,0.5292537590472012,1.0,30.22222222222222,False,ellipse,360.0,1.0,True,True,9.986719390985712,313.32537418176116,309.4755555555556,21.683842216249715,18.39795054762936
r560_svd_normalised_tr050_tid3_010,r560,3,10,False,209,ellipse,339.18112633181124,213.30441400304417,24.33333333333314,2.7830811277800565,5.886348906486695,5.263392086914866,-87.4331451825721,0.4477291399347286,1.0,24.444444444444443,False,ellipse,360.0,1.0,True,True,8.905859608896181,249.1733333333314,250.31111111111113,18.836316500757427,16.842854678127573
r560_svd_normalised_tr050_tid3_010,r560,3,10,False,210,circle,334.06089743589746,190.59615384615384,11.555555555555385,1.9178757972505167,3.8357515945010334,3.835751594501033,,1.4901161193847656e-08,1.0,11.444444444444445,False,circle,360.0,1.0,True,True,6.1372025512016535,118.32888888888716,117.19111111111114,12.274405102403307,12.274405102403307
r560_svd_normalised_tr050_tid3_010,r560,3,10,False,211,ellipse,296.4428223844282,213.9367396593674,15.22222222222219,2.2012232560601195,4.592257922268389,4.2204805610103815,-13.633579706891737,0.39415826682643,1.0,15.11111111111111,False,ellipse,360.0,1.0,True,True,7.043914419392383,155.87555555555525,154.7377777777778,14.695225351258845,13.505537795233222
r560_svd_normalised_tr050_tid3_010,r560,3,10,False,212,ellipse,105.48422141609431,44.40318627394613,190.91935136071737,7.795608828174557,17.294403961242924,14.05576442833258,75.44614635337831,0.5826337609511237,1.0,191.11111111111111,False,ellipse,360.0,1.0,True,True,24.945948250158583,1955.0141579337462,1956.977777777778,55.34209267597736,44.978446170664256
r560_svd_normalised_tr050_tid3_010,r560,3,10,False,213,ellipse,308.8460135899529,216.39274872843052,15.239995850118104,2.2025079669532492,4.635099553890905,4.186353529706054,-66.131824664974,0.42925098932939865,1.0,15.444444444444445,False,ellipse,360.0,1.0,True,True,7.048025494250398,156.05755750520942,158.15111111111113,14.832318572450896,13.396331295059372
r560_svd_normalised_tr050_tid3_010,r560,3,10,False,214,ellipse,232.7768115942029,160.7014492753623,12.77777777777782,2.016753081099971,4.259564073543259,3.819445295248635,77.52004598542419,0.44268912144964845,1.0,12.666666666666666,False,ellipse,360.0,1.0,True,True,6.453609859519908,130.8444444444449,129.70666666666668,13.630605035338428,12.222224944795633
r560_svd_normalised_tr050_tid3_010,r560,3,10,False,215,ellipse,1.3837600951724474,36.85787028848571,18.379329710325834,2.418743960866503,6.029604730316472,3.881065250471977,1.5066884529826154,0.7653046172235147,1.0,18.11111111111111,True,ellipse,332.0,0.9222222222222223,True,True,7.739980674772809,188.20433623373657,185.4577777777778,19.29473513701271,12.419408801510327
r560_svd_normalised_tr050_tid3_010,r560,3,10,False,216,ellipse,213.5536231884058,154.26956521739132,12.77777777777773,2.0167530810999645,4.262479718278838,3.8168326973469298,-85.23784826498533,0.44516435180411373,1.0,12.666666666666666,False,ellipse,360.0,1.0,True,True,6.4536098595198865,130.84444444444398,129.70666666666668,13.639935098492282,12.213864631510177
r560_svd_normalised_tr050_tid3_010,r560,3,10,False,217,ellipse,297.9222331836731,208.13825817404813,9.64401852214586,1.7520806026375093,3.8313187056777935,3.2049397859691195,28.317050896463172,0.5479503133760855,1.0,9.777777777777779,False,ellipse,360.0,1.0,True,True,5.60665792844003,98.75474966677362,100.12444444444448,12.26021985816894,10.255807315101183
r560_svd_normalised_tr050_tid3_010,r560,3,10,False,218,ellipse,329.60399159663865,123.22163865546219,105.77777777777821,5.802595316340687,12.310416951113886,10.940364583564264,-43.08483067794674,0.45847388067133243,1.0,105.88888888888889,False,ellipse,360.0,1.0,True,True,18.5683050122902,1083.1644444444491,1084.3022222222223,39.39333424356444,35.009166667405644
r560_svd_normalised_tr050_tid3_010,r560,3,10,False,219,ellipse,280.1375,193.33333333333334,8.888888888888923,1.6820883480134432,3.5093457436489643,3.225012771275828,-90.0,0.39430798481691154,1.0,8.666666666666666,False,ellipse,360.0,1.0,True,True,5.382682713643018,91.0222222222226,88.74666666666668,11.229906379676686,10.32004086808265
r560_svd_normalised_tr050_tid3_010,r560,3,10,False,220,ellipse,325.0782610930326,239.71302193113462,13.834726883876886,2.0985066928153175,4.399848170969006,4.003529366169761,-51.41662981872156,0.4147740595484261,1.0,13.88888888888889,False,ellipse,360.0,1.0,True,True,6.715221417009016,141.66760329089934,142.22222222222226,14.079514147100818,12.811293971743234
r560_svd_normalised_tr050_tid3_010,r560,3,10,False,221,ellipse,346.54501216545015,194.78588807785889,15.222222222222145,2.2012232560601164,4.587876367123002,4.224511242493117,52.165677743548656,0.39003781100512797,1.0,15.222222222222221,False,ellipse,360.0,1.0,True,True,7.043914419392372,155.8755555555548,155.87555555555556,14.681204374793607,13.518435975977974
r560_svd_normalised_tr050_tid3_010,r560,3,10,False,222,circle,399.29184942770326,81.35339586391176,29.660734764609625,3.072670679889157,6.145341359778342,6.1453413597782856,,1.3575603930867164e-07,1.0,16.333333333333332,True,circle,187.00000000000003,0.5194444444444445,True,True,9.832546175645303,303.7259239896026,167.25333333333336,19.665092351290696,19.665092351290514
r560_svd_normalised_tr050_tid3_010,r560,3,10,False,223,circle,301.756402245234,177.3185436858039,12.921111859611631,2.0280329497818834,4.056065899563794,4.056065899563738,,1.6593230851978128e-07,1.0,12.777777777777779,False,circle,360.0,1.0,True,True,6.4897054393020275,132.31218544242313,130.8444444444445,12.979410878604142,12.979410878603964
r560_svd_normalised_tr050_tid3_010,r560,3,10,False,224,ellipse,87.55255255255256,53.22322322322322,73.99999999999996,4.85334230995512,11.510608333643896,8.185468880477059,77.78297793620891,0.703066693325212,1.0,73.77777777777777,False,ellipse,360.0,1.0,True,True,15.530695391856383,757.7599999999998,755.4844444444445,36.83394666766047,26.19350041752659
r560_svd_normalised_tr050_tid3_010,r560,3,10,False,225,circle,193.88861369089676,249.30914783060467,10.857436594663362,1.8590399153044075,3.718079830608815,3.718079830608815,,0.0,1.0,6.111111111111111,True,circle,191.0,0.5305555555555556,True,True,5.9489277289741045,111.18015072935285,62.57777777777778,11.897855457948209,11.897855457948209
r560_svd_normalised_tr050_tid3_010,r560,3,10,False,226,ellipse,52.77300211221435,41.472337491335686,264.0323154282202,9.167556723184182,19.326194723383217,17.394856561413526,70.8412874931721,0.43575297718597045,1.0,263.0,False,ellipse,360.0,1.0,True,True,29.336181514189384,2703.6909099849754,2693.1200000000003,61.8438231148263,55.66354099652329
r560_svd_normalised_tr050_tid4_010,r560,4,10,False,0,circle,271.93000573723464,169.5370051635112,64.55555555555566,4.533064255161214,9.06612851032247,9.06612851032239,,1.3244441773467643e-07,1.0,64.44444444444444,False,circle,360.0,1.0,True,True,14.505805616515886,661.04888888889,659.9111111111113,29.011611233031903,29.011611233031648
r560_svd_normalised_tr050_tid4_010,r560,4,10,False,1,circle,171.77842409427038,231.876748767928,142.24703465333255,6.728940288818442,13.457880577636884,13.457880577636884,,0.0,1.0,142.55555555555554,False,circle,360.0,1.0,True,True,21.532608924219016,1456.6096348501255,1459.768888888889,43.06521784843803,43.06521784843803
r560_svd_normalised_tr050_tid4_010,r560,4,10,False,2,circle,238.00071331670182,199.20667178844974,139.90502357560055,6.673316426701941,13.346632853403882,13.346632853403882,,0.0,1.0,139.33333333333334,False,circle,360.0,1.0,True,True,21.354612565446214,1432.6274414141499,1426.7733333333338,42.70922513089243,42.70922513089243
r560_svd_normalised_tr050_tid4_010,r560,4,10,False,3,circle,264.78943126179746,208.28913299862137,345.09996962707726,10.4808745844049,20.961749168809817,20.96174916880978,,5.7711949142924205e-08,1.0,345.1111111111111,False,circle,360.0,1.0,True,True,33.53879867009568,3533.823688981272,3533.937777777778,67.07759734019142,67.0775973401913
r560_svd_normalised_tr050_tid4_010,r560,4,10,False,4,circle,286.13020307416133,229.4559631998205,660.2222222222227,14.496732749539293,28.993465499078592,28.99346549907858,,2.5809568279517847e-08,1.0,660.0,False,circle,360.0,1.0,True,True,46.38954479852574,6760.675555555562,6758.4000000000015,92.7790895970515,92.77908959705147
r560_svd_normalised_tr050_tid4_010,r560,4,10,False,5,ellipse,289.91866913123846,136.6296980899569,60.111111111111086,4.3742383264014055,9.077698003051614,8.4311951905546,27.55395123234092,0.3706285115419445,1.0,60.22222222222222,False,ellipse,360.0,1.0,True,True,13.997562644484498,615.5377777777776,616.6755555555557,29.048633609765165,26.979824609774724
r560_svd_normalised_tr050_tid4_010,r560,4,10,False,6,circle,243.4734754555793,193.16019962796634,287.38575840238803,9.564398990417878,19.128797980835756,19.128797980835753,,2.1073424255447017e-08,1.0,287.8888888888889,False,circle,360.0,1.0,True,True,30.60607676933721,2942.830166040454,2947.982222222223,61.21215353867442,61.212153538674414
r560_svd_normalised_tr050_tid4_010,r560,4,10,False,7,circle,292.50067476383265,149.06432748538015,82.33333333333344,5.119327491230218,10.238654982460435,10.238654982460433,,2.1073424255447017e-08,1.0,82.22222222222223,False,circle,360.0,1.0,True,True,16.381847971936697,843.0933333333346,841.9555555555557,32.763695943873394,32.76369594387339
r560_svd_normalised_tr050_tid4_010,r560,4,10,False,8,circle,301.0026666666667,124.62399999999998,13.888888888889031,2.102610435016811,4.205220870033653,4.205220870033591,,1.718485742013275e-07,1.0,14.0,False,circle,360.0,1.0,True,True,6.728353392053795,142.2222222222237,143.36,13.45670678410769,13.45670678410749
r560_svd_normalised_tr050_tid4_010,r560,4,10,False,9,circle,302.8327374203056,220.98865041541228,38.698246505496876,3.5097057484462977,7.019411496892622,7.019411496892569,,1.228781230931777e-07,1.0,38.666666666666664,False,circle,360.0,1.0,True,True,11.231058395028153,396.27004421628806,395.9466666666667,22.462116790056392,22.46211679005622
r560_svd_normalised_tr050_tid4_010,r560,4,10,False,10,circle,212.91601049868768,193.1404199475066,28.22222222222211,2.997234115548728,5.994468231097457,5.994468231097456,,1.4901161193847656e-08,1.0,28.22222222222222,False,circle,360.0,1.0,True,True,9.59114916975593,288.99555555555446,288.9955555555556,19.182298339511863,19.18229833951186
r560_svd_normalised_tr050_tid4_010,r560,4,10,False,11,circle,174.01449275362316,202.30769230769232,33.22222222222219,3.2519166309006367,6.503833261801274,6.503833261801273,,1.4901161193847656e-08,1.0,32.55555555555556,False,circle,360.0,1.0,True,True,10.406133218882038,340.1955555555553,333.368888888889,20.81226643776408,20.812266437764077
r560_svd_normalised_tr050_tid4_010,r560,4,10,False,12,circle,275.5805946791862,178.7768388106416,118.33333333333378,6.137317807078435,12.27463561415689,12.274635614156846,,8.560065398421926e-08,1.0,118.0,False,circle,360.0,1.0,True,True,19.639416982650992,1211.7333333333381,1208.3200000000002,39.278833965302056,39.278833965301914
r560_svd_normalised_tr050_tid4_010,r560,4,10,False,13,circle,276.4682615629984,207.31866028708134,116.11111111111083,6.079417288067267,12.158834576134572,12.158834576134495,,1.1250129990683123e-07,1.0,116.55555555555556,False,circle,360.0,1.0,True,True,19.454135321815258,1188.9777777777751,1193.5288888888892,38.90827064363063,38.90827064363039
r560_svd_normalised_tr050_tid4_010,r560,4,10,False,14,circle,321.6944661968155,227.52610284521015,283.7777777777776,9.504171302429972,19.008342604859944,19.008342604859944,,0.0,1.0,283.22222222222223,False,circle,360.0,1.0,True,True,30.41334816777591,2905.884444444443,2900.195555555556,60.82669633555182,60.82669633555182
r560_svd_normalised_tr050_tid4_010,r560,4,10,False,15,circle,310.5058840998407,244.04008248171402,78.9456818811457,5.012902454096752,10.02580490819351,10.025804908193496,,5.3726900748371916e-08,1.0,78.66666666666667,False,circle,360.0,1.0,True,True,16.041287853109605,808.4037824629321,805.5466666666669,32.08257570621924,32.08257570621919
r560_svd_normalised_tr050_tid4_010,r560,4,10,False,16,circle,261.2489911218725,174.74697336561744,183.55555555555574,7.643791467412714,15.287582934825453,15.287582934825403,,8.024520884654677e-08,1.0,183.44444444444446,False,circle,360.0,1.0,True,True,24.460132695720688,1879.6088888888912,1878.4711111111117,48.920265391441454,48.92026539144129
r560_svd_normalised_tr050_tid4_010,r560,4,10,False,17,circle,332.6190476190476,240.98671096345515,33.44444444444428,3.2627744795788702,6.5255489591577405,6.5255489591577405,,0.0,1.0,33.0,False,circle,360.0,1.0,True,True,10.440878334652385,342.4711111111095,337.9200000000001,20.88175666930477,20.88175666930477
r560_svd_normalised_tr050_tid4_010,r560,4,10,False,18,circle,267.36701166420244,235.04698537867588,225.44444444444437,8.471197993901393,16.94239598780283,16.942395987802747,,9.771344846937061e-08,1.0,225.66666666666666,False,circle,360.0,1.0,True,True,27.10783358048446,2308.551111111111,2310.826666666667,54.215667160969055,54.21566716096879
r560_svd_normalised_tr050_tid4_010,r560,4,10,False,19,circle,239.0997858040474,214.95832506513244,75.77080151389984,4.911068641949942,9.822137283899885,9.822137283899885,,0.0,1.0,75.77777777777777,False,circle,360.0,1.0,True,True,15.715419654239817,775.8930075023345,775.9644444444446,31.430839308479634,31.430839308479634
r560_svd_normalised_tr050_tid4_010,r560,4,10,False,20,circle,325.0463273661447,184.4710407473054,164.909859151821,7.245166561039235,14.49033312207847,14.49033312207847,,0.0,1.0,164.88888888888889,False,circle,360.0,1.0,True,True,23.184532995325554,1688.6769577146474,1688.4622222222224,46.36906599065111,46.36906599065111
r560_svd_normalised_tr050_tid4_010,r560,4,10,False,21,circle,215.99313494256953,202.10326522373435,65.02255361561619,4.549430913945855,9.09886182789171,9.09886182789171,,0.0,1.0,64.77777777777777,False,circle,360.0,1.0,True,True,14.558178924626738,665.8309490239099,663.3244444444445,29.116357849253475,29.116357849253475
r560_svd_normalised_tr050_tid4_010,r560,4,10,False,22,circle,162.04345965170552,94.43703141670551,19.738989918418984,2.5066143768667204,5.013228753733455,5.0132287537334275,,1.043081283569336e-07,1.0,19.88888888888889,False,circle,360.0,1.0,True,True,8.021166005973505,202.12725676461042,203.66222222222225,16.042332011947057,16.042332011946968
r560_svd_normalised_tr050_tid4_010,r560,4,10,False,23,circle,270.41100323624596,194.6650485436893,22.88888888888907,2.6992146296831807,5.39842925936639,5.398429259366333,,1.4523855365528111e-07,1.0,23.0,False,circle,360.0,1.0,True,True,8.637486814986179,234.38222222222413,235.52000000000004,17.274973629972447,17.274973629972266
r560_svd_normalised_tr050_tid4_010,r560,4,10,False,24,circle,299.5805941626749,173.20706815185056,85.1638498059083,5.2065819247076215,10.41316384941527,10.413163849415215,,1.0323827311807139e-07,1.0,84.55555555555556,False,circle,360.0,1.0,True,True,16.66106215906439,872.0778220125012,865.8488888888891,33.322124318128864,33.32212431812869
r560_svd_normalised_tr050_tid4_010,r560,4,10,False,25,circle,224.89479702687248,203.25328759291023,64.77777777777779,4.540859728254478,9.081719456508957,9.081719456508957,,0.0,1.0,64.88888888888889,False,circle,360.0,1.0,True,True,14.53075113041433,663.3244444444447,664.4622222222223,29.06150226082866,29.06150226082866
r560_svd_normalised_tr050_tid4_010,r560,4,10,False,26,circle,282.4470644566883,188.80294483923652,72.72321103116276,4.811290578030931,9.622581156061871,9.622581156061853,,6.143906154658885e-08,1.0,72.88888888888889,False,circle,360.0,1.0,True,True,15.39612984969898,744.6856809591068,746.3822222222224,30.792259699397988,30.79225969939793
r560_svd_normalised_tr050_tid4_010,r560,4,10,False,27,circle,256.9537037037037,162.63492063492063,27.999999999999883,2.985410660720917,5.970821321441865,5.970821321441803,,1.444721179430583e-07,1.0,27.77777777777778,False,circle,360.0,1.0,True,True,9.553314114306934,286.71999999999883,284.4444444444445,19.106628228613967,19.10662822861377
r560_svd_normalised_tr050_tid4_010,r560,4,10,False,28,circle,345.77984792930965,190.59943615956482,39.08780539650639,3.5273268755441576,7.054653751088315,7.054653751088314,,1.4901161193847656e-08,1.0,39.22222222222222,False,circle,360.0,1.0,True,True,11.287446001741305,400.2591272602255,401.63555555555564,22.57489200348261,22.574892003482606
r560_svd_normalised_tr050_tid4_010,r560,4,10,False,29,circle,303.6193181818182,146.37878787878788,19.555555555555426,2.4949402123396953,4.98988042467943,4.989880424679351,,1.781919709310144e-07,1.0,19.88888888888889,False,circle,360.0,1.0,True,True,7.9838086794870256,200.2488888888876,203.66222222222225,15.967617358974175,15.967617358973923
r560_svd_normalised_tr050_tid4_010,r560,4,10,False,30,circle,285.55607720396455,166.20396452790817,71.00000000000024,4.753945931439399,9.507891862878807,9.50789186287879,,6.143906154658885e-08,1.0,70.55555555555556,False,circle,360.0,1.0,True,True,15.212626980606078,727.0400000000026,722.488888888889,30.425253961212185,30.425253961212128
r560_svd_normalised_tr050_tid4_010,r560,4,10,False,31,circle,206.5586538896205,198.20659667156335,20.187191192655426,2.534912726486766,5.069825452973532,5.069825452973532,,0.0,1.0,20.11111111111111,False,circle,360.0,1.0,True,True,8.111720724757651,206.7168378127916,205.93777777777782,16.223441449515303,16.223441449515303
r560_svd_normalised_tr050_tid4_010,r560,4,10,False,32,ellipse,316.91092347123976,215.19347666036268,69.10533870602562,4.6900866194780795,9.903951787038864,8.884095145533447,-81.50651935624091,0.4419792340130422,1.0,69.0,False,ellipse,360.0,1.0,True,True,15.008277182329856,707.6386683497025,706.5600000000002,31.692645718524364,28.42910446570703
r560_svd_normalised_tr050_tid4_010,r560,4,10,False,33,circle,318.51249124072825,172.1634269991485,212.25302020800245,8.219624973475073,16.43924994695015,16.43924994695014,,2.9802322387695312e-08,1.0,212.11111111111111,False,circle,360.0,1.0,True,True,26.302799915120232,2173.4709269299456,2172.017777777778,52.60559983024048,52.60559983024046
r560_svd_normalised_tr050_tid4_010,r560,4,10,False,34,circle,355.1031746031747,234.2268907563025,79.3333333333334,5.025194951831629,10.050389903663284,10.050389903663229,,1.043081283569336e-07,1.0,79.44444444444444,False,circle,360.0,1.0,True,True,16.08062384586121,812.3733333333341,813.5111111111113,32.16124769172251,32.16124769172233
r560_svd_normalised_tr050_tid4_010,r560,4,10,False,35,ellipse,370.11083475593966,58.70411315717965,162.03453471666094,7.181726415250293,15.401967073962272,13.394962878656564,74.91786237551568,0.49359533274951234,1.0,162.88888888888889,False,ellipse,360.0,1.0,True,True,22.98152452880094,1659.2336354986085,1667.9822222222226,49.28629463667927,42.863881211701006
r560_svd_normalised_tr050_tid4_010,r560,4,10,False,36,circle,334.38659147869674,221.3784461152882,59.11111111111117,4.337701125017167,8.675402250034363,8.675402250034308,,1.1250129990683123e-07,1.0,59.111111111111114,False,circle,360.0,1.0,True,True,13.880643600054936,605.2977777777785,605.2977777777779,27.76128720010996,27.761287200109788
r560_svd_normalised_tr050_tid4_010,r560,4,10,False,37,circle,225.33594005630198,217.93128028010454,22.266311013685034,2.6622522278136924,5.324504455627386,5.324504455627384,,2.5809568279517847e-08,1.0,22.22222222222222,False,circle,360.0,1.0,True,True,8.519207129003815,228.0070247801348,227.5555555555556,17.038414258007634,17.03841425800763
r560_svd_normalised_tr050_tid4_010,r560,4,10,False,38,circle,217.08059851778347,180.87617876446387,18.997885999818664,2.4591085641620034,4.918217128324007,4.918217128324006,,2.1073424255447017e-08,1.0,18.88888888888889,False,circle,360.0,1.0,True,True,7.869147405318412,194.53835263814315,193.42222222222227,15.738294810636823,15.73829481063682
r560_svd_normalised_tr050_tid4_010,r560,4,10,False,39,circle,311.7370953630796,60.7755905511811,84.66666666666671,5.191361770309176,10.382723540618361,10.382723540618345,,5.5755039852469285e-08,1.0,84.55555555555556,False,circle,360.0,1.0,True,True,16.612357664989364,866.9866666666674,865.8488888888891,33.22471532997876,33.22471532997871
r560_svd_normalised_tr050_tid4_010,r560,4,10,False,40,circle,280.85897435897436,161.0096153846154,11.555555555555713,1.9178757972505438,3.835751594501116,3.835751594501059,,1.718485742013275e-07,1.0,11.555555555555555,False,circle,360.0,1.0,True,True,6.1372025512017405,118.32888888889053,118.32888888888891,12.274405102403572,12.27440510240339
r560_svd_normalised_tr050_tid4_010,r560,4,10,False,41,circle,285.93289085545723,128.59587020648965,50.2222222222221,3.998278359425787,7.996556718851599,7.996556718851549,,1.1151007970493857e-07,1.0,50.44444444444444,False,circle,360.0,1.0,True,True,12.794490750162518,514.2755555555544,516.5511111111111,25.58898150032512,25.58898150032496
r560_svd_normalised_tr050_tid4_010,r560,4,10,False,42,circle,293.7110505255032,167.19786739201595,37.81656580832065,3.4694937322768538,6.938987464553708,6.9389874645537075,,1.4901161193847656e-08,1.0,37.77777777777778,False,circle,360.0,1.0,True,True,11.102379943285932,387.24163387720347,386.84444444444455,22.204759886571868,22.204759886571864
r560_svd_normalised_tr050_tid4_010,r560,4,10,False,43,circle,329.52778223564536,207.86508568336822,31.68642759726998,3.175862585512467,6.351725171024971,6.3517251710248965,,1.5341684432308377e-07,1.0,31.555555555555557,False,circle,360.0,1.0,True,True,10.162760273639895,324.46901859604463,323.128888888889,20.325520547279908,20.32552054727967
r560_svd_normalised_tr050_tid4_010,r560,4,10,False,44,ellipse,216.08678286129268,203.6942628903413,101.99999999999986,5.698035485213005,12.077165346070577,10.753387060751058,3.115229949671175,0.45519850194350475,1.0,102.0,False,ellipse,360.0,1.0,True,True,18.233713552681618,1044.4799999999987,1044.4800000000002,38.64692910742585,34.41083859440339
r560_svd_normalised_tr050_tid4_010,r560,4,10,False,45,circle,282.9312782142599,210.4631113654213,19.184371748121382,2.4711485563705082,4.9422971127410165,4.9422971127410165,,0.0,1.0,19.22222222222222,False,circle,360.0,1.0,True,True,7.907675380385626,196.447966700763,196.83555555555557,15.815350760771253,15.815350760771253
r560_svd_normalised_tr050_tid4_010,r560,4,10,False,46,circle,234.58934707903774,230.55326460481103,21.555555555555703,2.6194171938653286,5.238834387730657,5.238834387730657,,0.0,1.0,21.555555555555557,False,circle,360.0,1.0,True,True,8.382135020369052,220.72888888889045,220.72888888888895,16.764270040738104,16.764270040738104
r560_svd_normalised_tr050_tid4_010,r560,4,10,False,47,circle,215.1483625057843,228.5146104712375,32.01924124942824,3.1924976175084043,6.3849952350168095,6.384995235016809,,1.4901161193847656e-08,1.0,32.111111111111114,False,circle,360.0,1.0,True,True,10.215992376026895,327.87703039414527,328.81777777777785,20.431984752053793,20.43198475205379
r560_svd_normalised_tr050_tid4_010,r560,4,10,False,48,circle,322.943149375441,154.93620044447596,32.36481600142354,3.209679251540947,6.419358503081923,6.419358503081867,,1.3244441773467643e-07,1.0,32.333333333333336,False,circle,360.0,1.0,True,True,10.270973604931031,331.4157158545771,331.0933333333334,20.541947209862155,20.541947209861974
r560_svd_normalised_tr050_tid4_010,r560,4,10,False,49,circle,279.0223713646533,197.2885906040269,16.555555555555586,2.29560384313111,4.591207686262248,4.591207686262192,,1.562846970811712e-07,1.0,16.22222222222222,False,circle,360.0,1.0,True,True,7.3459322980195525,169.52888888888924,166.11555555555557,14.691864596039194,14.691864596039014
r560_svd_normalised_tr050_tid4_010,r560,4,10,False,50,ellipse,247.384,226.192,13.888888888888813,2.1026104350167945,4.384592739548235,4.033187029267422,80.23147313538624,0.39225991191859305,1.0,14.11111111111111,False,ellipse,360.0,1.0,True,True,6.728353392053743,142.22222222222146,144.4977777777778,14.030696766554351,12.90619849365575
r560_svd_normalised_tr050_tid4_010,r560,4,10,False,51,circle,214.28647925033465,215.6532797858099,27.66666666666662,2.9675871541964067,5.9351743083928135,5.9351743083928135,,0.0,1.0,27.22222222222222,False,circle,360.0,1.0,True,True,9.496278893428501,283.3066666666663,278.7555555555556,18.992557786857002,18.992557786857002
r560_svd_normalised_tr050_tid4_010,r560,4,10,False,52,ellipse,264.86470909106043,144.2655875467651,22.797053151036284,2.693794237471041,5.589451352546464,5.193015869456475,15.25699357820099,0.3698930337494928,1.0,23.11111111111111,False,ellipse,360.0,1.0,True,True,8.620141559907331,233.4418242666116,236.65777777777782,17.88624432814869,16.61765078226072
r560_svd_normalised_tr050_tid4_010,r560,4,10,False,53,circle,260.6947801211794,147.4648271957087,13.93716707581306,2.106261632757557,4.212523265515114,4.212523265515114,,0.0,1.0,14.11111111111111,False,circle,360.0,1.0,True,True,6.740037224824182,142.71659085632575,144.4977777777778,13.480074449648365,13.480074449648365
r560_svd_normalised_tr050_tid4_010,r560,4,10,False,54,circle,177.64254952627044,193.13608957795006,43.000000000000306,3.6996385101659723,7.399277020331945,7.399277020331945,,0.0,1.0,43.22222222222222,False,circle,360.0,1.0,True,True,11.838843232531111,440.32000000000323,442.5955555555556,23.677686465062223,23.677686465062223
r560_svd_normalised_tr050_tid4_010,r560,4,10,False,55,ellipse,347.20952380952383,146.61904761904762,11.666666666666606,1.9270742950936979,4.031643805994634,3.6844676935885197,64.2978971130994,0.40596819413058166,1.0,11.777777777777779,False,ellipse,360.0,1.0,True,True,6.166637744299834,119.46666666666607,120.60444444444448,12.901260179182827,11.790296619483264
r560_svd_normalised_tr050_tid4_010,r560,4,10,False,56,ellipse,249.34860050890586,216.30025445292623,14.55555555555563,2.152481645039222,4.475173562511597,4.141226853003199,-48.74978956610809,0.3790457551040052,1.0,14.777777777777779,False,ellipse,360.0,1.0,True,True,6.88794126412551,149.04888888888968,151.32444444444448,14.320555400037112,13.251925929610238
r560_svd_normalised_tr050_tid4_010,r560,4,10,False,57,circle,346.85705812574145,203.61862396204032,62.444444444444684,4.458327489532507,8.916654979065015,8.916654979065013,,2.1073424255447017e-08,1.0,62.55555555555556,False,circle,360.0,1.0,True,True,14.266647966504022,639.4311111111136,640.568888888889,28.53329593300805,28.533295933008045
r560_svd_normalised_tr050_tid4_010,r560,4,10,False,58,circle,282.6417937807488,246.37527236714624,95.98668569664207,5.5275230437563465,11.055046087512721,11.055046087512665,,1.0106459234841567e-07,1.0,80.77777777777777,True,circle,249.0,0.6916666666666667,True,True,17.68807374002031,982.903661533615,827.1644444444445,35.37614748004071,35.37614748004053
r560_svd_normalised_tr050_tid4_010,r560,4,10,False,59,circle,242.0879120879121,138.76556776556777,30.333333333333062,3.10731393343322,6.214627866866441,6.21462786686644,,1.4901161193847656e-08,1.0,30.22222222222222,False,circle,360.0,1.0,True,True,9.943404586986304,310.6133333333306,309.4755555555556,19.886809173972612,19.88680917397261
r560_svd_normalised_tr050_tid4_010,r560,4,10,False,60,circle,230.6010101010101,214.90909090909085,21.999999999999822,2.646283714200603,5.292567428401207,5.292567428401205,,2.5809568279517847e-08,1.0,22.22222222222222,False,circle,360.0,1.0,True,True,8.46810788544193,225.2799999999982,227.5555555555556,16.936215770883862,16.93621577088386
r560_svd_normalised_tr050_tid4_010,r560,4,10,False,61,circle,185.56303972366146,139.39205526770291,21.44444444444453,2.61265739628941,5.22531479257882,5.22531479257882,,0.0,1.0,21.444444444444443,False,circle,360.0,1.0,True,True,8.360503668126112,219.59111111111204,219.59111111111113,16.721007336252224,16.721007336252224
r560_svd_normalised_tr050_tid4_010,r560,4,10,False,62,circle,306.6296296296296,164.0888888888889,15.000000000000044,2.1850968611841615,4.370193722368324,4.370193722368322,,2.9802322387695312e-08,1.0,15.222222222222221,False,circle,360.0,1.0,True,True,6.992309955789317,153.60000000000048,155.87555555555556,13.984619911578637,13.984619911578632
r560_svd_normalised_tr050_tid4_010,r560,4,10,False,63,ellipse,377.25576699899705,140.9365031620515,18.22153530945841,2.4083386037780548,5.140491927762689,4.513260529890198,-81.22223124469048,0.47869323804581215,1.0,18.0,False,ellipse,360.0,1.0,True,True,7.706683532089776,186.58852156885416,184.32000000000005,16.449574168840606,14.442433695648635
r560_svd_normalised_tr050_tid4_010,r560,4,10,False,64,circle,159.77427821522312,225.06299212598424,28.222222222222225,2.9972341155487343,5.9944682310974695,5.994468231097468,,2.5809568279517847e-08,1.0,28.555555555555557,False,circle,360.0,1.0,True,True,9.59114916975595,288.99555555555565,292.40888888888895,19.182298339511902,19.1822983395119
r560_svd_normalised_tr050_tid4_010,r560,4,10,False,65,circle,228.1264880952381,242.77083333333337,24.88888888888889,2.814672163763168,5.629344327526336,5.629344327526336,,0.0,1.0,24.555555555555557,False,circle,360.0,1.0,True,True,9.006950924042139,254.86222222222227,251.44888888888894,18.013901848084277,18.013901848084277
r560_svd_normalised_tr050_tid4_010,r560,4,10,False,66,circle,330.94841222292854,134.77446831394556,15.66961142507721,2.233336568737581,4.466673137475191,4.466673137475134,,1.6049041769309353e-07,1.0,15.444444444444445,False,circle,360.0,1.0,True,True,7.14667701996026,160.45682099279065,158.15111111111113,14.293354039920613,14.293354039920429
r560_svd_normalised_tr050_tid4_010,r560,4,10,False,67,ellipse,272.1261261261261,119.96396396396393,12.333333333333359,1.9813687010751162,4.15290693693897,3.781276093312838,73.47931182506446,0.4134802631185798,1.0,12.333333333333334,False,ellipse,360.0,1.0,True,True,6.340379843440372,126.29333333333362,126.29333333333336,13.289302198204703,12.100083498601082
r560_svd_normalised_tr050_tid4_010,r560,4,10,False,68,circle,233.7650429799427,154.92263610315186,38.777777777777494,3.513310409130494,7.026620818260989,7.026620818260988,,1.4901161193847656e-08,1.0,38.77777777777778,False,circle,360.0,1.0,True,True,11.242593309217582,397.0844444444416,397.08444444444456,22.485186618435165,22.485186618435165
r560_svd_normalised_tr050_tid4_010,r560,4,10,False,69,circle,339.1945476158542,179.4659230128776,42.538149662928326,3.679716507786404,7.359433015572808,7.359433015572808,,0.0,1.0,42.888888888888886,False,circle,360.0,1.0,True,True,11.775092824916493,435.5906525483861,439.18222222222226,23.550185649832986,23.550185649832986
r560_svd_normalised_tr050_tid4_010,r560,4,10,False,70,circle,155.28151986183073,204.58894645941274,42.888888888889056,3.6948555236668623,7.389711047333725,7.389711047333724,,1.4901161193847656e-08,1.0,42.888888888888886,False,circle,360.0,1.0,True,True,11.82353767573396,439.182222222224,439.18222222222226,23.64707535146792,23.64707535146792
r560_svd_normalised_tr050_tid4_010,r560,4,10,False,71,circle,257.64102564102564,156.59294871794873,34.66666666666677,3.3218583234445913,6.643716646889198,6.6437166468891675,,9.541398640621973e-08,1.0,34.333333333333336,False,circle,360.0,1.0,True,True,10.629946635022693,354.9866666666678,351.57333333333344,21.259893270045435,21.25989327004534
r560_svd_normalised_tr050_tid4_010,r560,4,10,False,72,circle,169.4826388888889,176.00545634920638,74.66666666666644,4.875155194287627,9.750310388575254,9.750310388575254,,0.0,1.0,74.88888888888889,False,circle,360.0,1.0,True,True,15.600496621720408,764.5866666666645,766.8622222222224,31.200993243440816,31.200993243440816
r560_svd_normalised_tr050_tid4_010,r560,4,10,False,73,circle,348.57534185606704,227.07581007882092,26.71988498927647,2.9163682123114305,5.832736424622861,5.832736424622861,,0.0,1.0,26.555555555555557,False,circle,360.0,1.0,True,True,9.332378279396577,273.6116222901911,271.92888888888893,18.664756558793155,18.664756558793155
r560_svd_normalised_tr050_tid4_010,r560,4,10,False,74,circle,298.1784895702035,181.9804520138382,16.79634336241582,2.312237475691986,4.624474951383972,4.624474951383972,,0.0,1.0,16.88888888888889,False,circle,360.0,1.0,True,True,7.399159922214356,171.99455603113802,172.94222222222226,14.798319844428711,14.798319844428711
r560_svd_normalised_tr050_tid4_010,r560,4,10,False,75,ellipse,191.67911479944678,220.6210235131397,26.777777777777654,2.9195258856018462,6.099023870501366,5.5901610340794194,-42.599760589226605,0.399882269592226,1.0,26.333333333333332,False,ellipse,360.0,1.0,True,True,9.342482833925908,274.20444444444325,269.65333333333336,19.516876385604373,17.888515309054142
r560_svd_normalised_tr050_tid4_010,r560,4,10,False,76,ellipse,350.94275024192996,135.6914047059061,18.31977234659621,2.414821867251909,5.021436422219957,4.645176527380961,12.71570898915732,0.37979842678957954,1.0,18.333333333333332,False,ellipse,360.0,1.0,True,True,7.727429975206109,187.59446882914523,187.73333333333335,16.068596551103862,14.864564887619077
r560_svd_normalised_tr050_tid4_010,r560,4,10,False,77,circle,374.7694334650856,72.28722002635047,28.111111111110894,2.9913282297798087,5.98265645955964,5.982656459559594,,1.228781230931777e-07,1.0,28.444444444444443,False,circle,360.0,1.0,True,True,9.572250335295388,287.8577777777756,291.27111111111117,19.144500670590848,19.144500670590702
r560_svd_normalised_tr050_tid4_010,r560,4,10,False,78,circle,322.1596797666168,162.4866545075275,13.023424396907412,2.0360463495467878,4.072092699093604,4.072092699093548,,1.6593230851978128e-07,1.0,13.333333333333334,False,circle,360.0,1.0,True,True,6.515348318549721,133.35986582433193,136.53333333333336,13.030696637099533,13.030696637099354
r560_svd_normalised_tr050_tid4_010,r560,4,10,False,79,circle,337.77458033573146,166.85851318944844,15.444444444444354,2.2172323633942748,4.4344647267885495,4.434464726788549,,2.1073424255447017e-08,1.0,15.555555555555555,False,circle,360.0,1.0,True,True,7.095143562861679,158.15111111111023,159.28888888888892,14.190287125723358,14.190287125723357
r560_svd_normalised_tr050_tid4_010,r560,4,10,False,80,circle,238.90505715677293,242.73237271351292,33.57817162198979,3.2692910526986365,6.538582105397273,6.538582105397273,,0.0,1.0,33.666666666666664,False,circle,360.0,1.0,True,True,10.461731368635638,343.8404774091755,344.7466666666667,20.923462737271276,20.923462737271276
r560_svd_normalised_tr050_tid4_010,r560,4,10,False,81,circle,149.5967317717964,151.2374768768169,27.876991380019813,2.9788457417799634,5.957691483559927,5.957691483559927,,0.0,1.0,28.0,False,circle,360.0,1.0,True,True,9.532306373695883,285.4603917314029,286.72,19.064612747391767,19.064612747391767
r560_svd_normalised_tr050_tid4_010,r560,4,10,False,82,circle,340.1875,223.93541666666664,17.777777777777594,2.378832154870349,4.757664309740699,4.757664309740697,,2.5809568279517847e-08,1.0,17.555555555555557,False,circle,360.0,1.0,True,True,7.6122628955851175,182.0444444444426,179.76888888888894,15.224525791170237,15.224525791170231
r560_svd_normalised_tr050_tid4_010,r560,4,10,False,83,circle,339.27825864174366,231.9293187030792,21.741699441988423,2.6307029240911106,5.261405848182221,5.261405848182221,,0.0,1.0,22.0,False,circle,360.0,1.0,True,True,8.418249357091554,222.6350022859615,225.28000000000003,16.836498714183108,16.836498714183108
r560_svd_normalised_tr050_tid4_010,r560,4,10,False,84,circle,223.09234234234233,159.90315315315317,16.444444444444304,2.2878875058592225,4.575775011718446,4.575775011718445,,2.1073424255447017e-08,1.0,16.88888888888889,False,circle,360.0,1.0,True,True,7.321240018749513,168.39111111110972,172.94222222222226,14.642480037499027,14.642480037499025
r560_svd_normalised_tr050_tid4_010,r560,4,10,False,85,circle,268.584745297738,221.81682450194498,92.14639995460108,5.415820351691434,10.831640703382876,10.83164070338286,,5.3726900748371916e-08,1.0,92.0,False,circle,360.0,1.0,True,True,17.330625125412592,943.5791355351153,942.0800000000002,34.661250250825205,34.661250250825155
r560_svd_normalised_tr050_tid4_010,r560,4,10,False,86,circle,205.7959440296815,227.7696889635063,56.76761979330852,4.2508463387110025,8.501692677422007,8.501692677422005,,2.1073424255447017e-08,1.0,56.888888888888886,False,circle,360.0,1.0,True,True,13.60270828387521,581.3004266834794,582.5422222222223,27.205416567750422,27.20541656775042
r560_svd_normalised_tr050_tid4_010,r560,4,10,False,87,ellipse,182.76237623762376,241.8877887788778,11.222222222222236,1.890011713795649,4.155875690049105,3.4381627793516203,83.20439021188815,0.5617579499465185,1.0,11.11111111111111,False,ellipse,360.0,1.0,True,True,6.048037484146077,114.91555555555571,113.7777777777778,13.298802208157136,11.002120893925186
r560_svd_normalised_tr050_tid4_010,r560,4,10,False,88,circle,229.23357664233578,114.21411192214113,15.222222222222257,2.2012232560601244,4.402446512120268,4.402446512120229,,1.3328003749250113e-07,1.0,15.11111111111111,False,circle,360.0,1.0,True,True,7.043914419392398,155.87555555555593,154.7377777777778,14.087828838784858,14.087828838784734
r560_svd_normalised_tr050_tid4_010,r560,4,10,False,89,circle,337.92941176470583,192.4588235294118,9.444444444444487,1.733856982620037,3.467713965240101,3.467713965240047,,1.769414855098414e-07,1.0,9.333333333333334,False,circle,360.0,1.0,True,True,5.548342344384118,96.71111111111156,95.57333333333335,11.096684688768324,11.09668468876815
r560_svd_normalised_tr050_tid4_010,r560,4,10,False,90,circle,338.5872395833333,212.31770833333331,28.44444444444429,3.0090111122546923,6.018022224509425,6.018022224509344,,1.6391277313232422e-07,1.0,28.22222222222222,False,circle,360.0,1.0,True,True,9.628835559215016,291.2711111111096,288.9955555555556,19.25767111843016,19.2576711184299
r560_svd_normalised_tr050_tid4_010,r560,4,10,False,91,ellipse,324.4420682871961,125.25163015742594,8.655699620767445,1.6598779356107982,3.544174729874485,3.1095473232778668,81.65313740609787,0.4798171392215688,1.0,8.555555555555555,False,ellipse,360.0,1.0,True,True,5.311609393954555,88.63436411665865,87.6088888888889,11.341359135598353,9.950551434489174
r560_svd_normalised_tr050_tid4_010,r560,4,10,False,92,circle,160.34381551362685,196.32494758909854,17.666666666666544,2.3713866525544915,4.742773305108983,4.742773305108982,,2.1073424255447017e-08,1.0,17.88888888888889,False,circle,360.0,1.0,True,True,7.588437288174373,180.90666666666544,183.18222222222226,15.176874576348746,15.176874576348744
r560_svd_normalised_tr050_tid4_010,r560,4,10,False,93,circle,299.87894736842105,190.89298245614032,21.111111111111132,2.5922722416812523,5.184544483362532,5.184544483362476,,1.4675941767984784e-07,1.0,21.22222222222222,False,circle,360.0,1.0,True,True,8.295271173380007,216.17777777777803,217.3155555555556,16.590542346760103,16.590542346759925
r560_svd_normalised_tr050_tid4_010,r560,4,10,False,94,circle,325.25076452599393,134.39143730886852,12.111111111111132,1.9634373937910592,3.9268747875821473,3.9268747875820895,,1.7120130796843852e-07,1.0,12.222222222222221,False,circle,360.0,1.0,True,True,6.28299966013139,124.01777777777802,125.15555555555557,12.565999320262872,12.565999320262687
r560_svd_normalised_tr050_tid4_010,r560,4,10,False,95,circle,323.3426883958831,234.4431592706401,38.18523518750518,3.486364563042146,6.972729126084318,6.972729126084264,,1.2467205919833117e-07,1.0,38.333333333333336,False,circle,360.0,1.0,True,True,11.156366601734867,391.0168083200531,392.5333333333334,22.31273320346982,22.312733203469648
r560_svd_normalised_tr050_tid4_010,r560,4,10,False,96,circle,393.19806763285027,144.6159420289855,15.333333333333325,2.2092423108729955,4.41848462174602,4.418484621745963,,1.6186804311275803e-07,1.0,15.11111111111111,False,circle,360.0,1.0,True,True,7.069575394793586,157.0133333333333,154.7377777777778,14.139150789587266,14.139150789587081
r560_svd_normalised_tr050_tid4_010,r560,4,10,False,97,circle,310.74997349861536,119.54563810668942,14.44815752608552,2.1445259097744103,4.289051819548848,4.289051819548792,,1.6186804311275803e-07,1.0,14.444444444444445,False,circle,360.0,1.0,True,True,6.862482911278113,147.94913306711575,147.91111111111115,13.724965822556314,13.724965822556136
r560_svd_normalised_tr050_tid4_010,r560,4,10,False,98,ellipse,292.0545073375262,180.72117400419285,17.66666666666673,2.371386652554504,4.955663517382802,4.5390286375888085,-45.00000000000091,0.40134369625426014,1.0,17.444444444444443,False,ellipse,360.0,1.0,True,True,7.588437288174413,180.90666666666732,178.63111111111112,15.858123255624967,14.524891640284189
r560_svd_normalised_tr050_tid4_010,r560,4,10,False,99,ellipse,248.55223880597015,98.78358208955223,29.777777777777793,3.0787271810361276,6.454075132770477,5.874465890316894,-38.848764131302545,0.41418033647537594,1.0,29.666666666666668,False,ellipse,360.0,1.0,True,True,9.851926979315609,304.92444444444465,303.78666666666675,20.653040424865527,18.798290849014062
r560_svd_normalised_tr050_tid4_010,r560,4,10,False,100,ellipse,184.92175721436246,125.66431710128667,11.90298694085741,1.9464938783339314,4.076306124199044,3.7179135255804088,-16.350607533468235,0.4100143388727858,1.0,11.777777777777779,False,ellipse,360.0,1.0,True,True,6.2287804106685805,121.88658627437991,120.60444444444448,13.04417959743694,11.89732328185731
r560_svd_normalised_tr050_tid4_010,r560,4,10,False,101,circle,308.55,216.5095238095238,15.555555555555381,2.2251937260415025,4.450387452083006,4.450387452083005,,2.1073424255447017e-08,1.0,16.0,False,circle,360.0,1.0,True,True,7.120619923332808,159.28888888888713,163.84000000000003,14.24123984666562,14.241239846665616
r560_svd_normalised_tr050_tid4_010,r560,4,10,False,102,ellipse,187.84516129032258,232.4860215053764,17.222222222222225,2.341367889800214,4.960944111652872,4.420129291527963,64.13459888160736,0.45403175107318683,1.0,17.555555555555557,False,ellipse,360.0,1.0,True,True,7.492377247360685,176.3555555555556,179.76888888888894,15.875021157289192,14.144413732889483
r560_svd_normalised_tr050_tid4_010,r560,4,10,False,103,circle,57.70668318496349,140.2243822327129,89.0499650776409,5.324047731616839,10.64809546323368,10.648095463233677,,2.5809568279517847e-08,1.0,89.33333333333333,False,circle,360.0,1.0,True,True,17.036952741173888,911.8716423950431,914.7733333333334,34.073905482347776,34.07390548234777
r560_svd_normalised_tr050_tid4_010,r560,4,10,False,104,circle,169.07920792079207,161.68646864686474,11.22222222222216,1.8900117137956427,3.7800234275912854,3.7800234275912854,,0.0,1.0,11.333333333333334,False,circle,360.0,1.0,True,True,6.048037484146057,114.91555555555493,116.05333333333336,12.096074968292115,12.096074968292115
r560_svd_normalised_tr050_tid4_010,r560,4,10,False,105,circle,338.7366285274238,200.23152678694504,15.06302883978528,2.1896828527380876,4.379365705476175,4.379365705476175,,0.0,1.0,15.11111111111111,False,circle,360.0,1.0,True,True,7.0069851287618805,154.2454153194013,154.7377777777778,14.013970257523761,14.013970257523761
r560_svd_normalised_tr050_tid4_010,r560,4,10,False,106,ellipse,345.1698113207547,135.31446540880503,11.777777777777702,1.9362290938683882,4.084143607229895,3.671744644146026,72.87874902530308,0.4378985926559959,1.0,11.777777777777779,False,ellipse,360.0,1.0,True,True,6.195933100378842,120.6044444444437,120.60444444444448,13.069259543135665,11.749582861267285
r560_svd_normalised_tr050_tid4_010,r560,4,10,False,107,circle,304.3685636856369,202.36856368563684,13.66666666666658,2.0857217242907655,4.1714434485815595,4.1714434485815035,,1.6391277313232422e-07,1.0,13.88888888888889,False,circle,360.0,1.0,True,True,6.67430951773045,139.9466666666658,142.22222222222226,13.348619035460992,13.348619035460812
r560_svd_normalised_tr050_tid4_010,r560,4,10,False,108,circle,274.74686120909723,145.84220691076672,31.4161517792595,3.1622889964689795,6.324577992937959,6.324577992937959,,0.0,1.0,31.333333333333332,False,circle,360.0,1.0,True,True,10.119324788700736,321.7013942196173,320.8533333333334,20.23864957740147,20.23864957740147
r560_svd_normalised_tr050_tid4_010,r560,4,10,False,109,ellipse,36.97709968032549,35.77837837837838,637.2222222222221,14.241984869720149,29.810188903260382,27.216752458372167,-50.998290008266366,0.40795580387729097,1.0,637.1111111111111,False,ellipse,360.0,1.0,True,True,45.57435158310448,6525.155555555555,6524.017777777779,95.39260449043323,87.09360786679093
r560_svd_normalised_tr050_tid4_010,r560,4,10,False,110,ellipse,283.2567715667457,205.34746457102273,12.925277553970918,2.0283598366903215,4.219913131490231,3.899837270484734,30.67134356978073,0.3820272040242764,1.0,13.11111111111111,False,ellipse,360.0,1.0,True,True,6.490751477409029,132.35484215266223,134.2577777777778,13.503722020768741,12.479479265551149
r560_svd_normalised_tr050_tid4_010,r560,4,10,False,111,circle,391.0011756434771,64.10327090156326,100.66755373438316,5.660695855775343,11.32139171155072,11.32139171155065,,1.1250129990683123e-07,1.0,100.55555555555556,False,circle,360.0,1.0,True,True,18.114226738481097,1030.8357502400838,1029.688888888889,36.22845347696231,36.22845347696208
r560_svd_normalised_tr050_tid4_010,r560,4,10,False,112,ellipse,332.4367201426025,55.18538324420678,20.777777777778,2.5717255062694013,5.436733365501435,4.865989655894493,-79.62198526245058,0.44602432502974887,1.0,20.555555555555557,False,ellipse,360.0,1.0,True,True,8.229521620062085,212.76444444444675,210.48888888888894,17.397546769604592,15.57116689886238
r560_svd_normalised_tr050_tid4_010,r560,4,10,False,113,circle,299.61636213714894,149.3302005913105,13.890002724277055,2.1026947439552828,4.2053894879105655,4.2053894879105655,,0.0,1.0,14.222222222222221,False,circle,360.0,1.0,True,True,6.728623180656905,142.23362789659708,145.63555555555558,13.45724636131381,13.45724636131381
r560_svd_normalised_tr050_tid4_010,r560,4,10,False,114,ellipse,346.4066265927163,237.83126755078365,14.861293170775134,2.1749704682439663,4.56208928935902,4.147658002895441,-9.75420393084488,0.41645229824621044,1.0,15.0,False,ellipse,360.0,1.0,True,True,6.959905498380692,152.1796420687374,153.60000000000002,14.598685725948863,13.272505609265412
r560_svd_normalised_tr050_tid4_010,r560,4,10,False,115,ellipse,249.47766323024058,105.32646048109967,10.777777777777759,1.8522076605388034,3.886618181707882,3.5307540461832545,-75.60364938212973,0.4180182758719069,1.0,11.222222222222221,False,ellipse,360.0,1.0,True,True,5.927064513724171,110.36444444444427,114.91555555555557,12.437178181465223,11.298412947786415
r560_svd_normalised_tr050_tid4_010,r560,4,10,False,116,circle,303.50203018458626,173.38266202257086,24.99382243288448,2.8205993643035043,5.641198728607009,5.641198728607009,,0.0,1.0,24.88888888888889,False,circle,360.0,1.0,True,True,9.025917965771214,255.9367417127371,254.86222222222227,18.051835931542428,18.051835931542428
r560_svd_normalised_tr050_tid4_010,r560,4,10,False,117,ellipse,271.11403508771934,213.26491228070176,21.11111111111092,2.592272241681239,5.4322215242986625,4.948160044602496,-85.02348019582197,0.4126477191329997,1.0,21.11111111111111,False,ellipse,360.0,1.0,True,True,8.295271173379964,216.17777777777584,216.1777777777778,17.38310887775572,15.834112142727987
r560_svd_normalised_tr050_tid4_010,r560,4,10,False,118,ellipse,307.3688271604938,57.671957671957664,671.9999999999994,14.625465582862898,38.31794526609403,22.32940644703955,-84.36809278826865,0.8126585253339828,1.0,671.8888888888889,False,ellipse,360.0,1.0,True,True,46.80148986516127,6881.279999999995,6880.142222222224,122.6174248515009,71.45410063052655
r560_svd_normalised_tr050_tid4_010,r560,4,10,False,119,ellipse,167.22710622710625,98.03663003663003,10.111111111111097,1.7940085359243514,3.7508305265657507,3.432270910854779,58.211409748464064,0.4032960024398058,1.0,10.11111111111111,False,ellipse,360.0,1.0,True,True,5.740827314957925,103.53777777777765,103.53777777777779,12.002657685010403,10.983266914735294
r560_svd_normalised_tr050_tid4_010,r560,4,10,False,120,circle,347.2157144492769,177.94053976363222,16.411829155828173,2.285617525015829,4.571235050031686,4.571235050031629,,1.5769906706002895e-07,1.0,16.555555555555557,False,circle,360.0,1.0,True,True,7.313976080050653,168.05713055568052,169.52888888888893,14.627952160101396,14.627952160101215
r560_svd_normalised_tr050_tid4_010,r560,4,10,False,121,circle,334.20784313725494,190.79215686274514,9.444444444444441,1.7338569826200327,3.4677139652400655,3.4677139652400655,,0.0,1.0,9.555555555555555,False,circle,360.0,1.0,True,True,5.548342344384105,96.7111111111111,97.84888888888891,11.09668468876821,11.09668468876821
r560_svd_normalised_tr050_tid4_010,r560,4,10,False,122,circle,81.47934199847045,41.57678505711403,1989.8676873562588,25.167331147405626,50.33466229481126,50.33466229481125,,1.4901161193847656e-08,1.0,1989.0,False,circle,360.0,1.0,True,True,80.535459671698,20376.245118528095,20367.360000000004,161.07091934339604,161.070919343396
r560_svd_normalised_tr050_tid4_010,r560,4,10,False,123,circle,74.62629757785467,55.778546712802765,32.11111111111107,3.1970743067706175,6.394148613541242,6.394148613541227,,6.828569911354542e-08,1.0,32.111111111111114,False,circle,360.0,1.0,True,True,10.230637781665976,328.81777777777745,328.81777777777785,20.461275563331977,20.461275563331927
r560_svd_normalised_tr050_tid4_010,r560,4,10,False,124,circle,263.068387916004,131.97745006573518,13.304728448227975,2.057918025107339,4.115836050214705,4.115836050214649,,1.645887049613485e-07,1.0,13.222222222222221,False,circle,360.0,1.0,True,True,6.585337680343485,136.24041930985447,135.39555555555557,13.170675360687056,13.170675360686879
r560_svd_normalised_tr050_tid4_010,r560,4,10,False,125,circle,227.2261904761905,226.8154761904762,12.444444444444413,1.9902737738139462,3.980547547627917,3.980547547627868,,1.5699347485382465e-07,1.0,12.777777777777779,False,circle,360.0,1.0,True,True,6.368876076204629,127.43111111111081,130.8444444444445,12.737752152409335,12.737752152409179
r560_svd_normalised_tr050_tid4_010,r560,4,10,False,126,ellipse,261.72727272727275,193.72727272727275,13.444444444444256,2.068695139675092,4.3309946239546155,3.952440446123438,-45.0,0.40886657975272594,1.0,13.444444444444445,False,ellipse,360.0,1.0,True,True,6.619824446960294,137.6711111111092,137.67111111111114,13.859182796654771,12.647809427595002
r560_svd_normalised_tr050_tid4_010,r560,4,10,False,127,ellipse,171.19062181447504,175.13455657492355,36.33333333333326,3.4007733235267295,7.43275644981695,6.223940889813958,28.258789973051307,0.5466419547343712,1.0,36.77777777777778,False,ellipse,360.0,1.0,True,True,10.882474635285535,372.0533333333326,376.60444444444454,23.784820639414242,19.91661084740467
r560_svd_normalised_tr050_tid4_010,r560,4,10,False,128,ellipse,371.61399929941695,55.72326966268983,1797.4444444444446,23.91953880267757,53.905620703437734,42.45526377892616,-89.93031001447736,0.6162058967112108,1.0,1797.111111111111,False,ellipse,360.0,1.0,True,True,76.54252416856824,18405.831111111114,18402.41777777778,172.49798625100075,135.8568440925637
r560_svd_normalised_tr050_tid4_010,r560,4,10,False,129,ellipse,173.72205407533582,83.00330260456234,35.778643120394484,3.374714183373643,7.347779643284409,6.199802591996383,15.231582709491363,0.5367120890991985,1.0,35.44444444444444,False,ellipse,360.0,1.0,True,True,10.799085386795658,366.3733055528396,362.9511111111112,23.51289485851011,19.839368294388425
r560_svd_normalised_tr050_tid4_010,r560,4,10,False,130,circle,268.9768270944741,202.825311942959,20.777777777777956,2.571725506269399,5.143451012538825,5.143451012538772,,1.4370159448672764e-07,1.0,20.88888888888889,False,circle,360.0,1.0,True,True,8.229521620062078,212.76444444444633,213.90222222222226,16.45904324012424,16.45904324012407
r560_svd_normalised_tr050_tid4_010,r560,4,10,False,131,ellipse,341.1291666666667,164.7125,8.88888888888886,1.6820883480134374,3.5632861689732227,3.1761930716194886,-5.944019192316091,0.45328378263044833,1.0,9.0,False,ellipse,360.0,1.0,True,True,5.382682713643,91.02222222222196,92.16000000000003,11.402515740714314,10.163817829182364
r560_svd_normalised_tr050_tid4_010,r560,4,10,False,132,circle,166.0781615963385,129.12771323300822,13.426130107343843,2.0672856470157632,4.134571294031531,4.134571294031523,,6.143906154658885e-08,1.0,13.11111111111111,False,circle,360.0,1.0,True,True,6.6153140704504425,137.48357229920097,134.2577777777778,13.2306281409009,13.230628140900874
r560_svd_normalised_tr050_tid4_010,r560,4,10,False,133,circle,395.3533659736539,81.83726531657841,102.98144543335667,5.725383146561811,11.450766293123648,11.450766293123593,,9.771344846937061e-08,1.0,94.22222222222223,True,circle,273.0,0.7583333333333333,True,True,18.321226068997795,1054.5300012375726,964.8355555555559,36.642452137995676,36.6424521379955
r560_svd_normalised_tr050_tid4_010,r560,4,10,False,134,circle,293.0836081789018,191.398233979052,13.196733801331634,2.049548934351082,4.099097868702192,4.0990978687021355,,1.666000468656264e-07,1.0,13.222222222222221,False,circle,360.0,1.0,True,True,6.558556589923462,135.13455412563596,135.39555555555557,13.117113179847017,13.117113179846834
r560_svd_normalised_tr050_tid4_010,r560,4,10,False,135,ellipse,386.07234432234435,77.75,40.44444444444416,3.5880170718486926,7.67602333087991,6.708612495268131,-83.05851644087812,0.48598025362026026,1.0,40.77777777777778,False,ellipse,360.0,1.0,True,True,11.481654629915816,414.15111111110826,417.5644444444445,24.563274658815715,21.46755998485802
r560_svd_normalised_tr050_tid4_010,r560,4,10,False,136,circle,330.9810187875266,68.43346891342243,191.2222222222227,7.801789781285269,15.60357956257057,15.603579562570506,,9.06402249678704e-08,1.0,191.33333333333334,False,circle,360.0,1.0,True,True,24.96572730011286,1958.115555555561,1959.2533333333338,49.93145460022583,49.93145460022562
r560_svd_normalised_tr050_tid4_010,r560,4,10,False,137,circle,122.76335407709553,18.89684559177977,108.42391940140755,5.87472598886642,11.74945197773284,11.74945197773284,,0.0,1.0,108.33333333333333,False,circle,360.0,1.0,True,True,18.799123164372542,1110.2609346704135,1109.3333333333335,37.598246328745084,37.598246328745084
r560_svd_normalised_tr050_tid4_010,r560,4,10,False,138,circle,293.8419540229885,158.3908045977011,12.888888888888994,2.025502593248841,4.051005186497722,4.051005186497642,,1.9880628681371114e-07,1.0,12.88888888888889,False,circle,360.0,1.0,True,True,6.481608298396292,131.98222222222333,131.98222222222225,12.963216596792712,12.963216596792456
r560_svd_normalised_tr050_tid4_010,r560,4,10,False,139,circle,298.3704691651955,198.21745821241637,11.05695204383828,1.876042949032296,3.7520858980645926,3.752085898064592,,1.4901161193847656e-08,1.0,11.11111111111111,False,circle,360.0,1.0,True,True,6.003337436903347,113.22318892890401,113.7777777777778,12.006674873806697,12.006674873806695
r560_svd_normalised_tr050_tid4_010,r560,4,10,False,140,circle,389.9296472889127,97.6509328492269,22.08747258672042,2.6515393425643476,5.303078685128727,5.303078685128663,,1.55572690202453e-07,1.0,21.88888888888889,False,circle,360.0,1.0,True,True,8.484925896205914,226.17571928801715,224.14222222222227,16.969851792411927,16.969851792411724
r560_svd_normalised_tr050_tid4_010,r560,4,10,False,141,ellipse,11.66587817402192,28.045710441191574,289.4597242649909,9.598848466643313,21.3671364814675,17.248524052906244,-89.52437859560649,0.5902158563659025,1.0,289.22222222222223,False,ellipse,360.0,1.0,True,True,30.7163150932586,2964.0675764735074,2961.635555555556,68.37483674069601,55.19527696929998
r560_svd_normalised_tr050_tid4_010,r560,4,10,False,142,circle,282.8808101329616,232.5648649414053,21.694854353601524,2.6278673140150772,5.2557346280301545,5.2557346280301545,,0.0,1.0,22.0,False,circle,360.0,1.0,True,True,8.409175404848247,222.15530858087965,225.28000000000003,16.818350809696494,16.818350809696494
r560_svd_normalised_tr050_tid4_010,r560,4,10,False,143,ellipse,112.58238636363636,5.035037878787879,39.11111111111104,3.528378285600815,7.457598453147242,6.677459723536309,56.08836908226175,0.4452825991658104,1.0,39.22222222222222,False,ellipse,360.0,1.0,True,True,11.290810513922608,400.4977777777772,401.63555555555564,23.864315050071177,21.36787111531619
r560_svd_normalised_tr050_tid4_010,r560,4,10,False,144,ellipse,95.75367144995101,24.558080225203508,300.641081577959,9.782485801638144,22.121430750928457,17.30394919510084,-85.42332952993422,0.62299528743471,1.0,300.6666666666667,False,ellipse,360.0,1.0,True,True,31.303954565242062,3078.564675358301,3078.8266666666673,70.78857840297107,55.3726374243227
r560_svd_normalised_tr050_tid4_010,r560,4,10,False,145,ellipse,240.11977648202142,195.96914480077746,152.44444444444423,6.965958208348816,15.560357369844485,12.4738969953226,-72.33858347140747,0.5977991463316767,1.0,153.0,False,ellipse,360.0,1.0,True,True,22.291066266716214,1561.031111111109,1566.7200000000003,49.793143583502356,39.91647038503232
r560_svd_normalised_tr050_tid4_010,r560,4,10,False,146,ellipse,139.4183380521139,21.996215400053906,341.6628561644096,10.428550467774611,22.791738243940795,19.086681971320832,52.274713750669264,0.5465313776805414,1.0,341.0,False,ellipse,360.0,1.0,True,True,33.371361496878755,3498.627647123555,3491.8400000000006,72.93356238061055,61.07738230822667
r560_svd_normalised_tr050_tid4_010,r560,4,10,False,147,ellipse,29.507828567394064,42.10633899828496,2902.7757366774877,30.397075753415496,66.10560175394686,55.90946545184205,84.83441425192802,0.5335637117193376,1.0,2855.6666666666665,True,ellipse,310.0,0.8611111111111112,True,True,97.2706424109296,29724.42354357748,29242.026666666672,211.53792561262995,178.9102894458946
r560_svd_normalised_tr050_tid4_010,r560,4,10,False,148,ellipse,380.57546027245843,96.1277156834368,32.72998270042653,3.227735594526015,6.773752266336439,6.152145315349655,-27.482930698747168,0.41846484307231063,1.0,32.888888888888886,False,ellipse,360.0,1.0,True,True,10.32875390248325,335.1550228523678,336.78222222222223,21.676007252276605,19.686865009118897
r560_svd_normalised_tr050_tid4_010,r560,4,10,False,149,circle,207.68919690361625,155.6995002820622,14.022492239295138,2.112699199768657,4.2253983995373146,4.225398399537314,,2.1073424255447017e-08,1.0,14.11111111111111,False,circle,360.0,1.0,True,True,6.760637439259702,143.59032053038223,144.4977777777778,13.521274878519407,13.521274878519405
r560_svd_normalised_tr050_tid4_010,r560,4,10,False,150,circle,347.99074074074076,185.19907407407405,16.000000000000036,2.256758334191028,4.513516668382084,4.513516668382027,,1.5840151626966372e-07,1.0,16.0,False,circle,360.0,1.0,True,True,7.22162666941129,163.8400000000004,163.84000000000003,14.44325333882267,14.443253338822487
r560_svd_normalised_tr050_tid4_010,r560,4,10,False,151,circle,261.7325800376648,189.5310734463277,19.6666666666667,2.502018071134025,5.004036142268078,5.004036142268022,,1.4975481660844222e-07,1.0,19.666666666666668,False,circle,360.0,1.0,True,True,8.00645782762888,201.38666666666705,201.3866666666667,16.012915655257853,16.01291565525767
r560_svd_normalised_tr050_tid4_010,r560,4,10,False,152,circle,292.4150537634408,239.25591397849456,17.222222222222342,2.341367889800222,4.682735779600472,4.682735779600415,,1.55572690202453e-07,1.0,17.11111111111111,False,circle,360.0,1.0,True,True,7.492377247360711,176.3555555555568,175.2177777777778,14.984754494721512,14.98475449472133
r560_svd_normalised_tr050_tid4_010,r560,4,10,False,153,circle,112.86211990773323,5.307578247764827,25.96118803353186,2.874665686327632,5.749331372655265,5.749331372655263,,2.5809568279517847e-08,1.0,25.77777777777778,False,circle,360.0,1.0,True,True,9.198930196248423,265.8425654633663,263.9644444444445,18.39786039249685,18.397860392496842
r560_svd_normalised_tr050_tid4_010,r560,4,10,False,154,circle,235.47169811320754,181.46540880503142,17.66666666666658,2.3713866525544938,4.7427733051089875,4.7427733051089875,,0.0,1.0,17.88888888888889,False,circle,360.0,1.0,True,True,7.58843728817438,180.9066666666658,183.18222222222226,15.17687457634876,15.17687457634876
r560_svd_normalised_tr050_tid4_010,r560,4,10,False,155,circle,70.5216673118668,29.811286068595457,95.08851466080655,5.501601065059793,11.00320213011959,11.003202130119583,,3.650024149988857e-08,1.0,95.11111111111111,False,circle,360.0,1.0,True,True,17.60512340819134,973.7063901266592,973.937777777778,35.210246816382686,35.210246816382664
r560_svd_normalised_tr050_tid4_010,r560,4,10,False,156,ellipse,123.24295774647888,1.9072769953051645,31.555555555555575,3.1692972876262617,8.113808558313258,4.951778304931204,87.77461640306376,0.7921778859692977,1.0,31.333333333333332,True,ellipse,332.0,0.9222222222222223,True,True,10.141751320404039,323.12888888888915,320.8533333333334,25.964187386602426,15.845690575779853
r560_svd_normalised_tr050_tid4_010,r560,4,10,False,157,circle,352.0028901734104,60.0606936416185,38.44444444444456,3.498177630640018,6.996355261280042,6.99635526128003,,5.960464477539063e-08,1.0,38.55555555555556,False,circle,360.0,1.0,True,True,11.194168418048058,393.67111111111234,394.808888888889,22.388336836096137,22.388336836096098
r560_svd_normalised_tr050_tid4_010,r560,4,10,False,158,circle,190.77374614880247,85.11257395818157,9.994149656315946,1.7836021528372574,3.5672043056745353,3.567204305674495,,1.5049435106459375e-07,1.0,9.777777777777779,False,circle,360.0,1.0,True,True,5.707526889079224,102.34009248067531,100.12444444444448,11.415053778158514,11.415053778158384
r560_svd_normalised_tr050_tid4_010,r560,4,10,False,159,circle,187.23600973236012,174.62773722627736,15.222222222222172,2.201223256060118,4.402446512120236,4.402446512120236,,0.0,1.0,15.222222222222221,False,circle,360.0,1.0,True,True,7.043914419392379,155.87555555555508,155.87555555555556,14.087828838784757,14.087828838784757
r560_svd_normalised_tr050_tid4_010,r560,4,10,False,160,ellipse,1.5396703062448496,34.29161660589747,34.96855920098763,3.336291069327962,10.394148688885712,4.283501586302892,0.7683039997080527,0.9111354501130089,1.0,35.0,True,ellipse,325.0,0.9027777777777778,True,True,10.67613142184948,358.0780462181134,358.4000000000001,33.261275804434284,13.707205076169254
r560_svd_normalised_tr050_tid4_010,r560,4,10,False,161,ellipse,298.65596304185954,142.42936816089383,11.786324812265466,1.9369315190572454,4.075586277486931,3.6821241942455125,72.2358143352233,0.4286749795257279,1.0,11.777777777777779,False,ellipse,360.0,1.0,True,True,6.198180860983186,120.6919660775984,120.60444444444448,13.04187608795818,11.782797421585641
r560_svd_normalised_tr050_tid4_010,r560,4,10,False,162,ellipse,268.2870253483684,131.71829241535278,12.951387369349085,2.0304075057632374,4.294013750713392,3.8402807990773526,15.891347440123496,0.44740071786963476,1.0,13.0,False,ellipse,360.0,1.0,True,True,6.49730401844236,132.62220666213466,133.12000000000003,13.740844002282856,12.28889855704753
r560_svd_normalised_tr050_tid4_010,r560,4,10,False,163,ellipse,277.0188644493331,214.84645153691028,13.293200588374509,2.057026292078881,4.368679723998507,3.8742663080194575,15.8900140629504,0.4621001874871769,1.0,12.88888888888889,False,ellipse,360.0,1.0,True,True,6.58248413465242,136.122374024955,131.98222222222225,13.979775116795222,12.397652185662265
r560_svd_normalised_tr050_tid4_010,r560,4,10,False,164,ellipse,79.02248655694964,47.11680517082179,1363.7777777777776,20.83516136785188,45.47384399718048,38.18493543245152,58.30591072349887,0.5430319036733562,1.0,1364.2222222222222,False,ellipse,360.0,1.0,True,True,66.67251637712603,13965.084444444445,13969.635555555558,145.51630079097754,122.19179338384487
r560_svd_normalised_tr050_tid4_010,r560,4,10,False,165,ellipse,298.11340206185565,207.95189003436428,10.77777777777761,1.8522076605387905,3.9838627326140426,3.4445697033416773,35.737724994888254,0.5024080925492971,1.0,10.777777777777779,False,ellipse,360.0,1.0,True,True,5.92706451372413,110.36444444444274,110.36444444444447,12.748360744364938,11.022623050693369
r560_svd_normalised_tr050_tid4_010,r560,4,10,False,166,circle,121.55041211424191,25.416810427448723,386.4444444444444,11.090946178188284,22.181892356376572,22.181892356376565,,2.5809568279517847e-08,1.0,386.44444444444446,False,circle,360.0,1.0,True,True,35.491027770202514,3957.1911111111112,3957.191111111112,70.98205554040503,70.98205554040501
r560_svd_normalised_tr050_tid4_010,r560,4,10,False,167,circle,330.37343358395987,127.39598997493736,14.777777777777796,2.168850562508584,4.337701125017174,4.337701125017162,,7.598131170262075e-08,1.0,15.0,False,circle,360.0,1.0,True,True,6.940321800027469,151.32444444444465,153.60000000000002,13.88064360005496,13.880643600054919
r560_svd_normalised_tr050_tid4_010,r560,4,10,False,168,circle,251.4376590330789,211.97201017811707,14.555555555555367,2.1524816450392024,4.304963290078405,4.304963290078405,,0.0,1.0,14.555555555555555,False,circle,360.0,1.0,True,True,6.887941264125448,149.04888888888698,149.0488888888889,13.775882528250897,13.775882528250897
r560_svd_normalised_tr050_tid4_010,r560,4,10,False,169,ellipse,195.09426786199404,36.65566422167889,272.6666666666666,9.316249010883093,19.720447155277324,17.604569500758803,-68.57435082484494,0.4506387389510951,1.0,272.1111111111111,False,ellipse,360.0,1.0,True,True,29.811996834825898,2792.106666666666,2786.417777777778,63.10543089688744,56.334622402428174
r560_svd_normalised_tr050_tid4_010,r560,4,10,False,170,circle,245.020202020202,218.86195286195286,11.00000000000007,1.8712051592547836,3.742410318509567,3.7424103185095667,,1.4901161193847656e-08,1.0,11.222222222222221,False,circle,360.0,1.0,True,True,5.987856509615308,112.64000000000073,114.91555555555557,11.975713019230616,11.975713019230614
r560_svd_normalised_tr050_tid4_010,r560,4,10,False,171,circle,305.0496453900709,214.38297872340425,10.44444444444448,1.8233403199523799,3.646680639904788,3.646680639904732,,1.756820994995772e-07,1.0,10.444444444444445,False,circle,360.0,1.0,True,True,5.834689023847616,106.9511111111115,106.95111111111113,11.669378047695323,11.669378047695142
r560_svd_normalised_tr050_tid4_010,r560,4,10,False,172,circle,253.12455404145263,249.59247604125503,13.4789507714781,2.0713481807620155,4.142696361524031,4.142696361524031,,0.0,1.0,6.333333333333333,True,circle,175.0,0.4861111111111111,True,True,6.62831417843845,138.0244558999358,64.85333333333334,13.2566283568769,13.2566283568769
r560_svd_normalised_tr050_tid4_010,r560,4,10,False,173,circle,398.2477533639635,99.54972098368088,15.389863475101142,2.2133110244932865,4.426622048986587,4.426622048986559,,1.1348386266624791e-07,1.0,12.666666666666666,True,circle,249.0,0.6916666666666667,True,True,7.082595278378517,157.59220198503573,129.70666666666668,14.16519055675708,14.16519055675699
r560_svd_normalised_tr050_tid4_010,r560,4,10,False,174,ellipse,221.14893617021272,101.11702127659572,10.444444444444525,1.8233403199523839,3.86406015468166,3.441530192883817,86.08794949985128,0.4546869968558104,1.0,10.555555555555555,False,ellipse,360.0,1.0,True,True,5.834689023847629,106.95111111111196,108.0888888888889,12.364992494981314,11.012896617228215
r560_svd_normalised_tr050_tid4_010,r560,4,10,False,175,circle,37.938534278959814,53.88652482269504,15.66666666666663,2.23312670566317,4.46625341132634,4.46625341132634,,0.0,1.0,15.333333333333334,False,circle,360.0,1.0,True,True,7.146005458122144,160.42666666666634,157.01333333333338,14.292010916244289,14.292010916244289
r560_svd_normalised_tr050_tid4_010,r560,4,10,False,176,circle,271.6357495168287,244.94880725791177,16.507700615137228,2.2922836438714174,4.584567287742835,4.584567287742835,,0.0,1.0,16.11111111111111,False,circle,360.0,1.0,True,True,7.335307660388536,169.03885429900524,164.97777777777782,14.670615320777072,14.670615320777072
r560_svd_normalised_tr050_tid4_010,r560,4,10,False,177,circle,135.43141274238226,59.3687349953832,2005.5555555555557,25.26634442542407,50.53268885084815,50.53268885084813,,2.9802322387695312e-08,1.0,2004.6666666666667,False,circle,360.0,1.0,True,True,80.85230216135703,20536.888888888894,20527.78666666667,161.7046043227141,161.70460432271403
r560_svd_normalised_tr050_tid4_010,r560,4,10,False,178,ellipse,122.45616024187453,21.39814814814815,195.99999999999994,7.898654169668587,17.131591281708605,14.566945163730445,-30.571297461981885,0.5263027321975333,1.0,195.77777777777777,False,ellipse,360.0,1.0,True,True,25.27569334293948,2007.0399999999997,2004.7644444444447,54.82109210146754,46.61422452393742
r560_svd_normalised_tr050_tid4_010,r560,4,10,False,179,ellipse,181.01174953791673,189.48708493346223,13.442768085003106,2.068566165036166,4.301757013050835,3.978807697553108,6.077389121274933,0.38014675401904213,1.0,13.11111111111111,False,ellipse,360.0,1.0,True,True,6.6194117281157325,137.65394519043184,134.2577777777778,13.765622441762673,12.732184632169947
r560_svd_normalised_tr050_tid4_010,r560,4,10,False,180,ellipse,19.598608227779255,24.58892427093635,400.6165279671858,11.292484289144719,23.912882572136766,21.330795404677232,-65.51163686775851,0.4519937918317575,1.0,401.1111111111111,False,ellipse,360.0,1.0,True,True,36.1359497252631,4102.313246383983,4107.377777777779,76.52122423083766,68.25854529496715
r560_svd_normalised_tr050_tid4_010,r560,4,10,False,181,ellipse,176.00778366623086,187.95062810614402,15.344299807923546,2.210032200088973,4.601164953839644,4.24609191318319,-17.28366103694745,0.3852080591779001,1.0,15.444444444444445,False,ellipse,360.0,1.0,True,True,7.072103040284714,157.12563003313716,158.15111111111113,14.723727852286864,13.587494122186209
r560_svd_normalised_tr050_tid4_010,r560,4,10,False,182,ellipse,277.5259259259259,158.94074074074072,9.999999999999897,1.784124116152762,3.733708334124859,3.4101205311035185,-12.395101275240336,0.40721259636666773,1.0,10.0,False,ellipse,360.0,1.0,True,True,5.709197171688839,102.39999999999897,102.40000000000002,11.947866669199549,10.91238569953126
r560_svd_normalised_tr050_tid4_010,r560,4,10,False,183,circle,184.57796765194107,220.49156078096658,15.865943729290873,2.2472843039252965,4.494568607850594,4.494568607850593,,2.1073424255447017e-08,1.0,16.0,False,circle,360.0,1.0,True,True,7.191309772560949,162.46726378793858,163.84000000000003,14.382619545121901,14.382619545121898
r560_svd_normalised_tr050_tid4_010,r560,4,10,False,184,ellipse,174.93189511275827,83.33396373119537,24.625290119283743,2.799727360853559,6.204212357848499,5.0536460346629815,0.03500326209513105,0.5800922527803143,1.0,24.77777777777778,False,ellipse,360.0,1.0,True,True,8.959127554731388,252.1629708214656,253.72444444444452,19.8534795451152,16.171667310921542
r560_svd_normalised_tr050_tid4_010,r560,4,10,False,185,circle,3.807665492917757,18.5246305494529,238.54826747785,8.713912546624213,17.42782509324843,17.427825093248426,,2.1073424255447017e-08,1.0,190.66666666666666,True,circle,239.0,0.6638888888888889,True,True,27.884520149197485,2442.7342589731843,1952.426666666667,55.76904029839498,55.76904029839497
r560_svd_normalised_tr050_tid4_010,r560,4,10,False,186,ellipse,14.837664894664304,26.69708604055917,376.22222222222223,10.943274315092735,25.841841730835235,18.536643631320274,-77.11067903527669,0.6967528827844396,1.0,376.44444444444446,False,ellipse,360.0,1.0,True,True,35.01847780829675,3852.515555555556,3854.791111111112,82.69389353867275,59.31725962022488
r560_svd_normalised_tr050_tid4_010,r560,4,10,False,187,ellipse,341.14403292181066,208.2489711934156,17.99999999999983,2.393653682408585,5.026474138910279,4.559520485308081,82.0295369633377,0.42091269737504916,1.0,18.0,False,ellipse,360.0,1.0,True,True,7.659691783707472,184.3199999999983,184.32000000000005,16.084717244512895,14.59046555298586
r560_svd_normalised_tr050_tid4_010,r560,4,10,False,188,ellipse,139.33134532216715,1.7003543782515171,43.93841398774526,3.7397903090327764,11.990001324368691,4.665898252107783,-88.5294421466595,0.9211747804673739,1.0,43.44444444444444,True,ellipse,321.0,0.8916666666666667,True,True,11.967328988904885,449.92935923451154,444.8711111111112,38.36800423797981,14.930874406744906
r560_svd_normalised_tr050_tid4_010,r560,4,10,False,189,ellipse,141.0553468121906,21.728812548458286,621.0,14.059531973722809,30.66054828975623,25.788245852886618,81.32328386425837,0.5408969552036987,1.0,620.5555555555555,False,ellipse,360.0,1.0,True,True,44.99050231591299,6359.040000000001,6354.48888888889,98.11375452721994,82.52238672923718
r560_svd_normalised_tr050_tid4_010,r560,4,10,False,190,ellipse,136.31611570247935,19.11707988980716,53.77777777777786,4.137390279350216,8.641988604442131,7.92317560560666,-84.20220449382106,0.3992934117392668,1.0,53.888888888888886,False,ellipse,360.0,1.0,True,True,13.239648893920691,550.6844444444454,551.8222222222223,27.654363534214824,25.354161937941313
r560_svd_normalised_tr050_tid5_010,r560,5,10,False,0,circle,237.54093638041883,199.5385241892034,129.66054013083362,6.424346797268535,12.84869359453707,12.84869359453707,,0.0,1.0,129.44444444444446,False,circle,360.0,1.0,True,True,20.557909751259313,1327.7239309397366,1325.5111111111114,41.115819502518626,41.115819502518626
r560_svd_normalised_tr050_tid5_010,r560,5,10,False,1,circle,309.70477221193204,243.81360990633306,93.8392440219313,5.465341625570528,10.930683251141078,10.930683251141037,,8.688795409866125e-08,1.0,93.55555555555556,False,circle,360.0,1.0,True,True,17.489093201825693,960.9138587845766,958.0088888888891,34.97818640365145,34.97818640365132
r560_svd_normalised_tr050_tid5_010,r560,5,10,False,2,circle,242.82624398073835,193.5016051364366,276.88888888888806,9.388102614893928,18.77620522978786,18.776205229787855,,2.1073424255447017e-08,1.0,276.77777777777777,False,circle,360.0,1.0,True,True,30.04192836766057,2835.3422222222143,2834.204444444445,60.08385673532115,60.08385673532114
r560_svd_normalised_tr050_tid5_010,r560,5,10,False,3,ellipse,369.3882128370317,60.31567644953472,155.22222222222223,7.029137065725111,15.244673743092633,12.964204737051261,72.66916340613884,0.5261224850009145,1.0,155.11111111111111,False,ellipse,360.0,1.0,True,True,22.493238610320358,1589.475555555556,1588.3377777777782,48.78295597789643,41.48545515856404
r560_svd_normalised_tr050_tid5_010,r560,5,10,False,4,circle,214.7634886113946,228.91698127921302,21.244194930282312,2.600430208700942,5.200860417401884,5.200860417401884,,0.0,1.0,21.333333333333332,False,circle,360.0,1.0,True,True,8.321376667843015,217.5405560860909,218.45333333333338,16.64275333568603,16.64275333568603
r560_svd_normalised_tr050_tid5_010,r560,5,10,False,5,circle,301.86559139784947,220.96415770609318,20.666666666666483,2.5648400173236827,5.129680034647393,5.129680034647338,,1.4675941767984784e-07,1.0,21.0,False,circle,360.0,1.0,True,True,8.207488055435785,211.62666666666482,215.04000000000005,16.41497611087166,16.414976110871482
r560_svd_normalised_tr050_tid5_010,r560,5,10,False,6,circle,276.7921981284188,207.55914638627317,111.29261330618687,5.951935741806103,11.903871483612235,11.903871483612178,,9.771344846937061e-08,1.0,111.44444444444444,False,circle,360.0,1.0,True,True,19.04619437377953,1139.6363602553538,1141.1911111111112,38.092388747559156,38.09238874755897
r560_svd_normalised_tr050_tid5_010,r560,5,10,False,7,circle,238.6061360617948,215.15458783143737,51.559914514581926,4.05117643663943,8.10235287327886,8.10235287327886,,0.0,1.0,51.55555555555556,False,circle,360.0,1.0,True,True,12.963764597246177,527.9735246293191,527.928888888889,25.927529194492354,25.927529194492354
r560_svd_normalised_tr050_tid5_010,r560,5,10,False,8,circle,285.3675511332228,229.6765616362631,670.0,14.60368527951557,29.207370559031162,29.20737055903112,,5.3726900748371916e-08,1.0,668.8888888888889,False,circle,360.0,1.0,True,True,46.731792894449825,6860.800000000001,6849.422222222224,93.46358578889972,93.4635857888996
r560_svd_normalised_tr050_tid5_010,r560,5,10,False,9,circle,264.44806728279065,208.31426751397572,336.0796866348209,10.342992159013457,20.685984318026925,20.685984318026907,,4.2146848510894035e-08,1.0,336.0,False,circle,360.0,1.0,True,True,33.097574908843065,3441.4559911405668,3440.640000000001,66.19514981768616,66.1951498176861
r560_svd_normalised_tr050_tid5_010,r560,5,10,False,10,circle,321.3740332378492,228.2710516670198,267.01186943797956,9.219138667496246,18.438277334992513,18.43827733499247,,6.828569911354542e-08,1.0,266.8888888888889,False,circle,360.0,1.0,True,True,29.501243735987988,2734.201543044911,2732.942222222223,59.002487471976046,59.00248747197591
r560_svd_normalised_tr050_tid5_010,r560,5,10,False,11,circle,298.547193877551,173.86989795918367,87.11111111111128,5.265769446445731,10.531538892891495,10.531538892891428,,1.1348386266624791e-07,1.0,87.77777777777777,False,circle,360.0,1.0,True,True,16.850462228626338,892.0177777777798,898.8444444444445,33.70092445725279,33.70092445725257
r560_svd_normalised_tr050_tid5_010,r560,5,10,False,12,circle,57.5554302893649,139.9620443442315,98.55555555555557,5.601000595578361,11.202001191156732,11.202001191156711,,6.143906154658885e-08,1.0,98.66666666666667,False,circle,360.0,1.0,True,True,17.923201905850757,1009.2088888888892,1010.3466666666669,35.84640381170154,35.84640381170148
r560_svd_normalised_tr050_tid5_010,r560,5,10,False,13,ellipse,324.2481084281166,184.87048933312565,165.74312824922234,7.263447961454352,15.127295802034151,13.950325816108155,-20.970012280995235,0.3867237417986636,1.0,165.44444444444446,False,ellipse,360.0,1.0,True,True,23.243033476653927,1697.209633272037,1694.1511111111115,48.40734656650929,44.6410426115461
r560_svd_normalised_tr050_tid5_010,r560,5,10,False,14,circle,291.95666666666665,149.32761904761904,77.77777777777781,4.975684434534873,9.951368869069768,9.951368869069725,,9.30577218293905e-08,1.0,77.44444444444444,False,circle,360.0,1.0,True,True,15.922190190511595,796.444444444445,793.0311111111113,31.844380381023257,31.84438038102312
r560_svd_normalised_tr050_tid5_010,r560,5,10,False,15,circle,274.9775318578136,179.46177062374247,110.44444444444443,5.929212303564707,11.858424607129415,11.858424607129415,,0.0,1.0,110.44444444444444,False,circle,360.0,1.0,True,True,18.973479371407063,1130.9511111111112,1130.9511111111112,37.946958742814125,37.946958742814125
r560_svd_normalised_tr050_tid5_010,r560,5,10,False,16,ellipse,322.27686703096543,155.74499089253186,20.33333333333311,2.544071740157958,5.282457805970818,4.900976974585299,84.67912208585827,0.3731190874744729,1.0,20.333333333333332,False,ellipse,360.0,1.0,True,True,8.141029568505465,208.21333333333106,208.21333333333337,16.90386497910662,15.683126318672956
r560_svd_normalised_tr050_tid5_010,r560,5,10,False,17,circle,289.251497005988,137.51164337990687,55.66666666666646,4.2094239903931765,8.418847980786378,8.418847980786328,,1.0848209096909341e-07,1.0,56.0,False,circle,360.0,1.0,True,True,13.470156769258166,570.0266666666646,573.44,26.94031353851641,26.94031353851625
r560_svd_normalised_tr050_tid5_010,r560,5,10,False,18,circle,333.5007407407407,221.6696296296296,50.00000000000017,3.9894228040143336,7.978845608028695,7.97884560802864,,1.1733186057227569e-07,1.0,50.22222222222222,False,circle,360.0,1.0,True,True,12.766152972845868,512.0000000000018,514.2755555555557,25.532305945691824,25.532305945691647
r560_svd_normalised_tr050_tid5_010,r560,5,10,False,19,circle,317.9735278227985,172.8013686295696,205.6666666666663,8.091089744803611,16.182179489607247,16.182179489607197,,7.884953353001448e-08,1.0,205.33333333333334,False,circle,360.0,1.0,True,True,25.891487183371556,2106.026666666663,2102.6133333333337,51.78297436674319,51.782974366743034
r560_svd_normalised_tr050_tid5_010,r560,5,10,False,20,ellipse,345.2290679304898,190.89731437598738,23.44444444444412,2.731775694077611,5.776533952628394,5.167526758399914,-3.1238171827515657,0.446923434919135,1.0,23.333333333333332,False,ellipse,360.0,1.0,True,True,8.741682221048356,240.07111111110783,238.93333333333337,18.484908648410862,16.536085626879725
r560_svd_normalised_tr050_tid5_010,r560,5,10,False,21,circle,281.8120762189429,189.31385581847144,69.42277999385628,4.700846434250616,9.401692868501238,9.401692868501227,,4.712160915387242e-08,1.0,69.66666666666667,False,circle,360.0,1.0,True,True,15.042708589601972,710.8892671370885,713.3866666666669,30.08541717920396,30.08541717920393
r560_svd_normalised_tr050_tid5_010,r560,5,10,False,22,ellipse,271.2017962365755,169.8773292688472,54.5475319270183,4.16689556856131,8.65727355727855,8.022395764402306,-76.97625833223773,0.375887293926773,1.0,54.55555555555556,False,ellipse,360.0,1.0,True,True,13.334065819396194,558.5667269326675,558.648888888889,27.703275383291363,25.671666446087382
r560_svd_normalised_tr050_tid5_010,r560,5,10,False,23,ellipse,215.64298312240814,204.4454664319993,86.7139497848124,5.253751753418749,11.05176338380651,9.990046485068259,-1.516470022759222,0.42767546156369773,1.0,86.0,False,ellipse,360.0,1.0,True,True,16.81200561094,887.9508457964791,880.6400000000002,35.36564282818083,31.96814875221843
r560_svd_normalised_tr050_tid5_010,r560,5,10,False,24,circle,338.0482140320886,212.66458451120405,24.556932519326512,2.795838764172543,5.591677528345086,5.591677528345085,,1.4901161193847656e-08,1.0,24.555555555555557,False,circle,360.0,1.0,True,True,8.946684045352137,251.46298899790352,251.44888888888894,17.893368090704275,17.89336809070427
r560_svd_normalised_tr050_tid5_010,r560,5,10,False,25,circle,267.03246500009607,235.0395777468589,213.383194699176,8.241479261529957,16.482958523059914,16.482958523059914,,0.0,1.0,212.88888888888889,False,circle,360.0,1.0,True,True,26.372733636895862,2185.0439137195626,2179.9822222222224,52.745467273791725,52.745467273791725
r560_svd_normalised_tr050_tid5_010,r560,5,10,False,26,circle,225.62727272727273,202.99545454545455,48.88888888888892,3.9448468484687997,7.8896936969376,7.8896936969375995,,1.4901161193847656e-08,1.0,48.55555555555556,False,circle,360.0,1.0,True,True,12.62350991510016,500.62222222222266,497.208888888889,25.247019830200323,25.24701983020032
r560_svd_normalised_tr050_tid5_010,r560,5,10,False,27,circle,260.7199245482996,175.1101159541086,178.3919986405339,7.535511713438397,15.071023426876803,15.071023426876785,,4.9421560620597e-08,1.0,178.44444444444446,False,circle,360.0,1.0,True,True,24.113637483002872,1826.7340660790676,1827.2711111111116,48.22727496600577,48.227274966005716
r560_svd_normalised_tr050_tid5_010,r560,5,10,False,28,circle,315.1488350959698,215.42687859152974,52.11483490155973,4.072918752688608,8.145837505377255,8.145837505377175,,1.3978528260658472e-07,1.0,52.111111111111114,False,circle,360.0,1.0,True,True,13.033340008603545,533.6559093919717,533.6177777777779,26.06668001720722,26.066680017206963
r560_svd_normalised_tr050_tid5_010,r560,5,10,False,29,circle,284.8725642045727,129.19312182024356,48.096981743564825,3.9127668962740394,7.825533792548089,7.825533792548068,,7.300048299977713e-08,1.0,48.666666666666664,False,circle,360.0,1.0,True,True,12.520854068076927,492.51309305410393,498.34666666666675,25.041708136153886,25.04170813615382
r560_svd_normalised_tr050_tid5_010,r560,5,10,False,30,circle,328.9265903073761,207.98706465550575,22.224132535493023,2.659729515929442,5.319459031858912,5.319459031858855,,1.4600096599955427e-07,1.0,22.0,False,circle,360.0,1.0,True,True,8.511134450974215,227.5751171634486,225.28000000000003,17.022268901948518,17.022268901948337
r560_svd_normalised_tr050_tid5_010,r560,5,10,False,31,circle,338.2438478747203,180.00111856823267,33.11111111111098,3.246474088791805,6.49294817758365,6.49294817758357,,1.5699347485382465e-07,1.0,32.888888888888886,False,circle,360.0,1.0,True,True,10.388717084133777,339.0577777777765,336.78222222222223,20.777434168267682,20.777434168267426
r560_svd_normalised_tr050_tid5_010,r560,5,10,False,32,circle,269.9237472766884,195.3572984749455,16.999999999999794,2.326213245840625,4.6524264916812905,4.65242649168121,,1.86115443658781e-07,1.0,16.88888888888889,False,circle,360.0,1.0,True,True,7.4438823866899995,174.07999999999794,172.94222222222226,14.88776477338013,14.887764773379871
r560_svd_normalised_tr050_tid5_010,r560,5,10,False,33,circle,345.64592592592595,203.80592592592595,50.00000000000013,3.9894228040143322,7.9788456080286645,7.978845608028664,,1.4901161193847656e-08,1.0,50.111111111111114,False,circle,360.0,1.0,True,True,12.766152972845864,512.0000000000014,513.137777777778,25.53230594569173,25.532305945691725
r560_svd_normalised_tr050_tid5_010,r560,5,10,False,34,circle,191.61316872427983,220.26063100137173,27.000000000000277,2.9316150714175344,5.86323014283507,5.863230142835069,,1.4901161193847656e-08,1.0,26.77777777777778,False,circle,360.0,1.0,True,True,9.38116822853611,276.4800000000029,274.2044444444445,18.762336457072223,18.76233645707222
r560_svd_normalised_tr050_tid5_010,r560,5,10,False,35,ellipse,371.068681141679,57.5652771513863,1724.5555555555547,23.429534408658498,54.45320996252336,40.3240200520274,89.57096316701342,0.6720276638675434,1.0,1723.111111111111,False,ellipse,360.0,1.0,True,True,74.97451010770719,17659.448888888885,17644.657777777782,174.25027188007476,129.03686416648767
r560_svd_normalised_tr050_tid5_010,r560,5,10,False,36,ellipse,281.9737696972458,245.41005127952334,63.87047654527752,4.508947118744215,9.749303092242222,8.341356885625746,83.56262553405412,0.5176624510063316,1.0,63.666666666666664,True,ellipse,336.0,0.9333333333333333,True,True,14.42863077998149,654.0336798236419,651.9466666666667,31.197769895175114,26.69234203400239
r560_svd_normalised_tr050_tid5_010,r560,5,10,False,37,ellipse,233.56218905472636,155.08955223880596,22.33333333333331,2.666255950098937,5.5778531723468525,5.097961937529412,-12.361888862370847,0.40579328182179214,1.0,22.11111111111111,False,ellipse,360.0,1.0,True,True,8.532019040316598,228.69333333333316,226.41777777777781,17.84913015150993,16.31347820009412
r560_svd_normalised_tr050_tid5_010,r560,5,10,False,38,circle,323.0833333333333,234.22916666666666,28.444444444444677,3.0090111122547123,6.018022224509454,6.018022224509396,,1.3818768405162847e-07,1.0,28.444444444444443,False,circle,360.0,1.0,True,True,9.62883555921508,291.27111111111356,291.27111111111117,19.257671118430252,19.257671118430068
r560_svd_normalised_tr050_tid5_010,r560,5,10,False,39,circle,339.5249343832021,224.36745406824141,14.111111111111162,2.119364567908178,4.2387291358163965,4.238729135816316,,1.9542689693874122e-07,1.0,14.11111111111111,False,circle,360.0,1.0,True,True,6.7819666173061695,144.49777777777834,144.4977777777778,13.56393323461247,13.563933234612211
r560_svd_normalised_tr050_tid5_010,r560,5,10,False,40,circle,268.2079909145239,222.1163565002188,96.00820798993017,5.528142704198615,11.05628540839723,11.05628540839723,,0.0,1.0,95.88888888888889,False,circle,360.0,1.0,True,True,17.69005665343557,983.1240498168852,981.9022222222223,35.38011330687114,35.38011330687114
r560_svd_normalised_tr050_tid5_010,r560,5,10,False,41,ellipse,389.90060649388545,66.37953331900908,104.402091689961,5.764739189519433,11.957065905002358,11.11718148489192,77.62125721457892,0.3681704360468128,1.0,104.11111111111111,False,ellipse,360.0,1.0,True,True,18.447165406462187,1069.0774189052008,1066.097777777778,38.262610896007544,35.574980751654145
r560_svd_normalised_tr050_tid5_010,r560,5,10,False,42,circle,234.39344262295083,229.66120218579235,13.555555555555665,2.077225877473843,4.154451754947686,4.154451754947685,,2.1073424255447017e-08,1.0,13.444444444444445,False,circle,360.0,1.0,True,True,6.647122807916297,138.80888888889004,137.67111111111114,13.294245615832594,13.294245615832592
r560_svd_normalised_tr050_tid5_010,r560,5,10,False,43,circle,225.12224391651364,218.45760232031705,14.266056631976902,2.1309685269417002,4.2619370538834005,4.2619370538834005,,0.0,1.0,14.11111111111111,False,circle,360.0,1.0,True,True,6.819099286213441,146.0844199114435,144.4977777777778,13.638198572426882,13.638198572426882
r560_svd_normalised_tr050_tid5_010,r560,5,10,False,44,circle,354.7382834647276,234.4357795926172,67.12140204184033,4.622272800737171,9.24454560147435,9.244545601474334,,5.960464477539063e-08,1.0,67.33333333333333,False,circle,360.0,1.0,True,True,14.79127296235895,687.3231569084451,689.4933333333335,29.58254592471792,29.58254592471787
r560_svd_normalised_tr050_tid5_010,r560,5,10,False,45,circle,172.16666666666669,230.79745137491616,110.44444444444473,5.929212303564715,11.85842460712943,11.85842460712943,,0.0,1.0,111.11111111111111,False,circle,360.0,1.0,True,True,18.97347937140709,1130.9511111111142,1137.777777777778,37.94695874281418,37.94695874281418
r560_svd_normalised_tr050_tid5_010,r560,5,10,False,46,circle,285.04314670725336,166.9474117364078,62.357482761593175,4.455222019220861,8.910444038441739,8.910444038441709,,8.296615425989064e-08,1.0,62.44444444444444,False,circle,360.0,1.0,True,True,14.256710461506756,638.5406234787142,639.4311111111112,28.513420923013566,28.51342092301347
r560_svd_normalised_tr050_tid5_010,r560,5,10,False,47,circle,162.22444444444446,95.96222222222221,16.66666666666655,2.3032943298088955,4.606588659617799,4.606588659617782,,8.560065398421926e-08,1.0,16.444444444444443,False,circle,360.0,1.0,True,True,7.370541855388466,170.66666666666552,168.39111111111112,14.741083710776957,14.741083710776904
r560_svd_normalised_tr050_tid5_010,r560,5,10,False,48,circle,256.233024691358,162.9814814814815,24.000000000000146,2.7639531957706924,5.527906391541385,5.527906391541385,,0.0,1.0,24.0,False,circle,360.0,1.0,True,True,8.844650226466216,245.76000000000153,245.76000000000005,17.689300452932432,17.689300452932432
r560_svd_normalised_tr050_tid5_010,r560,5,10,False,49,ellipse,274.0860215053763,147.0,20.666666666666483,2.5648400173236827,5.43942114082561,4.837576752489851,-2.8972135556559806,0.4572171967611065,1.0,20.77777777777778,False,ellipse,360.0,1.0,True,True,8.207488055435785,211.62666666666482,212.7644444444445,17.40614765064195,15.480245607967525
r560_svd_normalised_tr050_tid5_010,r560,5,10,False,50,circle,238.7664462760655,242.39493440154888,13.618692923707853,2.0820577788614423,4.1641155577228846,4.1641155577228846,,0.0,1.0,13.555555555555555,False,circle,360.0,1.0,True,True,6.662584892356616,139.45541553876845,138.8088888888889,13.325169784713232,13.325169784713232
r560_svd_normalised_tr050_tid5_010,r560,5,10,False,51,circle,349.81547619047615,136.45535714285714,12.444444444444555,1.9902737738139575,3.9805475476279417,3.9805475476278884,,1.6391277313232422e-07,1.0,12.777777777777779,False,circle,360.0,1.0,True,True,6.368876076204664,127.43111111111227,130.8444444444445,12.737752152409413,12.737752152409243
r560_svd_normalised_tr050_tid5_010,r560,5,10,False,52,ellipse,310.87124463519314,61.430615164520745,77.66666666666629,4.972129104009766,10.541907994353263,9.380490833417724,-85.36118046144992,0.4562950031506218,1.0,77.55555555555556,False,ellipse,360.0,1.0,True,True,15.910813132831251,795.306666666663,794.1688888888891,33.73410558193044,30.01757066693672
r560_svd_normalised_tr050_tid5_010,r560,5,10,False,53,circle,333.4919786096257,242.5614973262032,20.777777777777597,2.5717255062693765,5.143451012538754,5.143451012538753,,2.1073424255447017e-08,1.0,20.88888888888889,False,circle,360.0,1.0,True,True,8.229521620062005,212.76444444444263,213.90222222222226,16.459043240124014,16.45904324012401
r560_svd_normalised_tr050_tid5_010,r560,5,10,False,54,circle,264.15328467153284,144.81995133819953,15.222222222221959,2.2012232560601026,4.402446512120246,4.402446512120165,,1.914088812271525e-07,1.0,15.555555555555555,False,circle,360.0,1.0,True,True,7.043914419392329,155.8755555555529,159.28888888888892,14.087828838784787,14.08782883878453
r560_svd_normalised_tr050_tid5_010,r560,5,10,False,55,ellipse,168.96680006054925,176.79333499983983,55.372137824103866,4.198273322277109,8.77797078727494,8.031696306893446,-13.02395163847882,0.4034918067788003,1.0,55.44444444444444,False,ellipse,360.0,1.0,True,True,13.43447463128675,567.0106913188237,567.7511111111112,28.08950651927981,25.70142818205903
r560_svd_normalised_tr050_tid5_010,r560,5,10,False,56,circle,174.12579833606736,202.40752092046404,18.12174836370731,2.401735135085251,4.803470270170503,4.803470270170502,,2.1073424255447017e-08,1.0,18.11111111111111,False,circle,360.0,1.0,True,True,7.685552432272804,185.5667032443629,185.4577777777778,15.37110486454561,15.371104864545607
r560_svd_normalised_tr050_tid5_010,r560,5,10,False,57,circle,329.76568668990626,135.45868635441443,14.273827132307215,2.131548800729604,4.263097601459208,4.263097601459208,,0.0,1.0,14.11111111111111,False,circle,360.0,1.0,True,True,6.820956162334733,146.1639898348259,144.4977777777778,13.641912324669466,13.641912324669466
r560_svd_normalised_tr050_tid5_010,r560,5,10,False,58,circle,278.6593703774632,197.61763048003013,14.780922803762678,2.1690813390366657,4.338162678073331,4.338162678073331,,0.0,1.0,15.0,False,circle,360.0,1.0,True,True,6.941060284917331,151.35664951052985,153.60000000000002,13.882120569834662,13.882120569834662
r560_svd_normalised_tr050_tid5_010,r560,5,10,False,59,circle,293.130081300813,167.79674796747972,13.66666666666671,2.0857217242907757,4.171443448581592,4.171443448581511,,1.97686242482388e-07,1.0,13.444444444444445,False,circle,360.0,1.0,True,True,6.6743095177304825,139.94666666666714,137.67111111111114,13.348619035461097,13.348619035460835
r560_svd_normalised_tr050_tid5_010,r560,5,10,False,60,circle,393.1744769080967,145.18859028927233,12.342236099153626,1.9820836934839716,3.9641673869679717,3.9641673869679153,,1.6858739404357614e-07,1.0,12.444444444444445,False,circle,360.0,1.0,True,True,6.342667819148709,126.38449765533315,127.43111111111114,12.68533563829751,12.68533563829733
r560_svd_normalised_tr050_tid5_010,r560,5,10,False,61,circle,324.2828282828283,125.22558922558923,11.000000000000044,1.8712051592547814,3.742410318509573,3.7424103185095525,,1.043081283569336e-07,1.0,10.88888888888889,False,circle,360.0,1.0,True,True,5.987856509615301,112.64000000000048,111.50222222222224,11.975713019230634,11.975713019230568
r560_svd_normalised_tr050_tid5_010,r560,5,10,False,62,ellipse,248.22741433021807,99.38733125649011,35.66666666666657,3.3694291218575647,7.007568393112859,6.480451974399442,-45.48919481924787,0.38050470685401017,1.0,35.55555555555556,False,ellipse,360.0,1.0,True,True,10.782173189944208,365.2266666666658,364.08888888888896,22.42421885796115,20.737446318078216
r560_svd_normalised_tr050_tid5_010,r560,5,10,False,63,circle,374.19347021198934,73.59064294202653,23.07574771508413,2.710210070971307,5.420420141942628,5.4204201419426,,1.021572142899192e-07,1.0,23.11111111111111,False,circle,360.0,1.0,True,True,8.672672227108183,236.29565660246155,236.65777777777782,17.345344454216413,17.34534445421632
r560_svd_normalised_tr050_tid5_010,r560,5,10,False,64,ellipse,282.09473791060384,210.9297084757829,20.993705609215628,2.5850539729462967,5.450281815509939,4.904336523685028,14.825110956476522,0.4362371543437582,1.0,21.333333333333332,False,ellipse,360.0,1.0,True,True,8.27217271342815,214.97554543836807,218.45333333333338,17.440901809631807,15.693876875792089
r560_svd_normalised_tr050_tid5_010,r560,5,10,False,65,ellipse,249.08809228605332,105.8596646684727,11.773082672743612,1.9358431252540524,4.09529277091274,3.660288839137774,-86.49110327274036,0.4485065836983138,1.0,11.666666666666666,False,ellipse,360.0,1.0,True,True,6.194698000812968,120.55636656889462,119.46666666666668,13.104936866920767,11.712924285240877
r560_svd_normalised_tr050_tid5_010,r560,5,10,False,66,ellipse,373.3991110877224,137.8878109569291,16.24753298669045,2.2741482747967035,5.088959949608951,4.065074535442736,4.7630152335098614,0.6015931980749921,1.0,16.22222222222222,False,ellipse,360.0,1.0,True,True,7.277274479349451,166.37473778371026,166.11555555555557,16.284671838748643,13.008238513416755
r560_svd_normalised_tr050_tid5_010,r560,5,10,False,67,ellipse,271.3195402298851,119.79310344827584,16.111111111111285,2.2645807435532608,4.71271817312942,4.352754190405441,-3.5783903004708577,0.38331275782327245,1.0,16.333333333333332,False,ellipse,360.0,1.0,True,True,7.246658379370435,164.97777777777958,167.25333333333336,15.080698154014144,13.928813409297412
r560_svd_normalised_tr050_tid5_010,r560,5,10,False,68,circle,346.23856209150324,147.03267973856205,11.333333333333206,1.8993451617376589,3.798690323475346,3.79869032347529,,1.7249341164216735e-07,1.0,11.333333333333334,False,circle,360.0,1.0,True,True,6.077904517560508,116.05333333333205,116.05333333333336,12.15580903512111,12.155809035120928
r560_svd_normalised_tr050_tid5_010,r560,5,10,False,69,circle,303.02236798786856,146.95380373070554,17.45000388243099,2.3568005324429375,4.7136010648859035,4.713601064885847,,1.55572690202453e-07,1.0,17.22222222222222,False,circle,360.0,1.0,True,True,7.5417617038174,178.6880397560934,176.35555555555558,15.083523407634893,15.08352340763471
r560_svd_normalised_tr050_tid5_010,r560,5,10,False,70,ellipse,306.6388063181209,58.68100483767559,635.4444444444438,14.222104232047837,38.224961979595584,21.16609025224966,-85.55529065312535,0.8327000668897421,1.0,634.2222222222222,False,ellipse,360.0,1.0,True,True,45.51073354255308,6506.951111111105,6494.435555555557,122.31987833470588,67.73148880719891
r560_svd_normalised_tr050_tid5_010,r560,5,10,False,71,circle,270.4496855345912,213.32232704402514,23.55555555555569,2.73824144441006,5.476482888820147,5.476482888820091,,1.4292691717483756e-07,1.0,23.555555555555557,False,circle,360.0,1.0,True,True,8.762372622112192,241.2088888888903,241.20888888888896,17.524745244224473,17.52474524422429
r560_svd_normalised_tr050_tid5_010,r560,5,10,False,72,ellipse,36.87971530974521,35.82168267764585,595.985673327634,13.773457512334696,28.904232530464565,26.253335963048308,-57.896056025614854,0.4183478154016333,1.0,595.3333333333334,False,ellipse,360.0,1.0,True,True,44.07506403947103,6102.893294874973,6096.213333333335,92.49354409748662,84.01067508175458
r560_svd_normalised_tr050_tid5_010,r560,5,10,False,73,circle,260.0354576030403,147.80657136008193,10.96006384152004,1.867805309437074,3.735610618874148,3.735610618874148,,0.0,1.0,11.11111111111111,False,circle,360.0,1.0,True,True,5.9769769901986365,112.23105373716523,113.7777777777778,11.953953980397273,11.953953980397273
r560_svd_normalised_tr050_tid5_010,r560,5,10,False,74,circle,81.39317456208475,43.46578652170161,1716.8888888888887,23.37739734898727,46.754794697974546,46.75479469797453,,2.5809568279517847e-08,1.0,1716.4444444444443,False,circle,360.0,1.0,True,True,74.80767151675927,17580.942222222224,17576.391111111112,149.61534303351854,149.6153430335185
r560_svd_normalised_tr050_tid5_010,r560,5,10,False,75,circle,299.83462532299745,191.50129198966405,14.333333333333329,2.1359872897486225,4.271974579497245,4.271974579497244,,2.1073424255447017e-08,1.0,13.777777777777779,False,circle,360.0,1.0,True,True,6.835159327195592,146.7733333333333,141.08444444444447,13.670318654391185,13.670318654391181
r560_svd_normalised_tr050_tid5_010,r560,5,10,False,76,circle,310.50277777777774,119.48611111111111,13.333333333333227,2.060129077457003,4.1202581549140245,4.120258154913987,,1.3493575361575808e-07,1.0,13.333333333333334,False,circle,360.0,1.0,True,True,6.59241304786241,136.53333333333228,136.53333333333336,13.18482609572488,13.184826095724759
r560_svd_normalised_tr050_tid5_010,r560,5,10,False,77,circle,73.85002798001496,56.829536786013534,26.4140726142639,2.8996310881725496,5.799262176345101,5.799262176345097,,3.650024149988857e-08,1.0,26.77777777777778,False,circle,360.0,1.0,True,True,9.278819482152159,270.4801035700624,274.2044444444445,18.557638964304324,18.557638964304314
r560_svd_normalised_tr050_tid5_010,r560,5,10,False,78,ellipse,213.5364891518738,216.68047337278105,18.777777777777736,2.4448215287069415,5.242276817506816,4.560730015071298,-66.45878515407725,0.49306882546515873,1.0,18.77777777777778,False,ellipse,360.0,1.0,True,True,7.823428891862213,192.28444444444406,192.2844444444445,16.775285816021814,14.594336048228156
r560_svd_normalised_tr050_tid5_010,r560,5,10,False,79,circle,393.8357180462921,82.43327723506222,78.4881742302104,4.998355910296086,9.996711820592198,9.996711820592143,,1.0536712127723508e-07,1.0,78.77777777777777,False,circle,360.0,1.0,True,True,15.994738912947476,803.7189041173547,806.6844444444446,31.989477825895037,31.98947782589486
r560_svd_normalised_tr050_tid5_010,r560,5,10,False,80,circle,344.1345565749235,136.19266055045873,12.111111111111132,1.9634373937910594,3.9268747875821584,3.926874787582079,,2.010276550536162e-07,1.0,12.444444444444445,False,circle,360.0,1.0,True,True,6.282999660131391,124.01777777777802,127.43111111111114,12.565999320262907,12.565999320262653
r560_svd_normalised_tr050_tid5_010,r560,5,10,False,81,circle,241.6087962962963,139.56481481481478,15.999999999999854,2.256758334191015,4.51351666838203,4.51351666838203,,0.0,1.0,16.11111111111111,False,circle,360.0,1.0,True,True,7.221626669411248,163.83999999999855,164.97777777777782,14.443253338822496,14.443253338822496
r560_svd_normalised_tr050_tid5_010,r560,5,10,False,82,ellipse,304.44776119402985,215.0771144278607,14.888888888888896,2.1769888671339896,4.553699196838551,4.163015889073764,-5.715730517779434,0.4052513911668607,1.0,14.88888888888889,False,ellipse,360.0,1.0,True,True,6.966364374828768,152.46222222222232,152.46222222222227,14.571837429883363,13.321650845036045
r560_svd_normalised_tr050_tid5_010,r560,5,10,False,83,circle,177.5399189570872,192.46347398928313,20.236862533349235,2.5380294343658454,5.076058868731691,5.076058868731691,,0.0,1.0,20.0,False,circle,360.0,1.0,True,True,8.121694189970706,207.22547234149621,204.80000000000004,16.24338837994141,16.24338837994141
r560_svd_normalised_tr050_tid5_010,r560,5,10,False,84,circle,300.3775510204082,125.20748299319729,10.888888888888955,1.8617306418733583,3.7234612837467567,3.7234612837466763,,2.075491588888186e-07,1.0,11.0,False,circle,360.0,1.0,True,True,5.957538053994747,111.50222222222293,112.64000000000001,11.915076107989622,11.915076107989364
r560_svd_normalised_tr050_tid5_010,r560,5,10,False,85,circle,155.58024691358025,204.90946502057614,26.999999999999936,2.931615071417516,5.863230142835032,5.863230142835032,,0.0,1.0,26.88888888888889,False,circle,360.0,1.0,True,True,9.381168228536053,276.4799999999994,275.3422222222223,18.762336457072106,18.762336457072106
r560_svd_normalised_tr050_tid5_010,r560,5,10,False,86,ellipse,137.8591617933723,20.795077972709553,303.9999999999999,9.836981518731868,20.754014553121625,18.650118058304564,84.27493563379994,0.43871345500793546,1.0,304.6666666666667,False,ellipse,360.0,1.0,True,True,31.47834085994198,3112.9599999999996,3119.7866666666673,66.4128465699892,59.68037778657461
r560_svd_normalised_tr050_tid5_010,r560,5,10,False,87,ellipse,29.749512801130557,43.396847420947346,2408.625819033182,27.68915690872136,61.723584507657634,49.68534581595297,83.70251654470846,0.593321844477948,1.0,2404.5555555555557,True,ellipse,339.0,0.9416666666666667,True,True,88.60530210790836,24664.328386899786,24622.648888888896,197.51547042450443,158.9931066110495
r560_svd_normalised_tr050_tid5_010,r560,5,10,False,88,circle,336.7312661498708,193.53229974160206,14.333333333333492,2.1359872897486345,4.271974579497269,4.271974579497269,,0.0,1.0,14.444444444444445,False,circle,360.0,1.0,True,True,6.835159327195631,146.773333333335,147.91111111111115,13.670318654391261,13.670318654391261
r560_svd_normalised_tr050_tid5_010,r560,5,10,False,89,circle,347.75636686022307,227.56120341884454,14.556741893573635,2.1525693613331582,4.305138722666345,4.305138722666289,,1.6118070224511577e-07,1.0,14.666666666666666,False,circle,360.0,1.0,True,True,6.888221956266107,149.06103699019405,150.1866666666667,13.776443912532304,13.776443912532125
r560_svd_normalised_tr050_tid5_010,r560,5,10,False,90,circle,149.60473588342438,151.95081967213116,20.33333333333313,2.544071740157959,5.088143480315918,5.088143480315918,,0.0,1.0,20.333333333333332,False,circle,360.0,1.0,True,True,8.14102956850547,208.2133333333313,208.21333333333337,16.28205913701094,16.28205913701094
r560_svd_normalised_tr050_tid5_010,r560,5,10,False,91,ellipse,350.71330988662885,60.494753209132455,22.333678197157276,2.6662765357334073,5.668067594962091,5.01689893135446,21.241869427391634,0.4653699200351903,1.0,22.22222222222222,False,ellipse,360.0,1.0,True,True,8.532084914346903,228.69686473889055,227.5555555555556,18.13781630387869,16.05407658033427
r560_svd_normalised_tr050_tid5_010,r560,5,10,False,92,circle,252.52696021400982,249.90190479183104,23.299699438117887,2.7233297039219906,5.446659407843981,5.446659407843981,,0.0,1.0,9.777777777777779,True,circle,163.0,0.4527777777777778,True,True,8.71465505255037,238.5889222463272,100.12444444444448,17.42931010510074,17.42931010510074
r560_svd_normalised_tr050_tid5_010,r560,5,10,False,93,circle,336.54669429742773,167.56595327064838,15.711986837702952,2.2363543417871963,4.472708683574421,4.472708683574364,,1.5910086411284374e-07,1.0,15.666666666666666,False,circle,360.0,1.0,True,True,7.156333893719029,160.89074521807825,160.4266666666667,14.312667787438148,14.312667787437967
r560_svd_normalised_tr050_tid5_010,r560,5,10,False,94,ellipse,385.4060606060606,78.98383838383837,36.6666666666668,3.416337584812968,7.325870273841858,6.372683139137798,-76.73337065202332,0.4932501384058008,1.0,36.55555555555556,False,ellipse,360.0,1.0,True,True,10.932280271401497,375.4666666666681,374.32888888888897,23.442784876293945,20.392586045240954
r560_svd_normalised_tr050_tid5_010,r560,5,10,False,95,ellipse,123.71089312924542,2.323446804240921,34.161840079042314,3.2975826642237216,7.304474577909393,5.954734354350273,-82.45158177837959,0.5791551470512478,1.0,33.666666666666664,True,ellipse,322.0,0.8944444444444445,True,True,10.552264525515909,349.8172424093934,344.7466666666667,23.37431864931006,19.055149933920873
r560_svd_normalised_tr050_tid5_010,r560,5,10,False,96,ellipse,230.34283012005562,214.903145847114,14.002995130138187,2.1112299226058875,4.472526215892353,3.9863751007367974,1.259999147000542,0.4534085730128209,1.0,13.777777777777779,False,ellipse,360.0,1.0,True,True,6.75593575233884,143.39067013261507,141.08444444444447,14.312083890855531,12.756400322357752
r560_svd_normalised_tr050_tid5_010,r560,5,10,False,97,ellipse,119.76945525291829,25.708657587548636,456.8888888888889,12.059529436128958,25.70721053200551,22.629020762839666,63.50093279532015,0.47449226157657565,1.0,456.3333333333333,False,ellipse,360.0,1.0,True,True,38.59049419561267,4678.542222222223,4672.853333333334,82.26307370241764,72.41286644108693
r560_svd_normalised_tr050_tid5_010,r560,5,10,False,98,circle,212.72916666666669,193.4702380952381,12.444444444444493,1.9902737738139527,3.9805475476279053,3.9805475476279053,,0.0,1.0,12.444444444444445,False,circle,360.0,1.0,True,True,6.368876076204649,127.43111111111163,127.43111111111114,12.737752152409298,12.737752152409298
r560_svd_normalised_tr050_tid5_010,r560,5,10,False,99,ellipse,339.09884542825347,205.29424933290915,14.6605686325962,2.16023237935907,4.544940630895999,4.107075811823192,21.528442522100363,0.4282530648959041,1.0,14.666666666666666,False,ellipse,360.0,1.0,True,True,6.912743613949025,150.12422279778514,150.1866666666667,14.543810018867198,13.142642597834215
r560_svd_normalised_tr050_tid5_010,r560,5,10,False,100,ellipse,292.4682558449443,58.28655119877722,78.64707894060152,5.003413109695268,11.055998169886623,9.057216675182278,-54.47419154215976,0.5734894700902234,1.0,78.66666666666667,False,ellipse,360.0,1.0,True,True,16.01092195102486,805.3460883517597,805.5466666666669,35.37919414363719,28.983093360583293
r560_svd_normalised_tr050_tid5_010,r560,5,10,False,101,circle,306.0370271053124,165.0767100882907,13.423544879534777,2.067086607471424,4.134173214942848,4.134173214942848,,0.0,1.0,13.555555555555555,False,circle,360.0,1.0,True,True,6.614677143908557,137.45709956643614,138.8088888888889,13.229354287817115,13.229354287817115
r560_svd_normalised_tr050_tid5_010,r560,5,10,False,102,circle,122.29063602244885,20.130475601408488,91.46411784229475,5.395732845525403,10.791465691050808,10.791465691050803,,2.9802322387695312e-08,1.0,91.55555555555556,False,circle,360.0,1.0,True,True,17.266345105681292,936.5925667050984,937.5288888888891,34.532690211362585,34.53269021136257
r560_svd_normalised_tr050_tid5_010,r560,5,10,False,103,circle,297.4761904761904,182.73544973544978,14.000000000000004,2.1110041228223766,4.222008245644782,4.222008245644724,,1.6526187220825877e-07,1.0,14.0,False,circle,360.0,1.0,True,True,6.755213193031605,143.36000000000007,143.36,13.510426386063301,13.510426386063116
r560_svd_normalised_tr050_tid5_010,r560,5,10,False,104,ellipse,52.19808743169399,246.65983606557376,27.11111111111102,2.937641008035844,6.134378827250607,5.627128636893557,78.9980580579068,0.3981731870929091,1.0,27.11111111111111,False,ellipse,360.0,1.0,True,True,9.400451225714702,277.6177777777769,277.6177777777778,19.630012247201943,18.006811638059386
r560_svd_normalised_tr050_tid5_010,r560,5,10,False,105,circle,257.2092362319462,157.05649613630402,14.217761900075644,2.1273584963990704,4.254716992798141,4.254716992798141,,0.0,1.0,14.333333333333334,False,circle,360.0,1.0,True,True,6.807547188477026,145.5898818567746,146.77333333333337,13.615094376954051,13.615094376954051
r560_svd_normalised_tr050_tid5_010,r560,5,10,False,106,ellipse,299.1932773109244,150.12885154061624,13.222222222222172,2.051527248332892,4.395024971595472,3.830480216019771,-35.599779553198005,0.49030817227988976,1.0,13.333333333333334,False,ellipse,360.0,1.0,True,True,6.564887194665255,135.39555555555506,136.53333333333336,14.06407990910551,12.257536691263269
r560_svd_normalised_tr050_tid5_010,r560,5,10,False,107,ellipse,276.26190476190476,160.41904761904757,7.777777777777829,1.5734495731377214,3.393805816771595,2.9179554669540435,-5.834786121189438,0.510650180003226,1.0,7.888888888888889,False,ellipse,360.0,1.0,True,True,5.035038634040709,79.64444444444499,80.78222222222225,10.860178613669106,9.33745749425294
r560_svd_normalised_tr050_tid5_010,r560,5,10,False,108,ellipse,222.61607142857144,235.65476190476193,12.444444444444375,1.990273773813943,4.236928220647348,3.7396807200348334,-54.73427732797404,0.47005031534753455,1.0,12.222222222222221,False,ellipse,360.0,1.0,True,True,6.368876076204618,127.43111111111043,125.15555555555557,13.558170306071515,11.966978304111468
r560_svd_normalised_tr050_tid5_010,r560,5,10,False,109,ellipse,279.9450980392157,161.67058823529413,9.444444444444414,1.7338569826200303,3.827444442706655,3.14179351907645,6.538156846580904,0.5711304088878334,1.0,9.333333333333334,False,ellipse,360.0,1.0,True,True,5.548342344384097,96.71111111111082,95.57333333333335,12.247822216661298,10.05373926104464
r560_svd_normalised_tr050_tid5_010,r560,5,10,False,110,circle,142.88281901690434,-0.7023627602900427,22.287860713319215,2.6635402018623293,5.327080403724665,5.327080403724653,,6.664001874625056e-08,1.0,10.11111111111111,True,circle,171.0,0.475,True,True,8.523328645959454,228.2276937043888,103.53777777777779,17.04665729191893,17.04665729191889
r560_svd_normalised_tr050_tid5_010,r560,5,10,False,111,ellipse,94.52816141430515,26.60166340513142,307.27104427694866,9.889762946166607,20.676600998271592,18.92137129106394,-68.98041625441414,0.4032035126017657,1.0,307.55555555555554,False,ellipse,360.0,1.0,True,True,31.647241427733146,3146.455493395955,3149.368888888889,66.1651231944691,60.548388131404614
r560_svd_normalised_tr050_tid5_010,r560,5,10,False,112,ellipse,248.68713450292398,216.52339181286547,12.666666666666835,2.007965444173464,4.224804171807134,3.817384248861035,-77.83741798231188,0.4284515021611947,1.0,12.88888888888889,False,ellipse,360.0,1.0,True,True,6.425489421355085,129.7066666666684,131.98222222222225,13.519373349782828,12.215629596355313
r560_svd_normalised_tr050_tid5_010,r560,5,10,False,113,ellipse,116.30310888826345,2.774276992647847,51.47227216441674,4.047731845648448,9.409459767693708,6.964962282119369,-78.96008449808767,0.6723773850643436,1.0,50.55555555555556,True,ellipse,316.0,0.8777777777777778,True,True,12.952741906075033,527.0760669636275,517.688888888889,30.110271256619868,22.28787930278198
r560_svd_normalised_tr050_tid5_010,r560,5,10,False,114,circle,227.27543320670827,243.2491596474015,11.54005981309532,1.916589451515506,3.833178903031012,3.833178903031012,,0.0,1.0,11.444444444444445,False,circle,360.0,1.0,True,True,6.133086244849619,118.1702124860961,117.19111111111114,12.266172489699239,12.266172489699239
r560_svd_normalised_tr050_tid5_010,r560,5,10,False,115,ellipse,356.3787878787879,68.35690235690235,43.99999999999988,3.74241031850955,7.85554183440616,7.1315946308090705,-52.880812404976496,0.41931136393312113,1.0,44.22222222222222,False,ellipse,360.0,1.0,True,True,11.975713019230561,450.55999999999887,452.83555555555563,25.137733870099712,22.821102818589026
r560_svd_normalised_tr050_tid6_010,r560,6,10,False,0,circle,237.1537513632749,199.66088043825005,117.66383603468063,6.119931556492066,12.239863112984132,12.239863112984132,,0.0,1.0,117.88888888888889,False,circle,360.0,1.0,True,True,19.583780980774613,1204.8776809951298,1207.1822222222224,39.167561961549225,39.167561961549225
r560_svd_normalised_tr050_tid6_010,r560,6,10,False,1,circle,212.42603550295857,217.42406311637083,18.77777777777762,2.444821528706934,4.889643057413868,4.889643057413867,,2.1073424255447017e-08,1.0,18.88888888888889,False,circle,360.0,1.0,True,True,7.823428891862189,192.28444444444284,193.42222222222227,15.646857783724379,15.646857783724375
r560_svd_normalised_tr050_tid6_010,r560,6,10,False,2,ellipse,323.8744458845287,185.1798645421621,157.8441371193562,7.088254321145716,14.90564944190865,13.483035279221573,-20.967371066200542,0.42634904716936645,1.0,158.11111111111111,False,ellipse,360.0,1.0,True,True,22.682413827666295,1616.3239641022078,1619.057777777778,47.69807821410768,43.145712893509035
r560_svd_normalised_tr050_tid6_010,r560,6,10,False,3,circle,274.73269543482854,179.7111555261034,110.8856524683522,5.94104363025694,11.882087260513899,11.882087260513861,,7.884953353001448e-08,1.0,110.55555555555556,False,circle,360.0,1.0,True,True,19.01133961682221,1135.4690812759268,1132.0888888888892,38.022679233644475,38.02267923364436
r560_svd_normalised_tr050_tid6_010,r560,6,10,False,4,circle,242.55548937140708,193.99059509401556,277.2839940758582,9.39479837968188,18.789596759363764,18.78959675936376,,2.1073424255447017e-08,1.0,277.77777777777777,False,circle,360.0,1.0,True,True,30.06335481498202,2839.3880993367884,2844.444444444445,60.12670962996405,60.12670962996404
r560_svd_normalised_tr050_tid6_010,r560,6,10,False,5,circle,276.24647122692727,207.42345276872965,102.3333333333331,5.7073384064852135,11.414676812970452,11.4146768129704,,9.541398640621973e-08,1.0,102.44444444444444,False,circle,360.0,1.0,True,True,18.263482900752685,1047.8933333333312,1049.0311111111114,36.52696580150545,36.526965801505284
r560_svd_normalised_tr050_tid6_010,r560,6,10,False,6,circle,263.9209587513935,208.57681159420292,332.2222222222214,10.283463314627097,20.56692662925421,20.566926629254176,,5.5755039852469285e-08,1.0,332.44444444444446,False,circle,360.0,1.0,True,True,32.90708260680671,3401.9555555555476,3404.231111111112,65.81416521361346,65.81416521361336
r560_svd_normalised_tr050_tid6_010,r560,6,10,False,7,circle,215.15347405452943,205.0316622691293,84.22222222222247,5.177718220384493,10.355436440768987,10.355436440768985,,2.1073424255447017e-08,1.0,84.22222222222223,False,circle,360.0,1.0,True,True,16.56869830523038,862.4355555555583,862.4355555555558,33.13739661046076,33.137396610460755
r560_svd_normalised_tr050_tid6_010,r560,6,10,False,8,circle,309.4903078191693,244.29789284078223,89.09118590101971,5.325279827777365,10.65055965555473,10.65055965555473,,0.0,1.0,89.0,True,circle,335.0,0.9305555555555556,True,True,17.040895448887568,912.293743626442,911.3600000000001,34.081790897775136,34.081790897775136
r560_svd_normalised_tr050_tid6_010,r560,6,10,False,9,circle,291.4806721023002,149.9875187116974,64.28045735015377,4.523395302532099,9.046790605064222,9.046790605064173,,1.0536712127723508e-07,1.0,64.22222222222223,False,circle,360.0,1.0,True,True,14.474864968102716,658.2318832655747,657.6355555555557,28.949729936205514,28.949729936205355
r560_svd_normalised_tr050_tid6_010,r560,6,10,False,10,ellipse,368.37114007187483,61.748717328811196,154.93856436073276,7.022711498213833,15.421308363263302,12.79229378607886,75.63065328418207,0.5584760388599438,1.0,154.44444444444446,False,ellipse,360.0,1.0,True,True,22.47267679428427,1586.5708990539038,1581.5111111111116,49.348186762442566,40.935340115452355
r560_svd_normalised_tr050_tid6_010,r560,6,10,False,11,circle,284.79001866233216,229.32237673830593,615.2222222222214,13.993974257990262,27.987948515980555,27.98794851598049,,6.828569911354542e-08,1.0,614.7777777777778,False,circle,360.0,1.0,True,True,44.78071762556884,6299.875555555548,6295.324444444446,89.56143525113778,89.56143525113758
r560_svd_normalised_tr050_tid6_010,r560,6,10,False,12,circle,321.0127784605724,228.42269204251397,263.1693017746513,9.152561963459025,18.30512392691805,18.305123926918046,,2.1073424255447017e-08,1.0,263.6666666666667,False,circle,360.0,1.0,True,True,29.28819828306888,2694.8536501724298,2699.946666666667,58.57639656613776,58.57639656613775
r560_svd_normalised_tr050_tid6_010,r560,6,10,False,13,circle,191.26361655773422,220.72984749455338,16.999999999999883,2.326213245840631,4.652426491681262,4.652426491681262,,0.0,1.0,17.0,False,circle,360.0,1.0,True,True,7.44388238669002,174.07999999999885,174.08000000000004,14.88776477338004,14.88776477338004
r560_svd_normalised_tr050_tid6_010,r560,6,10,False,14,circle,260.3245398773006,175.5930470347648,181.11111111111103,7.592723962083544,15.185447924167088,15.185447924167086,,1.4901161193847656e-08,1.0,180.66666666666666,False,circle,360.0,1.0,True,True,24.29671667866734,1854.5777777777773,1850.0266666666669,48.59343335733468,48.593433357334675
r560_svd_normalised_tr050_tid6_010,r560,6,10,False,15,circle,281.22961730449254,189.57570715474208,66.7777777777775,4.610425885322399,9.22085177064481,9.220851770644785,,7.300048299977713e-08,1.0,67.33333333333333,False,circle,360.0,1.0,True,True,14.753362833031677,683.8044444444417,689.4933333333335,29.506725666063392,29.506725666063314
r560_svd_normalised_tr050_tid6_010,r560,6,10,False,16,circle,267.9431527488523,222.25691554342137,88.5135917148415,5.307989384359177,10.615978768718387,10.615978768718323,,1.0950072449966572e-07,1.0,88.77777777777777,False,circle,360.0,1.0,True,True,16.985566029949368,906.3791791599771,909.0844444444446,33.97113205989884,33.971132059898636
r560_svd_normalised_tr050_tid6_010,r560,6,10,False,17,circle,238.03523035230353,215.2881662149955,41.00000000000018,3.6125759969217914,7.225151993843583,7.225151993843582,,1.4901161193847656e-08,1.0,40.77777777777778,False,circle,360.0,1.0,True,True,11.560243190149734,419.8400000000019,417.5644444444445,23.120486380299468,23.120486380299464
r560_svd_normalised_tr050_tid6_010,r560,6,10,False,18,circle,267.082878953108,235.5029080334424,203.77777777777814,8.053848847056317,16.107697694112648,16.107697694112616,,6.322027276634104e-08,1.0,203.66666666666666,False,circle,360.0,1.0,True,True,25.772316310580216,2086.6844444444487,2085.546666666667,51.544632621160474,51.544632621160375
r560_svd_normalised_tr050_tid6_010,r560,6,10,False,19,ellipse,298.329231572194,174.3792303862303,89.55058017752403,5.338991944552838,11.282163979687232,10.106158724628045,-83.63007466261104,0.4445295005552015,1.0,89.33333333333333,False,ellipse,360.0,1.0,True,True,17.08477422256908,916.9979410178462,914.7733333333334,36.10292473499914,32.339707918809744
r560_svd_normalised_tr050_tid6_010,r560,6,10,False,20,circle,332.99731256613296,222.08625002456688,24.221780310232813,2.776694461715042,5.553388923430106,5.553388923430063,,1.2377834115800373e-07,1.0,24.77777777777778,False,circle,360.0,1.0,True,True,8.885422277488136,248.03103037678406,253.72444444444452,17.77084455497634,17.770844554976204
r560_svd_normalised_tr050_tid6_010,r560,6,10,False,21,circle,288.68181904192267,138.37427090348442,49.22844456726304,3.958522525792994,7.917045051585997,7.91704505158598,,6.495265578539184e-08,1.0,48.55555555555556,False,circle,360.0,1.0,True,True,12.66727208253758,504.0992723687736,497.208888888889,25.33454416507519,25.334544165075137
r560_svd_normalised_tr050_tid6_010,r560,6,10,False,22,circle,337.5951381982356,180.20372641594963,21.89152968498181,2.639751943349154,5.279503886698308,5.279503886698308,,0.0,1.0,22.0,False,circle,360.0,1.0,True,True,8.447206218717293,224.16926397421375,225.28000000000003,16.894412437434585,16.894412437434585
r560_svd_normalised_tr050_tid6_010,r560,6,10,False,23,circle,57.85470085470086,140.32329988851728,99.66666666666684,5.632484826698118,11.264969653396246,11.264969653396227,,5.960464477539063e-08,1.0,99.55555555555556,False,circle,360.0,1.0,True,True,18.023951445433976,1020.5866666666686,1019.4488888888891,36.04790289086799,36.047902890867924
r560_svd_normalised_tr050_tid6_010,r560,6,10,False,24,circle,301.04425775513295,221.17402200609737,18.408286763482803,2.420648604098247,4.841297208196522,4.841297208196465,,1.5341684432308377e-07,1.0,18.22222222222222,False,circle,360.0,1.0,True,True,7.74607553311439,188.50085645806394,186.5955555555556,15.492151066228871,15.49215106622869
r560_svd_normalised_tr050_tid6_010,r560,6,10,False,25,circle,284.2494756002473,129.9140416866352,33.3436202685823,3.2578526628207065,6.51570532564142,6.515705325641406,,6.664001874625056e-08,1.0,33.22222222222222,False,circle,360.0,1.0,True,True,10.425128521026261,341.43867155028283,340.1955555555556,20.850257042052547,20.8502570420525
r560_svd_normalised_tr050_tid6_010,r560,6,10,False,26,circle,321.94965277777777,155.9565972222222,21.333333333333336,2.60588006348224,5.211760126964508,5.211760126964451,,1.475139697881291e-07,1.0,21.11111111111111,False,circle,360.0,1.0,True,True,8.338816203143168,218.4533333333334,216.1777777777778,16.677632406286428,16.677632406286246
r560_svd_normalised_tr050_tid6_010,r560,6,10,False,27,circle,317.4972973398459,173.24120865115347,201.75694348957347,8.013814929167982,16.027629858335985,16.027629858335942,,7.300048299977713e-08,1.0,202.0,False,circle,360.0,1.0,True,True,25.64420777333754,2065.9911013332326,2068.4800000000005,51.288415546675154,51.28841554667502
r560_svd_normalised_tr050_tid6_010,r560,6,10,False,28,circle,225.8219696969697,202.60227272727272,19.555555555555475,2.4949402123396984,4.989880424679397,4.989880424679397,,0.0,1.0,19.22222222222222,False,circle,360.0,1.0,True,True,7.983808679487035,200.2488888888881,196.83555555555557,15.96761735897407,15.96761735897407
r560_svd_normalised_tr050_tid6_010,r560,6,10,False,29,circle,248.842176256012,106.61443092663445,11.799822810887093,1.938040313286173,3.87608062657236,3.8760806265723318,,1.210576058124894e-07,1.0,11.666666666666666,False,circle,360.0,1.0,True,True,6.201729002515754,120.83018558348385,119.46666666666668,12.403458005031553,12.403458005031462
r560_svd_normalised_tr050_tid6_010,r560,6,10,False,30,circle,344.9364341085272,204.0527131782946,47.77777777777815,3.899761403798828,7.799522807597657,7.799522807597656,,1.4901161193847656e-08,1.0,47.666666666666664,False,circle,360.0,1.0,True,True,12.47923649215625,489.24444444444833,488.10666666666674,24.958472984312504,24.9584729843125
r560_svd_normalised_tr050_tid6_010,r560,6,10,False,31,ellipse,349.06201550387595,136.85529715762277,14.333333333333416,2.1359872897486287,4.444007205436245,4.106601534206848,-0.4270488614521355,0.38220815731934643,1.0,14.333333333333334,False,ellipse,360.0,1.0,True,True,6.835159327195612,146.7733333333342,146.77333333333337,14.220823057395984,13.141124909461915
r560_svd_normalised_tr050_tid6_010,r560,6,10,False,32,circle,285.19090010231696,167.545554036126,49.34021286867918,3.963013694464514,7.926027388929028,7.926027388929027,,1.4901161193847656e-08,1.0,49.55555555555556,False,circle,360.0,1.0,True,True,12.681643822286446,505.2437797752749,507.44888888888903,25.363287644572893,25.36328764457289
r560_svd_normalised_tr050_tid6_010,r560,6,10,False,33,ellipse,389.0242641209228,67.68496420047732,93.11111111111116,5.444096543984509,11.53650167947216,10.276317033945126,-78.84135658368785,0.4544633371593015,1.0,93.33333333333333,False,ellipse,360.0,1.0,True,True,17.42110894075043,953.4577777777785,955.7333333333335,36.91680537431091,32.8842145086244
r560_svd_normalised_tr050_tid6_010,r560,6,10,False,34,circle,306.7993125327775,232.68300225527253,14.179579123687773,2.1244999922323156,4.2489999844646595,4.248999984464604,,1.625524776374655e-07,1.0,14.11111111111111,False,circle,360.0,1.0,True,True,6.79839997514341,145.19889022656284,144.4977777777778,13.596799950286911,13.596799950286732
r560_svd_normalised_tr050_tid6_010,r560,6,10,False,35,circle,271.1701316421272,170.20044434065994,39.87785939081533,3.5627962170104026,7.125592434020846,7.125592434020765,,1.5049435106459375e-07,1.0,40.22222222222222,False,circle,360.0,1.0,True,True,11.400947894433289,408.3492801619491,411.87555555555565,22.80189578886671,22.80189578886645
r560_svd_normalised_tr050_tid6_010,r560,6,10,False,36,circle,172.67114860945603,230.27309468838766,88.1153969280581,5.296036439377066,10.592072878754133,10.592072878754133,,0.0,1.0,87.77777777777777,False,circle,360.0,1.0,True,True,16.947316606006613,902.3016645433152,898.8444444444445,33.894633212013225,33.894633212013225
r560_svd_normalised_tr050_tid6_010,r560,6,10,False,37,circle,224.65052326873646,218.72249707231657,12.43774084681862,1.989737639321908,3.979475278643816,3.979475278643816,,0.0,1.0,12.444444444444445,False,circle,360.0,1.0,True,True,6.367160445830105,127.3624662714227,127.43111111111114,12.73432089166021,12.73432089166021
r560_svd_normalised_tr050_tid6_010,r560,6,10,False,38,circle,354.2165024258374,234.2860596116065,56.08488892786326,4.225207049513514,8.450414099027057,8.450414099027,,1.1638178938488147e-07,1.0,56.0,False,circle,360.0,1.0,True,True,13.520662558443247,574.3092626213199,573.44,27.041325116886583,27.0413251168864
r560_svd_normalised_tr050_tid6_010,r560,6,10,False,39,ellipse,281.8492063492064,211.4404761904762,18.66666666666653,2.4375775971438083,5.3577048190824605,4.436067116601581,7.005273599627088,0.5607590960041396,1.0,18.77777777777778,False,ellipse,360.0,1.0,True,True,7.800248310860187,191.1466666666653,192.2844444444445,17.144655421063874,14.19541477312506
r560_svd_normalised_tr050_tid6_010,r560,6,10,False,40,circle,299.06687647762425,191.90694868934827,12.425929716833176,1.9887926673972203,3.977585334794469,3.977585334794412,,1.6924465733171325e-07,1.0,12.333333333333334,False,circle,360.0,1.0,True,True,6.364136535671105,127.24152030037175,126.29333333333336,12.7282730713423,12.72827307134212
r560_svd_normalised_tr050_tid6_010,r560,6,10,False,41,ellipse,338.0449897750511,212.98977505112475,18.11111111111093,2.401030136512182,4.987539074510879,4.623479138961987,-51.59265816006629,0.375046254749069,1.0,18.0,False,ellipse,360.0,1.0,True,True,7.683296436838983,185.45777777777596,184.32000000000005,15.960125038434814,14.795133244678361
r560_svd_normalised_tr050_tid6_010,r560,6,10,False,42,ellipse,256.23572744014734,163.48987108655615,20.111111111111168,2.530131516108869,5.274070878601234,4.855122834833923,59.429543949155516,0.39059039541099777,1.0,19.77777777777778,False,ellipse,360.0,1.0,True,True,8.09642085154838,205.9377777777784,202.5244444444445,16.877026811523947,15.536393071468552
r560_svd_normalised_tr050_tid6_010,r560,6,10,False,43,circle,310.53373921867075,62.538305428716384,72.99999999999972,4.8204379149011585,9.640875829802319,9.640875829802315,,2.5809568279517847e-08,1.0,73.0,False,circle,360.0,1.0,True,True,15.425401327683709,747.5199999999973,747.5200000000001,30.85080265536742,30.85080265536741
r560_svd_normalised_tr050_tid6_010,r560,6,10,False,44,circle,336.10434782608695,168.38260869565215,12.777777777777864,2.0167530810999748,4.0335061621999495,4.0335061621999495,,0.0,1.0,12.666666666666666,False,circle,360.0,1.0,True,True,6.453609859519919,130.84444444444534,129.70666666666668,12.907219719039839,12.907219719039839
r560_svd_normalised_tr050_tid6_010,r560,6,10,False,45,ellipse,30.210274583985434,42.191248950533094,2551.2017662539765,28.496890073272713,63.32317397887664,51.297033475869696,85.52688300835868,0.5863150696777266,1.0,2543.777777777778,True,ellipse,332.0,0.9222222222222223,True,True,91.19004823447268,26124.306086440723,26048.28444444445,202.63415673240524,164.15050712278304
r560_svd_normalised_tr050_tid6_010,r560,6,10,False,46,circle,247.8550724637681,99.98682476943347,28.111111111111004,2.991328229779814,5.982656459559633,5.982656459559624,,5.7711949142924205e-08,1.0,28.22222222222222,False,circle,360.0,1.0,True,True,9.572250335295406,287.85777777777673,288.9955555555556,19.144500670590826,19.144500670590798
r560_svd_normalised_tr050_tid6_010,r560,6,10,False,47,ellipse,168.9514149224011,177.21622171576848,52.55127571819623,4.089937724791424,8.776554753525577,7.6237617436169955,15.863814156549722,0.49542476866706464,1.0,52.55555555555556,False,ellipse,360.0,1.0,True,True,13.087800719332558,538.1250633543295,538.168888888889,28.084975211281847,24.396037579574386
r560_svd_normalised_tr050_tid6_010,r560,6,10,False,48,circle,233.1264813258853,155.29000022754147,24.511438762165408,2.7932478018582287,5.5864956037164575,5.5864956037164575,,0.0,1.0,24.666666666666668,False,circle,360.0,1.0,True,True,8.938392965946333,250.99713292457383,252.58666666666673,17.876785931892666,17.876785931892666
r560_svd_normalised_tr050_tid6_010,r560,6,10,False,49,ellipse,269.48072562358277,195.69841269841268,16.333333333333343,2.2801450555469605,4.8856433480167025,4.2566033613123055,-14.673770242817426,0.49084439358458665,1.0,16.11111111111111,False,ellipse,360.0,1.0,True,True,7.2964641777502734,167.25333333333347,164.97777777777782,15.634058713653449,13.621130756199378
r560_svd_normalised_tr050_tid6_010,r560,6,10,False,50,circle,344.9177777777778,191.09777777777782,16.66666666666676,2.3032943298089097,4.606588659617847,4.606588659617792,,1.548574096771071e-07,1.0,16.88888888888889,False,circle,360.0,1.0,True,True,7.370541855388511,170.66666666666765,172.94222222222226,14.741083710777112,14.741083710776934
r560_svd_normalised_tr050_tid6_010,r560,6,10,False,51,ellipse,323.9006802721088,233.81768707482996,27.222222222222182,2.943654609023518,6.14285270136192,5.642396377373188,-36.861362139882885,0.3953505725322815,1.0,27.555555555555557,False,ellipse,360.0,1.0,True,True,9.419694748875257,278.7555555555552,282.16888888888894,19.657128644358146,18.055668407594204
r560_svd_normalised_tr050_tid6_010,r560,6,10,False,52,ellipse,315.66853408029874,216.1185807656396,39.66666666666664,3.553349427224548,7.38706221013779,6.836976212074709,31.515542463914073,0.3786648535589902,1.0,39.77777777777778,False,ellipse,360.0,1.0,True,True,11.370718167118554,406.1866666666665,407.3244444444445,23.63859907244093,21.87832387863907
r560_svd_normalised_tr050_tid6_010,r560,6,10,False,53,circle,329.07216494845363,136.680412371134,10.77777777777783,1.8522076605388094,3.704415321077647,3.7044153210775903,,1.7504900879369274e-07,1.0,10.777777777777779,False,circle,360.0,1.0,True,True,5.92706451372419,110.364444444445,110.36444444444447,11.854129027448472,11.85412902744829
r560_svd_normalised_tr050_tid6_010,r560,6,10,False,54,circle,273.6993865030675,147.69938650306747,18.11111111111085,2.4010301365121767,4.802060273024353,4.802060273024353,,0.0,1.0,18.444444444444443,False,circle,360.0,1.0,True,True,7.683296436838965,185.45777777777516,188.87111111111113,15.36659287367793,15.36659287367793
r560_svd_normalised_tr050_tid6_010,r560,6,10,False,55,ellipse,297.0676697335123,182.83003257894467,15.690113197415837,2.2347971151941795,4.709763801809806,4.241671859774434,-71.64402587041789,0.4346230971630882,1.0,15.444444444444445,False,ellipse,360.0,1.0,True,True,7.151350768621374,160.6667591415382,158.15111111111113,15.071244165791379,13.573349951278189
r560_svd_normalised_tr050_tid6_010,r560,6,10,False,56,ellipse,370.0817647376854,59.86931657444758,1605.5659126141165,22.6068021379578,53.50231663974972,38.20899990899266,88.9440716841595,0.6999865869415163,1.0,1604.888888888889,False,ellipse,360.0,1.0,True,True,72.34176684146496,16440.994945168557,16434.062222222226,171.20741324719913,122.26879970877651
r560_svd_normalised_tr050_tid6_010,r560,6,10,False,57,circle,328.26757369614506,207.89342403628115,16.33333333333333,2.280145055546959,4.560290111093947,4.560290111093891,,1.5699347485382465e-07,1.0,16.555555555555557,False,circle,360.0,1.0,True,True,7.29646417775027,167.25333333333333,169.52888888888893,14.59292835550063,14.592928355500451
r560_svd_normalised_tr050_tid6_010,r560,6,10,False,58,circle,161.68919690361625,96.36616694872885,14.02249223929499,2.1126991997686457,4.2253983995372995,4.225398399537284,,8.429369702178807e-08,1.0,14.11111111111111,False,circle,360.0,1.0,True,True,6.760637439259667,143.59032053038072,144.4977777777778,13.521274878519359,13.52127487851931
r560_svd_normalised_tr050_tid6_010,r560,6,10,False,59,ellipse,338.55480984340045,204.70469798657717,16.555555555555653,2.295603843131115,4.794391637226452,4.396634570843623,-17.821921469173333,0.398802109629678,1.0,16.666666666666668,False,ellipse,360.0,1.0,True,True,7.3459322980195685,169.52888888888992,170.6666666666667,15.342053239124647,14.069230626699593
r560_svd_normalised_tr050_tid6_010,r560,6,10,False,60,ellipse,279.33730158730157,161.8888888888889,9.333333333333362,1.7236276486088062,3.6316102546483258,3.2722589294884723,-79.27775784015427,0.4337172230357235,1.0,9.444444444444445,False,ellipse,360.0,1.0,True,True,5.515608475548181,95.57333333333365,96.71111111111114,11.621152814874643,10.471228574363112
r560_svd_normalised_tr050_tid6_010,r560,6,10,False,61,ellipse,393.27934714375397,83.58882611424985,59.0000000000001,4.333622420659613,9.234925382313772,8.134460218080662,-78.8552027309612,0.47342042093743736,1.0,58.77777777777778,False,ellipse,360.0,1.0,True,True,13.867591746110762,604.1600000000011,601.8844444444446,29.55176122340407,26.03027269785812
r560_svd_normalised_tr050_tid6_010,r560,6,10,False,62,circle,384.5473251028806,80.58127572016461,36.000000000000256,3.38513750128655,6.770275002573126,6.770275002573072,,1.2644054553268208e-07,1.0,35.888888888888886,False,circle,360.0,1.0,True,True,10.832440004116961,368.6400000000027,367.50222222222226,21.664880008234007,21.664880008233833
r560_svd_normalised_tr050_tid6_010,r560,6,10,False,63,ellipse,302.07434052757793,147.41486810551558,15.444444444444656,2.2172323633942965,4.764227489700313,4.127526961221827,-5.104384602467235,0.4994233517650478,1.0,15.222222222222221,False,ellipse,360.0,1.0,True,True,7.095143562861749,158.1511111111133,155.87555555555556,15.245527967041003,13.208086275909848
r560_svd_normalised_tr050_tid6_010,r560,6,10,False,64,ellipse,39.179812283879464,35.56830781052747,674.7777777777779,14.655662306555636,32.10441347895909,26.76123490429948,-86.27940318706112,0.5524157729629122,1.0,675.1111111111111,False,ellipse,360.0,1.0,True,True,46.89811938097804,6909.724444444448,6913.137777777779,102.73412313266908,85.63595169375834
r560_svd_normalised_tr050_tid6_010,r560,6,10,False,65,circle,343.69122807017544,136.67719298245618,10.55555555555552,1.8330132807744621,3.6660265615489647,3.666026561548884,,2.1020674675205178e-07,1.0,10.777777777777779,False,circle,360.0,1.0,True,True,5.865642498478279,108.08888888888855,110.36444444444447,11.731284996956688,11.731284996956429
r560_svd_normalised_tr050_tid6_010,r560,6,10,False,66,ellipse,323.98501872659176,125.48689138576779,9.888888888888946,1.7741846286974736,3.7041344270105134,3.3991542788006472,-82.50246043541196,0.3973550890208864,1.0,9.88888888888889,False,ellipse,360.0,1.0,True,True,5.677390811831916,101.26222222222283,101.26222222222225,11.853230166433644,10.877293692162072
r560_svd_normalised_tr050_tid6_010,r560,6,10,False,67,circle,83.48696472808777,42.305375329322466,1883.7777777777778,24.48724341448009,48.97448682896018,48.97448682896018,,0.0,1.0,1883.111111111111,False,circle,360.0,1.0,True,True,78.3591789263363,19289.884444444448,19283.05777777778,156.7183578526726,156.7183578526726
r560_svd_normalised_tr050_tid6_010,r560,6,10,False,68,ellipse,373.68714455604777,75.01121301990412,14.175025517063512,2.1241588356308987,4.660774222710397,3.872361580617313,-88.24586651683097,0.5565101031345607,1.0,13.88888888888889,False,ellipse,360.0,1.0,True,True,6.797308274018876,145.15226129473038,142.22222222222226,14.91447751267327,12.391557057975403
r560_svd_normalised_tr050_tid6_010,r560,6,10,False,69,circle,303.44401544401546,204.13770913770912,28.77777777777756,3.026590684097669,6.053181368195338,6.053181368195338,,0.0,1.0,28.88888888888889,False,circle,360.0,1.0,True,True,9.685090189112541,294.68444444444225,295.8222222222223,19.370180378225083,19.370180378225083
r560_svd_normalised_tr050_tid6_010,r560,6,10,False,70,circle,299.6308473049662,125.25908232591937,11.143267373754373,1.8833513133388848,3.766702626677784,3.7667026266777555,,1.228781230931777e-07,1.0,11.222222222222221,False,circle,360.0,1.0,True,True,6.026724202684432,114.10705790724481,114.91555555555557,12.05344840536891,12.053448405368819
r560_svd_normalised_tr050_tid6_010,r560,6,10,False,71,circle,248.2252923264079,16.115329066374144,21.746733708155116,2.6310074746210925,5.2620149492422,5.262014949242171,,1.0536712127723508e-07,1.0,22.11111111111111,False,circle,360.0,1.0,True,True,8.419223918787496,222.68655317150842,226.41777777777781,16.838447837575043,16.838447837574947
r560_svd_normalised_tr050_tid6_010,r560,6,10,False,72,circle,278.24882629107975,198.57042253521126,15.777777777777759,2.2410316036766593,4.482063207353347,4.482063207353291,,1.5769906706002895e-07,1.0,15.666666666666666,False,circle,360.0,1.0,True,True,7.17130113176531,161.5644444444443,160.4266666666667,14.342602263530711,14.342602263530532
r560_svd_normalised_tr050_tid6_010,r560,6,10,False,73,circle,339.464782842287,224.99651725652552,12.887675900608784,2.0254072798072893,4.050814559614618,4.05081455961454,,1.9542689693874122e-07,1.0,12.88888888888889,False,circle,360.0,1.0,True,True,6.481303295383326,131.96980122223397,131.98222222222225,12.962606590766777,12.96260659076653
r560_svd_normalised_tr050_tid6_010,r560,6,10,False,74,ellipse,281.45778710602025,246.33893442938552,68.68129041131245,4.675674682201568,10.034589699527801,8.714629850709091,10.369369969377146,0.49576097611631426,1.0,59.77777777777778,True,ellipse,259.0,0.7194444444444444,True,True,14.962158983045018,703.2964138118396,612.1244444444445,32.11068703848897,27.886815522269092
r560_svd_normalised_tr050_tid6_010,r560,6,10,False,75,ellipse,333.5882352941176,243.15931372549016,15.111111111111006,2.193174880826506,4.552267829391538,4.226478966665959,80.40391457918548,0.37149807929778944,1.0,15.0,False,ellipse,360.0,1.0,True,True,7.01815961864482,154.73777777777673,153.60000000000002,14.567257054052924,13.52473269333107
r560_svd_normalised_tr050_tid6_010,r560,6,10,False,76,ellipse,305.6639803784163,59.664097173557565,634.2222222222218,14.208420157455446,37.80808300627678,21.35831148458607,-85.85200418860674,0.8251498589414403,1.0,634.5555555555555,False,ellipse,360.0,1.0,True,True,45.466944503857434,6494.435555555553,6497.84888888889,120.9858656200857,68.34659675067543
r560_svd_normalised_tr050_tid6_010,r560,6,10,False,77,circle,55.32700421940928,75.71729957805908,17.555555555555586,2.363917699663445,4.727835399326895,4.727835399326884,,6.664001874625056e-08,1.0,17.333333333333332,False,circle,360.0,1.0,True,True,7.564536638923023,179.76888888888922,177.49333333333337,15.129073277846064,15.12907327784603
r560_svd_normalised_tr050_tid6_010,r560,6,10,False,78,circle,147.25500910746814,114.09471766848817,20.33333333333325,2.5440717401579667,5.0881434803159475,5.088143480315919,,1.0536712127723508e-07,1.0,20.333333333333332,False,circle,360.0,1.0,True,True,8.141029568505493,208.2133333333325,208.21333333333337,16.282059137011032,16.282059137010943
r560_svd_normalised_tr050_tid6_010,r560,6,10,False,79,ellipse,172.29900317122141,84.01363246142562,35.2415059492862,3.3492864535095643,7.377678643750692,6.081977971303866,71.51826059177333,0.5660432265452293,1.0,35.44444444444444,False,ellipse,360.0,1.0,True,True,10.717716651230607,360.87302092069075,362.9511111111112,23.608571660002216,19.462329508172374
r560_svd_normalised_tr050_tid6_010,r560,6,10,False,80,circle,251.94104422252974,249.65074149948947,24.597596151794107,2.798152610468634,5.596305220937268,5.596305220937268,,0.0,1.0,11.444444444444445,True,circle,173.0,0.48055555555555557,True,True,8.954088353499628,251.87938459437171,117.19111111111114,17.908176706999257,17.908176706999257
r560_svd_normalised_tr050_tid6_010,r560,6,10,False,81,ellipse,393.447983014862,97.59023354564756,17.444444444444528,2.356425073209542,4.984443825113624,4.456055135117522,-67.24700921141883,0.4480820278046417,1.0,17.22222222222222,False,ellipse,360.0,1.0,True,True,7.540560234270536,178.631111111112,176.35555555555558,15.950220240363599,14.25937643237607
r560_svd_normalised_tr050_tid6_010,r560,6,10,False,82,ellipse,56.16956457039302,27.902185476839765,150.91254889504532,6.930869805622352,15.01890765340577,12.793728377867614,-88.96121941320587,0.5237996844852677,1.0,150.88888888888889,False,ellipse,360.0,1.0,True,True,22.17878337799153,1545.3445006852644,1545.1022222222225,48.06050449089847,40.93993080917637
r560_svd_normalised_tr050_tid6_010,r560,6,10,False,83,circle,372.3073593073593,80.8051948051948,17.111111111111065,2.333802868765046,4.667605737530093,4.667605737530092,,2.1073424255447017e-08,1.0,17.22222222222222,False,circle,360.0,1.0,True,True,7.468169180048148,175.21777777777734,176.35555555555558,14.936338360096299,14.936338360096295
r560_svd_normalised_tr050_tid6_010,r560,6,10,False,84,ellipse,215.24509578452327,202.22570015518215,28.446180496642004,3.0091029354692544,6.996991043576389,5.176339612189374,-86.52692639533922,0.6728322422508257,1.0,28.77777777777778,False,ellipse,360.0,1.0,True,True,9.629129393501614,291.2888882856142,294.6844444444445,22.390371339444446,16.564286759006
r560_svd_normalised_tr050_tid6_010,r560,6,10,False,85,ellipse,179.51466666666667,207.99466666666666,13.88888888888879,2.1026104350167927,4.523938484654051,3.9089573445246173,-1.7017549282049345,0.50338767213835,1.0,14.222222222222221,False,ellipse,360.0,1.0,True,True,6.728353392053737,142.22222222222123,145.63555555555558,14.476603150892965,12.508663502478775
r560_svd_normalised_tr050_tid6_010,r560,6,10,False,86,ellipse,2.8196500922880015,32.91074667251138,71.39823264677916,4.767259517534166,12.237467149704457,7.428584045864083,0.7995297671987203,0.794674273981044,1.0,70.0,True,ellipse,307.0,0.8527777777777777,True,True,15.25523045610933,731.1179023030188,716.8000000000002,39.159894879054264,23.77146894676507
r560_svd_normalised_tr050_tid6_010,r560,6,10,False,87,ellipse,131.71226026121883,62.461229484212495,1392.3333333333323,21.0521605747066,47.852303189615256,37.04678231324182,35.98327893628323,0.6329530745047036,1.0,1392.4444444444443,False,ellipse,360.0,1.0,True,True,67.36691383906113,14257.493333333327,14258.631111111114,153.12737020676883,118.54970340237384
r560_svd_normalised_tr050_tid6_010,r560,6,10,False,88,ellipse,372.9491425500597,138.08364970822126,10.992562947001558,1.8705724953949847,4.214476441810119,3.320973799559673,-13.450309490748111,0.6156854540349633,1.0,10.777777777777779,False,ellipse,360.0,1.0,True,True,5.985831985263951,112.56384457729597,110.36444444444447,13.48632461379238,10.627116158590955
r560_svd_normalised_tr050_tid6_010,r560,6,10,False,89,circle,350.588176636752,61.753218738497864,17.62597251228202,2.3686539013252044,4.7373078026504345,4.737307802650384,,1.4600096599955427e-07,1.0,17.666666666666668,False,circle,360.0,1.0,True,True,7.579692484240654,180.48995852576792,180.90666666666672,15.15938496848139,15.159384968481229
r560_svd_normalised_tr050_tid6_010,r560,6,10,False,90,circle,295.4139099586913,207.13248542044462,88.93520813010362,5.320616127632683,10.641232255265388,10.641232255265347,,8.815645848363066e-08,1.0,89.11111111111111,False,circle,360.0,1.0,True,True,17.025971608424587,910.6965312522613,912.497777777778,34.051943216849246,34.05194321684911
r560_svd_normalised_tr050_tid6_010,r560,6,10,False,91,ellipse,365.30062477030503,89.97684674751929,100.77777777777786,5.663794044128001,12.27980161162183,10.44921212536205,60.14198053926674,0.5252843076473634,1.0,100.77777777777777,False,ellipse,360.0,1.0,True,True,18.124140941209603,1031.9644444444455,1031.9644444444446,39.295365157189856,33.43747880115856
